phi_degree,psi_degree,free_energy_kj_mol,samples
-177.5,-177.5,6.399494288842897,142.0
-172.5,-177.5,5.9478057127281,20.0
-167.5,-177.5,5.51704958668989,26.0
-162.5,-177.5,4.944595219286571,102.0
-157.5,-177.5,4.24276460322398,93.0
-152.5,-177.5,3.4890280109441334,119.0
-147.5,-177.5,2.80182241151199,71.0
-142.5,-177.5,2.3772415460200556,54.0
-137.5,-177.5,2.491529606703626,59.0
-132.5,-177.5,3.4209792314605036,89.0
-127.50000000000001,-177.5,5.238010845187939,62.0
-122.50000000000001,-177.5,7.63147541700033,90.0
-117.50000000000001,-177.5,10.023405188005263,0.0
-112.5,-177.5,11.91947535796255,0.0
-107.5,-177.5,13.104883065234851,19.0
-102.5,-177.5,13.534618762253105,28.0
-97.5,-177.5,13.179845618191045,37.0
-92.50000000000001,-177.5,12.092096294738687,38.0
-87.5,-177.5,10.583819179811112,100.0
-82.50000000000001,-177.5,9.20480681662334,32.0
-77.5,-177.5,8.462375508337596,38.0
-72.5,-177.5,8.614795153624405,9.0
-67.5,-177.5,9.71190992271191,15.0
-62.50000000000001,-177.5,11.625568797268066,26.0
-57.500000000000014,-177.5,13.948385554000724,13.0
-52.500000000000014,-177.5,16.07240245358482,0.0
-47.5,-177.5,17.55249367848036,0.0
-42.5,-177.5,18.358202615399275,0.0
-37.50000000000001,-177.5,18.746883582614036,0.0
-32.500000000000014,-177.5,18.975301557233095,0.0
-27.499999999999993,-177.5,19.15497011308741,0.0
-22.5,-177.5,19.292112184068596,0.0
-17.500000000000007,-177.5,19.375682286332964,0.0
-12.50000000000001,-177.5,19.414617065513493,0.0
-7.500000000000017,-177.5,19.428457238390713,0.0
-2.4999999999999973,-177.5,19.43222525518693,0.0
2.4999999999999973,-177.5,19.432990101080158,0.0
7.499999999999991,-177.5,19.43292326116664,0.0
12.499999999999986,-177.5,19.43176346950049,0.0
17.500000000000007,-177.5,19.426051713740673,0.0
22.5,-177.5,19.403558800816974,0.0
27.499999999999993,-177.5,19.331464596584592,0.0
32.499999999999986,-177.5,19.142982168320835,0.0
37.499999999999986,-177.5,18.74171907835641,0.0
42.5,-177.5,18.049407580712497,0.0
47.5,-177.5,17.08812148572003,0.0
52.49999999999999,-177.5,16.026936356385797,47.0
57.499999999999986,-177.5,15.131638808071914,47.0
62.49999999999998,-177.5,14.654475598272976,17.0
67.49999999999997,-177.5,14.73300083352176,17.0
72.49999999999997,-177.5,15.31242235347944,0.0
77.50000000000001,-177.5,16.143592286147907,0.0
82.50000000000001,-177.5,16.932939552701104,0.0
87.5,-177.5,17.53851186733757,0.0
92.5,-177.5,18.002345816015605,0.0
97.49999999999999,-177.5,18.413691749510246,0.0
102.49999999999999,-177.5,18.79098434199622,0.0
107.49999999999999,-177.5,19.09062839531912,0.0
112.49999999999997,-177.5,19.275572956647455,0.0
117.49999999999997,-177.5,19.338106410650873,0.0
122.50000000000001,-177.5,19.25512995220688,0.0
127.50000000000001,-177.5,18.930288807978982,0.0
132.5,-177.5,18.20194198721746,0.0
137.5,-177.5,16.970984013933688,0.0
142.5,-177.5,15.379044045239405,0.0
147.49999999999997,-177.5,13.813496089825273,17.0
152.49999999999997,-177.5,12.615743049130797,72.0
157.49999999999997,-177.5,11.756654491668229,31.0
162.49999999999997,-177.5,10.882570836206012,14.0
167.5,-177.5,9.713425564474733,15.0
172.5,-177.5,8.349511885220243,54.0
177.5,-177.5,7.162456192800419,75.0
-177.5,-172.5,6.466017367587528,65.0
-172.5,-172.5,5.794143839134392,54.0
-167.5,-172.5,5.296889894551648,72.0
-162.5,-172.5,4.876512913615628,99.0
-157.5,-172.5,4.4721846948891715,61.0
-152.5,-172.5,4.027780513211459,81.0
-147.5,-172.5,3.6093518697709417,125.0
-142.5,-172.5,3.4653336471413643,62.0
-137.5,-172.5,3.895570698802666,74.0
-132.5,-172.5,5.074705814530917,182.0
-127.50000000000001,-172.5,6.939714941369597,27.0
-122.50000000000001,-172.5,9.17111111121453,7.0
-117.50000000000001,-172.5,11.328708461225693,7.0
-112.5,-172.5,13.068362254171038,13.0
-107.5,-172.5,14.221898584856236,44.0
-102.5,-172.5,14.696207269654353,7.0
-97.5,-172.5,14.402289879959977,4.0
-92.50000000000001,-172.5,13.376914743934828,9.0
-87.5,-172.5,11.951764634348498,53.0
-82.50000000000001,-172.5,10.685039144616145,63.0
-77.5,-172.5,10.066905503531395,32.0
-72.5,-172.5,10.32452766607447,8.0
-67.5,-172.5,11.453984987160936,0.0
-62.50000000000001,-172.5,13.255487143050221,0.0
-57.500000000000014,-172.5,15.303254860515233,0.0
-52.500000000000014,-172.5,17.077312317184884,0.0
-47.5,-172.5,18.25852788465561,0.0
-42.5,-172.5,18.868746915168032,0.0
-37.50000000000001,-172.5,19.129570816404588,0.0
-32.500000000000014,-172.5,19.247557123110845,0.0
-27.499999999999993,-172.5,19.322628538012747,0.0
-22.5,-172.5,19.376896796944923,0.0
-17.500000000000007,-172.5,19.410037755849007,0.0
-12.50000000000001,-172.5,19.425644338493157,0.0
-7.500000000000017,-172.5,19.43124386753634,0.0
-2.4999999999999973,-172.5,19.432773513553506,0.0
2.4999999999999973,-172.5,19.433035014294468,0.0
7.499999999999991,-172.5,19.43263660160384,0.0
12.499999999999986,-172.5,19.43006276798141,0.0
17.500000000000007,-172.5,19.418344407722607,0.0
22.5,-172.5,19.375870964537405,0.0
27.499999999999993,-172.5,19.252316285105394,0.0
32.499999999999986,-172.5,18.962396597732116,0.0
37.499999999999986,-172.5,18.412251782221784,0.0
42.5,-172.5,17.56970087246717,0.0
47.5,-172.5,16.537965641019955,10.0
52.49999999999999,-172.5,15.553337429286069,52.0
57.499999999999986,-172.5,14.882917626442254,5.0
62.49999999999998,-172.5,14.707799795649999,0.0
67.49999999999997,-172.5,15.069053194445182,0.0
72.49999999999997,-172.5,15.851428110392863,0.0
77.50000000000001,-172.5,16.802865883149796,0.0
82.50000000000001,-172.5,17.651425938331496,0.0
87.5,-172.5,18.259384147462498,0.0
92.5,-172.5,18.654717675731934,0.0
97.49999999999999,-172.5,18.927666214200517,0.0
102.49999999999999,-172.5,19.132703280864742,0.0
107.49999999999999,-172.5,19.277841330584373,0.0
112.49999999999997,-172.5,19.35769345908276,0.0
117.49999999999997,-172.5,19.362261324810166,0.0
122.50000000000001,-172.5,19.245627770505582,0.0
127.50000000000001,-172.5,18.88992404124584,0.0
132.5,-172.5,18.131388350044823,0.0
137.5,-172.5,16.895071636795638,0.0
142.5,-172.5,15.353043637984609,18.0
147.49999999999997,-172.5,13.890124689229966,50.0
152.49999999999997,-172.5,12.806138393927856,28.0
157.49999999999997,-172.5,12.039214493352267,18.0
162.49999999999997,-172.5,11.241255013782343,32.0
167.5,-172.5,10.133002415110754,13.0
172.5,-172.5,8.766890597178367,48.0
177.5,-172.5,7.457162132318677,135.0
-177.5,-167.5,7.417611466125629,117.0
-172.5,-167.5,6.564116731726775,85.0
-167.5,-167.5,5.925513855629516,79.0
-162.5,-167.5,5.49365955349148,77.0
-157.5,-167.5,5.185041042606849,12.0
-152.5,-167.5,4.898829010141832,34.0
-147.5,-167.5,4.716945115896065,95.0
-142.5,-167.5,4.927623006782649,56.0
-137.5,-167.5,5.7728814733799245,13.0
-132.5,-167.5,7.233711112227246,60.0
-127.50000000000001,-167.5,9.065770435677887,26.0
-122.50000000000001,-167.5,10.963457004303953,0.0
-117.50000000000001,-167.5,12.682404334671013,23.0
-112.5,-167.5,14.07252167511879,0.0
-107.5,-167.5,15.035156047607618,28.0
-102.5,-167.5,15.457879290718706,9.0
-97.5,-167.5,15.224955928303878,0.0
-92.50000000000001,-167.5,14.356551014359606,29.0
-87.5,-167.5,13.146018489232253,47.0
-82.50000000000001,-167.5,12.083792855014346,3.0
-77.5,-167.5,11.603771506817864,10.0
-72.5,-167.5,11.914996490557995,17.0
-67.5,-167.5,12.999324842163924,87.0
-62.50000000000001,-167.5,14.624028972713672,0.0
-57.500000000000014,-167.5,16.366760876757102,0.0
-52.500000000000014,-167.5,17.79304824835775,0.0
-47.5,-167.5,18.693626586126957,0.0
-42.5,-167.5,19.134709552465008,0.0
-37.50000000000001,-167.5,19.307101902565847,0.0
-32.500000000000014,-167.5,19.36902805144918,0.0
-27.499999999999993,-167.5,19.397573258781556,0.0
-22.5,-167.5,19.415299611687608,0.0
-17.500000000000007,-167.5,19.425808674506865,0.0
-12.50000000000001,-167.5,19.430761877060533,0.0
-7.500000000000017,-167.5,19.432547394529085,0.0
-2.4999999999999973,-167.5,19.433026063517502,0.0
2.4999999999999973,-167.5,19.433005768968147,0.0
7.499999999999991,-167.5,19.432145164988402,0.0
12.499999999999986,-167.5,19.427300696098655,0.0
17.500000000000007,-167.5,19.406294621237844,0.0
22.5,-167.5,19.33463380752696,0.0
27.499999999999993,-167.5,19.141477457318484,0.0
32.499999999999986,-167.5,18.728185203792552,0.0
37.499999999999986,-167.5,18.022955457599124,0.0
42.5,-167.5,17.061293677837725,4.0
47.5,-167.5,16.020471242754628,24.0
52.49999999999999,-167.5,15.15707363109274,28.0
57.499999999999986,-167.5,14.689787664194956,14.0
62.49999999999998,-167.5,14.723113123996756,6.0
67.49999999999997,-167.5,15.241389096809025,0.0
72.49999999999997,-167.5,16.115578007464162,0.0
77.50000000000001,-167.5,17.113657396771455,0.0
82.50000000000001,-167.5,17.98336829601022,0.0
87.5,-167.5,18.58378781835496,0.0
92.5,-167.5,18.932582520701143,0.0
97.49999999999999,-167.5,19.128634368633982,0.0
102.49999999999999,-167.5,19.253019009292323,0.0
107.49999999999999,-167.5,19.336791428077966,0.0
112.49999999999997,-167.5,19.38044628853882,0.0
117.49999999999997,-167.5,19.365961018356064,0.0
122.50000000000001,-167.5,19.23506928905735,0.0
127.50000000000001,-167.5,18.861849934235206,0.0
132.5,-167.5,18.088373651881888,0.0
137.5,-167.5,16.864563222644183,0.0
142.5,-167.5,15.38811784580474,13.0
147.49999999999997,-167.5,14.033101898650612,58.0
152.49999999999997,-167.5,13.051923024147856,23.0
157.49999999999997,-167.5,12.364163874210758,23.0
162.49999999999997,-167.5,11.677143842490443,16.0
167.5,-167.5,10.770387214782387,25.0
172.5,-167.5,9.645530757374662,68.0
177.5,-167.5,8.470112671733133,106.0
-177.5,-162.5,9.081778427452667,30.0
-172.5,-162.5,8.164438519945433,57.0
-167.5,-162.5,7.375474527407187,35.0
-162.5,-162.5,6.772009596884591,82.0
-157.5,-162.5,6.315401764368681,93.0
-152.5,-162.5,5.977719460340455,56.0
-147.5,-162.5,5.911763720665631,53.0
-142.5,-162.5,6.400359972080675,86.0
-137.5,-162.5,7.5713291874167705,38.0
-132.5,-162.5,9.226101976993915,2.0
-127.50000000000001,-162.5,10.991581119717798,9.0
-122.50000000000001,-162.5,12.584091495409135,1.0
-117.50000000000001,-162.5,13.896520738123854,23.0
-112.5,-162.5,14.907026911756105,0.0
-107.5,-162.5,15.583836451141579,0.0
-102.5,-162.5,15.860131554440953,0.0
-97.5,-162.5,15.660795044562889,0.0
-92.50000000000001,-162.5,14.996746332306095,9.0
-87.5,-162.5,14.073748703615838,0.0
-82.50000000000001,-162.5,13.260725554459501,35.0
-77.5,-162.5,12.915090280982046,14.0
-72.5,-162.5,13.239913828256372,25.0
-67.5,-162.5,14.232163106699927,21.0
-62.50000000000001,-162.5,15.660254894614809,0.0
-57.500000000000014,-162.5,17.124600048191745,0.0
-52.500000000000014,-162.5,18.26354114655566,0.0
-47.5,-162.5,18.945683830991474,0.0
-42.5,-162.5,19.262238093261033,0.0
-37.50000000000001,-162.5,19.377470105210616,0.0
-32.500000000000014,-162.5,19.41244736023474,0.0
-27.499999999999993,-162.5,19.42359961591252,0.0
-22.5,-162.5,19.428634571400863,0.0
-17.500000000000007,-162.5,19.431320621657793,0.0
-12.50000000000001,-162.5,19.43256212963851,0.0
-7.500000000000017,-162.5,19.43300773130431,0.0
-2.4999999999999973,-162.5,19.43310849762225,0.0
2.4999999999999973,-162.5,19.43293056797316,0.0
7.499999999999991,-162.5,19.431517760260313,0.0
12.499999999999986,-162.5,19.42386168859655,0.0
17.500000000000007,-162.5,19.391659961639487,0.0
22.5,-162.5,19.286200417847702,0.0
27.499999999999993,-162.5,19.0169972433595,0.0
32.499999999999986,-162.5,18.480232914830577,0.0
37.499999999999986,-162.5,17.640969546451416,0.0
42.5,-162.5,16.606031045627493,10.0
47.5,-162.5,15.595873516179878,21.0
52.49999999999999,-162.5,14.831030253428018,16.0
57.499999999999986,-162.5,14.450247883570643,11.0
62.49999999999998,-162.5,14.51357297839563,12.0
67.49999999999997,-162.5,15.023560969253582,16.0
72.49999999999997,-162.5,15.89700930850155,0.0
77.50000000000001,-162.5,16.929018054498002,0.0
82.50000000000001,-162.5,17.85320759846901,0.0
87.5,-162.5,18.49221825337104,0.0
92.5,-162.5,18.84830973056434,0.0
97.49999999999999,-162.5,19.040136852337533,0.0
102.49999999999999,-162.5,19.173630198494205,0.0
107.49999999999999,-162.5,19.282126209874452,0.0
112.49999999999997,-162.5,19.352546384216087,0.0
117.49999999999997,-162.5,19.358052236404696,0.0
122.50000000000001,-162.5,19.244489517412728,0.0
127.50000000000001,-162.5,18.899234099149357,0.0
132.5,-162.5,18.180089272751307,0.0
137.5,-162.5,17.04531673542976,0.0
142.5,-162.5,15.680921186147385,2.0
147.49999999999997,-162.5,14.427797639336104,19.0
152.49999999999997,-162.5,13.51184748952729,28.0
157.49999999999997,-162.5,12.878014896236767,21.0
162.49999999999997,-162.5,12.316235348119376,51.0
167.5,-162.5,11.672204761269082,55.0
172.5,-162.5,10.902257387903616,15.0
177.5,-162.5,10.022569776686009,27.0
-177.5,-157.5,10.824075113104017,45.0
-172.5,-157.5,9.952828969089396,32.0
-167.5,-157.5,9.071798099047493,25.0
-162.5,-157.5,8.24974599524936,67.0
-157.5,-157.5,7.525811962692225,36.0
-152.5,-157.5,7.015986757913036,30.0
-147.5,-157.5,6.952960385971499,85.0
-142.5,-157.5,7.551611025127734,82.0
-137.5,-157.5,8.808751427499516,57.0
-132.5,-157.5,10.452594811758392,37.0
-127.50000000000001,-157.5,12.115568424824328,8.0
-122.50000000000001,-157.5,13.547452692496034,17.0
-117.50000000000001,-157.5,14.655946387125782,11.0
-112.5,-157.5,15.417914138607673,0.0
-107.5,-157.5,15.83624626489854,2.0
-102.5,-157.5,15.942924831623081,19.0
-97.5,-157.5,15.76436512078059,0.0
-92.50000000000001,-157.5,15.320353598120652,3.0
-87.5,-157.5,14.713295191738451,7.0
-82.50000000000001,-157.5,14.172813157719565,33.0
-77.5,-157.5,13.972101082009045,14.0
-72.5,-157.5,14.30651234826756,17.0
-67.5,-157.5,15.196385459887967,15.0
-62.50000000000001,-157.5,16.433093773658687,8.0
-57.500000000000014,-157.5,17.656953420504895,0.0
-52.500000000000014,-157.5,18.570265223854676,0.0
-47.5,-157.5,19.093035218904706,0.0
-42.5,-157.5,19.32425033621227,0.0
-37.50000000000001,-157.5,19.40380497500001,0.0
-32.500000000000014,-157.5,19.4255529827107,0.0
-27.499999999999993,-157.5,19.430758569760858,0.0
-22.5,-157.5,19.43221657769858,0.0
-17.500000000000007,-157.5,19.432798208773978,0.0
-12.50000000000001,-157.5,19.43304599615585,0.0
-7.500000000000017,-157.5,19.433131313258492,0.0
-2.4999999999999973,-157.5,19.433124649666105,0.0
2.4999999999999973,-157.5,19.432855252349544,0.0
7.499999999999991,-157.5,19.430965481021033,0.0
12.499999999999986,-157.5,19.420871402708045,0.0
17.500000000000007,-157.5,19.379142286554735,0.0
22.5,-157.5,19.245783331554943,0.0
27.499999999999993,-157.5,18.91682949993105,0.0
32.499999999999986,-157.5,18.29107982050438,0.0
37.499999999999986,-157.5,17.371614633017934,0.0
42.5,-157.5,16.319607464997894,51.0
47.5,-157.5,15.363787249716479,35.0
52.49999999999999,-157.5,14.657289875364935,64.0
57.499999999999986,-157.5,14.258160860416867,21.0
62.49999999999998,-157.5,14.217331505820807,2.0
67.49999999999997,-157.5,14.604520529351632,9.0
72.49999999999997,-157.5,15.41223631382311,10.0
77.50000000000001,-157.5,16.456380739730765,0.0
82.50000000000001,-157.5,17.428395854304416,21.0
87.5,-157.5,18.098385355522883,6.0
92.5,-157.5,18.46587075207234,0.0
97.49999999999999,-157.5,18.690984008189925,0.0
102.49999999999999,-157.5,18.904240422482175,0.0
107.49999999999999,-157.5,19.115871584680587,0.0
112.49999999999997,-157.5,19.273782116681378,0.0
117.49999999999997,-157.5,19.33707359403707,0.0
122.50000000000001,-157.5,19.26889438233244,0.0
127.50000000000001,-157.5,18.987340275976162,0.0
132.5,-157.5,18.370882674108824,0.0
137.5,-157.5,17.366739631627333,0.0
142.5,-157.5,16.117396460020252,0.0
147.49999999999997,-157.5,14.925491182533262,2.0
152.49999999999997,-157.5,14.030398644638556,24.0
157.49999999999997,-157.5,13.441815561933202,53.0
162.49999999999997,-157.5,13.016362778333566,23.0
167.5,-157.5,12.620611104580208,0.0
172.5,-157.5,12.167350009919643,6.0
177.5,-157.5,11.580414195034642,21.0
-177.5,-152.5,12.049437061918292,26.0
-172.5,-152.5,11.272609084918194,44.0
-167.5,-152.5,10.39433442639804,49.0
-162.5,-152.5,9.45184264841153,0.0
-157.5,-152.5,8.537837475472884,45.0
-152.5,-152.5,7.893524876522897,136.0
-147.5,-152.5,7.792415576984313,88.0
-142.5,-152.5,8.339882745687072,75.0
-137.5,-152.5,9.43005683588681,50.0
-132.5,-152.5,10.845908003144777,51.0
-127.50000000000001,-152.5,12.357513649106648,28.0
-122.50000000000001,-152.5,13.759616565077224,44.0
-117.50000000000001,-152.5,14.868800167005334,72.0
-112.5,-152.5,15.550884746857564,43.0
-107.5,-152.5,15.806145694165048,36.0
-102.5,-152.5,15.782940564518096,6.0
-97.5,-152.5,15.636904143224793,0.0
-92.50000000000001,-152.5,15.41742798923383,0.0
-87.5,-152.5,15.138562342420698,41.0
-82.50000000000001,-152.5,14.8970041425269,21.0
-77.5,-152.5,14.872482700203628,31.0
-72.5,-152.5,15.233738896945539,40.0
-67.5,-152.5,16.01891235216396,22.0
-62.50000000000001,-152.5,17.061032389148867,20.0
-57.500000000000014,-152.5,18.061640312656806,0.0
-52.500000000000014,-152.5,18.785921548803184,0.0
-47.5,-152.5,19.187039568450505,0.0
-42.5,-152.5,19.358230675548125,0.0
-37.50000000000001,-152.5,19.414811207904073,0.0
-32.500000000000014,-152.5,19.429398233585424,0.0
-27.499999999999993,-152.5,19.432412608081304,0.0
-22.5,-152.5,19.432975262448206,0.0
-17.500000000000007,-152.5,19.43310456145085,0.0
-12.50000000000001,-152.5,19.43314599000574,0.0
-7.500000000000017,-152.5,19.433156727381103,0.0
-2.4999999999999973,-152.5,19.433126238000664,0.0
2.4999999999999973,-152.5,19.4328236134429,0.0
7.499999999999991,-152.5,19.430739010033854,0.0
12.499999999999986,-152.5,19.419656077146474,0.0
17.500000000000007,-152.5,19.37416134905152,0.0
22.5,-152.5,19.230322749032137,0.0
27.499999999999993,-152.5,18.88102765571533,0.0
32.499999999999986,-152.5,18.230938694783937,0.0
37.499999999999986,-152.5,17.3025347181513,17.0
42.5,-152.5,16.272994426650758,3.0
47.5,-152.5,15.35296556681107,24.0
52.49999999999999,-152.5,14.644239114867547,41.0
57.499999999999986,-152.5,14.169752078097304,0.0
62.49999999999998,-152.5,14.003090038625484,15.0
67.49999999999997,-152.5,14.274351109378957,18.0
72.49999999999997,-152.5,15.017374356151207,3.0
77.50000000000001,-152.5,16.035956282645028,23.0
82.50000000000001,-152.5,16.974548814539027,18.0
87.5,-152.5,17.580636524327865,0.0
92.5,-152.5,17.895562016516024,0.0
97.49999999999999,-152.5,18.147920137451504,0.0
102.49999999999999,-152.5,18.484240202452845,0.0
107.49999999999999,-152.5,18.859114229198084,0.0
112.49999999999997,-152.5,19.152780183043998,0.0
117.49999999999997,-152.5,19.301477974539882,0.0
122.50000000000001,-152.5,19.29149709874797,0.0
127.50000000000001,-152.5,19.078770930983417,0.0
132.5,-152.5,18.561216998366458,0.0
137.5,-152.5,17.663821130295084,0.0
142.5,-152.5,16.475669780241095,0.0
147.49999999999997,-152.5,15.272617365177442,0.0
152.49999999999997,-152.5,14.341821419642036,7.0
157.49999999999997,-152.5,13.779126635524554,32.0
162.49999999999997,-152.5,13.481425344051985,63.0
167.5,-152.5,13.28508610675688,16.0
172.5,-152.5,13.048199564740326,21.0
177.5,-152.5,12.654698435084462,62.0
-177.5,-147.5,12.612352336299564,27.0
-172.5,-147.5,11.905051026230907,69.0
-167.5,-147.5,11.102462788143871,52.0
-162.5,-147.5,10.2042587871394,6.0
-157.5,-147.5,9.301537995029403,29.0
-152.5,-147.5,8.67368281545642,81.0
-147.5,-147.5,8.572172849609252,74.0
-142.5,-147.5,8.995316466460894,8.0
-137.5,-147.5,9.7925601076546,43.0
-132.5,-147.5,10.875134963604477,60.0
-127.50000000000001,-147.5,12.1965729258294,48.0
-122.50000000000001,-147.5,13.592418049263749,41.0
-117.50000000000001,-147.5,14.754776144034496,5.0
-112.5,-147.5,15.415752450776695,4.0
-107.5,-147.5,15.568160076650505,0.0
-102.5,-147.5,15.467181688184708,13.0
-97.5,-147.5,15.379943762421892,39.0
-92.50000000000001,-147.5,15.382343527702751,24.0
-87.5,-147.5,15.421991908726044,26.0
-82.50000000000001,-147.5,15.489542675134498,0.0
-77.5,-147.5,15.674863809739563,0.0
-72.5,-147.5,16.09701973921646,24.0
-67.5,-147.5,16.790698631250468,35.0
-62.50000000000001,-147.5,17.635583077592532,7.0
-57.500000000000014,-147.5,18.413885792073323,0.0
-52.500000000000014,-147.5,18.961591475374874,0.0
-47.5,-147.5,19.25768635392903,0.0
-42.5,-147.5,19.381119918121964,0.0
-37.50000000000001,-147.5,19.42091372570104,0.0
-32.500000000000014,-147.5,19.43086474326869,0.0
-27.499999999999993,-147.5,19.432807426778396,0.0
-22.5,-147.5,19.433111698346174,0.0
-17.500000000000007,-147.5,19.43315474245561,0.0
-12.50000000000001,-147.5,19.433162029954378,0.0
-7.500000000000017,-147.5,19.43316113253247,0.0
-2.4999999999999973,-147.5,19.43313049378247,0.0
2.4999999999999973,-147.5,19.432854193347065,0.0
7.499999999999991,-147.5,19.430951130039492,0.0
12.499999999999986,-147.5,19.42081774143715,0.0
17.500000000000007,-147.5,19.379171207324504,0.0
22.5,-147.5,19.247344365637414,0.0
27.499999999999993,-147.5,18.926518719825403,0.0
32.499999999999986,-147.5,18.326031484193287,0.0
37.499999999999986,-147.5,17.45582870946382,11.0
42.5,-147.5,16.457087486226644,29.0
47.5,-147.5,15.501952213790029,52.0
52.49999999999999,-147.5,14.691492362379993,13.0
57.499999999999986,-147.5,14.10081107277204,3.0
62.49999999999998,-147.5,13.868672600911395,43.0
67.49999999999997,-147.5,14.141850176189356,46.0
72.49999999999997,-147.5,14.903617738415845,33.0
77.50000000000001,-147.5,15.884083738934073,2.0
82.50000000000001,-147.5,16.69584971422562,0.0
87.5,-147.5,17.129810065116718,0.0
92.5,-147.5,17.323035528413342,0.0
97.49999999999999,-147.5,17.581296446881073,20.0
102.49999999999999,-147.5,18.045905843906205,0.0
107.49999999999999,-147.5,18.594059944090827,0.0
112.49999999999997,-147.5,19.029027400489237,0.0
117.49999999999997,-147.5,19.26337115980918,0.0
122.50000000000001,-147.5,19.306619289740507,0.0
127.50000000000001,-147.5,19.15061139562404,0.0
132.5,-147.5,18.710615399438534,0.0
137.5,-147.5,17.889693086413125,0.0
142.5,-147.5,16.72547661961546,0.0
147.49999999999997,-147.5,15.468315139754264,56.0
152.49999999999997,-147.5,14.4548767905269,23.0
157.49999999999997,-147.5,13.870471190271386,48.0
162.49999999999997,-147.5,13.65079846691644,78.0
167.5,-147.5,13.588885342717289,8.0
172.5,-147.5,13.473963111530193,8.0
177.5,-147.5,13.159842218438524,17.0
-177.5,-142.5,12.757814116125948,30.0
-172.5,-142.5,12.049624456088539,38.0
-167.5,-142.5,11.33775650453121,27.0
-162.5,-142.5,10.607142873737804,20.0
-157.5,-142.5,9.906347010758182,93.0
-152.5,-142.5,9.462416957367335,33.0
-147.5,-142.5,9.4502472058215,103.0
-142.5,-142.5,9.79150650452782,13.0
-137.5,-142.5,10.341961728938323,33.0
-132.5,-142.5,11.131175555640299,54.0
-127.50000000000001,-142.5,12.243172983618251,14.0
-122.50000000000001,-142.5,13.536292019903994,9.0
-117.50000000000001,-142.5,14.62537881041631,3.0
-112.5,-142.5,15.180231950538005,7.0
-107.5,-142.5,15.222580272425187,13.0
-102.5,-142.5,15.090718469453135,20.0
-97.5,-142.5,15.10461382125388,9.0
-92.50000000000001,-142.5,15.324099915172523,34.0
-87.5,-142.5,15.636321828808676,2.0
-82.50000000000001,-142.5,15.968012481860521,0.0
-77.5,-142.5,16.35419650765787,11.0
-72.5,-142.5,16.862045035826526,17.0
-67.5,-142.5,17.49642131516312,40.0
-62.50000000000001,-142.5,18.166200110248347,14.0
-57.500000000000014,-142.5,18.73564916857713,0.0
-52.500000000000014,-142.5,19.117625803497557,0.0
-47.5,-142.5,19.3178604258274,0.0
-42.5,-142.5,19.39952265255766,0.0
-37.50000000000001,-142.5,19.42538588122774,0.0
-32.500000000000014,-142.5,19.43174455567764,0.0
-27.499999999999993,-142.5,19.43295929361903,0.0
-22.5,-142.5,19.433140443797445,0.0
-17.500000000000007,-142.5,19.433161999597687,0.0
-12.50000000000001,-142.5,19.433164126856276,0.0
-7.500000000000017,-142.5,19.433162384832492,0.0
-2.4999999999999973,-142.5,19.433139173404847,0.0
2.4999999999999973,-142.5,19.432931418299834,0.0
7.499999999999991,-142.5,19.431493286053513,0.0
12.499999999999986,-142.5,19.423787548743622,0.0
17.500000000000007,-142.5,19.391856407227085,0.0
22.5,-142.5,19.28954156000215,0.0
27.499999999999993,-142.5,19.035508393106085,0.0
32.499999999999986,-142.5,18.543138275463953,0.0
37.499999999999986,-142.5,17.784303136215865,0.0
42.5,-142.5,16.820766294938313,0.0
47.5,-142.5,15.766307639193842,11.0
52.49999999999999,-142.5,14.761450997962891,8.0
57.499999999999986,-142.5,14.011307953100932,54.0
62.49999999999998,-142.5,13.764106861485045,24.0
67.49999999999997,-142.5,14.14723805142671,28.0
72.49999999999997,-142.5,15.00960313807023,7.0
77.50000000000001,-142.5,15.959778588219308,5.0
82.50000000000001,-142.5,16.609470888394135,5.0
87.5,-142.5,16.853884360426186,5.0
92.5,-142.5,16.940434566024287,3.0
97.49999999999999,-142.5,17.21385105378823,18.0
102.49999999999999,-142.5,17.777577612146025,0.0
107.49999999999999,-142.5,18.441129469801492,0.0
112.49999999999997,-142.5,18.961605704275883,0.0
117.49999999999997,-142.5,19.24527071603758,0.0
122.50000000000001,-142.5,19.322229172519506,0.0
127.50000000000001,-142.5,19.21206359290744,0.0
132.5,-142.5,18.84755064562388,0.0
137.5,-142.5,18.119394001688654,0.0
142.5,-142.5,17.017722159868963,0.0
147.49999999999997,-142.5,15.748107261212622,0.0
152.49999999999997,-142.5,14.661661808357033,51.0
157.49999999999997,-142.5,14.015190906665653,47.0
162.49999999999997,-142.5,13.798533493283939,13.0
167.5,-142.5,13.78498048272039,11.0
172.5,-142.5,13.698294673122591,0.0
177.5,-142.5,13.355929642359067,32.0
-177.5,-137.5,12.813963774719664,43.0
-172.5,-137.5,12.040106383710414,29.0
-167.5,-137.5,11.385757196381048,23.0
-162.5,-137.5,10.844690065019075,14.0
-157.5,-137.5,10.422636250301656,0.0
-152.5,-137.5,10.258202511833597,95.0
-147.5,-137.5,10.427470995304365,54.0
-142.5,-137.5,10.801130211081562,12.0
-137.5,-137.5,11.25563809379292,7.0
-132.5,-137.5,11.875657631354878,55.0
-127.50000000000001,-137.5,12.782561847525782,54.0
-122.50000000000001,-137.5,13.842315954140116,0.0
-117.50000000000001,-137.5,14.679668549929618,8.0
-112.5,-137.5,15.010824631595046,11.0
-107.5,-137.5,14.930573567051415,25.0
-102.5,-137.5,14.823866177479529,43.0
-97.5,-137.5,14.990097496954071,15.0
-92.50000000000001,-137.5,15.417585074654584,9.0
-87.5,-137.5,15.926976735881572,17.0
-82.50000000000001,-137.5,16.419777050738823,18.0
-77.5,-137.5,16.92604904235802,6.0
-72.5,-137.5,17.48774652558248,24.0
-67.5,-137.5,18.07490521661169,10.0
-62.50000000000001,-137.5,18.60421829878891,0.0
-57.500000000000014,-137.5,19.0017921451844,0.0
-52.500000000000014,-137.5,19.245998836485942,0.0
-47.5,-137.5,19.3667472795087,0.0
-42.5,-137.5,19.414178994191776,0.0
-37.50000000000001,-137.5,19.428840761561204,0.0
-32.500000000000014,-137.5,19.432385853135532,0.0
-27.499999999999993,-137.5,19.433054144005318,0.0
-22.5,-137.5,19.43315225493036,0.0
-17.500000000000007,-137.5,19.43316349443977,0.0
-12.50000000000001,-137.5,19.433164433343002,0.0
-7.500000000000017,-137.5,19.4331632778525,0.0
-2.4999999999999973,-137.5,19.433148985821312,0.0
2.4999999999999973,-137.5,19.433020442364292,0.0
7.499999999999991,-137.5,19.43212368089943,0.0
12.499999999999986,-137.5,19.427268497362746,0.0
17.500000000000007,-137.5,19.406842955774135,0.0
22.5,-137.5,19.33982105253547,0.0
27.499999999999993,-137.5,19.16676076436354,0.0
32.499999999999986,-137.5,18.80872849437115,0.0
37.499999999999986,-137.5,18.19716258371841,0.0
42.5,-137.5,17.30336543952311,0.0
47.5,-137.5,16.168352629348124,0.0
52.49999999999999,-137.5,14.964725591624473,10.0
57.499999999999986,-137.5,14.0324003266022,104.0
62.49999999999998,-137.5,13.738950990266032,19.0
67.49999999999997,-137.5,14.195403653004938,0.0
72.49999999999997,-137.5,15.116153545529276,0.0
77.50000000000001,-137.5,16.007462404752545,0.0
82.50000000000001,-137.5,16.521979127116445,0.0
87.5,-137.5,16.678373128679198,0.0
92.5,-137.5,16.785970337651595,51.0
97.49999999999999,-137.5,17.143474074968758,31.0
102.49999999999999,-137.5,17.777414002734947,0.0
107.49999999999999,-137.5,18.466445758833295,0.0
112.49999999999997,-137.5,18.983492514387187,0.0
117.49999999999997,-137.5,19.260453791866603,0.0
122.50000000000001,-137.5,19.34522242151442,0.0
127.50000000000001,-137.5,19.27352738439415,0.0
132.5,-137.5,18.995817090147217,0.0
137.5,-137.5,18.40406341670742,0.0
142.5,-137.5,17.449779905731802,0.0
147.49999999999997,-137.5,16.273559631048187,0.0
152.49999999999997,-137.5,15.192785265934308,0.0
157.49999999999997,-137.5,14.495861300771923,55.0
162.49999999999997,-137.5,14.226580388856055,21.0
167.5,-137.5,14.168268690607137,17.0
172.5,-137.5,14.00858731130137,7.0
177.5,-137.5,13.544036203702424,20.0
-177.5,-132.5,13.010650587080626,41.0
-172.5,-132.5,12.155421932131064,18.0
-167.5,-132.5,11.506613193447592,32.0
-162.5,-132.5,11.080204187046913,8.0
-157.5,-132.5,10.877143828652132,4.0
-152.5,-132.5,10.974847896567267,40.0
-147.5,-132.5,11.362133788112804,53.0
-142.5,-132.5,11.864789422047522,10.0
-137.5,-132.5,12.362077238821684,15.0
-132.5,-132.5,12.933229282489457,19.0
-127.50000000000001,-132.5,13.672586675252417,54.0
-122.50000000000001,-132.5,14.451511807172626,12.0
-117.50000000000001,-132.5,14.971932445582667,0.0
-112.5,-132.5,15.066739139550664,21.0
-107.5,-132.5,14.912194184960798,67.0
-102.5,-132.5,14.89069271937513,32.0
-97.5,-132.5,15.22846829152265,43.0
-92.50000000000001,-132.5,15.823621780331496,7.0
-87.5,-132.5,16.44063419735442,0.0
-82.50000000000001,-132.5,16.97699358718067,12.0
-77.5,-132.5,17.484399322081376,12.0
-72.5,-132.5,18.01111717854375,0.0
-67.5,-132.5,18.515942430042784,0.0
-62.50000000000001,-132.5,18.92126373824163,0.0
-57.500000000000014,-132.5,19.188891682930173,0.0
-52.500000000000014,-132.5,19.33466176893322,0.0
-47.5,-132.5,19.400092483501634,0.0
-42.5,-132.5,19.424069033986257,0.0
-37.50000000000001,-132.5,19.43114579962961,0.0
-32.500000000000014,-132.5,19.432807186655225,0.0
-27.499999999999993,-132.5,19.433114545068072,0.0
-22.5,-132.5,19.433159087742265,0.0
-17.500000000000007,-132.5,19.433164126648965,0.0
-12.50000000000001,-132.5,19.43316453115778,0.0
-7.500000000000017,-132.5,19.433163945738126,0.0
-2.4999999999999973,-132.5,19.433156763073,0.0
2.4999999999999973,-132.5,19.433091667468425,0.0
7.499999999999991,-132.5,19.432632721500312,0.0
12.499999999999986,-132.5,19.43010929915304,0.0
17.500000000000007,-132.5,19.419234775551573,0.0
22.5,-132.5,19.382132075944657,0.0
27.499999999999993,-132.5,19.280059023089734,0.0
32.499999999999986,-132.5,19.04719779332676,0.0
37.499999999999986,-132.5,18.59251481081595,0.0
42.5,-132.5,17.8198125205392,0.0
47.5,-132.5,16.69749280505582,0.0
52.49999999999999,-132.5,15.383712596167276,24.0
57.499999999999986,-132.5,14.279908621855837,9.0
62.49999999999998,-132.5,13.834290524635783,72.0
67.49999999999997,-132.5,14.179474266103963,1.0
72.49999999999997,-132.5,14.985872667866369,0.0
77.50000000000001,-132.5,15.740055546755242,0.0
82.50000000000001,-132.5,16.169940914097694,0.0
87.5,-132.5,16.39132609042548,0.0
92.5,-132.5,16.69579286507347,18.0
97.49999999999999,-132.5,17.247342367876627,18.0
102.49999999999999,-132.5,17.961368809805297,0.0
107.49999999999999,-132.5,18.620926792965125,0.0
112.49999999999997,-132.5,19.071322530438657,0.0
117.49999999999997,-132.5,19.30014649030834,0.0
122.50000000000001,-132.5,19.372585519782714,0.0
127.50000000000001,-132.5,19.330612946434723,0.0
132.5,-132.5,19.140635132594625,0.0
137.5,-132.5,18.708114809448194,0.0
142.5,-132.5,17.963086772316036,0.0
147.49999999999997,-132.5,16.980077130756374,0.0
152.49999999999997,-132.5,16.007809553117898,0.0
157.49999999999997,-132.5,15.315955465195266,20.0
162.49999999999997,-132.5,14.977229708346744,9.0
167.5,-132.5,14.80608983942691,1.0
172.5,-132.5,14.502922776098655,14.0
177.5,-132.5,13.879846913884512,18.0
-177.5,-127.50000000000001,13.45798585288535,37.0
-172.5,-127.50000000000001,12.565604115931356,29.0
-167.5,-127.50000000000001,11.879152685777585,56.0
-162.5,-127.50000000000001,11.45317648603155,8.0
-157.5,-127.50000000000001,11.340066088559977,36.0
-152.5,-127.50000000000001,11.60767748740003,41.0
-147.5,-127.50000000000001,12.179062735658718,10.0
-142.5,-127.50000000000001,12.827397156520858,39.0
-137.5,-127.50000000000001,13.41177274071883,27.0
-132.5,-127.50000000000001,13.985196960565066,12.0
-127.50000000000001,-127.50000000000001,14.609739077463185,22.0
-122.50000000000001,-127.50000000000001,15.173531273384116,5.0
-117.50000000000001,-127.50000000000001,15.469766467056099,0.0
-112.5,-127.50000000000001,15.440698152628363,0.0
-107.5,-127.50000000000001,15.303073858422495,19.0
-102.5,-127.50000000000001,15.389103631263152,29.0
-97.5,-127.50000000000001,15.844310799101539,21.0
-92.50000000000001,-127.50000000000001,16.51552445286116,0.0
-87.5,-127.50000000000001,17.151071708331038,0.0
-82.50000000000001,-127.50000000000001,17.649361025372844,0.0
-77.5,-127.50000000000001,18.071602865299823,0.0
-72.5,-127.50000000000001,18.481160220214353,0.0
-67.5,-127.50000000000001,18.85485003298196,0.0
-62.50000000000001,-127.50000000000001,19.135486471557968,0.0
-57.500000000000014,-127.50000000000001,19.30408151660317,0.0
-52.500000000000014,-127.50000000000001,19.385967438886667,0.0
-47.5,-127.50000000000001,19.418640558737955,0.0
-42.5,-127.50000000000001,19.42943505730166,0.0
-37.50000000000001,-127.50000000000001,19.43237643663865,0.0
-32.500000000000014,-127.50000000000001,19.433029561199692,0.0
-27.499999999999993,-127.50000000000001,19.43314608506274,0.0
-22.5,-127.50000000000001,19.43316259171015,0.0
-17.500000000000007,-127.50000000000001,19.43316443285811,0.0
-12.50000000000001,-127.50000000000001,19.43316457789964,0.0
-7.500000000000017,-127.50000000000001,19.433164339517866,0.0
-2.4999999999999973,-127.50000000000001,19.43316140809554,0.0
2.4999999999999973,-127.50000000000001,19.4331345604745,0.0
7.499999999999991,-127.50000000000001,19.43294224725168,0.0
12.499999999999986,-127.50000000000001,19.431857809863512,0.0
17.500000000000007,-127.50000000000001,19.426988019832415,0.0
22.5,-127.50000000000001,19.40923236731747,0.0
27.499999999999993,-127.50000000000001,19.355203733994188,0.0
32.499999999999986,-127.50000000000001,19.21399145633038,0.0
37.499999999999986,-127.50000000000001,18.89228031576926,0.0
42.5,-127.50000000000001,18.26090818684333,0.0
47.5,-127.50000000000001,17.23062032712438,0.0
52.49999999999999,-127.50000000000001,15.901992672756332,0.0
57.499999999999986,-127.50000000000001,14.649767623457095,14.0
62.49999999999998,-127.50000000000001,13.947016938172151,57.0
67.49999999999997,-127.50000000000001,13.990701424661463,11.0
72.49999999999997,-127.50000000000001,14.518577116523886,0.0
77.50000000000001,-127.50000000000001,15.080916601971717,0.0
82.50000000000001,-127.50000000000001,15.483198096392732,36.0
87.5,-127.50000000000001,15.88622981840236,36.0
92.5,-127.50000000000001,16.50538388740685,6.0
97.49999999999999,-127.50000000000001,17.33179999827935,8.0
102.49999999999999,-127.50000000000001,18.16070319625759,25.0
107.49999999999999,-127.50000000000001,18.794089217609624,7.0
112.49999999999997,-127.50000000000001,19.169962377566556,0.0
117.49999999999997,-127.50000000000001,19.343007291045883,0.0
122.50000000000001,-127.50000000000001,19.396475938763654,0.0
127.50000000000001,-127.50000000000001,19.37432852005276,0.0
132.5,-127.50000000000001,19.256649971127086,0.0
137.5,-127.50000000000001,18.970107665312078,0.0
142.5,-127.50000000000001,18.443227232857083,0.0
147.49999999999997,-127.50000000000001,17.700429096201642,0.0
152.49999999999997,-127.50000000000001,16.90751425431366,0.0
157.49999999999997,-127.50000000000001,16.271895960162258,34.0
162.49999999999997,-127.50000000000001,15.864512821045505,10.0
167.5,-127.50000000000001,15.551674556903453,36.0
172.5,-127.50000000000001,15.103171533340388,8.0
177.5,-127.50000000000001,14.379718162720808,12.0
-177.5,-122.50000000000001,14.14465476249435,0.0
-172.5,-122.50000000000001,13.300326217931685,91.0
-167.5,-122.50000000000001,12.568526432933789,22.0
-162.5,-122.50000000000001,12.065858430651456,27.0
-157.5,-122.50000000000001,11.945382158075287,57.0
-152.5,-122.50000000000001,12.300495866964258,55.0
-147.5,-122.50000000000001,12.997140014425026,0.0
-142.5,-122.50000000000001,13.744122755466199,55.0
-137.5,-122.50000000000001,14.369006447680272,34.0
-132.5,-122.50000000000001,14.913608621692688,0.0
-127.50000000000001,-122.50000000000001,15.44584407740823,18.0
-122.50000000000001,-122.50000000000001,15.892312005075198,0.0
-117.50000000000001,-122.50000000000001,16.111191896905037,4.0
-112.5,-122.50000000000001,16.089340735722615,33.0
-107.5,-122.50000000000001,16.0198060525221,2.0
-102.5,-122.50000000000001,16.16260102016815,0.0
-97.5,-122.50000000000001,16.61965749171685,0.0
-92.50000000000001,-122.50000000000001,17.254850679523322,0.0
-87.5,-122.50000000000001,17.844878000639486,0.0
-82.50000000000001,-122.50000000000001,18.281983677372644,0.0
-77.5,-122.50000000000001,18.60492196275341,0.0
-72.5,-122.50000000000001,18.878682262590925,0.0
-67.5,-122.50000000000001,19.110700440971588,0.0
-62.50000000000001,-122.50000000000001,19.27642965033189,0.0
-57.500000000000014,-122.50000000000001,19.370251284233323,0.0
-52.500000000000014,-122.50000000000001,19.412247196746883,0.0
-47.5,-122.50000000000001,19.427357520506046,0.0
-42.5,-122.50000000000001,19.431811604237645,0.0
-37.50000000000001,-122.50000000000001,19.43290077107503,0.0
-32.500000000000014,-122.50000000000001,19.433121958477564,0.0
-27.499999999999993,-122.50000000000001,19.433158930179573,0.0
-22.5,-122.50000000000001,19.43316396395599,0.0
-17.500000000000007,-122.50000000000001,19.43316453081724,0.0
-12.50000000000001,-122.50000000000001,19.433164587598984,0.0
-7.500000000000017,-122.50000000000001,19.433164515416006,0.0
-2.4999999999999973,-122.50000000000001,19.43316353814358,0.0
2.4999999999999973,-122.50000000000001,19.433154398863422,0.0
7.499999999999991,-122.50000000000001,19.43308678836013,0.0
12.499999999999986,-122.50000000000001,19.43268453598409,0.0
17.500000000000007,-122.50000000000001,19.43071821945612,0.0
22.5,-122.50000000000001,19.422609388308974,0.0
27.499999999999993,-122.50000000000001,19.393757705645143,0.0
32.499999999999986,-122.50000000000001,19.304639428767665,0.0
37.499999999999986,-122.50000000000001,19.06902951512111,0.0
42.5,-122.50000000000001,18.54970115339581,0.0
47.5,-122.50000000000001,17.622534406501053,0.0
52.49999999999999,-122.50000000000001,16.32285619016655,13.0
57.499999999999986,-122.50000000000001,14.956219550402526,17.0
62.49999999999998,-122.50000000000001,13.98291622641319,30.0
67.49999999999997,-122.50000000000001,13.678854506589941,13.0
72.49999999999997,-122.50000000000001,13.906735021449041,0.0
77.50000000000001,-122.50000000000001,14.314399957538871,0.0
82.50000000000001,-122.50000000000001,14.753614734446346,6.0
87.5,-122.50000000000001,15.372882985767125,54.0
92.5,-122.50000000000001,16.29389717838068,31.0
97.49999999999999,-122.50000000000001,17.366491108903254,0.0
102.49999999999999,-122.50000000000001,18.300446649182604,0.0
107.49999999999999,-122.50000000000001,18.921110974083838,0.0
112.49999999999997,-122.50000000000001,19.24300208686089,0.0
117.49999999999997,-122.50000000000001,19.374359291566673,0.0
122.50000000000001,-122.50000000000001,19.412473210586278,0.0
127.50000000000001,-122.50000000000001,19.402287262507603,0.0
132.5,-122.50000000000001,19.335545278635358,0.0
137.5,-122.50000000000001,19.16253107323333,0.0
142.5,-122.50000000000001,18.824677326767723,0.0
147.49999999999997,-122.50000000000001,18.31577884081983,0.0
152.49999999999997,-122.50000000000001,17.720450367213736,0.0
157.49999999999997,-122.50000000000001,17.15991216385682,15.0
162.49999999999997,-122.50000000000001,16.683644214834487,38.0
167.5,-122.50000000000001,16.229753558854664,17.0
172.5,-122.50000000000001,15.685351363180146,28.0
177.5,-122.50000000000001,14.979113296274313,21.0
-177.5,-117.50000000000001,14.928179301431326,0.0
-172.5,-117.50000000000001,14.229319889928897,20.0
-167.5,-117.50000000000001,13.498178895724129,54.0
-162.5,-117.50000000000001,12.920376487954917,22.0
-157.5,-117.50000000000001,12.770553577823138,0.0
-152.5,-117.50000000000001,13.181046346510184,24.0
-147.5,-117.50000000000001,13.964532778045106,15.0
-142.5,-117.50000000000001,14.761164193619502,22.0
-137.5,-117.50000000000001,15.363427007906903,0.0
-132.5,-117.50000000000001,15.818915468746823,9.0
-127.50000000000001,-117.50000000000001,16.238410764540905,23.0
-122.50000000000001,-117.50000000000001,16.607921184163434,0.0
-117.50000000000001,-117.50000000000001,16.822570592383634,18.0
-112.5,-117.50000000000001,16.851186560344573,33.0
-107.5,-117.50000000000001,16.81823031818479,0.0
-102.5,-117.50000000000001,16.92135378264683,0.0
-97.5,-117.50000000000001,17.27027698019134,0.0
-92.50000000000001,-117.50000000000001,17.795622875873224,0.0
-87.5,-117.50000000000001,18.320024236517327,0.0
-82.50000000000001,-117.50000000000001,18.71620745138882,0.0
-77.5,-117.50000000000001,18.977065396444246,0.0
-72.5,-117.50000000000001,19.153761140274614,0.0
-67.5,-117.50000000000001,19.279696785417496,0.0
-62.50000000000001,-117.50000000000001,19.3619690525044,0.0
-57.500000000000014,-117.50000000000001,19.406078690696024,0.0
-52.500000000000014,-117.50000000000001,19.424772327127677,0.0
-47.5,-117.50000000000001,19.431034305025662,0.0
-42.5,-117.50000000000001,19.43271602410863,0.0
-37.50000000000001,-117.50000000000001,19.433084654413722,0.0
-32.500000000000014,-117.50000000000001,19.433151630514736,0.0
-27.499999999999993,-117.50000000000001,19.433161998506332,0.0
-22.5,-117.50000000000001,19.433163668422445,0.0
-17.500000000000007,-117.50000000000001,19.433164179275195,0.0
-12.50000000000001,-117.50000000000001,19.433164434243906,0.0
-7.500000000000017,-117.50000000000001,19.43316451951293,0.0
-2.4999999999999973,-117.50000000000001,19.433164213207814,0.0
2.4999999999999973,-117.50000000000001,19.433161002880194,0.0
7.499999999999991,-117.50000000000001,19.433135793539503,0.0
12.499999999999986,-117.50000000000001,19.432967718878313,0.0
17.500000000000007,-117.50000000000001,19.432005615706334,0.0
22.5,-117.50000000000001,19.427278156611976,0.0
27.499999999999993,-117.50000000000001,19.407547507865647,0.0
32.499999999999986,-117.50000000000001,19.33875144059507,0.0
37.499999999999986,-117.50000000000001,19.14166275894316,0.0
42.5,-117.50000000000001,18.684084836231808,0.0
47.5,-117.50000000000001,17.833466641959127,0.0
52.49999999999999,-117.50000000000001,16.586832504319297,0.0
57.499999999999986,-117.50000000000001,15.187763308234748,43.0
62.49999999999998,-117.50000000000001,14.06274947426593,34.0
67.49999999999997,-117.50000000000001,13.536177679648565,68.0
72.49999999999997,-117.50000000000001,13.581396016166158,21.0
77.50000000000001,-117.50000000000001,13.935355777572443,33.0
82.50000000000001,-117.50000000000001,14.460836277067507,15.0
87.5,-117.50000000000001,15.248219728641669,69.0
92.5,-117.50000000000001,16.333012508352258,17.0
97.49999999999999,-117.50000000000001,17.497651017658978,0.0
102.49999999999999,-117.50000000000001,18.438469735489203,0.0
107.49999999999999,-117.50000000000001,19.01660875161067,0.0
112.49999999999997,-117.50000000000001,19.29143624356295,0.0
117.49999999999997,-117.50000000000001,19.39356331122053,0.0
122.50000000000001,-117.50000000000001,19.42147445617554,0.0
127.50000000000001,-117.50000000000001,19.418132727371344,0.0
132.5,-117.50000000000001,19.383898661049567,0.0
137.5,-117.50000000000001,19.29001648662529,0.0
142.5,-117.50000000000001,19.09593815686895,0.0
147.49999999999997,-117.50000000000001,18.779915033606873,0.0
152.49999999999997,-117.50000000000001,18.35932227180787,0.0
157.49999999999997,-117.50000000000001,17.8689439050736,0.0
162.49999999999997,-117.50000000000001,17.327444452605196,0.0
167.5,-117.50000000000001,16.746808044118886,0.0
172.5,-117.50000000000001,16.15243402340455,35.0
177.5,-117.50000000000001,15.556372033062454,0.0
-177.5,-112.5,15.615117804951115,34.0
-172.5,-112.5,15.136788850942548,1.0
-167.5,-112.5,14.487873532104594,22.0
-162.5,-112.5,13.89321696723821,21.0
-157.5,-112.5,13.731697457846408,10.0
-152.5,-112.5,14.181662712293257,8.0
-147.5,-112.5,15.026360063342747,45.0
-142.5,-112.5,15.854036890042485,9.0
-137.5,-112.5,16.419605832144207,0.0
-132.5,-112.5,16.7666778619819,0.0
-127.50000000000001,-112.5,17.04755638605278,10.0
-122.50000000000001,-112.5,17.31359869628358,0.0
-117.50000000000001,-112.5,17.49603942990114,0.0
-112.5,-112.5,17.534485381674912,17.0
-107.5,-112.5,17.4811782544177,8.0
-102.5,-112.5,17.487823607620413,9.0
-97.5,-112.5,17.69221990218612,1.0
-92.50000000000001,-112.5,18.095935575947518,0.0
-87.5,-112.5,18.560656843859853,0.0
-82.50000000000001,-112.5,18.93672658458961,0.0
-77.5,-112.5,19.17248377072611,0.0
-72.5,-112.5,19.300846874722744,0.0
-67.5,-112.5,19.369327273050473,0.0
-62.50000000000001,-112.5,19.405731712352846,0.0
-57.500000000000014,-112.5,19.42325591547122,0.0
-52.500000000000014,-112.5,19.4302436636635,0.0
-47.5,-112.5,19.432463122659804,0.0
-42.5,-112.5,19.43301881601635,0.0
-37.50000000000001,-112.5,19.433127536394096,0.0
-32.500000000000014,-112.5,19.433144635473194,0.0
-27.499999999999993,-112.5,19.43314962591515,0.0
-22.5,-112.5,19.43315477255293,0.0
-17.500000000000007,-112.5,19.433159486332546,0.0
-12.50000000000001,-112.5,19.433162514119285,0.0
-7.500000000000017,-112.5,19.433163862666643,0.0
-2.4999999999999973,-112.5,19.433163759671956,0.0
2.4999999999999973,-112.5,19.433159656910366,0.0
7.499999999999991,-112.5,19.43313217012909,0.0
12.499999999999986,-112.5,19.432961749618364,0.0
17.500000000000007,-112.5,19.43198346238512,0.0
22.5,-112.5,19.42707196328577,0.0
27.499999999999993,-112.5,19.40645585253116,0.0
32.499999999999986,-112.5,19.335758624913574,0.0
37.499999999999986,-112.5,19.139431059421263,0.0
42.5,-112.5,18.699007752197584,0.0
47.5,-112.5,17.902654485619408,0.0
52.49999999999999,-112.5,16.751634151667737,0.0
57.499999999999986,-112.5,15.453120611268776,15.0
62.49999999999998,-112.5,14.37602510454961,45.0
67.49999999999997,-112.5,13.828901375296315,21.0
72.49999999999997,-112.5,13.842509293671888,38.0
77.50000000000001,-112.5,14.22652604096433,4.0
82.50000000000001,-112.5,14.843111828997765,40.0
87.5,-112.5,15.703268480882961,17.0
92.5,-112.5,16.770729544514012,21.0
97.49999999999999,-112.5,17.831811018100762,0.0
102.49999999999999,-112.5,18.6421746312753,0.0
107.49999999999999,-112.5,19.1165036055843,0.0
112.49999999999997,-112.5,19.33101196607252,0.0
117.49999999999997,-112.5,19.40648264272935,0.0
122.50000000000001,-112.5,19.426424212697693,0.0
127.50000000000001,-112.5,19.426445358547454,0.0
132.5,-112.5,19.411100665918188,0.0
137.5,-112.5,19.36644541805641,0.0
142.5,-112.5,19.26762708677559,0.0
147.49999999999997,-112.5,19.087284214781477,0.0
152.49999999999997,-112.5,18.79759229364941,0.0
157.49999999999997,-112.5,18.365266690951195,0.0
162.49999999999997,-112.5,17.774348067071035,0.0
167.5,-112.5,17.08836167212146,0.0
172.5,-112.5,16.45770952912084,0.0
177.5,-112.5,15.990900145518355,8.0
-177.5,-107.5,16.142761240563722,3.0
-172.5,-107.5,15.895500298132186,9.0
-167.5,-107.5,15.386870696261372,0.0
-162.5,-107.5,14.831064007948685,33.0
-157.5,-107.5,14.662135636481896,0.0
-152.5,-107.5,15.107216296874407,9.0
-147.5,-107.5,15.965725617409236,0.0
-142.5,-107.5,16.813082458246647,9.0
-137.5,-107.5,17.367155063557913,4.0
-132.5,-107.5,17.635168864665197,7.0
-127.50000000000001,-107.5,17.774401531388442,6.0
-122.50000000000001,-107.5,17.892102801620293,0.0
-117.50000000000001,-107.5,17.981467681964457,0.0
-112.5,-107.5,17.9914121914738,7.0
-107.5,-107.5,17.92437170801384,28.0
-102.5,-107.5,17.87902095991759,0.0
-97.5,-107.5,17.989884306187292,11.0
-92.50000000000001,-107.5,18.297789651831096,0.0
-87.5,-107.5,18.698479471940477,0.0
-82.50000000000001,-107.5,19.04247441246474,0.0
-77.5,-107.5,19.25762916636993,0.0
-72.5,-107.5,19.362726637812262,0.0
-67.5,-107.5,19.406453912532072,0.0
-62.50000000000001,-107.5,19.423537982049943,0.0
-57.500000000000014,-107.5,19.430027151065968,0.0
-52.500000000000014,-107.5,19.43227397007657,0.0
-47.5,-107.5,19.43290816499499,0.0
-42.5,-107.5,19.4330200154386,0.0
-37.50000000000001,-107.5,19.433007366917952,0.0
-32.500000000000014,-107.5,19.43299809246436,0.0
-27.499999999999993,-107.5,19.433023012257387,0.0
-22.5,-107.5,19.4330702561019,0.0
-17.500000000000007,-107.5,19.43311548644954,0.0
-12.50000000000001,-107.5,19.433144597458362,0.0
-7.500000000000017,-107.5,19.433157823338586,0.0
-2.4999999999999973,-107.5,19.433159575040982,0.0
2.4999999999999973,-107.5,19.43314275137651,0.0
7.499999999999991,-107.5,19.433051220070876,0.0
12.499999999999986,-107.5,19.43262738102058,0.0
17.500000000000007,-107.5,19.430743048217657,0.0
22.5,-107.5,19.42282276770385,0.0
27.499999999999993,-107.5,19.3934280494161,0.0
32.499999999999986,-107.5,19.30243104912959,0.0
37.499999999999986,-107.5,19.07363364564933,0.0
42.5,-107.5,18.609158456652075,0.0
47.5,-107.5,17.845767244688727,0.0
52.49999999999999,-107.5,16.8296146418988,0.0
57.499999999999986,-107.5,15.751783677446028,0.0
62.49999999999998,-107.5,14.893537825158356,51.0
67.49999999999997,-107.5,14.481631715064276,9.0
72.49999999999997,-107.5,14.55509314291645,14.0
77.50000000000001,-107.5,14.991355551549152,9.0
82.50000000000001,-107.5,15.6647136726713,12.0
87.5,-107.5,16.512995710615993,21.0
92.5,-107.5,17.44395037857461,0.0
97.49999999999999,-107.5,18.28531994640994,0.0
102.49999999999999,-107.5,18.886573946858565,0.0
107.49999999999999,-107.5,19.221690471775375,0.0
112.49999999999997,-107.5,19.367198790342158,0.0
117.49999999999997,-107.5,19.416488920783785,0.0
122.50000000000001,-107.5,19.42924285398458,0.0
127.50000000000001,-107.5,19.430298730682427,0.0
132.5,-107.5,19.424492693083515,0.0
137.5,-107.5,19.405997080554656,0.0
142.5,-107.5,19.360294916793418,0.0
147.49999999999997,-107.5,19.260406853840653,0.0
152.49999999999997,-107.5,19.05658990280768,0.0
157.49999999999997,-107.5,18.675243670114256,0.0
162.49999999999997,-107.5,18.070077301347652,0.0
167.5,-107.5,17.32392335199547,0.0
172.5,-107.5,16.668897050774266,0.0
177.5,-107.5,16.30051259529662,45.0
-177.5,-102.5,16.64647100267591,15.0
-172.5,-102.5,16.560622830003748,19.0
-167.5,-102.5,16.181959258196326,5.0
-162.5,-102.5,15.67829413320734,19.0
-157.5,-102.5,15.477073819088691,33.0
-152.5,-102.5,15.842707345967304,8.0
-147.5,-102.5,16.634628455366144,0.0
-142.5,-102.5,17.461445127536038,0.0
-137.5,-102.5,18.011959064627156,7.0
-132.5,-102.5,18.227649884389503,2.0
-127.50000000000001,-102.5,18.232384240756883,0.0
-122.50000000000001,-102.5,18.177839268811635,0.0
-117.50000000000001,-102.5,18.149176698760442,0.0
-112.5,-102.5,18.150338931011408,0.0
-107.5,-102.5,18.151652233137543,0.0
-102.5,-102.5,18.168556525796543,0.0
-97.5,-102.5,18.2764946674647,9.0
-92.50000000000001,-102.5,18.519465199969996,0.0
-87.5,-102.5,18.8368001831239,0.0
-82.50000000000001,-102.5,19.116870373421595,0.0
-77.5,-102.5,19.2962700715279,0.0
-72.5,-102.5,19.383716774719545,0.0
-67.5,-102.5,19.41766908668992,0.0
-62.50000000000001,-102.5,19.428754608736106,0.0
-57.500000000000014,-102.5,19.431944190421177,0.0
-52.500000000000014,-102.5,19.432683877277146,0.0
-47.5,-102.5,19.4326379800075,0.0
-42.5,-102.5,19.432322144522455,0.0
-37.50000000000001,-102.5,19.432007393006998,0.0
-32.500000000000014,-102.5,19.431908406822785,0.0
-27.499999999999993,-102.5,19.432097032656568,0.0
-22.5,-102.5,19.432455374700524,0.0
-17.500000000000007,-102.5,19.43279646679997,0.0
-12.50000000000001,-102.5,19.433015162627793,0.0
-7.500000000000017,-102.5,19.433115282067277,0.0
-2.4999999999999973,-102.5,19.43313714762766,0.0
2.4999999999999973,-102.5,19.433068327718743,0.0
7.499999999999991,-102.5,19.43271333513561,0.0
12.499999999999986,-102.5,19.43135591877872,0.0
17.500000000000007,-102.5,19.426725253279084,0.0
22.5,-102.5,19.411619147882746,0.0
27.499999999999993,-102.5,19.36487913919574,0.0
32.499999999999986,-102.5,19.237067283987567,0.0
37.499999999999986,-102.5,18.947644500919886,0.0
42.5,-102.5,18.422292410615057,0.0
47.5,-102.5,17.66367140004814,0.0
52.49999999999999,-102.5,16.78778121317443,0.0
57.499999999999986,-102.5,15.977824784890565,1.0
62.49999999999998,-102.5,15.403115687567231,31.0
67.49999999999997,-102.5,15.168930687735394,18.0
72.49999999999997,-102.5,15.300090539324641,8.0
77.50000000000001,-102.5,15.749462098200912,1.0
82.50000000000001,-102.5,16.42973534529901,0.0
87.5,-102.5,17.23240818216538,0.0
92.5,-102.5,18.022665648681162,0.0
97.49999999999999,-102.5,18.66446967128,0.0
102.49999999999999,-102.5,19.084984436193245,0.0
107.49999999999999,-102.5,19.30393787049318,0.0
112.49999999999997,-102.5,19.39376320135387,0.0
117.49999999999997,-102.5,19.42259348919902,0.0
122.50000000000001,-102.5,19.429743707605887,0.0
127.50000000000001,-102.5,19.430783237208015,0.0
132.5,-102.5,19.429051640694173,0.0
137.5,-102.5,19.42183060401013,0.0
142.5,-102.5,19.3999593314662,0.0
147.49999999999997,-102.5,19.34013630154699,0.0
152.49999999999997,-102.5,19.19013184090526,0.0
157.49999999999997,-102.5,18.86613584011376,0.0
162.49999999999997,-102.5,18.307605559267248,0.0
167.5,-102.5,17.59126151531006,0.0
172.5,-102.5,16.967942157227167,6.0
177.5,-102.5,16.671919522495003,34.0
-177.5,-97.5,17.265132741714602,5.0
-172.5,-97.5,17.23636871739708,0.0
-167.5,-97.5,16.929388794411697,3.0
-162.5,-97.5,16.45596675436746,63.0
-157.5,-97.5,16.18457330439361,45.0
-152.5,-97.5,16.39428749034047,32.0
-147.5,-97.5,17.030180772512292,12.0
-142.5,-97.5,17.77024016334694,0.0
-137.5,-97.5,18.287580157762495,0.0
-132.5,-97.5,18.44758513029356,0.0
-127.50000000000001,-97.5,18.3240131034908,0.0
-122.50000000000001,-97.5,18.10728301184186,0.0
-117.50000000000001,-97.5,17.985146197829174,0.0
-112.5,-97.5,18.031393362157754,0.0
-107.5,-97.5,18.183516385118406,0.0
-102.5,-97.5,18.34991407237566,0.0
-97.5,-97.5,18.51539915080537,12.0
-92.50000000000001,-97.5,18.713716916646618,0.0
-87.5,-97.5,18.941845094608784,0.0
-82.50000000000001,-97.5,19.150349925800572,0.0
-77.5,-97.5,19.297271133737375,0.0
-72.5,-97.5,19.378547209574684,0.0
-67.5,-97.5,19.41464199821087,0.0
-62.50000000000001,-97.5,19.427678754157636,0.0
-57.500000000000014,-97.5,19.43133871478433,0.0
-52.500000000000014,-97.5,19.431559868568883,0.0
-47.5,-97.5,19.43024520374906,0.0
-42.5,-97.5,19.42815628826314,0.0
-37.50000000000001,-97.5,19.426276764810396,0.0
-32.500000000000014,-97.5,19.42572156608923,0.0
-27.499999999999993,-97.5,19.426867016631927,0.0
-22.5,-97.5,19.428997115669855,0.0
-17.500000000000007,-97.5,19.43100883896315,0.0
-12.50000000000001,-97.5,19.43229259169497,0.0
-7.500000000000017,-97.5,19.43288194671029,0.0
-2.4999999999999973,-97.5,19.433039460777085,0.0
2.4999999999999973,-97.5,19.432815196993413,0.0
7.499999999999991,-97.5,19.431605609806333,0.0
12.499999999999986,-97.5,19.427373687401438,0.0
17.500000000000007,-97.5,19.41524438801069,0.0
22.5,-97.5,19.384320898467063,0.0
27.499999999999993,-97.5,19.30889281070047,0.0
32.499999999999986,-97.5,19.13382960699392,0.0
37.499999999999986,-97.5,18.77684373780833,0.0
42.5,-97.5,18.18495423257833,0.0
47.5,-97.5,17.420914394154046,0.0
52.49999999999999,-97.5,16.665214804888894,29.0
57.499999999999986,-97.5,16.089252521303365,23.0
62.49999999999998,-97.5,15.74776947509869,31.0
67.49999999999997,-97.5,15.624899321180251,41.0
72.49999999999997,-97.5,15.735343651116079,29.0
77.50000000000001,-97.5,16.120003737833436,27.0
82.50000000000001,-97.5,16.75963713744746,7.0
87.5,-97.5,17.534235422181027,0.0
92.5,-97.5,18.27120125665064,0.0
97.49999999999999,-97.5,18.83278970799793,0.0
102.49999999999999,-97.5,19.175245009275738,0.0
107.49999999999999,-97.5,19.34077184547175,0.0
112.49999999999997,-97.5,19.402951514438552,0.0
117.49999999999997,-97.5,19.420289708341965,0.0
122.50000000000001,-97.5,19.423796373793287,0.0
127.50000000000001,-97.5,19.42495411259961,0.0
132.5,-97.5,19.425317474432777,0.0
137.5,-97.5,19.421515503822253,0.0
142.5,-97.5,19.405501669817735,0.0
147.49999999999997,-97.5,19.358832784014893,0.0
152.49999999999997,-97.5,19.2408050997466,0.0
157.49999999999997,-97.5,18.984816906091158,0.0
162.49999999999997,-97.5,18.53971029634714,0.0
167.5,-97.5,17.96369891336778,0.0
172.5,-97.5,17.463878191724277,0.0
177.5,-97.5,17.244313129006084,10.0
-177.5,-92.50000000000001,17.910470693705506,0.0
-172.5,-92.50000000000001,17.868750146459448,0.0
-167.5,-92.50000000000001,17.58206563707583,0.0
-162.5,-92.50000000000001,17.110803131738702,2.0
-157.5,-92.50000000000001,16.739050790281123,40.0
-152.5,-92.50000000000001,16.744705971841434,5.0
-147.5,-92.50000000000001,17.167206202979237,0.0
-142.5,-92.50000000000001,17.771523728808006,0.0
-137.5,-92.50000000000001,18.22682218349383,0.0
-132.5,-92.50000000000001,18.32848718564146,0.0
-127.50000000000001,-92.50000000000001,18.1026904087513,0.0
-122.50000000000001,-92.50000000000001,17.77215307974119,0.0
-117.50000000000001,-92.50000000000001,17.608389424662107,46.0
-112.5,-92.50000000000001,17.73345260527825,41.0
-107.5,-92.50000000000001,18.04337258489404,10.0
-102.5,-92.50000000000001,18.348646652217568,13.0
-97.5,-92.50000000000001,18.561210518289155,10.0
-92.50000000000001,-92.50000000000001,18.719607155336643,0.0
-87.5,-92.50000000000001,18.8844917643626,0.0
-82.50000000000001,-92.50000000000001,19.063450703061537,0.0
-77.5,-92.50000000000001,19.22284462287814,0.0
-72.5,-92.50000000000001,19.33357306484337,0.0
-67.5,-92.50000000000001,19.393616684863147,0.0
-62.50000000000001,-92.50000000000001,19.419076893291678,0.0
-57.500000000000014,-92.50000000000001,19.42669867058423,0.0
-52.500000000000014,-92.50000000000001,19.42567109047101,0.0
-47.5,-92.50000000000001,19.419215432012233,0.0
-42.5,-92.50000000000001,19.409538991062398,0.0
-37.50000000000001,-92.50000000000001,19.40097692480129,0.0
-32.500000000000014,-92.50000000000001,19.398616486130805,0.0
-27.499999999999993,-92.50000000000001,19.404090119364284,0.0
-22.5,-92.50000000000001,19.41401162894245,0.0
-17.500000000000007,-92.50000000000001,19.423296332796316,0.0
-12.50000000000001,-92.50000000000001,19.42918803200359,0.0
-7.500000000000017,-92.50000000000001,19.43189208962938,0.0
-2.4999999999999973,-92.50000000000001,19.43269369280591,0.0
2.4999999999999973,-92.50000000000001,19.432152183377788,0.0
7.499999999999991,-92.50000000000001,19.42880085942528,0.0
12.499999999999986,-92.50000000000001,19.417457265003748,0.0
17.500000000000007,-92.50000000000001,19.387662238180425,0.0
22.5,-92.50000000000001,19.323560733790615,0.0
27.499999999999993,-92.50000000000001,19.20100296209577,0.0
32.499999999999986,-92.50000000000001,18.974707185052477,0.0
37.499999999999986,-92.50000000000001,18.574932473900855,0.0
42.5,-92.50000000000001,17.962774313379864,0.0
47.5,-92.50000000000001,17.223969668181255,1.0
52.49999999999999,-92.50000000000001,16.55923975571077,18.0
57.499999999999986,-92.50000000000001,16.116022728789904,40.0
62.49999999999998,-92.50000000000001,15.867968307052442,15.0
67.49999999999997,-92.50000000000001,15.725906406016232,16.0
72.49999999999997,-92.50000000000001,15.718029847726502,0.0
77.50000000000001,-92.50000000000001,15.975903678326315,5.0
82.50000000000001,-92.50000000000001,16.560904410729893,0.0
87.5,-92.50000000000001,17.36286189823499,0.0
92.5,-92.50000000000001,18.16512416993249,0.0
97.49999999999999,-92.50000000000001,18.783791013430747,0.0
102.49999999999999,-92.50000000000001,19.156431397201732,0.0
107.49999999999999,-92.50000000000001,19.329440700746606,0.0
112.49999999999997,-92.50000000000001,19.38722078931186,0.0
117.49999999999997,-92.50000000000001,19.397265420235733,0.0
122.50000000000001,-92.50000000000001,19.39667181645261,0.0
127.50000000000001,-92.50000000000001,19.39915916946025,0.0
132.5,-92.50000000000001,19.403403946805508,0.0
137.5,-92.50000000000001,19.39973336131858,0.0
142.5,-92.50000000000001,19.375194859731707,0.0
147.49999999999997,-92.50000000000001,19.314881297576843,0.0
152.49999999999997,-92.50000000000001,19.198488298729078,0.0
157.49999999999997,-92.50000000000001,18.99736834055396,0.0
162.49999999999997,-92.50000000000001,18.691886570880367,0.0
167.5,-92.50000000000001,18.321670700692437,0.0
172.5,-92.50000000000001,18.012703591718946,0.0
177.5,-92.50000000000001,17.88799745046745,0.0
-177.5,-87.5,18.28207422261861,0.0
-172.5,-87.5,18.215419721644672,0.0
-167.5,-87.5,17.935029348693526,0.0
-162.5,-87.5,17.45750578120247,0.0
-157.5,-87.5,16.986053838495238,0.0
-152.5,-87.5,16.79411271477031,0.0
-147.5,-87.5,17.008687075538425,0.0
-142.5,-87.5,17.479918193158717,0.0
-137.5,-87.5,17.882791368020793,0.0
-132.5,-87.5,17.959800596706497,14.0
-127.50000000000001,-87.5,17.69731466378032,15.0
-122.50000000000001,-87.5,17.33173940277581,17.0
-117.50000000000001,-87.5,17.176090072744213,0.0
-112.5,-87.5,17.36438398933459,20.0
-107.5,-87.5,17.75350432239167,0.0
-102.5,-87.5,18.09888673087057,0.0
-97.5,-87.5,18.291717130867852,0.0
-92.50000000000001,-87.5,18.40338599669925,0.0
-87.5,-87.5,18.552658588232184,0.0
-82.50000000000001,-87.5,18.77752006742404,0.0
-77.5,-87.5,19.023869579080667,0.0
-72.5,-87.5,19.219936052873084,0.0
-67.5,-87.5,19.337713322400344,0.0
-62.50000000000001,-87.5,19.392258448825437,0.0
-57.500000000000014,-87.5,19.409125148804776,0.0
-52.500000000000014,-87.5,19.40327370767267,0.0
-47.5,-87.5,19.379750480447292,0.0
-42.5,-87.5,19.345077096604065,0.0
-37.50000000000001,-87.5,19.314863963928662,0.0
-32.500000000000014,-87.5,19.307348207711975,0.0
-27.499999999999993,-87.5,19.327998512921173,0.0
-22.5,-87.5,19.364264870936033,0.0
-17.500000000000007,-87.5,19.397829860236733,0.0
-12.50000000000001,-87.5,19.418986138405636,0.0
-7.500000000000017,-87.5,19.428671524157988,0.0
-2.4999999999999973,-87.5,19.43171161041287,0.0
2.4999999999999973,-87.5,19.430837468115033,0.0
7.499999999999991,-87.5,19.423501062645716,0.0
12.499999999999986,-87.5,19.398818471723576,0.0
17.500000000000007,-87.5,19.336323351130396,0.0
22.5,-87.5,19.213182008002132,0.0
27.499999999999993,-87.5,19.01578687292102,0.0
32.499999999999986,-87.5,18.732504682672115,0.0
37.499999999999986,-87.5,18.329363292217607,0.0
42.5,-87.5,17.771853111378682,0.0
47.5,-87.5,17.11028156362672,5.0
52.49999999999999,-87.5,16.49513627391845,5.0
57.499999999999986,-87.5,16.036577369327404,20.0
62.49999999999998,-87.5,15.69474022263989,13.0
67.49999999999997,-87.5,15.396482287342552,11.0
72.49999999999997,-87.5,15.221128654964042,6.0
77.50000000000001,-87.5,15.371886856092788,4.0
82.50000000000001,-87.5,15.961420817530312,0.0
87.5,-87.5,16.874544381872877,0.0
92.5,-87.5,17.83788390342039,0.0
97.49999999999999,-87.5,18.601179795033644,0.0
102.49999999999999,-87.5,19.065041210984212,0.0
107.49999999999999,-87.5,19.27419373999629,0.0
112.49999999999997,-87.5,19.330475267232824,0.0
117.49999999999997,-87.5,19.324067778351118,0.0
122.50000000000001,-87.5,19.31233501671049,0.0
127.50000000000001,-87.5,19.318413008345384,0.0
132.5,-87.5,19.334050490832862,0.0
137.5,-87.5,19.331524004460416,0.0
142.5,-87.5,19.281963917422324,0.0
147.49999999999997,-87.5,19.170558517618,0.0
152.49999999999997,-87.5,19.003683535370264,0.0
157.49999999999997,-87.5,18.804035742993758,0.0
162.49999999999997,-87.5,18.597590641814946,0.0
167.5,-87.5,18.41273293179669,0.0
172.5,-87.5,18.290795742685653,0.0
177.5,-87.5,18.26220267011815,0.0
-177.5,-82.50000000000001,18.06977017281013,0.0
-172.5,-82.50000000000001,17.99688611771237,0.0
-167.5,-82.50000000000001,17.74750361556658,0.0
-162.5,-82.50000000000001,17.29947465424609,0.0
-157.5,-82.50000000000001,16.788390651863256,0.0
-152.5,-82.50000000000001,16.47642173802705,14.0
-147.5,-82.50000000000001,16.552471871082886,40.0
-142.5,-82.50000000000001,16.93838649930607,7.0
-137.5,-82.50000000000001,17.33110285296448,10.0
-132.5,-82.50000000000001,17.44668193351131,2.0
-127.50000000000001,-82.50000000000001,17.23521060079788,0.0
-122.50000000000001,-82.50000000000001,16.91425075840937,23.0
-117.50000000000001,-82.50000000000001,16.790130455782865,25.0
-112.5,-82.50000000000001,16.983712669751252,1.0
-107.5,-82.50000000000001,17.33466156085831,0.0
-102.5,-82.50000000000001,17.59949034130945,0.0
-97.5,-82.50000000000001,17.700678047507644,0.0
-92.50000000000001,-82.50000000000001,17.759898645878977,0.0
-87.5,-82.50000000000001,17.936921064001723,0.0
-82.50000000000001,-82.50000000000001,18.27099134287601,26.0
-77.5,-82.50000000000001,18.665945747145535,0.0
-72.5,-82.50000000000001,18.997504192292944,0.0
-67.5,-82.50000000000001,19.209243581712062,0.0
-62.50000000000001,-82.50000000000001,19.31554470566151,0.0
-57.500000000000014,-82.50000000000001,19.35055369372467,0.0
-52.500000000000014,-82.50000000000001,19.332677164777806,0.0
-47.5,-82.50000000000001,19.267237865911024,0.0
-42.5,-82.50000000000001,19.171352898481,0.0
-37.50000000000001,-82.50000000000001,19.089515901987607,0.0
-32.500000000000014,-82.50000000000001,19.072626572878377,0.0
-27.499999999999993,-82.50000000000001,19.1345875728051,0.0
-22.5,-82.50000000000001,19.23891893410896,0.0
-17.500000000000007,-82.50000000000001,19.33411104120297,0.0
-12.50000000000001,-82.50000000000001,19.393613063038067,0.0
-7.500000000000017,-82.50000000000001,19.42073171640734,0.0
-2.4999999999999973,-82.50000000000001,19.42951785012733,0.0
2.4999999999999973,-82.50000000000001,19.428911139477943,0.0
7.499999999999991,-82.50000000000001,19.416371522680883,0.0
12.499999999999986,-82.50000000000001,19.37377432242735,0.0
17.500000000000007,-82.50000000000001,19.2671926789939,0.0
22.5,-82.50000000000001,19.0644402046525,0.0
27.499999999999993,-82.50000000000001,18.767518905856985,0.0
32.499999999999986,-82.50000000000001,18.415038818999058,0.0
37.499999999999986,-82.50000000000001,18.027254708750252,0.0
42.5,-82.50000000000001,17.56873512353309,5.0
47.5,-82.50000000000001,17.008126230489893,17.0
52.49999999999999,-82.50000000000001,16.386396313508925,16.0
57.499999999999986,-82.50000000000001,15.76824727986247,7.0
62.49999999999998,-82.50000000000001,15.170925995080777,10.0
67.49999999999997,-82.50000000000001,14.631997517853955,9.0
72.49999999999997,-82.50000000000001,14.320996713303467,3.0
77.50000000000001,-82.50000000000001,14.475907462721246,21.0
82.50000000000001,-82.50000000000001,15.191284849455325,24.0
87.5,-82.50000000000001,16.297861215546103,0.0
92.5,-82.50000000000001,17.45847164688085,0.0
97.49999999999999,-82.50000000000001,18.376272515215557,0.0
102.49999999999999,-82.50000000000001,18.931944435792758,0.0
107.49999999999999,-82.50000000000001,19.169628715618465,0.0
112.49999999999997,-82.50000000000001,19.204480264990238,0.0
117.49999999999997,-82.50000000000001,19.155044957537463,0.0
122.50000000000001,-82.50000000000001,19.114291136295034,0.0
127.50000000000001,-82.50000000000001,19.125253013292138,0.0
132.5,-82.50000000000001,19.16648677391908,0.0
137.5,-82.50000000000001,19.17330425577866,0.0
142.5,-82.50000000000001,19.08449587476454,0.0
147.49999999999997,-82.50000000000001,18.88206615227799,0.0
152.49999999999997,-82.50000000000001,18.60588603611823,0.0
157.49999999999997,-82.50000000000001,18.33558788384066,0.0
162.49999999999997,-82.50000000000001,18.142999951151545,0.0
167.5,-82.50000000000001,18.050432414373404,0.0
172.5,-82.50000000000001,18.034403241698637,0.0
177.5,-82.50000000000001,18.05671343748158,0.0
-177.5,-77.5,17.158560261740604,0.0
-172.5,-77.5,17.09683055272087,0.0
-167.5,-77.5,16.93084787062878,0.0
-162.5,-77.5,16.59527788437857,0.0
-157.5,-77.5,16.160458918570793,0.0
-152.5,-77.5,15.858054231828095,0.0
-147.5,-77.5,15.90327655370811,13.0
-142.5,-77.5,16.274450063671893,0.0
-137.5,-77.5,16.709498237586494,0.0
-132.5,-77.5,16.923970934990525,0.0
-127.50000000000001,-77.5,16.832279051973934,0.0
-122.50000000000001,-77.5,16.60442865608643,4.0
-117.50000000000001,-77.5,16.506839063317276,0.0
-112.5,-77.5,16.640637580826805,0.0
-107.5,-77.5,16.85782483577124,11.0
-102.5,-77.5,16.960959633646624,0.0
-97.5,-77.5,16.9315002722131,0.0
-92.50000000000001,-77.5,16.934683306486818,16.0
-87.5,-77.5,17.144349306191813,17.0
-82.50000000000001,-77.5,17.584602570810816,14.0
-77.5,-77.5,18.12363570758536,0.0
-72.5,-77.5,18.59804360021848,0.0
-67.5,-77.5,18.925334256699436,0.0
-62.50000000000001,-77.5,19.10926176148265,0.0
-57.500000000000014,-77.5,19.178329541840117,0.0
-52.500000000000014,-77.5,19.14269580060804,0.0
-47.5,-77.5,19.00452691875779,0.0
-42.5,-77.5,18.802674071260498,0.0
-37.50000000000001,-77.5,18.63657074518435,0.0
-32.500000000000014,-77.5,18.61562632086256,0.0
-27.499999999999993,-77.5,18.76554465420473,0.0
-22.5,-77.5,19.00306245532248,0.0
-17.500000000000007,-77.5,19.215458133309436,0.0
-12.50000000000001,-77.5,19.34675834213884,0.0
-7.500000000000017,-77.5,19.406205032574423,0.0
-2.4999999999999973,-77.5,19.425782862687395,0.0
2.4999999999999973,-77.5,19.42693949626917,0.0
7.499999999999991,-77.5,19.410311077959854,0.0
12.499999999999986,-77.5,19.352463791896962,0.0
17.500000000000007,-77.5,19.207523138321857,0.0
22.5,-77.5,18.933243399133925,0.0
27.499999999999993,-77.5,18.54156019882442,0.0
32.499999999999986,-77.5,18.112731234976724,0.0
37.499999999999986,-77.5,17.718140663352017,6.0
42.5,-77.5,17.326558475351867,5.0
47.5,-77.5,16.826501521228252,56.0
52.49999999999999,-77.5,16.140857588311196,41.0
57.499999999999986,-77.5,15.290572447349758,12.0
62.49999999999998,-77.5,14.383938106459581,0.0
67.49999999999997,-77.5,13.617187069982052,6.0
72.49999999999997,-77.5,13.26479970481403,21.0
77.50000000000001,-77.5,13.557006407665213,18.0
82.50000000000001,-77.5,14.49783544966997,20.0
87.5,-77.5,15.81873244957607,0.0
92.5,-77.5,17.13406760393173,0.0
97.49999999999999,-77.5,18.150787296926644,0.0
102.49999999999999,-77.5,18.7619581168822,0.0
107.49999999999999,-77.5,19.00568732846113,0.0
112.49999999999997,-77.5,18.991619618733054,0.0
117.49999999999997,-77.5,18.86325390616617,0.0
122.50000000000001,-77.5,18.764252474925673,0.0
127.50000000000001,-77.5,18.772888064789342,0.0
132.5,-77.5,18.85299855864376,0.0
137.5,-77.5,18.88562722150007,0.0
142.5,-77.5,18.760822431127863,0.0
147.49999999999997,-77.5,18.454860189751912,0.0
152.49999999999997,-77.5,18.04511036638945,0.0
157.49999999999997,-77.5,17.660211504031086,0.0
162.49999999999997,-77.5,17.39811979678683,0.0
167.5,-77.5,17.270598480044796,0.0
172.5,-77.5,17.22063281287951,0.0
177.5,-77.5,17.19073887692942,0.0
-177.5,-72.5,15.790833785844423,0.0
-172.5,-72.5,15.753773841889082,0.0
-167.5,-72.5,15.723527307350745,27.0
-162.5,-72.5,15.577755246299382,16.0
-157.5,-72.5,15.318643473840359,25.0
-152.5,-72.5,15.13700792081166,10.0
-147.5,-72.5,15.25283522345401,41.0
-142.5,-72.5,15.684907478157635,13.0
-137.5,-72.5,16.21102726425994,9.0
-132.5,-72.5,16.55359706913347,10.0
-127.50000000000001,-72.5,16.598579071598152,1.0
-122.50000000000001,-72.5,16.469099720970434,0.0
-117.50000000000001,-72.5,16.385394729236864,6.0
-112.5,-72.5,16.427575070201733,18.0
-107.5,-72.5,16.474139992849338,13.0
-102.5,-72.5,16.39288386867064,24.0
-97.5,-72.5,16.22463000237874,37.0
-92.50000000000001,-72.5,16.15099545076415,35.0
-87.5,-72.5,16.329170616269888,18.0
-82.50000000000001,-72.5,16.770183580444183,6.0
-77.5,-72.5,17.346340802207447,0.0
-72.5,-72.5,17.898002502372147,0.0
-67.5,-72.5,18.329005365709484,0.0
-62.50000000000001,-72.5,18.612588194635897,0.0
-57.500000000000014,-72.5,18.740951060665278,0.0
-52.500000000000014,-72.5,18.696912378465147,0.0
-47.5,-72.5,18.480730121801468,0.0
-42.5,-72.5,18.168625225157484,0.0
-37.50000000000001,-72.5,17.932888345958297,6.0
-32.500000000000014,-72.5,17.949984313613097,3.0
-27.499999999999993,-72.5,18.249586939203045,0.0
-22.5,-72.5,18.682113753077513,0.0
-17.500000000000007,-72.5,19.05702573203714,0.0
-12.50000000000001,-72.5,19.285073561810087,0.0
-7.500000000000017,-72.5,19.387322625132324,0.0
-2.4999999999999973,-72.5,19.42120423825064,0.0
2.4999999999999973,-72.5,19.425797563165354,0.0
7.499999999999991,-72.5,19.408787825914445,0.0
12.499999999999986,-72.5,19.347038182901585,0.0
17.500000000000007,-72.5,19.190560980884534,0.0
22.5,-72.5,18.890012533235893,0.0
27.499999999999993,-72.5,18.452152966668148,0.0
32.499999999999986,-72.5,17.963805782930685,6.0
37.499999999999986,-72.5,17.518371206048396,12.0
42.5,-72.5,17.099846812609684,2.0
47.5,-72.5,16.566708872336726,6.0
52.49999999999999,-72.5,15.772862444270112,19.0
57.499999999999986,-72.5,14.711694164255483,13.0
62.49999999999998,-72.5,13.571135687151864,26.0
67.49999999999997,-72.5,12.684728529067126,69.0
72.49999999999997,-72.5,12.40208970707648,70.0
77.50000000000001,-72.5,12.904639324782726,96.0
82.50000000000001,-72.5,14.070534618924142,18.0
87.5,-72.5,15.53201130505299,0.0
92.5,-72.5,16.897965514446977,0.0
97.49999999999999,-72.5,17.93214936130387,0.0
102.49999999999999,-72.5,18.561462668257366,0.0
107.49999999999999,-72.5,18.801742603101868,0.0
112.49999999999997,-72.5,18.72983583876085,0.0
117.49999999999997,-72.5,18.499982780769916,0.0
122.50000000000001,-72.5,18.310591366969046,0.0
127.50000000000001,-72.5,18.290320040937566,18.0
132.5,-72.5,18.40247008003659,0.0
137.5,-72.5,18.477178433490995,0.0
142.5,-72.5,18.34962937355006,0.0
147.49999999999997,-72.5,17.98280097235726,0.0
152.49999999999997,-72.5,17.47997093739643,0.0
157.49999999999997,-72.5,16.992635285959572,17.0
162.49999999999997,-72.5,16.613028905484803,39.0
167.5,-72.5,16.336731621421045,11.0
172.5,-72.5,16.110926499731914,1.0
177.5,-72.5,15.916157350327003,0.0
-177.5,-67.5,14.575251159462091,35.0
-172.5,-67.5,14.593994314110393,32.0
-167.5,-67.5,14.71556369674038,54.0
-162.5,-67.5,14.757281000162232,82.0
-157.5,-67.5,14.67104795920147,8.0
-152.5,-67.5,14.628283249758377,22.0
-147.5,-67.5,14.856992420408034,10.0
-142.5,-67.5,15.39481067834776,39.0
-137.5,-67.5,16.029117914705164,26.0
-132.5,-67.5,16.477581495015567,0.0
-127.50000000000001,-67.5,16.61706104452725,8.0
-122.50000000000001,-67.5,16.55395461787654,12.0
-117.50000000000001,-67.5,16.474145132932854,13.0
-112.5,-67.5,16.429601640664576,15.0
-107.5,-67.5,16.318976357986706,19.0
-102.5,-67.5,16.07169568152837,0.0
-97.5,-67.5,15.768668081947563,0.0
-92.50000000000001,-67.5,15.569104432212981,10.0
-87.5,-67.5,15.584218534811402,0.0
-82.50000000000001,-67.5,15.827562007094707,7.0
-77.5,-67.5,16.236578707557314,14.0
-72.5,-67.5,16.721358026463367,9.0
-67.5,-67.5,17.198348602672723,7.0
-62.50000000000001,-67.5,17.587038964071592,32.0
-57.500000000000014,-67.5,17.80262963236403,4.0
-52.500000000000014,-67.5,17.78561294793402,0.0
-47.5,-67.5,17.553713160857903,0.0
-42.5,-67.5,17.238419955003124,2.0
-37.50000000000001,-67.5,17.066180321347083,10.0
-32.500000000000014,-67.5,17.235194325210067,19.0
-27.499999999999993,-67.5,17.747394450859268,11.0
-22.5,-67.5,18.39028126914809,14.0
-17.500000000000007,-67.5,18.91963625034623,0.0
-12.50000000000001,-67.5,19.233376496848066,0.0
-7.500000000000017,-67.5,19.371923115361565,0.0
-2.4999999999999973,-67.5,19.417735248988727,0.0
2.4999999999999973,-67.5,19.42603689340847,0.0
7.499999999999991,-67.5,19.412723621393052,0.0
12.499999999999986,-67.5,19.360754729233946,0.0
17.500000000000007,-67.5,19.226085659582925,0.0
22.5,-67.5,18.95851123775554,0.0
27.499999999999993,-67.5,18.54609003259213,0.0
32.499999999999986,-67.5,18.042736403007364,0.0
37.499999999999986,-67.5,17.523455498825726,0.0
42.5,-67.5,16.989383825518473,0.0
47.5,-67.5,16.326726447365814,20.0
52.49999999999999,-67.5,15.393345485881625,0.0
57.499999999999986,-67.5,14.185991361398418,23.0
62.49999999999998,-67.5,12.943066280123602,0.0
67.49999999999997,-67.5,12.07265097616274,46.0
72.49999999999997,-67.5,11.939504918173357,138.0
77.50000000000001,-67.5,12.645956652575764,26.0
82.50000000000001,-67.5,13.956304202651443,42.0
87.5,-67.5,15.446517372073131,2.0
92.5,-67.5,16.764848685112316,16.0
97.49999999999999,-67.5,17.756391223520346,5.0
102.49999999999999,-67.5,18.384138888563957,0.0
107.49999999999999,-67.5,18.631300042761715,0.0
112.49999999999997,-67.5,18.524849757741286,0.0
117.49999999999997,-67.5,18.206404265904215,0.0
122.50000000000001,-67.5,17.908550492504755,20.0
127.50000000000001,-67.5,17.812700684755427,2.0
132.5,-67.5,17.91328598672167,10.0
137.5,-67.5,18.02709087809554,10.0
142.5,-67.5,17.947896513724853,15.0
147.49999999999997,-67.5,17.606994129186607,21.0
152.49999999999997,-67.5,17.096226252017242,8.0
157.49999999999997,-67.5,16.553461487381266,14.0
162.49999999999997,-67.5,16.050039309300896,18.0
167.5,-67.5,15.582480849848139,50.0
172.5,-67.5,15.140034799135117,20.0
177.5,-67.5,14.771053703362403,45.0
-177.5,-62.50000000000001,14.145905571220315,53.0
-172.5,-62.50000000000001,14.273698163276668,42.0
-167.5,-62.50000000000001,14.516559634536954,45.0
-162.5,-62.50000000000001,14.661058474095553,6.0
-157.5,-62.50000000000001,14.652977125717943,15.0
-152.5,-62.50000000000001,14.678862913217642,40.0
-147.5,-62.50000000000001,14.980698923964825,13.0
-142.5,-62.50000000000001,15.591431254759923,86.0
-137.5,-62.50000000000001,16.280250100340687,9.0
-132.5,-62.50000000000001,16.757067431969233,0.0
-127.50000000000001,-62.50000000000001,16.912873242879034,4.0
-122.50000000000001,-62.50000000000001,16.86186114434716,14.0
-117.50000000000001,-62.50000000000001,16.762059982323997,11.0
-112.5,-62.50000000000001,16.632206465048036,31.0
-107.5,-62.50000000000001,16.386818823208415,12.0
-102.5,-62.50000000000001,16.005614933899142,6.0
-97.5,-62.50000000000001,15.576202004510561,8.0
-92.50000000000001,-62.50000000000001,15.189336472611103,15.0
-87.5,-62.50000000000001,14.88413299665913,0.0
-82.50000000000001,-62.50000000000001,14.695999296570756,27.0
-77.5,-62.50000000000001,14.6895456698464,0.0
-72.5,-62.50000000000001,14.916986034768177,0.0
-67.5,-62.50000000000001,15.344407411065662,0.0
-62.50000000000001,-62.50000000000001,15.81877619196107,46.0
-57.500000000000014,-62.50000000000001,16.13967272176032,5.0
-52.500000000000014,-62.50000000000001,16.205875535219686,18.0
-47.5,-62.50000000000001,16.0959693196777,0.0
-42.5,-62.50000000000001,16.0128432171083,11.0
-37.50000000000001,-62.50000000000001,16.16984147883568,47.0
-32.500000000000014,-62.50000000000001,16.677692380124384,6.0
-27.499999999999993,-62.50000000000001,17.455380479956496,4.0
-22.5,-62.50000000000001,18.26232829781096,4.0
-17.500000000000007,-62.50000000000001,18.873122337041945,0.0
-12.50000000000001,-62.50000000000001,19.219500283760336,0.0
-7.500000000000017,-62.50000000000001,19.36859814104316,0.0
-2.4999999999999973,-62.50000000000001,19.41734709785359,0.0
2.4999999999999973,-62.50000000000001,19.42746938048466,0.0
7.499999999999991,-62.50000000000001,19.419613835289656,0.0
12.499999999999986,-62.50000000000001,19.384879207643927,0.0
17.500000000000007,-62.50000000000001,19.291385332324698,0.0
22.5,-62.50000000000001,19.094636077665204,0.0
27.499999999999993,-62.50000000000001,18.762019315396717,0.0
32.499999999999986,-62.50000000000001,18.295591698184964,0.0
37.499999999999986,-62.50000000000001,17.721812801790037,0.0
42.5,-62.50000000000001,17.044092618702035,5.0
47.5,-62.50000000000001,16.20327123862154,29.0
52.49999999999999,-62.50000000000001,15.11782584048101,16.0
57.499999999999986,-62.50000000000001,13.821238352118762,25.0
62.49999999999998,-62.50000000000001,12.575415614410112,4.0
67.49999999999997,-62.50000000000001,11.79841100861747,34.0
72.49999999999997,-62.50000000000001,11.82238226084414,16.0
77.50000000000001,-62.50000000000001,12.67407135313326,39.0
82.50000000000001,-62.50000000000001,14.049608592412476,16.0
87.5,-62.50000000000001,15.51301480293999,8.0
92.5,-62.50000000000001,16.7591557469937,22.0
97.49999999999999,-62.50000000000001,17.69575545970157,2.0
102.49999999999999,-62.50000000000001,18.314537642250215,0.0
107.49999999999999,-62.50000000000001,18.580672818015003,0.0
112.49999999999997,-62.50000000000001,18.48063508393956,0.0
117.49999999999997,-62.50000000000001,18.120817869664293,0.0
122.50000000000001,-62.50000000000001,17.724332733491224,17.0
127.50000000000001,-62.50000000000001,17.504295989858033,0.0
132.5,-62.50000000000001,17.517336043666933,0.0
137.5,-62.50000000000001,17.627903788752082,0.0
142.5,-62.50000000000001,17.625263425479638,0.0
147.49999999999997,-62.50000000000001,17.390248020135463,0.0
152.49999999999997,-62.50000000000001,16.95068725677621,10.0
157.49999999999997,-62.50000000000001,16.39834049254863,0.0
162.49999999999997,-62.50000000000001,15.802606863584822,47.0
167.5,-62.50000000000001,15.208281659486243,8.0
172.5,-62.50000000000001,14.671622242217705,9.0
177.5,-62.50000000000001,14.283454567841039,9.0
-177.5,-57.500000000000014,14.659049259703357,6.0
-172.5,-57.500000000000014,14.927988124597668,14.0
-167.5,-57.500000000000014,15.241741037971353,0.0
-162.5,-57.500000000000014,15.406861627579163,0.0
-157.5,-57.500000000000014,15.398732595262153,0.0
-152.5,-57.500000000000014,15.421714268807772,45.0
-147.5,-57.500000000000014,15.713810041487775,49.0
-142.5,-57.500000000000014,16.29143654444427,0.0
-137.5,-57.500000000000014,16.918107350203748,8.0
-132.5,-57.500000000000014,17.322562316368646,8.0
-127.50000000000001,-57.500000000000014,17.42206186842869,5.0
-122.50000000000001,-57.500000000000014,17.32766227449237,59.0
-117.50000000000001,-57.500000000000014,17.15936855902561,0.0
-112.5,-57.500000000000014,16.91367781536036,0.0
-107.5,-57.500000000000014,16.537534666148275,45.0
-102.5,-57.500000000000014,16.050837861503197,44.0
-97.5,-57.500000000000014,15.506617243287973,13.0
-92.50000000000001,-57.500000000000014,14.884929937092695,33.0
-87.5,-57.500000000000014,14.137425588587174,20.0
-82.50000000000001,-57.500000000000014,13.336181163486962,0.0
-77.5,-57.500000000000014,12.711976693125894,10.0
-72.5,-57.500000000000014,12.51179933776865,18.0
-67.5,-57.500000000000014,12.788994964507243,27.0
-62.50000000000001,-57.500000000000014,13.315738518180439,33.0
-57.500000000000014,-57.500000000000014,13.75546448896597,12.0
-52.500000000000014,-57.500000000000014,13.975256355771565,11.0
-47.5,-57.500000000000014,14.155097388194877,3.0
-42.5,-57.500000000000014,14.571834155450821,29.0
-37.50000000000001,-57.500000000000014,15.341276003653086,14.0
-32.500000000000014,-57.500000000000014,16.368231425135882,1.0
-27.499999999999993,-57.500000000000014,17.439257476567587,5.0
-22.5,-57.500000000000014,18.335366772375597,0.0
-17.500000000000007,-57.500000000000014,18.933823275065272,0.0
-12.50000000000001,-57.500000000000014,19.249041586398956,0.0
-7.500000000000017,-57.500000000000014,19.378819664677145,0.0
-2.4999999999999973,-57.500000000000014,19.42021366036891,0.0
2.4999999999999973,-57.500000000000014,19.42937190479861,0.0
7.499999999999991,-57.500000000000014,19.425990960545732,0.0
12.499999999999986,-57.500000000000014,19.407281816898706,0.0
17.500000000000007,-57.500000000000014,19.353658266099973,0.0
22.5,-57.500000000000014,19.230037760063464,0.0
27.499999999999993,-57.500000000000014,18.99128542372561,0.0
32.499999999999986,-57.500000000000014,18.593591674384413,0.0
37.499999999999986,-57.500000000000014,18.0068795142469,0.0
42.5,-57.500000000000014,17.218601907900585,21.0
47.5,-57.500000000000014,16.223097811442578,18.0
52.49999999999999,-57.500000000000014,15.02570377180146,13.0
57.499999999999986,-57.500000000000014,13.709888505376835,4.0
62.49999999999998,-57.500000000000014,12.52285841267433,26.0
67.49999999999997,-57.500000000000014,11.835147304673905,58.0
72.49999999999997,-57.500000000000014,11.936576562593897,15.0
77.50000000000001,-57.500000000000014,12.830899263782099,55.0
82.50000000000001,-57.500000000000014,14.211245996523415,16.0
87.5,-57.500000000000014,15.651426733698656,55.0
92.5,-57.500000000000014,16.860429141570698,6.0
97.49999999999999,-57.500000000000014,17.763201181474873,0.0
102.49999999999999,-57.500000000000014,18.370625206168178,0.0
107.49999999999999,-57.500000000000014,18.65868998400721,0.0
112.49999999999997,-57.500000000000014,18.599895890327687,0.0
117.49999999999997,-57.500000000000014,18.254172316689246,0.0
122.50000000000001,-57.500000000000014,17.790123928544105,19.0
127.50000000000001,-57.500000000000014,17.41323392719867,37.0
132.5,-57.500000000000014,17.25024494126946,21.0
137.5,-57.500000000000014,17.270208787523,0.0
142.5,-57.500000000000014,17.315395551295083,0.0
147.49999999999997,-57.500000000000014,17.222241984866045,0.0
152.49999999999997,-57.500000000000014,16.915040998440983,0.0
157.49999999999997,-57.500000000000014,16.41309560926069,0.0
162.49999999999997,-57.500000000000014,15.806767673483652,0.0
167.5,-57.500000000000014,15.228840801770215,0.0
172.5,-57.500000000000014,14.801573451180634,9.0
177.5,-57.500000000000014,14.601232614529431,17.0
-177.5,-52.500000000000014,15.680022843701193,0.0
-172.5,-52.500000000000014,16.049088097874236,8.0
-167.5,-52.500000000000014,16.394581951133688,0.0
-162.5,-52.500000000000014,16.57094691860321,0.0
-157.5,-52.500000000000014,16.573958832226417,0.0
-152.5,-52.500000000000014,16.586014388067245,0.0
-147.5,-52.500000000000014,16.807302510706936,0.0
-142.5,-52.500000000000014,17.244734400679064,0.0
-137.5,-52.500000000000014,17.700631201263043,0.0
-132.5,-52.500000000000014,17.961377899898398,0.0
-127.50000000000001,-52.500000000000014,17.965798371322876,0.0
-122.50000000000001,-52.500000000000014,17.787906372813605,2.0
-117.50000000000001,-52.500000000000014,17.497075447639055,6.0
-112.5,-52.500000000000014,17.094037391921237,5.0
-107.5,-52.500000000000014,16.583969297705497,12.0
-102.5,-52.500000000000014,16.01426800812233,0.0
-97.5,-52.500000000000014,15.369964502221322,0.0
-92.50000000000001,-52.500000000000014,14.50686666920536,0.0
-87.5,-52.500000000000014,13.296865475761669,52.0
-82.50000000000001,-52.500000000000014,11.848195805360438,35.0
-77.5,-52.500000000000014,10.545517736397057,21.0
-72.5,-52.500000000000014,9.834529277245851,26.0
-67.5,-52.500000000000014,9.88776385672512,59.0
-62.50000000000001,-52.500000000000014,10.4402065537556,8.0
-57.500000000000014,-52.500000000000014,11.037347842517947,16.0
-52.500000000000014,-52.500000000000014,11.510301156377198,36.0
-47.5,-52.500000000000014,12.121306616608214,51.0
-42.5,-52.500000000000014,13.187538018734813,51.0
-37.50000000000001,-52.500000000000014,14.68148532331507,0.0
-32.500000000000014,-52.500000000000014,16.266684659902424,4.0
-27.499999999999993,-52.500000000000014,17.599871986836195,0.0
-22.5,-52.500000000000014,18.521120250207254,0.0
-17.500000000000007,-52.500000000000014,19.049835301220902,0.0
-12.50000000000001,-52.500000000000014,19.299665366165392,0.0
-7.500000000000017,-52.500000000000014,19.3952970171784,0.0
-2.4999999999999973,-52.500000000000014,19.42444479729654,0.0
2.4999999999999973,-52.500000000000014,19.43101292617846,0.0
7.499999999999991,-52.500000000000014,19.430067211338258,0.0
12.499999999999986,-52.500000000000014,19.421681589920556,0.0
17.500000000000007,-52.500000000000014,19.39497943425104,0.0
22.5,-52.500000000000014,19.324155870898103,0.0
27.499999999999993,-52.500000000000014,19.161232663215774,0.0
32.499999999999986,-52.500000000000014,18.834966581332722,0.0
37.499999999999986,-52.500000000000014,18.27196460711392,0.0
42.5,-52.500000000000014,17.4416245807188,0.0
47.5,-52.500000000000014,16.38521616267525,3.0
52.49999999999999,-52.500000000000014,15.192632969441759,24.0
57.499999999999986,-52.500000000000014,13.976502617569809,26.0
62.49999999999998,-52.500000000000014,12.912018784730835,30.0
67.49999999999997,-52.500000000000014,12.270278187161095,36.0
72.49999999999997,-52.500000000000014,12.3137268259901,32.0
77.50000000000001,-52.500000000000014,13.097925395916832,38.0
82.50000000000001,-52.500000000000014,14.380912761113581,8.0
87.5,-52.500000000000014,15.76312794447182,5.0
92.5,-52.500000000000014,16.942567465918188,0.0
97.49999999999999,-52.500000000000014,17.828358890980674,0.0
102.49999999999999,-52.500000000000014,18.436028932692118,0.0
107.49999999999999,-52.500000000000014,18.758652905875543,0.0
112.49999999999997,-52.500000000000014,18.76578758737319,0.0
117.49999999999997,-52.500000000000014,18.46964786793048,0.0
122.50000000000001,-52.500000000000014,17.962305499237335,10.0
127.50000000000001,-52.500000000000014,17.407653295585895,0.0
132.5,-52.500000000000014,16.988473162162407,6.0
137.5,-52.500000000000014,16.81201416935418,10.0
142.5,-52.500000000000014,16.836274080060093,17.0
147.49999999999997,-52.500000000000014,16.893088376731534,0.0
152.49999999999997,-52.500000000000014,16.797262111851033,0.0
157.49999999999997,-52.500000000000014,16.468628884734493,0.0
162.49999999999997,-52.500000000000014,15.996156783904745,8.0
167.5,-52.500000000000014,15.579945455040743,22.0
172.5,-52.500000000000014,15.3795541437213,6.0
177.5,-52.500000000000014,15.428528654112244,45.0
-177.5,-47.5,16.60510276715095,0.0
-172.5,-47.5,16.970769355935282,8.0
-167.5,-47.5,17.324436793629893,0.0
-162.5,-47.5,17.54896202010774,0.0
-157.5,-47.5,17.617055393079017,0.0
-152.5,-47.5,17.64686679303722,0.0
-147.5,-47.5,17.782408157058786,0.0
-142.5,-47.5,18.035915433532566,0.0
-137.5,-47.5,18.28020390735041,0.0
-132.5,-47.5,18.376601962475622,0.0
-127.50000000000001,-47.5,18.272906575061963,0.0
-122.50000000000001,-47.5,17.984376151992677,0.0
-117.50000000000001,-47.5,17.533609341727807,0.0
-112.5,-47.5,16.953566400066318,8.0
-107.5,-47.5,16.319860451069218,30.0
-102.5,-47.5,15.68927405458121,22.0
-97.5,-47.5,14.97043038528357,4.0
-92.50000000000001,-47.5,13.925603389617152,27.0
-87.5,-47.5,12.378349473086248,36.0
-82.50000000000001,-47.5,10.447840788651881,21.0
-77.5,-47.5,8.59681620718723,21.0
-72.5,-47.5,7.412891762672152,39.0
-67.5,-47.5,7.210259985521847,63.0
-62.50000000000001,-47.5,7.774704449272046,28.0
-57.500000000000014,-47.5,8.601890235816013,23.0
-52.500000000000014,-47.5,9.458596434490605,40.0
-47.5,-47.5,10.584191622205338,71.0
-42.5,-47.5,12.256979129803971,61.0
-37.50000000000001,-47.5,14.326436473532679,49.0
-32.500000000000014,-47.5,16.303949360524868,1.0
-27.499999999999993,-47.5,17.789034895983377,0.0
-22.5,-47.5,18.69267784543537,0.0
-17.500000000000007,-47.5,19.148536234660824,0.0
-12.50000000000001,-47.5,19.340827973269825,0.0
-7.500000000000017,-47.5,19.408271984080258,0.0
-2.4999999999999973,-47.5,19.42764853877212,0.0
2.4999999999999973,-47.5,19.43199339212767,0.0
7.499999999999991,-47.5,19.432001272893206,0.0
12.499999999999986,-47.5,19.428619337780656,0.0
17.500000000000007,-47.5,19.41579722262462,0.0
22.5,-47.5,19.37464213563598,0.0
27.499999999999993,-47.5,19.260535082114895,0.0
32.499999999999986,-47.5,18.994222822873468,0.0
37.499999999999986,-47.5,18.484864874201893,0.0
42.5,-47.5,17.699045555915017,0.0
47.5,-47.5,16.716401395757067,0.0
52.49999999999999,-47.5,15.68019587192872,23.0
57.499999999999986,-47.5,14.688364123465494,0.0
62.49999999999998,-47.5,13.799995584751814,12.0
67.49999999999997,-47.5,13.162532891208972,18.0
72.49999999999997,-47.5,13.024747961888044,33.0
77.50000000000001,-47.5,13.535581786513877,3.0
82.50000000000001,-47.5,14.559614845274156,20.0
87.5,-47.5,15.755248929305795,0.0
92.5,-47.5,16.83293869020139,0.0
97.49999999999999,-47.5,17.692721569217074,0.0
102.49999999999999,-47.5,18.33456529304458,0.0
107.49999999999999,-47.5,18.732570843200754,0.0
112.49999999999997,-47.5,18.82837946975448,0.0
117.49999999999997,-47.5,18.587171510692283,0.0
122.50000000000001,-47.5,18.035927874361597,0.0
127.50000000000001,-47.5,17.293857574493202,0.0
132.5,-47.5,16.583536323499423,0.0
137.5,-47.5,16.150479679637463,18.0
142.5,-47.5,16.101324638437006,12.0
147.49999999999997,-47.5,16.311219393533463,0.0
152.49999999999997,-47.5,16.515619874448653,29.0
157.49999999999997,-47.5,16.51987320438614,3.0
162.49999999999997,-47.5,16.344999477013847,10.0
167.5,-47.5,16.17345820636682,25.0
172.5,-47.5,16.157583780224567,5.0
177.5,-47.5,16.317022416863107,0.0
-177.5,-42.5,17.12261944656666,9.0
-172.5,-42.5,17.390301475228483,7.0
-167.5,-42.5,17.727144498787666,11.0
-162.5,-42.5,18.003384177472018,0.0
-157.5,-42.5,18.139777929639347,0.0
-152.5,-42.5,18.18687199802188,0.0
-147.5,-42.5,18.241079897509803,0.0
-142.5,-42.5,18.322657779251394,0.0
-137.5,-42.5,18.36645237971436,0.0
-132.5,-42.5,18.297443066275125,0.0
-127.50000000000001,-42.5,18.067954426026724,0.0
-122.50000000000001,-42.5,17.641926790815788,11.0
-117.50000000000001,-42.5,17.01409816633762,4.0
-112.5,-42.5,16.26530056146388,40.0
-107.5,-42.5,15.534141348508033,12.0
-102.5,-42.5,14.868642804003953,2.0
-97.5,-42.5,14.115578796893997,14.0
-92.50000000000001,-42.5,13.00035826750086,0.0
-87.5,-42.5,11.340624538233907,19.0
-82.50000000000001,-42.5,9.23369704445995,34.0
-77.5,-42.5,7.1181059764531085,80.0
-72.5,-42.5,5.625854177112368,61.0
-67.5,-42.5,5.204721278023953,68.0
-62.50000000000001,-42.5,5.78410012815021,82.0
-57.500000000000014,-42.5,6.903586690085936,77.0
-52.500000000000014,-42.5,8.24078752839608,47.0
-47.5,-42.5,9.880682276790026,75.0
-42.5,-42.5,11.97377678546407,17.0
-37.50000000000001,-42.5,14.309813728808011,41.0
-32.500000000000014,-42.5,16.40296432346955,0.0
-27.499999999999993,-42.5,17.89779442386227,0.0
-22.5,-42.5,18.765100511545068,0.0
-17.500000000000007,-42.5,19.183305765494225,0.0
-12.50000000000001,-42.5,19.353361697139263,0.0
-7.500000000000017,-42.5,19.411705945781783,0.0
-2.4999999999999973,-42.5,19.428385136660985,0.0
2.4999999999999973,-42.5,19.432241620389227,0.0
7.499999999999991,-42.5,19.43267082406725,0.0
12.499999999999986,-42.5,19.431183597214183,0.0
17.500000000000007,-42.5,19.423998137191823,0.0
22.5,-42.5,19.396516516075895,0.0
27.499999999999993,-42.5,19.310207757755073,0.0
32.499999999999986,-42.5,19.09292362181511,0.0
37.499999999999986,-42.5,18.662915726226903,0.0
42.5,-42.5,18.0021206604855,0.0
47.5,-42.5,17.21080947222734,0.0
52.49999999999999,-42.5,16.434610561487343,15.0
57.499999999999986,-42.5,15.71647511269131,16.0
62.49999999999998,-42.5,15.002086685683485,13.0
67.49999999999997,-42.5,14.338339079484562,52.0
72.49999999999997,-42.5,13.964513999053086,30.0
77.50000000000001,-42.5,14.107455289398876,20.0
82.50000000000001,-42.5,14.735681888480974,17.0
87.5,-42.5,15.598856892773313,24.0
92.5,-42.5,16.474290758569833,31.0
97.49999999999999,-42.5,17.28550815168428,20.0
102.49999999999999,-42.5,17.99844949014488,17.0
107.49999999999999,-42.5,18.51529294094716,0.0
112.49999999999997,-42.5,18.70979380381248,0.0
117.49999999999997,-42.5,18.50628318569197,0.0
122.50000000000001,-42.5,17.907744192236965,0.0
127.50000000000001,-42.5,17.019476059818142,0.0
132.5,-42.5,16.08844715628171,6.0
137.5,-42.5,15.44813393096808,12.0
142.5,-42.5,15.320201863826746,11.0
147.49999999999997,-42.5,15.648273959558153,7.0
152.49999999999997,-42.5,16.153900727543306,35.0
157.49999999999997,-42.5,16.559952650985824,7.0
162.49999999999997,-42.5,16.767312758365232,8.0
167.5,-42.5,16.845205843560283,21.0
172.5,-42.5,16.894376662950393,5.0
177.5,-42.5,16.970814849572555,0.0
-177.5,-37.50000000000001,17.29129915024279,20.0
-172.5,-37.50000000000001,17.429627056819925,23.0
-167.5,-37.50000000000001,17.71040850428493,3.0
-162.5,-37.50000000000001,17.97225616914576,0.0
-157.5,-37.50000000000001,18.102006075742818,0.0
-152.5,-37.50000000000001,18.117618398776262,0.0
-147.5,-37.50000000000001,18.083590996661723,0.0
-142.5,-37.50000000000001,18.00811522462854,0.0
-137.5,-37.50000000000001,17.852054248599817,0.0
-132.5,-37.50000000000001,17.588418344646605,0.0
-127.50000000000001,-37.50000000000001,17.19174164891225,0.0
-122.50000000000001,-37.50000000000001,16.605110031762706,17.0
-117.50000000000001,-37.50000000000001,15.812322108020348,48.0
-112.5,-37.50000000000001,14.934908961423032,7.0
-107.5,-37.50000000000001,14.150635414653879,0.0
-102.5,-37.50000000000001,13.481976357535451,23.0
-97.5,-37.50000000000001,12.729543535381428,7.0
-92.50000000000001,-37.50000000000001,11.629583884210955,0.0
-87.5,-37.50000000000001,10.04124382120751,7.0
-82.50000000000001,-37.50000000000001,8.046013105943258,41.0
-77.5,-37.50000000000001,5.999588885323428,43.0
-72.5,-37.50000000000001,4.476572707860922,58.0
-67.5,-37.50000000000001,3.9861152266953663,98.0
-62.50000000000001,-37.50000000000001,4.6186062797163085,94.0
-57.500000000000014,-37.50000000000001,6.026989223495257,74.0
-52.500000000000014,-37.50000000000001,7.819072334851433,50.0
-47.5,-37.50000000000001,9.86816617117725,36.0
-42.5,-37.50000000000001,12.156734639454678,8.0
-37.50000000000001,-37.50000000000001,14.475447579427149,15.0
-32.500000000000014,-37.50000000000001,16.46065686227624,0.0
-27.499999999999993,-37.50000000000001,17.87120817094943,0.0
-22.5,-37.50000000000001,18.713875487048387,0.0
-17.500000000000007,-37.50000000000001,19.144775417113976,0.0
-12.50000000000001,-37.50000000000001,19.334183481691102,0.0
-7.500000000000017,-37.50000000000001,19.404739725522383,0.0
-2.4999999999999973,-37.50000000000001,19.4264803859912,0.0
2.4999999999999973,-37.50000000000001,19.43187269468929,0.0
7.499999999999991,-37.50000000000001,19.43275591217959,0.0
12.499999999999986,-37.50000000000001,19.431746719498133,0.0
17.500000000000007,-37.50000000000001,19.425866695333553,0.0
22.5,-37.50000000000001,19.402240439942002,0.0
27.499999999999993,-37.50000000000001,19.327601614146275,0.0
32.499999999999986,-37.50000000000001,19.143701282392225,0.0
37.499999999999986,-37.50000000000001,18.79452092914341,0.0
42.5,-37.50000000000001,18.289519693681765,0.0
47.5,-37.50000000000001,17.732355563266267,0.0
52.49999999999999,-37.50000000000001,17.22798839378931,0.0
57.499999999999986,-37.50000000000001,16.744200269769642,0.0
62.49999999999998,-37.50000000000001,16.148454868056543,16.0
67.49999999999997,-37.50000000000001,15.437236261099143,19.0
72.49999999999997,-37.50000000000001,14.844665653927557,7.0
77.50000000000001,-37.50000000000001,14.637258251636299,16.0
82.50000000000001,-37.50000000000001,14.858821194086563,14.0
87.5,-37.50000000000001,15.358458525910253,7.0
92.5,-37.50000000000001,16.006502267040773,6.0
97.49999999999999,-37.50000000000001,16.763607973550194,9.0
102.49999999999999,-37.50000000000001,17.551495033698064,0.0
107.49999999999999,-37.50000000000001,18.178492020643002,0.0
112.49999999999997,-37.50000000000001,18.441691063365454,0.0
117.49999999999997,-37.50000000000001,18.25026052940194,0.0
122.50000000000001,-37.50000000000001,17.63802399364266,0.0
127.50000000000001,-37.50000000000001,16.734890508004156,0.0
132.5,-37.50000000000001,15.778983192296955,20.0
137.5,-37.50000000000001,15.08712899090887,42.0
142.5,-37.50000000000001,14.900452970687995,63.0
147.49999999999997,-37.50000000000001,15.232101558181393,67.0
152.49999999999997,-37.50000000000001,15.882273065519152,12.0
157.49999999999997,-37.50000000000001,16.579743773993897,10.0
162.49999999999997,-37.50000000000001,17.113089003687474,50.0
167.5,-37.50000000000001,17.38816710779287,10.0
172.5,-37.50000000000001,17.423345787215446,1.0
177.5,-37.50000000000001,17.332287087231197,0.0
-177.5,-32.500000000000014,17.338246120716377,30.0
-172.5,-32.500000000000014,17.368794475222256,31.0
-167.5,-32.500000000000014,17.549123220174483,0.0
-162.5,-32.500000000000014,17.70390128827355,0.0
-157.5,-32.500000000000014,17.73424535425723,0.0
-152.5,-32.500000000000014,17.663254193417192,0.0
-147.5,-32.500000000000014,17.522168877199604,0.0
-142.5,-32.500000000000014,17.272282825909205,17.0
-137.5,-32.500000000000014,16.867748010745856,17.0
-132.5,-32.500000000000014,16.334822020077656,9.0
-127.50000000000001,-32.500000000000014,15.71330231050314,2.0
-122.50000000000001,-32.500000000000014,14.967745681845294,10.0
-117.50000000000001,-32.500000000000014,14.074704800622563,13.0
-112.5,-32.500000000000014,13.16095991881524,49.0
-107.5,-32.500000000000014,12.400231228256697,26.0
-102.5,-32.500000000000014,11.765782801741867,73.0
-97.5,-32.500000000000014,11.01270936970472,25.0
-92.50000000000001,-32.500000000000014,9.914384428437693,21.0
-87.5,-32.500000000000014,8.430767446752487,34.0
-82.50000000000001,-32.500000000000014,6.698295189444042,96.0
-77.5,-32.500000000000014,5.00513393964261,108.0
-72.5,-32.500000000000014,3.7820268783955298,59.0
-67.5,-32.500000000000014,3.4608198392090643,139.0
-62.50000000000001,-32.500000000000014,4.210726576492426,65.0
-57.500000000000014,-32.500000000000014,5.821864917923781,53.0
-52.500000000000014,-32.500000000000014,7.908535063231649,45.0
-47.5,-32.500000000000014,10.187753286682065,24.0
-42.5,-32.500000000000014,12.497717603107652,15.0
-37.50000000000001,-32.500000000000014,14.652504017896737,41.0
-32.500000000000014,-32.500000000000014,16.439103104923618,8.0
-27.499999999999993,-32.500000000000014,17.74139461409773,0.0
-22.5,-32.500000000000014,18.581883592815498,0.0
-17.500000000000007,-32.500000000000014,19.06077679223461,0.0
-12.50000000000001,-32.500000000000014,19.295694891152674,0.0
-7.500000000000017,-32.500000000000014,19.391475828278935,0.0
-2.4999999999999973,-32.500000000000014,19.422981273382355,0.0
2.4999999999999973,-32.500000000000014,19.43115676705867,0.0
7.499999999999991,-32.500000000000014,19.4325977565965,0.0
12.499999999999986,-32.500000000000014,19.431405152383324,0.0
17.500000000000007,-32.500000000000014,19.42429851561196,0.0
22.5,-32.500000000000014,19.397145959018843,0.0
27.499999999999993,-32.500000000000014,19.31729709650864,0.0
32.499999999999986,-32.500000000000014,19.137240282193265,0.0
37.499999999999986,-32.500000000000014,18.82981343807553,0.0
42.5,-32.500000000000014,18.439278755733262,0.0
47.5,-32.500000000000014,18.071702558902327,0.0
52.49999999999999,-32.500000000000014,17.778396953906213,0.0
57.499999999999986,-32.500000000000014,17.44924431725723,5.0
62.49999999999998,-32.500000000000014,16.902146063400885,0.0
67.49999999999997,-32.500000000000014,16.124246862276216,0.0
72.49999999999997,-32.500000000000014,15.360445359445245,42.0
77.50000000000001,-32.500000000000014,14.902564486289036,10.0
82.50000000000001,-32.500000000000014,14.845741833397197,23.0
87.5,-32.500000000000014,15.111076358286644,7.0
92.5,-32.500000000000014,15.626097273584605,7.0
97.49999999999999,-32.500000000000014,16.358114811084334,10.0
102.49999999999999,-32.500000000000014,17.1837406607141,0.0
107.49999999999999,-32.500000000000014,17.848008614872516,0.0
112.49999999999997,-32.500000000000014,18.114066807998913,0.0
117.49999999999997,-32.500000000000014,17.919925005114216,0.0
122.50000000000001,-32.500000000000014,17.371939229050174,0.0
127.50000000000001,-32.500000000000014,16.638398676569167,0.0
132.5,-32.500000000000014,15.895704185659662,14.0
137.5,-32.500000000000014,15.330893277588627,10.0
142.5,-32.500000000000014,15.10646118078704,42.0
147.49999999999997,-32.500000000000014,15.297839524282235,25.0
152.49999999999997,-32.500000000000014,15.862353481167938,28.0
157.49999999999997,-32.500000000000014,16.6284939783523,1.0
162.49999999999997,-32.500000000000014,17.327507661723242,5.0
167.5,-32.500000000000014,17.716802503599144,16.0
172.5,-32.500000000000014,17.727849994616594,13.0
177.5,-32.500000000000014,17.513438067887385,0.0
-177.5,-27.499999999999993,17.46364518277536,9.0
-172.5,-27.499999999999993,17.418435134236145,14.0
-167.5,-27.499999999999993,17.47388400561875,0.0
-162.5,-27.499999999999993,17.47590576616991,0.0
-157.5,-27.499999999999993,17.373820638698938,0.0
-152.5,-27.499999999999993,17.201655797721102,18.0
-147.5,-27.499999999999993,16.935984056312698,27.0
-142.5,-27.499999999999993,16.464237274809744,23.0
-137.5,-27.499999999999993,15.727809787961082,0.0
-132.5,-27.499999999999993,14.835092422226841,28.0
-127.50000000000001,-27.499999999999993,13.943683091853476,45.0
-122.50000000000001,-27.499999999999993,13.07921691891155,43.0
-117.50000000000001,-27.499999999999993,12.20176893328643,11.0
-112.5,-27.499999999999993,11.388742905035341,68.0
-107.5,-27.499999999999993,10.751803643863575,26.0
-102.5,-27.499999999999993,10.184682165794541,74.0
-97.5,-27.499999999999993,9.39109945531657,31.0
-92.50000000000001,-27.499999999999993,8.20096896264589,51.0
-87.5,-27.499999999999993,6.740245818007552,79.0
-82.50000000000001,-27.499999999999993,5.295458691824085,84.0
-77.5,-27.499999999999993,4.133422263776701,88.0
-72.5,-27.499999999999993,3.473512644572304,117.0
-67.5,-27.499999999999993,3.5238922275128486,120.0
-62.50000000000001,-27.499999999999993,4.41873098287919,89.0
-57.500000000000014,-27.499999999999993,6.088171671045429,107.0
-52.500000000000014,-27.499999999999993,8.257297541157017,36.0
-47.5,-27.499999999999993,10.6017269846393,47.0
-42.5,-27.499999999999993,12.862085510125011,24.0
-37.50000000000001,-27.499999999999993,14.849158040180138,41.0
-32.500000000000014,-27.499999999999993,16.45080599365268,30.0
-27.499999999999993,-27.499999999999993,17.647508306576885,0.0
-22.5,-27.499999999999993,18.476443760229454,0.0
-17.500000000000007,-27.499999999999993,18.99131929183902,0.0
-12.50000000000001,-27.499999999999993,19.26333019916448,0.0
-7.500000000000017,-27.499999999999993,19.380224664991417,0.0
-2.4999999999999973,-27.499999999999993,19.41999929237011,0.0
2.4999999999999973,-27.499999999999993,19.430534763976464,0.0
7.499999999999991,-27.499999999999993,19.432387017185967,0.0
12.499999999999986,-27.499999999999993,19.430689768927138,0.0
17.500000000000007,-27.499999999999993,19.42102311602163,0.0
22.5,-27.499999999999993,19.385651419601025,0.0
27.499999999999993,-27.499999999999993,19.287348995523462,0.0
32.499999999999986,-27.499999999999993,19.081444410916216,0.0
37.499999999999986,-27.499999999999993,18.762915556514713,0.0
42.5,-27.499999999999993,18.411204275128988,0.0
47.5,-27.499999999999993,18.142996323225848,0.0
52.49999999999999,-27.499999999999993,17.965197707626462,4.0
57.499999999999986,-27.499999999999993,17.696561629343464,14.0
62.49999999999998,-27.499999999999993,17.117699747939202,11.0
67.49999999999997,-27.499999999999993,16.23143853066411,5.0
72.49999999999997,-27.499999999999993,15.323179443438452,22.0
77.50000000000001,-27.499999999999993,14.726096010703209,11.0
82.50000000000001,-27.499999999999993,14.57231531044194,34.0
87.5,-27.499999999999993,14.804420205570217,20.0
92.5,-27.499999999999993,15.33785033066996,0.0
97.49999999999999,-27.499999999999993,16.09922818202894,7.0
102.49999999999999,-27.499999999999993,16.928185981530227,0.0
107.49999999999999,-27.499999999999993,17.561587129811098,0.0
112.49999999999997,-27.499999999999993,17.789474858556016,0.0
117.49999999999997,-27.499999999999993,17.614184328687593,0.0
122.50000000000001,-27.499999999999993,17.22073961040022,17.0
127.50000000000001,-27.499999999999993,16.797259685367717,0.0
132.5,-27.499999999999993,16.418394027376966,17.0
137.5,-27.499999999999993,16.09187985031786,15.0
142.5,-27.499999999999993,15.864083093672704,6.0
147.49999999999997,-27.499999999999993,15.859028813118448,9.0
152.49999999999997,-27.499999999999993,16.198934286954575,36.0
157.49999999999997,-27.499999999999993,16.844514378301827,5.0
162.49999999999997,-27.499999999999993,17.532088620596337,1.0
167.5,-27.499999999999993,17.93944333346412,7.0
172.5,-27.499999999999993,17.93922922444453,1.0
177.5,-27.499999999999993,17.68714997336917,0.0
-177.5,-22.5,17.739954432626316,3.0
-172.5,-22.5,17.634015880683332,0.0
-167.5,-22.5,17.5732292439244,0.0
-162.5,-22.5,17.45123167047858,5.0
-157.5,-22.5,17.25863238604876,25.0
-152.5,-22.5,17.010261749920023,23.0
-147.5,-22.5,16.60466260227993,0.0
-142.5,-22.5,15.857060898503837,0.0
-137.5,-22.5,14.721410853310392,3.0
-132.5,-22.5,13.424196687142077,83.0
-127.50000000000001,-22.5,12.273703912852735,53.0
-122.50000000000001,-22.5,11.370479014105078,26.0
-117.50000000000001,-22.5,10.636045127911354,53.0
-112.5,-22.5,10.046313178372168,60.0
-107.5,-22.5,9.603669364124938,25.0
-102.5,-22.5,9.107649191779952,9.0
-97.5,-22.5,8.223816275321987,15.0
-92.50000000000001,-22.5,6.865099068490337,113.0
-87.5,-22.5,5.360128232802995,85.0
-82.50000000000001,-22.5,4.184443672721135,104.0
-77.5,-22.5,3.5987714989918036,73.0
-72.5,-22.5,3.5814427805822304,72.0
-67.5,-22.5,4.0514541381955915,55.0
-62.50000000000001,-22.5,5.048500822271802,75.0
-57.500000000000014,-22.5,6.642216546358459,97.0
-52.500000000000014,-22.5,8.741851662655975,61.0
-47.5,-22.5,11.07265542736741,28.0
-42.5,-22.5,13.306593899297985,32.0
-37.50000000000001,-22.5,15.199915225257431,8.0
-32.500000000000014,-22.5,16.665718413180723,11.0
-27.499999999999993,-22.5,17.744687033732355,0.0
-22.5,-22.5,18.505813601018325,0.0
-17.500000000000007,-22.5,18.99499603455486,0.0
-12.50000000000001,-22.5,19.261776458206057,0.0
-7.500000000000017,-22.5,19.379089397850443,0.0
-2.4999999999999973,-22.5,19.419608133671254,0.0
2.4999999999999973,-22.5,19.43043289981823,0.0
7.499999999999991,-22.5,19.432279917060683,0.0
12.499999999999986,-22.5,19.43012611245848,0.0
17.500000000000007,-22.5,19.418382330557357,0.0
22.5,-22.5,19.376159014253542,0.0
27.499999999999993,-22.5,19.26147008010637,0.0
32.499999999999986,-22.5,19.028665856486693,0.0
37.499999999999986,-22.5,18.684215183129375,0.0
42.5,-22.5,18.328258938910096,0.0
47.5,-22.5,18.080864432914943,15.0
52.49999999999999,-22.5,17.91162282568412,18.0
57.499999999999986,-22.5,17.5834839689212,1.0
62.49999999999998,-22.5,16.857577088934367,0.0
67.49999999999997,-22.5,15.778563818549033,15.0
72.49999999999997,-22.5,14.706387047657424,33.0
77.50000000000001,-22.5,14.03506237388908,15.0
82.50000000000001,-22.5,13.915109235634947,36.0
87.5,-22.5,14.260363527554325,15.0
92.5,-22.5,14.92562873632835,6.0
97.49999999999999,-22.5,15.777953344227456,0.0
102.49999999999999,-22.5,16.634420191867623,0.0
107.49999999999999,-22.5,17.25632470252442,0.0
112.49999999999997,-22.5,17.487834314552348,0.0
117.49999999999997,-22.5,17.396735293773876,0.0
122.50000000000001,-22.5,17.219909276595292,42.0
127.50000000000001,-22.5,17.136658622248877,40.0
132.5,-22.5,17.124335940977332,13.0
137.5,-22.5,17.051345606843668,21.0
142.5,-22.5,16.878247349168547,0.0
147.49999999999997,-22.5,16.750248526258265,7.0
152.49999999999997,-22.5,16.88302101939147,0.0
157.49999999999997,-22.5,17.330046188863463,0.0
162.49999999999997,-22.5,17.877989371192893,0.0
167.5,-22.5,18.215191837924266,10.0
172.5,-22.5,18.20231287949183,0.0
177.5,-22.5,17.965829355166058,6.0
-177.5,-17.500000000000007,18.078347595786337,0.0
-172.5,-17.500000000000007,17.90382357759617,0.0
-167.5,-17.500000000000007,17.750839605286615,0.0
-162.5,-17.500000000000007,17.56641108957504,8.0
-157.5,-17.500000000000007,17.34707668031723,28.0
-152.5,-17.500000000000007,17.050091363657703,4.0
-147.5,-17.500000000000007,16.492285881036157,0.0
-142.5,-17.500000000000007,15.448917878737577,0.0
-137.5,-17.500000000000007,13.92723358228627,15.0
-132.5,-17.500000000000007,12.291121903199143,1.0
-127.50000000000001,-17.500000000000007,10.988647159283259,24.0
-122.50000000000001,-17.500000000000007,10.165669667142135,54.0
-117.50000000000001,-17.500000000000007,9.669906732761323,58.0
-112.5,-17.500000000000007,9.34603695442563,18.0
-107.5,-17.500000000000007,9.079408174794949,18.0
-102.5,-17.500000000000007,8.602039801816767,27.0
-97.5,-17.500000000000007,7.590259369596128,15.0
-92.50000000000001,-17.500000000000007,6.0708858581831056,10.0
-87.5,-17.500000000000007,4.553058369219956,99.0
-82.50000000000001,-17.500000000000007,3.6422072829059786,114.0
-77.5,-17.500000000000007,3.559606965373919,123.0
-72.5,-17.500000000000007,4.073285542000079,59.0
-67.5,-17.500000000000007,4.869523854325412,56.0
-62.50000000000001,-17.500000000000007,5.911714166960645,97.0
-57.500000000000014,-17.500000000000007,7.388466452617785,53.0
-52.500000000000014,-17.500000000000007,9.385543695780674,42.0
-47.5,-17.500000000000007,11.698379062204484,42.0
-42.5,-17.500000000000007,13.941154734633116,32.0
-37.50000000000001,-17.500000000000007,15.789732985163587,10.0
-32.500000000000014,-17.500000000000007,17.13871697173028,0.0
-27.499999999999993,-17.500000000000007,18.06636604184267,0.0
-22.5,-17.500000000000007,18.689595025641292,0.0
-17.500000000000007,-17.500000000000007,19.082048488096206,0.0
-12.50000000000001,-17.500000000000007,19.29543536562443,0.0
-7.500000000000017,-17.500000000000007,19.389562044815076,0.0
-2.4999999999999973,-17.500000000000007,19.42220139607281,0.0
2.4999999999999973,-17.500000000000007,19.430940250686767,0.0
7.499999999999991,-17.500000000000007,19.432360835219825,0.0
12.499999999999986,-17.500000000000007,19.430162854375673,0.0
17.500000000000007,-17.500000000000007,19.418570826007297,0.0
22.5,-17.500000000000007,19.37713620464372,0.0
27.499999999999993,-17.500000000000007,19.26534334698752,0.0
32.499999999999986,-17.500000000000007,19.040265593628458,0.0
37.499999999999986,-17.500000000000007,18.70975127763082,0.0
42.5,-17.500000000000007,18.365890236706853,5.0
47.5,-17.500000000000007,18.101820906786095,12.0
52.49999999999999,-17.500000000000007,17.844879806710015,0.0
57.499999999999986,-17.500000000000007,17.32734504550918,0.0
62.49999999999998,-17.500000000000007,16.326515558668206,0.0
67.49999999999997,-17.500000000000007,14.95957139214794,11.0
72.49999999999997,-17.500000000000007,13.681985855335725,37.0
77.50000000000001,-17.500000000000007,12.950942645955486,80.0
82.50000000000001,-17.500000000000007,12.912486646651272,17.0
87.5,-17.500000000000007,13.421199619623096,49.0
92.5,-17.500000000000007,14.262947175330083,23.0
97.49999999999999,-17.500000000000007,15.261374358219342,0.0
102.49999999999999,-17.500000000000007,16.224607911018996,8.0
107.49999999999999,-17.500000000000007,16.9333622421887,0.0
112.49999999999997,-17.500000000000007,17.26746452946737,0.0
117.49999999999997,-17.500000000000007,17.330443575394824,0.0
122.50000000000001,-17.500000000000007,17.374114548842083,42.0
127.50000000000001,-17.500000000000007,17.555177579298736,12.0
132.5,-17.500000000000007,17.798246432968433,0.0
137.5,-17.500000000000007,17.919024938671072,0.0
142.5,-17.500000000000007,17.847576326283633,0.0
147.49999999999997,-17.500000000000007,17.7165924675813,0.0
152.49999999999997,-17.500000000000007,17.74090544147632,0.0
157.49999999999997,-17.500000000000007,18.002523006952103,0.0
162.49999999999997,-17.500000000000007,18.35823606541608,0.0
167.5,-17.500000000000007,18.572951064391503,17.0
172.5,-17.500000000000007,18.531705548571622,11.0
177.5,-17.500000000000007,18.313608673173476,6.0
-177.5,-12.50000000000001,18.301772168619852,0.0
-172.5,-12.50000000000001,18.037419906753478,0.0
-167.5,-12.50000000000001,17.805659564452128,1.0
-162.5,-12.50000000000001,17.594476661940252,8.0
-157.5,-12.50000000000001,17.37471495946565,5.0
-152.5,-12.50000000000001,17.03381627225474,0.0
-147.5,-12.50000000000001,16.334960962358497,0.0
-142.5,-12.50000000000001,15.06259359574451,0.0
-137.5,-12.50000000000001,13.305042458727772,38.0
-132.5,-12.50000000000001,11.539122106587136,46.0
-127.50000000000001,-12.50000000000001,10.285642814777244,15.0
-122.50000000000001,-12.50000000000001,9.669723306485515,35.0
-117.50000000000001,-12.50000000000001,9.436012157056606,67.0
-112.5,-12.50000000000001,9.309444535162056,18.0
-107.5,-12.50000000000001,9.100595398694233,9.0
-102.5,-12.50000000000001,8.539553081978124,3.0
-97.5,-12.50000000000001,7.379565898867782,51.0
-92.50000000000001,-12.50000000000001,5.777430239396705,28.0
-87.5,-12.50000000000001,4.352886544655327,83.0
-82.50000000000001,-12.50000000000001,3.7273947497254962,91.0
-77.5,-12.50000000000001,4.031507566229877,61.0
-72.5,-12.50000000000001,4.893498364120519,71.0
-67.5,-12.50000000000001,5.890346942558494,94.0
-62.50000000000001,-12.50000000000001,6.963712552285957,36.0
-57.500000000000014,-12.50000000000001,8.373975486364259,67.0
-52.500000000000014,-12.50000000000001,10.306635693934696,37.0
-47.5,-12.50000000000001,12.59330761498287,63.0
-42.5,-12.50000000000001,14.805057701480658,14.0
-37.50000000000001,-12.50000000000001,16.56469505418152,4.0
-32.500000000000014,-12.50000000000001,17.75905750259206,0.0
-27.499999999999993,-12.50000000000001,18.498865263571616,0.0
-22.5,-12.50000000000001,18.94598636438313,0.0
-17.500000000000007,-12.50000000000001,19.208055799745257,0.0
-12.50000000000001,-12.50000000000001,19.345669227642787,0.0
-7.500000000000017,-12.50000000000001,19.40555313649484,0.0
-2.4999999999999973,-12.50000000000001,19.426226367935133,0.0
2.4999999999999973,-12.50000000000001,19.431748244700135,0.0
7.499999999999991,-12.50000000000001,19.432586365689282,0.0
12.499999999999986,-12.50000000000001,19.430828718965348,0.0
17.500000000000007,-12.50000000000001,19.42179495570582,0.0
22.5,-12.50000000000001,19.389565116034973,0.0
27.499999999999993,-12.50000000000001,19.302658488217737,0.0
32.499999999999986,-12.50000000000001,19.1272397869715,0.0
37.499999999999986,-12.50000000000001,18.865741714132195,0.0
42.5,-12.50000000000001,18.575128015625342,0.0
47.5,-12.50000000000001,18.290301429387906,0.0
52.49999999999999,-12.50000000000001,17.891379549324824,0.0
57.499999999999986,-12.50000000000001,17.10931769332428,0.0
62.49999999999998,-12.50000000000001,15.774334804513105,0.0
67.49999999999997,-12.50000000000001,14.092128594604779,28.0
72.49999999999997,-12.50000000000001,12.607861604856101,104.0
77.50000000000001,-12.50000000000001,11.828597260643038,40.0
82.50000000000001,-12.50000000000001,11.883591810747717,29.0
87.5,-12.50000000000001,12.561554559528217,27.0
92.5,-12.50000000000001,13.587236441121863,30.0
97.49999999999999,-12.50000000000001,14.760326570297101,16.0
102.49999999999999,-12.50000000000001,15.889188209460803,56.0
107.49999999999999,-12.50000000000001,16.75982707301057,8.0
112.49999999999997,-12.50000000000001,17.258643535232483,0.0
117.49999999999997,-12.50000000000001,17.490235123338152,5.0
122.50000000000001,-12.50000000000001,17.692384422765567,2.0
127.50000000000001,-12.50000000000001,18.00290301048326,0.0
132.5,-12.50000000000001,18.346792292341714,0.0
137.5,-12.50000000000001,18.561107396068063,0.0
142.5,-12.50000000000001,18.584956949758883,0.0
147.49999999999997,-12.50000000000001,18.516427950589094,0.0
152.49999999999997,-12.50000000000001,18.512379520388208,0.0
157.49999999999997,-12.50000000000001,18.639961221838213,0.0
162.49999999999997,-12.50000000000001,18.8191365453471,0.0
167.5,-12.50000000000001,18.90520617262978,0.0
172.5,-12.50000000000001,18.81656911339385,0.0
177.5,-12.50000000000001,18.58463070745404,0.0
-177.5,-7.500000000000017,18.308121287531744,6.0
-172.5,-7.500000000000017,17.951909912363472,0.0
-167.5,-7.500000000000017,17.649602722489245,11.0
-162.5,-7.500000000000017,17.405271089800873,0.0
-157.5,-7.500000000000017,17.1564468868699,0.0
-152.5,-7.500000000000017,16.750729127616925,0.0
-147.5,-7.500000000000017,15.95882527143458,0.0
-142.5,-7.500000000000017,14.627737175319186,1.0
-137.5,-7.500000000000017,12.919462412259628,51.0
-132.5,-7.500000000000017,11.335921719336996,49.0
-127.50000000000001,-7.500000000000017,10.350643285984653,37.0
-122.50000000000001,-7.500000000000017,9.997829692788343,46.0
-117.50000000000001,-7.500000000000017,9.935763162725069,93.0
-112.5,-7.500000000000017,9.841027536040913,60.0
-107.5,-7.500000000000017,9.529553131388388,52.0
-102.5,-7.500000000000017,8.796152575007493,25.0
-97.5,-7.500000000000017,7.503866401887993,62.0
-92.50000000000001,-7.500000000000017,5.914621151069453,175.0
-87.5,-7.500000000000017,4.682164353016289,104.0
-82.50000000000001,-7.500000000000017,4.363726330809194,40.0
-77.5,-7.500000000000017,4.9760849235740015,61.0
-72.5,-7.500000000000017,6.065190684898959,81.0
-67.5,-7.500000000000017,7.187419815289839,108.0
-62.50000000000001,-7.500000000000017,8.298611111823076,35.0
-57.500000000000014,-7.500000000000017,9.683964607155225,27.0
-52.500000000000014,-7.500000000000017,11.55223059993774,53.0
-47.5,-7.500000000000017,13.738141887912901,42.0
-42.5,-7.500000000000017,15.800535669567582,0.0
-37.50000000000001,-7.500000000000017,17.366001845168615,0.0
-32.500000000000014,-7.500000000000017,18.34838541097926,0.0
-27.499999999999993,-7.500000000000017,18.888496178115634,0.0
-22.5,-7.500000000000017,19.17093951800836,0.0
-17.500000000000007,-7.500000000000017,19.31753917971926,0.0
-12.50000000000001,-7.500000000000017,19.389245510552144,0.0
-7.500000000000017,-7.500000000000017,19.41944538265021,0.0
-2.4999999999999973,-7.500000000000017,19.429731199065486,0.0
2.4999999999999973,-7.500000000000017,19.432458811297767,0.0
7.499999999999991,-7.500000000000017,19.432831123347015,0.0
12.499999999999986,-7.500000000000017,19.431718367518858,0.0
17.500000000000007,-7.500000000000017,19.426143266028962,0.0
22.5,-7.500000000000017,19.406304018922796,0.0
27.499999999999993,-7.500000000000017,19.35268173471469,0.0
32.499999999999986,-7.500000000000017,19.24297768722102,0.0
37.499999999999986,-7.500000000000017,19.071571910791164,0.0
42.5,-7.500000000000017,18.850686637580065,0.0
47.5,-7.500000000000017,18.54938609529006,0.0
52.49999999999999,-7.500000000000017,18.009702958940515,0.0
57.499999999999986,-7.500000000000017,16.986420960196295,0.0
62.49999999999998,-7.500000000000017,15.379807748059157,0.0
67.49999999999997,-7.500000000000017,13.471726800410323,23.0
72.49999999999997,-7.500000000000017,11.865124969046708,40.0
77.50000000000001,-7.500000000000017,11.095555052634635,66.0
82.50000000000001,-7.500000000000017,11.276210222484137,48.0
87.5,-7.500000000000017,12.136216732005641,64.0
92.5,-7.500000000000017,13.33860842232198,27.0
97.49999999999999,-7.500000000000017,14.660385978109716,21.0
102.49999999999999,-7.500000000000017,15.920098081554517,12.0
107.49999999999999,-7.500000000000017,16.91830645094304,8.0
112.49999999999997,-7.500000000000017,17.54427441744648,15.0
117.49999999999997,-7.500000000000017,17.88507777914993,6.0
122.50000000000001,-7.500000000000017,18.146569798366816,0.0
127.50000000000001,-7.500000000000017,18.4541092338493,0.0
132.5,-7.500000000000017,18.76613008724625,0.0
137.5,-7.500000000000017,18.97522204316233,0.0
142.5,-7.500000000000017,19.04323251312931,0.0
147.49999999999997,-7.500000000000017,19.030266601586305,0.0
152.49999999999997,-7.500000000000017,19.026804801164957,0.0
157.49999999999997,-7.500000000000017,19.071182527333207,0.0
162.49999999999997,-7.500000000000017,19.121864114188977,0.0
167.5,-7.500000000000017,19.09855209258777,0.0
172.5,-7.500000000000017,18.945332890381966,0.0
177.5,-7.500000000000017,18.664016939505885,0.0
-177.5,-2.4999999999999973,18.154123763480428,12.0
-172.5,-2.4999999999999973,17.760832209990692,28.0
-167.5,-2.4999999999999973,17.42170021600559,25.0
-162.5,-2.4999999999999973,17.1222066163872,9.0
-157.5,-2.4999999999999973,16.781206148670044,14.0
-152.5,-2.4999999999999973,16.269407112235466,0.0
-147.5,-2.4999999999999973,15.445662976208757,8.0
-142.5,-2.4999999999999973,14.264741988808877,41.0
-137.5,-2.4999999999999973,12.918070225068645,97.0
-132.5,-2.4999999999999973,11.80073391642073,90.0
-127.50000000000001,-2.4999999999999973,11.20493760275106,17.0
-122.50000000000001,-2.4999999999999973,11.039391380583254,9.0
-117.50000000000001,-2.4999999999999973,10.95578098622804,22.0
-112.5,-2.4999999999999973,10.700762283833482,46.0
-107.5,-2.4999999999999973,10.178988192530573,65.0
-102.5,-2.4999999999999973,9.273860615955506,14.0
-97.5,-2.4999999999999973,7.922532171574089,26.0
-92.50000000000001,-2.4999999999999973,6.421342093239881,53.0
-87.5,-2.4999999999999973,5.407547330613521,92.0
-82.50000000000001,-2.4999999999999973,5.3764631077616745,127.0
-77.5,-2.4999999999999973,6.26172793911046,76.0
-72.5,-2.4999999999999973,7.55022301538996,79.0
-67.5,-2.4999999999999973,8.78475244180295,89.0
-62.50000000000001,-2.4999999999999973,9.925883141247537,53.0
-57.500000000000014,-2.4999999999999973,11.256366435142056,15.0
-52.500000000000014,-2.4999999999999973,12.981615843388727,39.0
-47.5,-2.4999999999999973,14.945591430043734,10.0
-42.5,-2.4999999999999973,16.737142665579483,0.0
-37.50000000000001,-2.4999999999999973,18.030941188185604,0.0
-32.500000000000014,-2.4999999999999973,18.783345563456425,0.0
-27.499999999999993,-2.4999999999999973,19.15092720380163,0.0
-22.5,-2.4999999999999973,19.313774428284717,0.0
-17.500000000000007,-2.4999999999999973,19.38486178253424,0.0
-12.50000000000001,-2.4999999999999973,19.415634886428645,0.0
-7.500000000000017,-2.4999999999999973,19.427803577263187,0.0
-2.4999999999999973,-2.4999999999999973,19.431834409964797,0.0
2.4999999999999973,-2.4999999999999973,19.432884255133512,0.0
7.499999999999991,-2.4999999999999973,19.432982575927795,0.0
12.499999999999986,-2.4999999999999973,19.432326350253263,0.0
17.500000000000007,-2.4999999999999973,19.429269181260494,0.0
22.5,-2.4999999999999973,19.418709194579204,0.0
27.499999999999993,-2.4999999999999973,19.390365482919695,0.0
32.499999999999986,-2.4999999999999973,19.33044039613663,0.0
37.499999999999986,-2.4999999999999973,19.22513082559561,0.0
42.5,-2.4999999999999973,19.04878045075176,0.0
47.5,-2.4999999999999973,18.72055763209563,0.0
52.49999999999999,-2.4999999999999973,18.067390975317892,0.0
57.499999999999986,-2.4999999999999973,16.88863512309474,0.0
62.49999999999998,-2.4999999999999973,15.155880045843634,0.0
67.49999999999997,-2.4999999999999973,13.19789855821061,24.0
72.49999999999997,-2.4999999999999973,11.629682632642869,18.0
77.50000000000001,-2.4999999999999973,10.98346923119419,58.0
82.50000000000001,-2.4999999999999973,11.351916697287324,47.0
87.5,-2.4999999999999973,12.410150113342496,43.0
92.5,-2.4999999999999973,13.755558175521731,14.0
97.49999999999999,-2.4999999999999973,15.138261706974099,17.0
102.49999999999999,-2.4999999999999973,16.40359970788801,0.0
107.49999999999999,-2.4999999999999973,17.39936392125818,0.0
112.49999999999997,-2.4999999999999973,18.04029865577269,6.0
117.49999999999997,-2.4999999999999973,18.396006252536164,17.0
122.50000000000001,-2.4999999999999973,18.631202627137164,0.0
127.50000000000001,-2.4999999999999973,18.85710256792428,0.0
132.5,-2.4999999999999973,19.069623219719247,0.0
137.5,-2.4999999999999973,19.216040811908446,0.0
142.5,-2.4999999999999973,19.27825765428434,0.0
147.49999999999997,-2.4999999999999973,19.286792127982153,0.0
152.49999999999997,-2.4999999999999973,19.28240524735981,0.0
157.49999999999997,-2.4999999999999973,19.276236671817944,0.0
162.49999999999997,-2.4999999999999973,19.23883707487445,0.0
167.5,-2.4999999999999973,19.121712545142074,0.0
172.5,-2.4999999999999973,18.89172978584259,0.0
177.5,-2.4999999999999973,18.553874216565436,7.0
-177.5,2.4999999999999973,17.972524009319528,0.0
-172.5,2.4999999999999973,17.640325546978808,0.0
-167.5,2.4999999999999973,17.323010842127907,12.0
-162.5,2.4999999999999973,16.952267433075207,11.0
-157.5,2.4999999999999973,16.453779112375038,12.0
-152.5,2.4999999999999973,15.790029466008338,27.0
-147.5,2.4999999999999973,14.973994870160999,46.0
-142.5,2.4999999999999973,14.082656426930951,64.0
-137.5,2.4999999999999973,13.274500110412673,25.0
-132.5,2.4999999999999973,12.72936315481455,15.0
-127.50000000000001,2.4999999999999973,12.483015508126849,0.0
-122.50000000000001,2.4999999999999973,12.338238375712793,0.0
-117.50000000000001,2.4999999999999973,12.037219512031353,4.0
-112.5,2.4999999999999973,11.497594302356653,19.0
-107.5,2.4999999999999973,10.75925390549727,1.0
-102.5,2.4999999999999973,9.77051268657661,52.0
-97.5,2.4999999999999973,8.46328003978737,60.0
-92.50000000000001,2.4999999999999973,7.083709792882407,71.0
-87.5,2.4999999999999973,6.231222526568593,101.0
-82.50000000000001,2.4999999999999973,6.3966759900029935,72.0
-77.5,2.4999999999999973,7.5030356485361835,53.0
-72.5,2.4999999999999973,8.997316262141346,27.0
-67.5,2.4999999999999973,10.374235504164712,68.0
-62.50000000000001,2.4999999999999973,11.555043871318286,6.0
-57.500000000000014,2.4999999999999973,12.796821604609196,12.0
-52.500000000000014,2.4999999999999973,14.307176973922314,0.0
-47.5,2.4999999999999973,15.971592989353052,0.0
-42.5,2.4999999999999973,17.447643356425576,0.0
-37.50000000000001,2.4999999999999973,18.474003070521167,0.0
-32.500000000000014,2.4999999999999973,19.03728199844968,0.0
-27.499999999999993,2.4999999999999973,19.287490669017203,0.0
-22.5,2.4999999999999973,19.38226709587585,0.0
-17.500000000000007,2.4999999999999973,19.41563676012611,0.0
-12.50000000000001,2.4999999999999973,19.427409190881647,0.0
-7.500000000000017,2.4999999999999973,19.431490789429123,0.0
-2.4999999999999973,2.4999999999999973,19.432755235060338,0.0
2.4999999999999973,2.4999999999999973,19.433053360404,0.0
7.499999999999991,2.4999999999999973,19.432955054229776,0.0
12.499999999999986,2.4999999999999973,19.43219661865345,0.0
17.500000000000007,2.4999999999999973,19.429348216778973,0.0
22.5,2.4999999999999973,19.420892269737774,0.0
27.499999999999993,2.4999999999999973,19.4003191182287,0.0
32.499999999999986,2.4999999999999973,19.356829837850473,0.0
37.499999999999986,2.4999999999999973,19.268585332725596,0.0
42.5,2.4999999999999973,19.08274064610614,0.0
47.5,2.4999999999999973,18.689094260106334,0.0
52.49999999999999,2.4999999999999973,17.92506771629059,0.0
57.499999999999986,2.4999999999999973,16.657910997014792,0.0
62.49999999999998,2.4999999999999973,14.93776609510208,1.0
67.49999999999997,2.4999999999999973,13.118046909432335,34.0
72.49999999999997,2.4999999999999973,11.778869746795397,17.0
77.50000000000001,2.4999999999999973,11.401028966986196,39.0
82.50000000000001,2.4999999999999973,12.02990448679265,142.0
87.5,2.4999999999999973,13.285359354528508,35.0
92.5,2.4999999999999973,14.70924547791548,5.0
97.49999999999999,2.4999999999999973,16.0371976382713,3.0
102.49999999999999,2.4999999999999973,17.16342872727428,0.0
107.49999999999999,2.4999999999999973,18.01506750869682,0.0
112.49999999999997,2.4999999999999973,18.557673707184417,0.0
117.49999999999997,2.4999999999999973,18.852136179937787,0.0
122.50000000000001,2.4999999999999973,19.020363000068528,0.0
127.50000000000001,2.4999999999999973,19.151904988460455,0.0
132.5,2.4999999999999973,19.264858092026618,0.0
137.5,2.4999999999999973,19.34261838724669,0.0
142.5,2.4999999999999973,19.37910011594873,0.0
147.49999999999997,2.4999999999999973,19.3860800173592,0.0
152.49999999999997,2.4999999999999973,19.373824891567963,0.0
157.49999999999997,2.4999999999999973,19.331559323428294,0.0
162.49999999999997,2.4999999999999973,19.224819391673808,0.0
167.5,2.4999999999999973,19.017834065800233,0.0
172.5,2.4999999999999973,18.708393174651796,0.0
177.5,2.4999999999999973,18.339821422636124,8.0
-177.5,7.499999999999991,17.856315711479287,0.0
-172.5,7.499999999999991,17.6495750627552,0.0
-167.5,7.499999999999991,17.384495821524535,0.0
-162.5,7.499999999999991,16.92314956620031,0.0
-157.5,7.499999999999991,16.222941649588087,7.0
-152.5,7.499999999999991,15.37939844901508,16.0
-147.5,7.499999999999991,14.57357697536379,29.0
-142.5,7.499999999999991,13.97244117200088,35.0
-137.5,7.499999999999991,13.652687526804979,44.0
-132.5,7.499999999999991,13.563094640839113,7.0
-127.50000000000001,7.499999999999991,13.515551520241806,0.0
-122.50000000000001,7.499999999999991,13.257736622453493,2.0
-117.50000000000001,7.499999999999991,12.657875673948608,17.0
-112.5,7.499999999999991,11.81972690339753,50.0
-107.5,7.499999999999991,10.918731689244444,74.0
-102.5,7.499999999999991,9.943300499239536,58.0
-97.5,7.499999999999991,8.762548709077166,45.0
-92.50000000000001,7.499999999999991,7.5093237035968485,13.0
-87.5,7.499999999999991,6.724659335740228,72.0
-82.50000000000001,7.499999999999991,6.940416036957649,65.0
-77.5,7.499999999999991,8.15056060846213,25.0
-72.5,7.499999999999991,9.81719796437124,18.0
-67.5,7.499999999999991,11.379383183429523,63.0
-62.50000000000001,7.499999999999991,12.671663584166456,69.0
-57.500000000000014,7.499999999999991,13.884630125278587,14.0
-52.500000000000014,7.499999999999991,15.220167977948343,0.0
-47.5,7.499999999999991,16.625521904491407,0.0
-42.5,7.499999999999991,17.84783778069709,0.0
-37.50000000000001,7.499999999999991,18.687449456782645,0.0
-32.500000000000014,7.499999999999991,19.141214001295896,0.0
-27.499999999999993,7.499999999999991,19.33652577623975,0.0
-22.5,7.499999999999991,19.40512815876328,0.0
-17.500000000000007,7.499999999999991,19.42564872930536,0.0
-12.50000000000001,7.499999999999991,19.431226372312423,0.0
-7.500000000000017,7.499999999999991,19.432688309089936,0.0
-2.4999999999999973,7.499999999999991,19.43304587128243,0.0
2.4999999999999973,7.499999999999991,19.43304317850641,0.0
7.499999999999991,7.499999999999991,19.432589898299767,0.0
12.499999999999986,7.499999999999991,19.430608247043672,0.0
17.500000000000007,7.499999999999991,19.424031840019865,0.0
22.5,7.499999999999991,19.406854629541456,0.0
27.499999999999993,7.499999999999991,19.37049792040671,0.0
32.499999999999986,7.499999999999991,19.302790369336467,0.0
37.499999999999986,7.499999999999991,19.17530314337679,0.0
42.5,7.499999999999991,18.916014832193717,0.0
47.5,7.499999999999991,18.397495812329037,0.0
52.49999999999999,7.499999999999991,17.485335347519385,0.0
57.499999999999986,7.499999999999991,16.140314220786916,0.0
62.49999999999998,7.499999999999991,14.513062343265378,35.0
67.49999999999997,7.499999999999991,12.976488323257833,62.0
72.49999999999997,7.499999999999991,12.034526619518402,29.0
77.50000000000001,7.499999999999991,12.058081854797381,33.0
82.50000000000001,7.499999999999991,13.003721019986639,38.0
87.5,7.499999999999991,14.434285717460824,40.0
92.5,7.499999999999991,15.864797824695877,8.0
97.49999999999999,7.499999999999991,17.04708538448762,0.0
102.49999999999999,7.499999999999991,17.943220955393446,0.0
107.49999999999999,7.499999999999991,18.571345507686814,0.0
112.49999999999997,7.499999999999991,18.95637094533079,0.0
117.49999999999997,7.499999999999991,19.157453564334936,0.0
122.50000000000001,7.499999999999991,19.25822630214016,0.0
127.50000000000001,7.499999999999991,19.321384182458953,0.0
132.5,7.499999999999991,19.369102034106557,0.0
137.5,7.499999999999991,19.40097772358857,0.0
142.5,7.499999999999991,19.415873700776004,0.0
147.49999999999997,7.499999999999991,19.41543052440141,0.0
152.49999999999997,7.499999999999991,19.39332327218767,0.0
157.49999999999997,7.499999999999991,19.322823968073017,0.0
162.49999999999997,7.499999999999991,19.158952768068563,0.0
167.5,7.499999999999991,18.87206243985589,0.0
172.5,7.499999999999991,18.496600194775112,5.0
177.5,7.499999999999991,18.130920967619016,2.0
-177.5,12.499999999999986,17.82153228443619,7.0
-172.5,12.499999999999986,17.705394496408704,0.0
-167.5,12.499999999999986,17.451506490378392,0.0
-162.5,12.499999999999986,16.86823576085802,0.0
-157.5,12.499999999999986,15.955580245235492,7.0
-152.5,12.499999999999986,14.932007249775603,31.0
-147.5,12.499999999999986,14.099151047213855,14.0
-142.5,12.499999999999986,13.653544263758574,0.0
-137.5,12.499999999999986,13.585962825970094,30.0
-132.5,12.499999999999986,13.701127450519925,19.0
-127.50000000000001,12.499999999999986,13.700107364302644,0.0
-122.50000000000001,12.499999999999986,13.311556054526728,33.0
-117.50000000000001,12.499999999999986,12.470670283580455,6.0
-112.5,12.499999999999986,11.39475615879042,55.0
-107.5,12.499999999999986,10.379140114488361,16.0
-102.5,12.499999999999986,9.476434329200023,28.0
-97.5,12.499999999999986,8.498264078627514,27.0
-92.50000000000001,12.499999999999986,7.424155054342796,78.0
-87.5,12.499999999999986,6.677154951885028,100.0
-82.50000000000001,12.499999999999986,6.811407719898067,37.0
-77.5,12.499999999999986,7.953105566712269,43.0
-72.5,12.499999999999986,9.679339674464552,67.0
-67.5,12.499999999999986,11.427788889484061,55.0
-62.50000000000001,12.499999999999986,12.925739106921432,33.0
-57.500000000000014,12.499999999999986,14.24462616710272,8.0
-52.500000000000014,12.499999999999986,15.544806526307369,4.0
-47.5,12.499999999999986,16.82687342677656,10.0
-42.5,12.499999999999986,17.92726766745474,5.0
-37.50000000000001,12.499999999999986,18.698516147331855,0.0
-32.500000000000014,12.499999999999986,19.133311366332357,0.0
-27.499999999999993,12.499999999999986,19.331063167504432,0.0
-22.5,12.499999999999986,19.404152122686614,0.0
-17.500000000000007,12.499999999999986,19.426257555372956,0.0
-12.50000000000001,12.499999999999986,19.431770824802356,0.0
-7.500000000000017,12.499999999999986,19.432915510735192,0.0
-2.4999999999999973,12.499999999999986,19.433079485402317,0.0
2.4999999999999973,12.499999999999986,19.432847268454136,0.0
7.499999999999991,12.499999999999986,19.43150649472268,0.0
12.499999999999986,12.499999999999986,19.426086963069558,0.0
17.500000000000007,12.499999999999986,19.408892490293898,0.0
22.5,12.499999999999986,19.366052760636048,0.0
27.499999999999993,12.499999999999986,19.281168892777615,0.0
32.499999999999986,12.499999999999986,19.139791597756357,0.0
37.499999999999986,12.499999999999986,18.914626093808067,0.0
42.5,12.499999999999986,18.526899283529694,0.0
47.5,12.499999999999986,17.841276794778278,0.0
52.49999999999999,12.499999999999986,16.75804676399761,0.0
57.499999999999986,12.499999999999986,15.342609861291878,7.0
62.49999999999998,12.499999999999986,13.85862699072592,32.0
67.49999999999997,12.499999999999986,12.694126023836006,59.0
72.49999999999997,12.499999999999986,12.244172421039574,33.0
77.50000000000001,12.499999999999986,12.725027698507063,9.0
82.50000000000001,12.499999999999986,13.9808333540188,5.0
87.5,12.499999999999986,15.533222883709236,7.0
92.5,12.499999999999986,16.910152508036905,0.0
97.49999999999999,12.499999999999986,17.909928135482453,0.0
102.49999999999999,12.499999999999986,18.565796480721534,0.0
107.49999999999999,12.499999999999986,18.973166614820435,0.0
112.49999999999997,12.499999999999986,19.204932640360756,0.0
117.49999999999997,12.499999999999986,19.319713672173755,0.0
122.50000000000001,12.499999999999986,19.371254844655272,0.0
127.50000000000001,12.499999999999986,19.397129218781334,0.0
132.5,12.499999999999986,19.413468651608795,0.0
137.5,12.499999999999986,19.42359158894651,0.0
142.5,12.499999999999986,19.427391519026237,0.0
147.49999999999997,12.499999999999986,19.421991936269055,0.0
152.49999999999997,12.499999999999986,19.39368739185079,0.0
157.49999999999997,12.499999999999986,19.307281836622675,0.0
162.49999999999997,12.499999999999986,19.110650047179572,0.0
167.5,12.499999999999986,18.777364855136597,0.0
172.5,12.499999999999986,18.367092801987695,11.0
177.5,12.499999999999986,18.017290065572947,40.0
-177.5,17.500000000000007,17.78868321343666,13.0
-172.5,17.500000000000007,17.64569976828581,0.0
-167.5,17.500000000000007,17.31774046902564,0.0
-162.5,17.500000000000007,16.595697000664618,0.0
-157.5,17.500000000000007,15.50862176048181,11.0
-152.5,17.500000000000007,14.337982479813189,38.0
-147.5,17.500000000000007,13.423957237100117,19.0
-142.5,17.500000000000007,12.943334002430065,0.0
-137.5,17.500000000000007,12.845206681269593,38.0
-132.5,17.500000000000007,12.920139138724696,13.0
-127.50000000000001,17.500000000000007,12.873257793461297,35.0
-122.50000000000001,17.500000000000007,12.413955712799572,13.0
-117.50000000000001,17.500000000000007,11.442225401847894,38.0
-112.5,17.500000000000007,10.196010999321905,61.0
-107.5,17.500000000000007,9.088872243055135,35.0
-102.5,17.500000000000007,8.30423845740139,20.0
-97.5,17.500000000000007,7.647824945452417,58.0
-92.50000000000001,17.500000000000007,6.918290136202696,90.0
-87.5,17.500000000000007,6.3206823964869745,90.0
-82.50000000000001,17.500000000000007,6.344600939925923,59.0
-77.5,17.500000000000007,7.265180194575038,42.0
-72.5,17.500000000000007,8.883271890826515,31.0
-67.5,17.500000000000007,10.734179346434093,23.0
-62.50000000000001,17.500000000000007,12.458468908078595,2.0
-57.500000000000014,17.500000000000007,13.97283518078638,2.0
-52.500000000000014,17.500000000000007,15.35734718195471,17.0
-47.5,17.500000000000007,16.644742383831005,26.0
-42.5,17.500000000000007,17.747667938381312,11.0
-37.50000000000001,17.500000000000007,18.556441703930386,0.0
-32.500000000000014,17.500000000000007,19.047901369276886,0.0
-27.499999999999993,17.500000000000007,19.292229473512247,0.0
-22.5,17.500000000000007,19.390808123719324,0.0
-17.500000000000007,17.500000000000007,19.42282669304389,0.0
-12.50000000000001,17.500000000000007,19.431131861029375,0.0
-7.500000000000017,17.500000000000007,19.43282739377039,0.0
-2.4999999999999973,17.500000000000007,19.432989062187133,0.0
2.4999999999999973,17.500000000000007,19.43232224973943,0.0
7.499999999999991,17.500000000000007,19.428964380517797,0.0
12.499999999999986,17.500000000000007,19.416138621207566,0.0
17.500000000000007,17.500000000000007,19.37728381415481,0.0
22.5,17.500000000000007,19.284277231414347,0.0
27.499999999999993,17.500000000000007,19.107865585291208,0.0
32.499999999999986,17.500000000000007,18.834590022400022,0.0
37.499999999999986,17.500000000000007,18.45504058167386,0.0
42.5,17.500000000000007,17.909799755407946,0.0
47.5,17.500000000000007,17.076530697697308,0.0
52.49999999999999,17.500000000000007,15.890072962090969,0.0
57.499999999999986,17.500000000000007,14.495639641198766,17.0
62.49999999999998,17.500000000000007,13.233980259968247,72.0
67.49999999999997,17.500000000000007,12.478684276042724,9.0
72.49999999999997,17.500000000000007,12.500206999471132,33.0
77.50000000000001,17.500000000000007,13.362136308790035,19.0
82.50000000000001,17.500000000000007,14.821526521231641,25.0
87.5,17.500000000000007,16.4008833812557,0.0
92.5,17.500000000000007,17.677266493073468,0.0
97.49999999999999,17.500000000000007,18.50530344944573,0.0
102.49999999999999,17.500000000000007,18.97061283533854,0.0
107.49999999999999,17.500000000000007,19.21464806048222,0.0
112.49999999999997,17.500000000000007,19.336441085495863,0.0
117.49999999999997,17.500000000000007,19.391816366371504,0.0
122.50000000000001,17.500000000000007,19.414357218967435,0.0
127.50000000000001,17.500000000000007,19.42363047692706,0.0
132.5,17.500000000000007,19.428285275449227,0.0
137.5,17.500000000000007,19.43071135727072,0.0
142.5,17.500000000000007,19.430556107779314,0.0
147.49999999999997,17.500000000000007,19.423612599261798,0.0
152.49999999999997,17.500000000000007,19.39466223370226,0.0
157.49999999999997,17.500000000000007,19.30752171461754,0.0
162.49999999999997,17.500000000000007,19.109155771813057,0.0
167.5,17.500000000000007,18.7716213825517,0.0
172.5,17.500000000000007,18.35372160868071,0.0
177.5,17.500000000000007,17.994878786732457,13.0
-177.5,22.5,17.57262323778135,8.0
-172.5,22.5,17.277248513154547,21.0
-167.5,22.5,16.81169108666046,16.0
-162.5,22.5,15.982960284026515,4.0
-157.5,22.5,14.818029638496542,27.0
-152.5,22.5,13.583212850199843,73.0
-147.5,22.5,12.58289850010254,18.0
-142.5,22.5,11.957052501150176,15.0
-137.5,22.5,11.668829319162866,79.0
-132.5,22.5,11.581262522021373,17.0
-127.50000000000001,22.5,11.455394431131682,44.0
-122.50000000000001,22.5,10.966099306658737,9.0
-117.50000000000001,22.5,9.921640279937494,38.0
-112.5,22.5,8.53747584644553,50.0
-107.5,22.5,7.349006121192912,66.0
-102.5,22.5,6.71525563104456,33.0
-97.5,22.5,6.4865612311465,38.0
-92.50000000000001,22.5,6.284397826852305,38.0
-87.5,22.5,6.02462318253034,87.0
-82.50000000000001,22.5,6.032174494071014,56.0
-77.5,22.5,6.690921940418245,62.0
-72.5,22.5,8.077017349666876,52.0
-67.5,22.5,9.908096726706678,23.0
-62.50000000000001,22.5,11.786168174622727,43.0
-57.500000000000014,22.5,13.475865023583578,16.0
-52.500000000000014,22.5,14.963697538726791,25.0
-47.5,22.5,16.30107720822448,2.0
-42.5,22.5,17.46096386254323,7.0
-37.50000000000001,22.5,18.355018034318448,11.0
-32.500000000000014,22.5,18.935112932751796,0.0
-27.499999999999993,22.5,19.242803898025088,0.0
-22.5,22.5,19.373956157371914,0.0
-17.500000000000007,22.5,19.418368207269896,0.0
-12.50000000000001,22.5,19.430216863019496,0.0
-7.500000000000017,22.5,19.43265609373881,0.0
-2.4999999999999973,22.5,19.43277171867776,0.0
2.4999999999999973,22.5,19.431188126699723,0.0
7.499999999999991,22.5,19.423842733841926,0.0
12.499999999999986,22.5,19.39746627959578,0.0
17.500000000000007,22.5,19.32191921399268,0.0
22.5,22.5,19.149556161999016,0.0
27.499999999999993,22.5,18.836192544970082,0.0
32.499999999999986,22.5,18.37528147393253,0.0
37.499999999999986,22.5,17.79434466452563,0.0
42.5,22.5,17.087702924380654,0.0
47.5,22.5,16.18226039773015,2.0
52.49999999999999,22.5,15.049630702895398,10.0
57.499999999999986,22.5,13.856157015142443,46.0
62.49999999999998,22.5,12.928284028534847,41.0
67.49999999999997,22.5,12.56833331167593,28.0
72.49999999999997,22.5,12.935001512651379,31.0
77.50000000000001,22.5,13.999348882866139,36.0
82.50000000000001,22.5,15.498304824244602,25.0
87.5,22.5,17.00170964233915,0.0
92.5,22.5,18.150753766611597,0.0
97.49999999999999,22.5,18.842950298771598,0.0
102.49999999999999,22.5,19.185963730676672,0.0
107.49999999999999,22.5,19.335133961534634,0.0
112.49999999999997,22.5,19.395958962410674,0.0
117.49999999999997,22.5,19.419589124461247,0.0
122.50000000000001,22.5,19.428097002968293,0.0
127.50000000000001,22.5,19.43103571015049,0.0
132.5,22.5,19.432161540761204,0.0
137.5,22.5,19.432466101248593,0.0
142.5,22.5,19.431198242722225,0.0
147.49999999999997,22.5,19.423882187053557,0.0
152.49999999999997,22.5,19.395707379903342,0.0
157.49999999999997,22.5,19.31219854232314,0.0
162.49999999999997,22.5,19.121079250471247,0.0
167.5,22.5,18.78648788541712,0.0
172.5,22.5,18.344522115613607,0.0
177.5,22.5,17.909065687826434,0.0
-177.5,27.499999999999993,16.984733478146808,16.0
-172.5,27.499999999999993,16.473267423869444,5.0
-167.5,27.499999999999993,15.865418469885059,8.0
-162.5,27.499999999999993,15.002401407691707,8.0
-157.5,27.499999999999993,13.883908731601194,18.0
-152.5,27.499999999999993,12.707050167732863,30.0
-147.5,27.499999999999993,11.706249898649697,8.0
-142.5,27.499999999999993,10.996022878436946,21.0
-137.5,27.499999999999993,10.577759106933105,58.0
-132.5,27.499999999999993,10.380901208075645,31.0
-127.50000000000001,27.499999999999993,10.197526294719474,4.0
-122.50000000000001,27.499999999999993,9.668578874506924,26.0
-117.50000000000001,27.499999999999993,8.54261924609518,18.0
-112.5,27.499999999999993,7.031269554348485,33.0
-107.5,27.499999999999993,5.76545540893103,38.0
-102.5,27.499999999999993,5.245025953005808,123.0
-97.5,27.499999999999993,5.3841237479421205,66.0
-92.50000000000001,27.499999999999993,5.695143687396547,46.0
-87.5,27.499999999999993,5.845865646724256,36.0
-82.50000000000001,27.499999999999993,5.960634327368706,26.0
-77.5,27.499999999999993,6.454219911025547,39.0
-72.5,27.499999999999993,7.630342911853697,79.0
-67.5,27.499999999999993,9.399661300681394,40.0
-62.50000000000001,27.499999999999993,11.365515699360824,6.0
-57.500000000000014,27.499999999999993,13.172413799113905,56.0
-52.500000000000014,27.499999999999993,14.724922840171372,21.0
-47.5,27.499999999999993,16.087385773196328,25.0
-42.5,27.499999999999993,17.27954890345315,22.0
-37.50000000000001,27.499999999999993,18.227736325557355,0.0
-32.500000000000014,27.499999999999993,18.8647267130727,0.0
-27.499999999999993,27.499999999999993,19.212449755101584,0.0
-22.5,27.499999999999993,19.363758105438528,0.0
-17.500000000000007,27.499999999999993,19.415697129456525,0.0
-12.50000000000001,27.499999999999993,19.4296657255318,0.0
-7.500000000000017,27.499999999999993,19.432516018088442,0.0
-2.4999999999999973,27.499999999999993,19.43239143379351,0.0
2.4999999999999973,27.499999999999993,19.429175782856632,0.0
7.499999999999991,27.499999999999993,19.41517740623863,0.0
12.499999999999986,27.499999999999993,19.36766296420746,0.0
17.500000000000007,27.499999999999993,19.239107029435782,0.0
22.5,27.499999999999993,18.96070789785825,0.0
27.499999999999993,27.499999999999993,18.476114916983946,0.0
32.499999999999986,27.499999999999993,17.79083642427619,0.0
37.499999999999986,27.499999999999993,16.97762458408757,0.0
42.5,27.499999999999993,16.107137383431137,46.0
47.5,27.499999999999993,15.192614035416891,13.0
52.49999999999999,27.499999999999993,14.255105166788585,19.0
57.499999999999986,27.499999999999993,13.426625389420485,14.0
62.49999999999998,27.499999999999993,12.921232547084575,11.0
67.49999999999997,27.499999999999993,12.915048293242224,8.0
72.49999999999997,27.499999999999993,13.488124833425779,14.0
77.50000000000001,27.499999999999993,14.597733827591043,75.0
82.50000000000001,27.499999999999993,16.020599215684122,8.0
87.5,27.499999999999993,17.393563856519084,0.0
92.5,27.499999999999993,18.41515954597823,0.0
97.49999999999999,27.499999999999993,19.00830200931079,0.0
102.49999999999999,27.499999999999993,19.281628862916765,0.0
107.49999999999999,27.499999999999993,19.384878642694073,0.0
112.49999999999997,27.499999999999993,19.41867664454893,0.0
117.49999999999997,27.499999999999993,19.42891942993728,0.0
122.50000000000001,27.499999999999993,19.43189871998013,0.0
127.50000000000001,27.499999999999993,19.43273442579808,0.0
132.5,27.499999999999993,19.432930454482918,0.0
137.5,27.499999999999993,19.4326311125895,0.0
142.5,27.499999999999993,19.43047131193625,0.0
147.49999999999997,27.499999999999993,19.42063040631126,0.0
152.49999999999997,27.499999999999993,19.38555891881476,0.0
157.49999999999997,27.499999999999993,19.286680554932076,0.0
162.49999999999997,27.499999999999993,19.06615303642528,0.0
167.5,27.499999999999993,18.67761408048758,0.0
172.5,27.499999999999993,18.13716198335427,0.0
177.5,27.499999999999993,17.538794069796335,0.0
-177.5,32.499999999999986,15.986784388463862,30.0
-172.5,32.499999999999986,15.297756765068177,0.0
-167.5,32.499999999999986,14.599913942465657,24.0
-162.5,32.499999999999986,13.769544255940247,6.0
-157.5,32.499999999999986,12.780222909532739,50.0
-152.5,32.499999999999986,11.7547489110622,7.0
-147.5,32.499999999999986,10.871732042932988,47.0
-142.5,32.499999999999986,10.248463053968393,20.0
-137.5,32.499999999999986,9.910508357738962,65.0
-132.5,32.499999999999986,9.777852344487917,59.0
-127.50000000000001,32.499999999999986,9.6083959674605,81.0
-122.50000000000001,32.499999999999986,9.032023646634773,50.0
-117.50000000000001,32.499999999999986,7.820851557016366,26.0
-112.5,32.499999999999986,6.216966673335179,62.0
-107.5,32.499999999999986,4.875032521529735,112.0
-102.5,32.499999999999986,4.335041055758826,107.0
-97.5,32.499999999999986,4.574457885126314,33.0
-92.50000000000001,32.499999999999986,5.123174164782636,37.0
-87.5,32.499999999999986,5.548733857993645,108.0
-82.50000000000001,32.499999999999986,5.82256775885395,122.0
-77.5,32.499999999999986,6.314382502066621,81.0
-72.5,32.499999999999986,7.436412389439818,33.0
-67.5,32.499999999999986,9.227359570722703,42.0
-62.50000000000001,32.499999999999986,11.304052635495388,39.0
-57.500000000000014,32.499999999999986,13.22928541161342,21.0
-52.500000000000014,32.499999999999986,14.839424652838721,0.0
-47.5,32.499999999999986,16.197614386833866,13.0
-42.5,32.499999999999986,17.358164761663964,0.0
-37.50000000000001,32.499999999999986,18.274330493094617,0.0
-32.500000000000014,32.499999999999986,18.88830909830578,0.0
-27.499999999999993,32.499999999999986,19.222448679744975,0.0
-22.5,32.499999999999986,19.367200737067183,0.0
-17.500000000000007,32.499999999999986,19.41663636609015,0.0
-12.50000000000001,32.499999999999986,19.429857952177844,0.0
-7.500000000000017,32.499999999999986,19.4324740375746,0.0
-2.4999999999999973,32.499999999999986,19.431882668915986,0.0
2.4999999999999973,32.499999999999986,19.426443600697972,0.0
7.499999999999991,32.499999999999986,19.403745070468414,0.0
12.499999999999986,32.499999999999986,19.329826174596533,0.0
17.500000000000007,32.499999999999986,19.138829057319445,0.0
22.5,32.499999999999986,18.74365372743689,0.0
27.499999999999993,32.499999999999986,18.081565442878503,0.0
32.499999999999986,32.499999999999986,17.169944663656285,0.0
37.499999999999986,32.499999999999986,16.11585764105362,0.0
42.5,32.499999999999986,15.06062807138698,12.0
47.5,32.499999999999986,14.122187960679815,15.0
52.49999999999999,32.499999999999986,13.396494260410067,40.0
57.499999999999986,32.499999999999986,12.974159729644123,16.0
62.49999999999998,32.499999999999986,12.916173591607633,8.0
67.49999999999997,32.499999999999986,13.24602291527456,2.0
72.49999999999997,32.499999999999986,13.982703814721017,26.0
77.50000000000001,32.499999999999986,15.103583752509515,46.0
82.50000000000001,32.499999999999986,16.437707585018632,25.0
87.5,32.499999999999986,17.681688988556964,0.0
92.5,32.499999999999986,18.585406349680675,0.0
97.49999999999999,32.499999999999986,19.097052436740686,0.0
102.49999999999999,32.499999999999986,19.3239226649462,0.0
107.49999999999999,32.499999999999986,19.403570802544994,0.0
112.49999999999997,32.499999999999986,19.426212880934287,0.0
117.49999999999997,32.499999999999986,19.431648713210148,0.0
122.50000000000001,32.499999999999986,19.432810142828714,0.0
127.50000000000001,32.499999999999986,19.433005936952156,0.0
132.5,32.499999999999986,19.432879982119,0.0
137.5,32.499999999999986,19.432036837371385,0.0
142.5,32.499999999999986,19.427821879373205,0.0
147.49999999999997,32.499999999999986,19.410164108630884,0.0
152.49999999999997,32.499999999999986,19.350951651097805,0.0
157.49999999999997,32.499999999999986,19.19380119874707,0.0
162.49999999999997,32.499999999999986,18.863532017617526,0.0
167.5,32.499999999999986,18.31121944724657,0.0
172.5,32.499999999999986,17.56945470168824,0.0
177.5,32.499999999999986,16.75414930889869,0.0
-177.5,37.499999999999986,14.692495571746488,50.0
-172.5,37.499999999999986,13.955952378984888,9.0
-167.5,37.499999999999986,13.25575190249586,28.0
-162.5,37.499999999999986,12.489243498131014,35.0
-157.5,37.499999999999986,11.631963763064169,91.0
-152.5,37.499999999999986,10.76848494075959,27.0
-147.5,37.499999999999986,10.061506605484816,14.0
-142.5,37.499999999999986,9.6578427449553,44.0
-137.5,37.499999999999986,9.579706616112322,10.0
-132.5,37.499999999999986,9.66393844458507,50.0
-127.50000000000001,37.499999999999986,9.588627726752968,49.0
-122.50000000000001,37.499999999999986,9.003207087205388,24.0
-117.50000000000001,37.499999999999986,7.763548880515869,32.0
-112.5,37.499999999999986,6.140258258090648,105.0
-107.5,37.499999999999986,4.723125477547325,121.0
-102.5,37.499999999999986,4.002148808488672,37.0
-97.5,37.499999999999986,4.032359180750645,21.0
-92.50000000000001,37.499999999999986,4.4894014189870886,63.0
-87.5,37.499999999999986,4.990136197467496,80.0
-82.50000000000001,37.499999999999986,5.418429496256428,96.0
-77.5,37.499999999999986,6.0430929995612575,62.0
-72.5,37.499999999999986,7.266075120681649,64.0
-67.5,37.499999999999986,9.177052770573807,19.0
-62.50000000000001,37.499999999999986,11.41639534975952,7.0
-57.500000000000014,37.499999999999986,13.507231407750778,8.0
-52.500000000000014,37.499999999999986,15.221193912098737,17.0
-47.5,37.499999999999986,16.58664731723646,16.0
-42.5,37.499999999999986,17.672875635502102,0.0
-37.50000000000001,37.499999999999986,18.47994794930678,0.0
-32.500000000000014,37.499999999999986,18.996606119713576,0.0
-27.499999999999993,37.499999999999986,19.268053984990864,0.0
-22.5,37.499999999999986,19.38242612175374,0.0
-17.500000000000007,37.499999999999986,19.42063886495459,0.0
-12.50000000000001,37.499999999999986,19.430675078383846,0.0
-7.500000000000017,37.499999999999986,19.43253676657526,0.0
-2.4999999999999973,37.499999999999986,19.43142571206799,0.0
2.4999999999999973,37.499999999999986,19.423956966721033,0.0
7.499999999999991,37.499999999999986,19.393534211226054,0.0
12.499999999999986,37.499999999999986,19.296907670288515,0.0
17.500000000000007,37.499999999999986,19.054464438102013,0.0
22.5,37.499999999999986,18.567775644285668,0.0
27.499999999999993,37.499999999999986,17.771572181096264,0.0
32.499999999999986,37.499999999999986,16.684962658120128,0.0
37.499999999999986,37.499999999999986,15.419880469633753,0.0
42.5,37.499999999999986,14.15450451574247,19.0
47.5,37.499999999999986,13.103507271694307,45.0
52.49999999999999,37.499999999999986,12.47114629306409,16.0
57.499999999999986,37.499999999999986,12.36031982504448,18.0
62.49999999999998,37.499999999999986,12.714031440463513,0.0
67.49999999999997,37.499999999999986,13.402087197987063,30.0
72.49999999999997,37.499999999999986,14.35778860607412,39.0
77.50000000000001,37.499999999999986,15.548705556291761,0.0
82.50000000000001,37.499999999999986,16.83307042851435,0.0
87.5,37.499999999999986,17.960690135579735,0.0
92.5,37.499999999999986,18.743466989571264,0.0
97.49999999999999,37.499999999999986,19.16966461726107,0.0
102.49999999999999,37.499999999999986,19.35164501218379,0.0
107.49999999999999,37.499999999999986,19.412749341496585,0.0
112.49999999999997,37.499999999999986,19.428967950850424,0.0
117.49999999999997,37.499999999999986,19.432374104209924,0.0
122.50000000000001,37.499999999999986,19.432843515221247,0.0
127.50000000000001,37.499999999999986,19.432621615724344,0.0
132.5,37.499999999999986,19.431924221439004,0.0
137.5,37.499999999999986,19.429825915064164,0.0
142.5,37.499999999999986,19.42157861189659,0.0
147.49999999999997,37.499999999999986,19.38943102570783,0.0
152.49999999999997,37.499999999999986,19.285095341516524,0.0
157.49999999999997,37.499999999999986,19.017317955537802,0.0
162.49999999999997,37.499999999999986,18.480229380199976,0.0
167.5,37.499999999999986,17.63886962341572,0.0
172.5,37.499999999999986,16.602020079423955,8.0
177.5,37.499999999999986,15.572144014083745,34.0
-177.5,42.5,13.253319395427042,15.0
-172.5,42.5,12.597506507530143,14.0
-167.5,42.5,11.971215927980685,17.0
-162.5,42.5,11.276257232309058,36.0
-157.5,42.5,10.522884017383063,82.0
-152.5,42.5,9.794518916301989,40.0
-147.5,42.5,9.258800826092278,75.0
-142.5,42.5,9.094213289766232,72.0
-137.5,42.5,9.305197840283524,26.0
-132.5,42.5,9.634014432515464,11.0
-127.50000000000001,42.5,9.68908015846995,27.0
-122.50000000000001,42.5,9.158246550870363,42.0
-117.50000000000001,42.5,7.976588714078002,91.0
-112.5,42.5,6.400969308092099,93.0
-107.5,42.5,4.902197428536012,99.0
-102.5,42.5,3.901116166054952,65.0
-97.5,42.5,3.566036499500059,77.0
-92.50000000000001,42.5,3.7853877588917877,42.0
-87.5,42.5,4.2839238803823285,98.0
-82.50000000000001,42.5,4.874444266947306,75.0
-77.5,42.5,5.683936407825432,116.0
-72.5,42.5,7.035335201628227,115.0
-67.5,42.5,9.041193530968465,44.0
-62.50000000000001,42.5,11.407811619293653,31.0
-57.500000000000014,42.5,13.675700776792004,13.0
-52.500000000000014,42.5,15.553979929246426,30.0
-47.5,42.5,16.989594759304506,1.0
-42.5,42.5,18.029799100906583,0.0
-37.50000000000001,42.5,18.7232636781418,0.0
-32.500000000000014,42.5,19.126573401670456,0.0
-27.499999999999993,42.5,19.322738336108102,0.0
-22.5,42.5,19.400550451162232,0.0
-17.500000000000007,42.5,19.425361467692426,0.0
-12.50000000000001,42.5,19.431637420889082,0.0
-7.500000000000017,42.5,19.43266518781256,0.0
-2.4999999999999973,42.5,19.431273252259267,0.0
2.4999999999999973,42.5,19.423084974068253,0.0
7.499999999999991,42.5,19.39010817782998,0.0
12.499999999999986,42.5,19.286537582831997,0.0
17.500000000000007,42.5,19.02993790556841,0.0
22.5,42.5,18.520521846824174,0.0
27.499999999999993,42.5,17.689568749649478,0.0
32.499999999999986,42.5,16.538661738532696,33.0
37.499999999999986,42.5,15.147240849433231,41.0
42.5,42.5,13.684536950113655,39.0
47.5,42.5,12.433681410963121,26.0
52.49999999999999,42.5,11.731183907273781,27.0
57.499999999999986,42.5,11.769361211837504,26.0
62.49999999999998,42.5,12.447747461533673,40.0
67.49999999999997,42.5,13.49535875752553,44.0
72.49999999999997,42.5,14.714721864579346,33.0
77.50000000000001,42.5,16.012704571650282,0.0
82.50000000000001,42.5,17.257166195767127,0.0
87.5,42.5,18.259488882916227,0.0
92.5,42.5,18.908775780854533,0.0
97.49999999999999,42.5,19.241788255597328,0.0
102.49999999999999,42.5,19.376588835144247,0.0
107.49999999999999,42.5,19.419657064038628,0.0
112.49999999999997,42.5,19.430449946349707,0.0
117.49999999999997,42.5,19.432312946418396,0.0
122.50000000000001,42.5,19.43184325510345,0.0
127.50000000000001,42.5,19.43017381008366,0.0
132.5,42.5,19.42706228828024,0.0
137.5,42.5,19.421159386175788,0.0
142.5,42.5,19.405725485094624,0.0
147.49999999999997,42.5,19.354120917199076,0.0
152.49999999999997,42.5,19.192191239296683,0.0
157.49999999999997,42.5,18.78130254939712,0.0
162.49999999999997,42.5,17.972830878683173,0.0
167.5,42.5,16.755808615924153,0.0
172.5,42.5,15.362505354002801,7.0
177.5,42.5,14.138425891570561,28.0
-177.5,47.5,11.85774889206927,23.0
-172.5,47.5,11.282289045491497,16.0
-167.5,47.5,10.734349160911233,13.0
-162.5,47.5,10.121433778321112,28.0
-157.5,47.5,9.492869823101554,19.0
-152.5,47.5,8.921535589637866,67.0
-147.5,47.5,8.55054474032031,32.0
-142.5,47.5,8.564472919791152,89.0
-137.5,47.5,8.965294045130888,75.0
-132.5,47.5,9.458956411893878,31.0
-127.50000000000001,47.5,9.632788707361746,13.0
-122.50000000000001,47.5,9.201736822358276,99.0
-117.50000000000001,47.5,8.124228151749612,50.0
-112.5,47.5,6.603796122486993,123.0
-107.5,47.5,5.005130715951367,32.0
-102.5,47.5,3.720337475536017,56.0
-97.5,47.5,3.047899051932741,33.0
-92.50000000000001,47.5,3.0699533421983105,22.0
-87.5,47.5,3.593212463225222,67.0
-82.50000000000001,47.5,4.3424122378849885,98.0
-77.5,47.5,5.2854899927710655,79.0
-72.5,47.5,6.655368250147904,53.0
-67.5,47.5,8.610496803179537,82.0
-62.50000000000001,47.5,10.984091704300456,15.0
-57.500000000000014,47.5,13.39161748430675,38.0
-52.500000000000014,47.5,15.488331099813651,7.0
-47.5,47.5,17.100137845566938,0.0
-42.5,47.5,18.203417264966546,0.0
-37.50000000000001,47.5,18.86737826824969,0.0
-32.500000000000014,47.5,19.210576463710865,0.0
-27.499999999999993,47.5,19.35957824472207,0.0
-22.5,47.5,19.41300728057843,0.0
-17.500000000000007,47.5,19.428639429819846,0.0
-12.50000000000001,47.5,19.43231441831034,0.0
-7.500000000000017,47.5,19.43280846793577,0.0
-2.4999999999999973,47.5,19.431531531047455,0.0
2.4999999999999973,47.5,19.424413280829324,0.0
7.499999999999991,47.5,19.395775730774716,0.0
12.499999999999986,47.5,19.305697797527774,0.0
17.500000000000007,47.5,19.081489990518566,0.0
22.5,47.5,18.631413684293662,0.0
27.499999999999993,47.5,17.880087384724597,0.0
32.499999999999986,47.5,16.795501919896438,30.0
37.499999999999986,47.5,15.402022546013256,6.0
42.5,47.5,13.82903689468303,32.0
47.5,47.5,12.389904460378526,18.0
52.49999999999999,47.5,11.53589940006007,69.0
57.499999999999986,47.5,11.581749566336775,68.0
62.49999999999998,47.5,12.446674005734742,29.0
67.49999999999997,47.5,13.756743378433464,12.0
72.49999999999997,47.5,15.175867938129798,43.0
77.50000000000001,47.5,16.529775080032376,0.0
82.50000000000001,47.5,17.693759685786084,0.0
87.5,47.5,18.548895618856626,0.0
92.5,47.5,19.06076760330116,0.0
97.49999999999999,47.5,19.30502022483119,0.0
102.49999999999999,47.5,19.397372598179693,0.0
107.49999999999999,47.5,19.424942293448893,0.0
112.49999999999997,47.5,19.431027697195674,0.0
117.49999999999997,47.5,19.430701129999928,0.0
122.50000000000001,47.5,19.427014663481202,0.0
127.50000000000001,47.5,19.419357693065145,0.0
132.5,47.5,19.4068162310408,0.0
137.5,47.5,19.388645035265696,0.0
142.5,47.5,19.358974210720696,0.0
147.49999999999997,47.5,19.286964958496576,0.0
152.49999999999997,47.5,19.077565688835094,0.0
157.49999999999997,47.5,18.546198748195064,0.0
162.49999999999997,47.5,17.495224804675733,0.0
167.5,47.5,15.924721819674899,18.0
172.5,47.5,14.180684283139332,54.0
177.5,47.5,12.755367551193212,30.0
-177.5,52.49999999999999,10.801518322432367,24.0
-172.5,52.49999999999999,10.149571373740796,20.0
-167.5,52.49999999999999,9.596400419921293,34.0
-162.5,52.49999999999999,9.077452810864491,28.0
-157.5,52.49999999999999,8.641515753649232,37.0
-152.5,52.49999999999999,8.289084012160279,5.0
-147.5,52.49999999999999,8.076791608779725,58.0
-142.5,52.49999999999999,8.167280712302837,36.0
-137.5,52.49999999999999,8.606925796169735,45.0
-132.5,52.49999999999999,9.159890952853631,21.0
-127.50000000000001,52.49999999999999,9.438876693459903,19.0
-122.50000000000001,52.49999999999999,9.137178121122247,41.0
-117.50000000000001,52.49999999999999,8.16043148650334,101.0
-112.5,52.49999999999999,6.653113328751845,41.0
-107.5,52.49999999999999,4.942858399548308,79.0
-102.5,52.49999999999999,3.4427733712077044,37.0
-97.5,52.49999999999999,2.5427823401651124,81.0
-92.50000000000001,52.49999999999999,2.4349950091623977,105.0
-87.5,52.49999999999999,2.962484138251817,62.0
-82.50000000000001,52.49999999999999,3.7703255734208336,81.0
-77.5,52.49999999999999,4.697687939429979,64.0
-72.5,52.49999999999999,5.923659783817571,84.0
-67.5,52.49999999999999,7.6895760480659305,57.0
-62.50000000000001,52.49999999999999,9.982539289796666,45.0
-57.500000000000014,52.49999999999999,12.508086082200558,13.0
-52.500000000000014,52.49999999999999,14.873877219246209,2.0
-47.5,52.49999999999999,16.774087582337405,0.0
-42.5,52.49999999999999,18.08103155071592,0.0
-37.50000000000001,52.49999999999999,18.843415190835906,0.0
-32.500000000000014,52.49999999999999,19.21581913202051,0.0
-27.499999999999993,52.49999999999999,19.36633326126254,0.0
-22.5,52.49999999999999,19.416185743736985,0.0
-17.500000000000007,52.49999999999999,19.429621616515277,0.0
-12.50000000000001,52.49999999999999,19.43254069086419,0.0
-7.500000000000017,52.49999999999999,19.432918157702748,0.0
-2.4999999999999973,52.49999999999999,19.43204306562217,0.0
2.4999999999999973,52.49999999999999,19.4271146993839,0.0
7.499999999999991,52.49999999999999,19.40703950790032,0.0
12.499999999999986,52.49999999999999,19.342668711490163,0.0
17.500000000000007,52.49999999999999,19.177758738192306,0.0
22.5,52.49999999999999,18.832856625157497,0.0
27.499999999999993,52.49999999999999,18.225365983290402,0.0
32.499999999999986,52.49999999999999,17.29198420501263,0.0
37.499999999999986,52.49999999999999,16.014486178926322,29.0
42.5,52.49999999999999,14.486646792157007,33.0
47.5,52.49999999999999,13.012908583479847,36.0
52.49999999999999,52.49999999999999,12.0808286525245,38.0
57.499999999999986,52.49999999999999,12.073413689463639,49.0
62.49999999999998,52.49999999999999,12.954028173365298,17.0
67.49999999999997,52.49999999999999,14.324085320266425,49.0
72.49999999999997,52.49999999999999,15.7736573458968,4.0
77.50000000000001,52.49999999999999,17.071052346892863,0.0
82.50000000000001,52.49999999999999,18.09824807482578,0.0
87.5,52.49999999999999,18.794099560420204,0.0
92.5,52.49999999999999,19.180317895077746,0.0
97.49999999999999,52.49999999999999,19.351640407491203,0.0
102.49999999999999,52.49999999999999,19.411768955353025,0.0
107.49999999999999,52.49999999999999,19.428001270574565,0.0
112.49999999999997,52.49999999999999,19.429639831543202,0.0
117.49999999999997,52.49999999999999,19.424109245936535,0.0
122.50000000000001,52.49999999999999,19.40957720335379,0.0
127.50000000000001,52.49999999999999,19.3819943595718,0.0
132.5,52.49999999999999,19.340051863757584,0.0
137.5,52.49999999999999,19.287575025857176,0.0
142.5,52.49999999999999,19.227767066408244,0.0
147.49999999999997,52.49999999999999,19.138381162136234,0.0
152.49999999999997,52.49999999999999,18.921001159852498,0.0
157.49999999999997,52.49999999999999,18.36330798946456,0.0
162.49999999999997,52.49999999999999,17.22192272131826,5.0
167.5,52.49999999999999,15.471178730534561,35.0
172.5,52.49999999999999,13.490256057536294,17.0
177.5,52.49999999999999,11.846887227988242,47.0
-177.5,57.499999999999986,10.371810967022968,55.0
-172.5,57.499999999999986,9.450485334952171,59.0
-167.5,57.499999999999986,8.780363541062114,97.0
-162.5,57.499999999999986,8.34635492088169,75.0
-157.5,57.499999999999986,8.137122022997243,62.0
-152.5,57.499999999999986,8.014487446177027,12.0
-147.5,57.499999999999986,7.901240682089421,88.0
-142.5,57.499999999999986,7.9275397270716015,36.0
-137.5,57.499999999999986,8.242356135871221,51.0
-132.5,57.499999999999986,8.762934628638924,50.0
-127.50000000000001,57.499999999999986,9.161054867328318,33.0
-122.50000000000001,57.499999999999986,9.042225989010888,41.0
-117.50000000000001,57.499999999999986,8.177426339997377,51.0
-112.5,57.499999999999986,6.658884493988248,2.0
-107.5,57.499999999999986,4.8574145755761515,30.0
-102.5,57.499999999999986,3.241167493965532,49.0
-97.5,57.499999999999986,2.219343291855898,76.0
-92.50000000000001,57.499999999999986,1.9941503705978236,123.0
-87.5,57.499999999999986,2.416604515451157,100.0
-82.50000000000001,57.499999999999986,3.1000122163444286,73.0
-77.5,57.499999999999986,3.8298813981622453,130.0
-72.5,57.499999999999986,4.795137842105073,75.0
-67.5,57.499999999999986,6.338969626104045,70.0
-62.50000000000001,57.499999999999986,8.566264383458723,57.0
-57.500000000000014,57.499999999999986,11.227559666133809,45.0
-52.500000000000014,57.499999999999986,13.881109773219306,36.0
-47.5,57.499999999999986,16.117947871653694,5.0
-42.5,57.499999999999986,17.714519888301513,0.0
-37.50000000000001,57.499999999999986,18.672271805668053,0.0
-32.500000000000014,57.499999999999986,19.14975627817768,0.0
-27.499999999999993,57.499999999999986,19.345390154149143,0.0
-22.5,57.499999999999986,19.410688636518916,0.0
-17.500000000000007,57.499999999999986,19.42837928179442,0.0
-12.50000000000001,57.499999999999986,19.432286722190174,0.0
-7.500000000000017,57.499999999999986,19.432936210144778,0.0
-2.4999999999999973,57.499999999999986,19.43253063739984,0.0
2.4999999999999973,57.499999999999986,19.42975477119222,0.0
7.499999999999991,57.499999999999986,19.417979913826134,0.0
12.499999999999986,57.499999999999986,19.378259363590377,0.0
17.500000000000007,57.499999999999986,19.269544264870497,0.0
22.5,57.499999999999986,19.023864930935186,0.0
27.499999999999993,57.499999999999986,18.556491310442066,0.0
32.499999999999986,57.499999999999986,17.793586908035188,1.0
37.499999999999986,57.499999999999986,16.71260755488758,8.0
42.5,57.499999999999986,15.399909399581768,2.0
47.5,57.499999999999986,14.117716056447945,13.0
52.49999999999999,57.499999999999986,13.281082048452404,41.0
57.499999999999986,57.499999999999986,13.232341392830087,18.0
62.49999999999998,57.499999999999986,13.971074695451076,27.0
67.49999999999997,57.499999999999986,15.171151337646426,16.0
72.49999999999997,57.499999999999986,16.45710751131346,0.0
77.50000000000001,57.499999999999986,17.586885939849044,0.0
82.50000000000001,57.499999999999986,18.44017173927119,0.0
87.5,57.499999999999986,18.9834272984619,0.0
92.5,57.499999999999986,19.265534172311533,0.0
97.49999999999999,57.499999999999986,19.38240435012804,0.0
102.49999999999999,57.499999999999986,19.420346015297365,0.0
107.49999999999999,57.499999999999986,19.428428817096332,0.0
112.49999999999997,57.499999999999986,19.423720949582243,0.0
117.49999999999997,57.499999999999986,19.404640831426548,0.0
122.50000000000001,57.499999999999986,19.36060382188946,0.0
127.50000000000001,57.499999999999986,19.281453600143564,0.0
132.5,57.499999999999986,19.16872022685466,0.0
137.5,57.499999999999986,19.04146148174242,0.0
142.5,57.499999999999986,18.927157695394808,0.0
147.49999999999997,57.499999999999986,18.829391290655636,0.0
152.49999999999997,57.499999999999986,18.666998604811628,0.0
157.49999999999997,57.499999999999986,18.223159346020697,0.0
162.49999999999997,57.499999999999986,17.21764478470379,0.0
167.5,57.499999999999986,15.55670278236871,40.0
172.5,57.499999999999986,13.543318818220635,22.0
177.5,57.499999999999986,11.710605180314433,88.0
-177.5,62.49999999999998,10.596006384028495,98.0
-172.5,62.49999999999998,9.325768853087496,53.0
-167.5,62.49999999999998,8.481106371060452,29.0
-162.5,62.49999999999998,8.103483514757277,69.0
-157.5,62.49999999999998,8.088526921790775,31.0
-152.5,62.49999999999998,8.135972019481628,18.0
-147.5,62.49999999999998,8.021417116146793,97.0
-142.5,62.49999999999998,7.837988142567304,47.0
-137.5,62.49999999999998,7.872438351886695,66.0
-132.5,62.49999999999998,8.265569331061226,45.0
-127.50000000000001,62.49999999999998,8.786393090265719,14.0
-122.50000000000001,62.49999999999998,8.912842004625597,0.0
-117.50000000000001,62.49999999999998,8.210917437690041,30.0
-112.5,62.49999999999998,6.705188862748494,77.0
-107.5,62.49999999999998,4.8560654967600225,102.0
-102.5,62.49999999999998,3.2124102235431113,102.0
-97.5,62.49999999999998,2.1551443514482496,50.0
-92.50000000000001,62.49999999999998,1.8244195657471451,122.0
-87.5,62.49999999999998,2.0588480307777512,153.0
-82.50000000000001,62.49999999999998,2.4882157357220964,82.0
-77.5,62.49999999999998,2.923008720071682,35.0
-72.5,62.49999999999998,3.6159052522758635,68.0
-67.5,62.49999999999998,4.9975715314277345,116.0
-62.50000000000001,62.49999999999998,7.217642834083766,65.0
-57.500000000000014,62.49999999999998,10.00963414196404,20.0
-52.500000000000014,62.49999999999998,12.888690813684974,19.0
-47.5,62.49999999999998,15.398445176146815,0.0
-42.5,62.49999999999998,17.26183799691529,0.0
-37.50000000000001,62.49999999999998,18.430986897876192,0.0
-32.500000000000014,62.49999999999998,19.042312217676017,0.0
-27.499999999999993,62.49999999999998,19.305269174419983,0.0
-22.5,62.49999999999998,19.397758280171,0.0
-17.500000000000007,62.49999999999998,19.42459397096929,0.0
-12.50000000000001,62.49999999999998,19.431243634364602,0.0
-7.500000000000017,62.49999999999998,19.432713705650954,0.0
-2.4999999999999973,62.49999999999998,19.432798757015096,0.0
2.4999999999999973,62.49999999999998,19.43149296822326,0.0
7.499999999999991,62.49999999999998,19.42525262422117,0.0
12.499999999999986,62.49999999999998,19.40210232124369,0.0
17.500000000000007,62.49999999999998,19.331953320524494,0.0
22.5,62.49999999999998,19.15765285444651,0.0
27.499999999999993,62.49999999999998,18.80209715636487,0.0
32.499999999999986,62.49999999999998,18.203825891995464,15.0
37.499999999999986,62.49999999999998,17.365306167243297,10.0
42.5,62.49999999999998,16.382923320556227,43.0
47.5,62.49999999999998,15.4546711998302,27.0
52.49999999999999,62.49999999999998,14.850477668131397,30.0
57.499999999999986,62.49999999999998,14.7912576235718,27.0
62.49999999999998,62.49999999999998,15.295264517645606,12.0
67.49999999999997,62.49999999999998,16.170585619617782,16.0
72.49999999999997,62.49999999999998,17.15848109102959,0.0
77.50000000000001,62.49999999999998,18.049313547685824,0.0
82.50000000000001,62.49999999999998,18.71544379018776,0.0
87.5,62.49999999999998,19.12337333666059,0.0
92.5,62.49999999999998,19.323901389354898,0.0
97.49999999999999,62.49999999999998,19.401852223701347,0.0
102.49999999999999,62.49999999999998,19.424759426609523,0.0
107.49999999999999,62.49999999999998,19.425632151681956,0.0
112.49999999999997,62.49999999999998,19.40922764828457,0.0
117.49999999999997,62.49999999999998,19.360643896329687,0.0
122.50000000000001,62.49999999999998,19.254351875192135,0.0
127.50000000000001,62.49999999999998,19.072910286616295,0.0
132.5,62.49999999999998,18.831261975760118,0.0
137.5,62.49999999999998,18.583826269028563,0.0
142.5,62.49999999999998,18.400630740881134,0.0
147.49999999999997,62.49999999999998,18.31988155246138,0.0
152.49999999999997,62.49999999999998,18.28215937460021,0.0
157.49999999999997,62.49999999999998,18.0750968916098,0.0
162.49999999999997,62.49999999999998,17.389077168013287,0.0
167.5,62.49999999999998,16.04136303766284,0.0
172.5,62.49999999999998,14.19078657970425,0.0
177.5,62.49999999999998,12.257842631085726,44.0
-177.5,67.49999999999997,11.181802211785293,50.0
-172.5,67.49999999999997,9.63743504959097,51.0
-167.5,67.49999999999997,8.646252415147858,29.0
-162.5,67.49999999999997,8.307110131977067,66.0
-157.5,67.49999999999997,8.440370459325283,26.0
-152.5,67.49999999999997,8.607850112100014,70.0
-147.5,67.49999999999997,8.447188489356732,104.0
-142.5,67.49999999999997,7.998710327619638,49.0
-137.5,67.49999999999997,7.670169358320647,8.0
-132.5,67.49999999999997,7.839688821234414,42.0
-127.50000000000001,67.49999999999997,8.41223492491384,68.0
-122.50000000000001,67.49999999999997,8.762735037553371,14.0
-117.50000000000001,67.49999999999997,8.239557644138944,29.0
-112.5,67.49999999999997,6.772502275365218,117.0
-107.5,67.49999999999997,4.90648867393084,153.0
-102.5,67.49999999999997,3.2871030190557136,37.0
-97.5,67.49999999999997,2.2685230888899297,90.0
-92.50000000000001,67.49999999999997,1.900636662677662,79.0
-87.5,67.49999999999997,1.9858447795674077,73.0
-82.50000000000001,67.49999999999997,2.188942262912347,68.0
-77.5,67.49999999999997,2.3867359675242383,53.0
-72.5,67.49999999999997,2.9002232496479996,131.0
-67.5,67.49999999999997,4.195989596103703,173.0
-62.50000000000001,67.49999999999997,6.409038635170392,44.0
-57.500000000000014,67.49999999999997,9.241978849897924,83.0
-52.500000000000014,67.49999999999997,12.202287617202149,29.0
-47.5,67.49999999999997,14.839888844240535,11.0
-42.5,67.49999999999997,16.86438055871481,0.0
-37.50000000000001,67.49999999999997,18.189485022458665,0.0
-32.500000000000014,67.49999999999997,18.916778572803736,0.0
-27.499999999999993,67.49999999999997,19.247804596711944,0.0
-22.5,67.49999999999997,19.373634864388077,0.0
-17.500000000000007,67.49999999999997,19.415171143219045,0.0
-12.50000000000001,67.49999999999997,19.427930098034807,0.0
-7.500000000000017,67.49999999999997,19.431740829653044,0.0
-2.4999999999999973,67.49999999999997,19.432717637398447,0.0
2.4999999999999973,67.49999999999997,19.432336022393773,0.0
7.499999999999991,67.49999999999997,19.429093298266473,0.0
12.499999999999986,67.49999999999997,19.415452316361804,0.0
17.500000000000007,67.49999999999997,19.36986623640279,0.0
22.5,67.49999999999997,19.24823521336967,0.0
27.499999999999993,67.49999999999997,18.990805668953193,0.0
32.499999999999986,67.49999999999997,18.558863865971706,7.0
37.499999999999986,67.49999999999997,17.979181819481063,0.0
42.5,67.49999999999997,17.34778860395896,4.0
47.5,67.49999999999997,16.79256667915834,11.0
52.49999999999999,67.49999999999997,16.439849638007114,41.0
57.499999999999986,67.49999999999997,16.385364959480604,7.0
62.49999999999998,67.49999999999997,16.65315808618636,9.0
67.49999999999997,67.49999999999997,17.17862818929865,9.0
72.49999999999997,67.49999999999997,17.832316186653763,0.0
77.50000000000001,67.49999999999997,18.460213665534713,0.0
82.50000000000001,67.49999999999997,18.93905030202377,0.0
87.5,67.49999999999997,19.227587570602687,0.0
92.5,67.49999999999997,19.363979451001253,0.0
97.49999999999999,67.49999999999997,19.41405184326174,0.0
102.49999999999999,67.49999999999997,19.426308104450573,0.0
107.49999999999999,67.49999999999997,19.41913332402737,0.0
112.49999999999997,67.49999999999997,19.383393519997938,0.0
117.49999999999997,67.49999999999997,19.285466343798788,0.0
122.50000000000001,67.49999999999997,19.080010530861227,0.0
127.50000000000001,67.49999999999997,18.746935851489027,0.0
132.5,67.49999999999997,18.333828852087482,0.0
137.5,67.49999999999997,17.954308661209602,0.0
142.5,67.49999999999997,17.72920303095401,0.0
147.49999999999997,67.49999999999997,17.715829234710515,21.0
152.49999999999997,67.49999999999997,17.852192373922588,1.0
157.49999999999997,67.49999999999997,17.919103212142854,0.0
162.49999999999997,67.49999999999997,17.58655465300564,1.0
167.5,67.49999999999997,16.60199907026431,12.0
172.5,67.49999999999997,14.993211168466228,5.0
177.5,67.49999999999997,13.063118383349371,4.0
-177.5,72.49999999999997,11.741124928887437,25.0
-172.5,72.49999999999997,10.086701094011104,14.0
-167.5,72.49999999999997,9.035983832493963,56.0
-162.5,72.49999999999997,8.73485622760804,21.0
-157.5,72.49999999999997,8.976623123591873,66.0
-152.5,72.49999999999997,9.247828847952809,35.0
-147.5,72.49999999999997,9.09067924264194,115.0
-142.5,72.49999999999997,8.479292603852096,41.0
-137.5,72.49999999999997,7.863643418965764,38.0
-132.5,72.49999999999997,7.777245054346124,43.0
-127.50000000000001,72.49999999999997,8.263170495868515,66.0
-122.50000000000001,72.49999999999997,8.685423554746933,22.0
-117.50000000000001,72.49999999999997,8.262732709870841,50.0
-112.5,72.49999999999997,6.832259757394397,80.0
-107.5,72.49999999999997,4.970545091805224,96.0
-102.5,72.49999999999997,3.3980351628363366,50.0
-97.5,72.49999999999997,2.4638094148335288,89.0
-92.50000000000001,72.49999999999997,2.138042065326923,78.0
-87.5,72.49999999999997,2.1765918107931106,84.0
-82.50000000000001,72.49999999999997,2.2842975961998535,77.0
-77.5,72.49999999999997,2.408255839683951,133.0
-72.5,72.49999999999997,2.8873713615448,144.0
-67.5,72.49999999999997,4.142935123709527,79.0
-62.50000000000001,72.49999999999997,6.269574786495551,48.0
-57.500000000000014,72.49999999999997,8.988927866376383,21.0
-52.500000000000014,72.49999999999997,11.863701307190883,18.0
-47.5,72.49999999999997,14.481799525295209,30.0
-42.5,72.49999999999997,16.55089578488578,0.0
-37.50000000000001,72.49999999999997,17.954147102180453,0.0
-32.500000000000014,72.49999999999997,18.75993293139998,0.0
-27.499999999999993,72.49999999999997,19.152821139362654,0.0
-22.5,72.49999999999997,19.321818348606694,0.0
-17.500000000000007,72.49999999999997,19.39064533069806,0.0
-12.50000000000001,72.49999999999997,19.418274058556385,0.0
-7.500000000000017,72.49999999999997,19.428681728441703,0.0
-2.4999999999999973,72.49999999999997,19.43201338702055,0.0
2.4999999999999973,72.49999999999997,19.432589507351818,0.0
7.499999999999991,72.49999999999997,19.431025894555916,0.0
12.499999999999986,72.49999999999997,19.423204895327345,0.0
17.500000000000007,72.49999999999997,19.395415841799974,0.0
22.5,72.49999999999997,19.31869147732905,0.0
27.499999999999993,72.49999999999997,19.15477463201509,0.0
32.499999999999986,72.49999999999997,18.88477328195193,0.0
37.499999999999986,72.49999999999997,18.54086576164817,0.0
42.5,72.49999999999997,18.197493441206994,0.0
47.5,72.49999999999997,17.92331881979868,0.0
52.49999999999999,72.49999999999997,17.753745262770924,17.0
57.499999999999986,72.49999999999997,17.70836416055408,0.0
62.49999999999998,72.49999999999997,17.80935010296518,0.0
67.49999999999997,72.49999999999997,18.064925865098452,0.0
72.49999999999997,72.49999999999997,18.433596698026857,0.0
77.50000000000001,72.49999999999997,18.81928008136547,0.0
82.50000000000001,72.49999999999997,19.123848919956,0.0
87.5,72.49999999999997,19.307379434694756,0.0
92.5,72.49999999999997,19.39218571163681,0.0
97.49999999999999,72.49999999999997,19.421768848685126,0.0
102.49999999999999,72.49999999999997,19.426084924671468,0.0
107.49999999999999,72.49999999999997,19.410136250360843,0.0
112.49999999999997,72.49999999999997,19.35033367263253,0.0
117.49999999999997,72.49999999999997,19.192784011921734,0.0
122.50000000000001,72.49999999999997,18.87444219895338,0.0
127.50000000000001,72.49999999999997,18.383839701129236,0.0
132.5,72.49999999999997,17.81921808275332,0.0
137.5,72.49999999999997,17.36267875597543,30.0
142.5,72.49999999999997,17.169692468857445,0.0
147.49999999999997,72.49999999999997,17.27719813742377,17.0
152.49999999999997,72.49999999999997,17.581565060245612,12.0
157.49999999999997,72.49999999999997,17.843261198995368,0.0
162.49999999999997,72.49999999999997,17.73259358911057,10.0
167.5,72.49999999999997,16.979155394005822,0.0
172.5,72.49999999999997,15.550840053940052,7.0
177.5,72.49999999999997,13.683630517422314,18.0
-177.5,77.50000000000001,12.06662809385078,14.0
-172.5,77.50000000000001,10.472732546315319,29.0
-167.5,77.50000000000001,9.45657067987968,48.0
-162.5,77.50000000000001,9.16546001445256,43.0
-157.5,77.50000000000001,9.409443590909671,43.0
-152.5,77.50000000000001,9.704950685171141,57.0
-147.5,77.50000000000001,9.605642813693526,34.0
-142.5,77.50000000000001,9.037443544914328,38.0
-137.5,77.50000000000001,8.369987073199882,35.0
-132.5,77.50000000000001,8.115720847397002,39.0
-127.50000000000001,77.50000000000001,8.397802402471616,70.0
-122.50000000000001,77.50000000000001,8.693321798673821,30.0
-117.50000000000001,77.50000000000001,8.262954075012267,81.0
-112.5,77.50000000000001,6.8942429898940185,53.0
-107.5,77.50000000000001,5.103616127112654,92.0
-102.5,77.50000000000001,3.601216670555028,130.0
-97.5,77.50000000000001,2.7336777759209436,89.0
-92.50000000000001,77.50000000000001,2.4343691093940882,57.0
-87.5,77.50000000000001,2.4462904772506153,87.0
-82.50000000000001,77.50000000000001,2.5419268230538776,52.0
-77.5,77.50000000000001,2.737498276168473,136.0
-72.5,77.50000000000001,3.3210153025469755,106.0
-67.5,77.50000000000001,4.577956124026767,64.0
-62.50000000000001,77.50000000000001,6.545286187571271,84.0
-57.500000000000014,77.50000000000001,9.025992985837687,24.0
-52.500000000000014,77.50000000000001,11.699109675915276,19.0
-47.5,77.50000000000001,14.203868828985557,50.0
-42.5,77.50000000000001,16.237844328126265,10.0
-37.50000000000001,77.50000000000001,17.657704650874177,0.0
-32.500000000000014,77.50000000000001,18.512235076575163,0.0
-27.499999999999993,77.50000000000001,18.97203250394255,0.0
-22.5,77.50000000000001,19.21013332814871,0.0
-17.500000000000007,77.50000000000001,19.33403940956924,0.0
-12.50000000000001,77.50000000000001,19.395251723744757,0.0
-7.500000000000017,77.50000000000001,19.421270242126067,0.0
-2.4999999999999973,77.50000000000001,19.43016472874545,0.0
2.4999999999999973,77.50000000000001,19.432412745520356,0.0
7.499999999999991,77.50000000000001,19.432055845713528,0.0
12.499999999999986,77.50000000000001,19.428137113882173,0.0
17.500000000000007,77.50000000000001,19.41363448274852,0.0
22.5,77.50000000000001,19.37312131061613,0.0
27.499999999999993,77.50000000000001,19.286791045498624,0.0
32.499999999999986,77.50000000000001,19.1474434550004,0.0
37.499999999999986,77.50000000000001,18.978056436620534,0.0
42.5,77.50000000000001,18.822448967408405,0.0
47.5,77.50000000000001,18.710477238074763,0.0
52.49999999999999,77.50000000000001,18.641497096639387,0.0
57.499999999999986,77.50000000000001,18.608857693484833,0.0
62.49999999999998,77.50000000000001,18.62847004998346,0.0
67.49999999999997,77.50000000000001,18.72732636637384,0.0
72.49999999999997,77.50000000000001,18.902010582586573,0.0
77.50000000000001,77.50000000000001,19.102270203801016,0.0
82.50000000000001,77.50000000000001,19.266424319734835,0.0
87.5,77.50000000000001,19.36611093593715,0.0
92.5,77.50000000000001,19.41166362057479,0.0
97.49999999999999,77.50000000000001,19.426643711149293,0.0
102.49999999999999,77.50000000000001,19.42539827433994,0.0
107.49999999999999,77.50000000000001,19.402484199288907,0.0
112.49999999999997,77.50000000000001,19.3235541947112,0.0
117.49999999999997,77.50000000000001,19.12133128769218,0.0
122.50000000000001,77.50000000000001,18.726223489824,0.0
127.50000000000001,77.50000000000001,18.145777736631146,0.0
132.5,77.50000000000001,17.526813677594507,11.0
137.5,77.50000000000001,17.096713423990206,29.0
142.5,77.50000000000001,17.007007311663482,44.0
147.49999999999997,77.50000000000001,17.237790947186618,5.0
152.49999999999997,77.50000000000001,17.626099213596255,6.0
157.49999999999997,77.50000000000001,17.920429134444007,15.0
162.49999999999997,77.50000000000001,17.82352459241534,9.0
167.5,77.50000000000001,17.099874387298946,0.0
172.5,77.50000000000001,15.727488247830768,17.0
177.5,77.50000000000001,13.933664105527471,18.0
-177.5,82.50000000000001,12.205437409871003,0.0
-172.5,82.50000000000001,10.795816571315486,48.0
-167.5,82.50000000000001,9.86453953798288,40.0
-162.5,82.50000000000001,9.490790425221816,63.0
-157.5,82.50000000000001,9.531136624630756,107.0
-152.5,82.50000000000001,9.65991202034348,77.0
-147.5,82.50000000000001,9.587168425324974,38.0
-142.5,82.50000000000001,9.235256579876692,21.0
-137.5,82.50000000000001,8.777219894189697,40.0
-132.5,82.50000000000001,8.51187190469229,44.0
-127.50000000000001,82.50000000000001,8.554146734052887,87.0
-122.50000000000001,82.50000000000001,8.596699315673476,6.0
-117.50000000000001,82.50000000000001,8.11695379544399,4.0
-112.5,82.50000000000001,6.908017491803507,28.0
-107.5,82.50000000000001,5.3203476833086505,51.0
-102.5,82.50000000000001,3.923759333551557,47.0
-97.5,82.50000000000001,3.0354077240030284,138.0
-92.50000000000001,82.50000000000001,2.6171779097271464,107.0
-87.5,82.50000000000001,2.4805699105686068,74.0
-82.50000000000001,82.50000000000001,2.5202680163212143,47.0
-77.5,82.50000000000001,2.831426445093209,95.0
-72.5,82.50000000000001,3.6085278787788124,103.0
-67.5,82.50000000000001,4.9401116440578825,74.0
-62.50000000000001,82.50000000000001,6.778453019630435,78.0
-57.500000000000014,82.50000000000001,9.020627175655877,18.0
-52.500000000000014,82.50000000000001,11.47836156685416,25.0
-47.5,82.50000000000001,13.842777552343737,95.0
-42.5,82.50000000000001,15.80145841660344,11.0
-37.50000000000001,82.50000000000001,17.20154229654051,0.0
-32.500000000000014,82.50000000000001,18.096717304832808,0.0
-27.499999999999993,82.50000000000001,18.651468238523766,0.0
-22.5,82.50000000000001,19.006648966082786,0.0
-17.500000000000007,82.50000000000001,19.22994319792532,0.0
-12.50000000000001,82.50000000000001,19.35288845382414,0.0
-7.500000000000017,82.50000000000001,19.407658843496606,0.0
-2.4999999999999973,82.50000000000001,19.42673709530314,0.0
2.4999999999999973,82.50000000000001,19.431827765194026,0.0
7.499999999999991,82.50000000000001,19.432548570993944,0.0
12.499999999999986,82.50000000000001,19.431043740853323,0.0
17.500000000000007,82.50000000000001,19.42492285285529,0.0
22.5,82.50000000000001,19.40774441380916,0.0
27.499999999999993,82.50000000000001,19.371340125052594,0.0
32.499999999999986,82.50000000000001,19.313568748825688,0.0
37.499999999999986,82.50000000000001,19.245896431654426,0.0
42.5,82.50000000000001,19.18796637766687,0.0
47.5,82.50000000000001,19.15006577906637,0.0
52.49999999999999,82.50000000000001,19.12570498670907,0.0
57.499999999999986,82.50000000000001,19.106995738132515,0.0
62.49999999999998,82.50000000000001,19.102764959454518,0.0
67.49999999999997,82.50000000000001,19.13250087809533,0.0
72.49999999999997,82.50000000000001,19.20096968475274,0.0
77.50000000000001,82.50000000000001,19.28653596356905,0.0
82.50000000000001,82.50000000000001,19.35902158685708,0.0
87.5,82.50000000000001,19.403463632218127,0.0
92.5,82.50000000000001,19.423638703037824,0.0
97.49999999999999,82.50000000000001,19.42959576254244,0.0
102.49999999999999,82.50000000000001,19.425517510625863,0.0
107.49999999999999,82.50000000000001,19.400677168550295,0.0
112.49999999999997,82.50000000000001,19.318259571545298,0.0
117.49999999999997,82.50000000000001,19.11166273344167,0.0
122.50000000000001,82.50000000000001,18.71955470689313,0.0
127.50000000000001,82.50000000000001,18.167915173186373,0.0
132.5,82.50000000000001,17.621625564768305,7.0
137.5,82.50000000000001,17.302503318911928,36.0
142.5,82.50000000000001,17.319561744871468,0.0
147.49999999999997,82.50000000000001,17.592381402847483,0.0
152.49999999999997,82.50000000000001,17.922827163349158,0.0
157.49999999999997,82.50000000000001,18.08028463593729,0.0
162.49999999999997,82.50000000000001,17.83061716120053,0.0
167.5,82.50000000000001,17.00101180270258,0.0
172.5,82.50000000000001,15.6089401993622,31.0
177.5,82.50000000000001,13.899973620522456,28.0
-177.5,87.5,12.262103535973035,37.0
-172.5,87.5,11.086913198873622,10.0
-167.5,87.5,10.2288334323374,36.0
-162.5,87.5,9.667050661567817,63.0
-157.5,87.5,9.330643381784467,50.0
-152.5,87.5,9.131676587122154,100.0
-147.5,87.5,9.01632578186853,50.0
-142.5,87.5,8.929577754262443,8.0
-137.5,87.5,8.799431543597821,7.0
-132.5,87.5,8.618878788923213,1.0
-127.50000000000001,87.5,8.437382409504458,29.0
-122.50000000000001,87.5,8.197323667441877,54.0
-117.50000000000001,87.5,7.681001909987717,36.0
-112.5,87.5,6.727721927782654,81.0
-107.5,87.5,5.460928561825379,50.0
-102.5,87.5,4.2056142076764775,63.0
-97.5,87.5,3.2073895555960905,141.0
-92.50000000000001,87.5,2.5082953048983216,67.0
-87.5,87.5,2.06691371813823,40.0
-82.50000000000001,87.5,1.937777957534829,68.0
-77.5,87.5,2.296401987042568,137.0
-72.5,87.5,3.2514660140029648,96.0
-67.5,87.5,4.715052638242845,27.0
-62.50000000000001,87.5,6.549211101817201,51.0
-57.500000000000014,87.5,8.693653167564397,45.0
-52.500000000000014,87.5,11.031746538807916,37.0
-47.5,87.5,13.284010137130046,47.0
-42.5,87.5,15.153129334554112,0.0
-37.50000000000001,87.5,16.52196188851757,0.0
-32.500000000000014,87.5,17.479452463647114,16.0
-27.499999999999993,87.5,18.18198557845645,8.0
-22.5,87.5,18.71449991598255,0.0
-17.500000000000007,87.5,19.0833993645737,0.0
-12.50000000000001,87.5,19.29416639830214,0.0
-7.500000000000017,87.5,19.388946015572447,0.0
-2.4999999999999973,87.5,19.422002238870665,0.0
2.4999999999999973,87.5,19.43091365334572,0.0
7.499999999999991,87.5,19.432672287337514,0.0
12.499999999999986,87.5,19.43242024435055,0.0
17.500000000000007,87.5,19.430403707720682,0.0
22.5,87.5,19.42466121420013,0.0
27.499999999999993,87.5,19.41255039726718,0.0
32.499999999999986,87.5,19.39357969727612,0.0
37.499999999999986,87.5,19.3719683637659,0.0
42.5,87.5,19.35446311228871,0.0
47.5,87.5,19.343819287025575,0.0
52.49999999999999,87.5,19.336283208804446,0.0
57.499999999999986,87.5,19.32805972437948,0.0
62.49999999999998,87.5,19.322897475505233,0.0
67.49999999999997,87.5,19.329637863319718,0.0
72.49999999999997,87.5,19.35152730868767,0.0
77.50000000000001,87.5,19.3810274685764,0.0
82.50000000000001,87.5,19.406689653780834,0.0
87.5,87.5,19.42255833017424,0.0
92.5,87.5,19.429695616186425,0.0
97.49999999999999,87.5,19.43128307932804,0.0
102.49999999999999,87.5,19.426931262195918,0.0
107.49999999999999,87.5,19.405991177139086,0.0
112.49999999999997,87.5,19.337931726036317,0.0
117.49999999999997,87.5,19.170227209848267,0.0
122.50000000000001,87.5,18.85947139116041,0.0
127.50000000000001,87.5,18.438098507382318,0.0
132.5,87.5,18.04726296608259,0.0
137.5,87.5,17.85454457425164,5.0
142.5,87.5,17.909632377544245,8.0
147.49999999999997,87.5,18.098127543935696,2.0
152.49999999999997,87.5,18.230818393008686,0.0
157.49999999999997,87.5,18.13224643965705,0.0
162.49999999999997,87.5,17.65089364787234,0.0
167.5,87.5,16.685616709922968,12.0
172.5,87.5,15.291050913029716,32.0
177.5,87.5,13.718151816062678,13.0
-177.5,92.5,12.156431792950501,41.0
-172.5,92.5,11.187899943444627,26.0
-167.5,92.5,10.36079123638606,46.0
-162.5,92.5,9.59866939235954,0.0
-157.5,92.5,8.92160870626397,37.0
-152.5,92.5,8.448814006201552,36.0
-147.5,92.5,8.303701354820157,36.0
-142.5,92.5,8.431366954360518,36.0
-137.5,92.5,8.56191510316912,19.0
-132.5,92.5,8.445903484726108,11.0
-127.50000000000001,92.5,8.070344235975442,60.0
-122.50000000000001,92.5,7.5700930136541595,57.0
-117.50000000000001,92.5,6.992011530497815,41.0
-112.5,92.5,6.249363594789616,18.0
-107.5,92.5,5.288987798659757,18.0
-102.5,92.5,4.193926293113191,61.0
-97.5,92.5,3.104818394161676,63.0
-92.50000000000001,92.5,2.1289044521116827,71.0
-87.5,92.5,1.368241147013686,134.0
-82.50000000000001,92.5,1.0049918664056334,155.0
-77.5,92.5,1.2700187707376362,129.0
-72.5,92.5,2.2481600380223483,49.0
-67.5,92.5,3.7987868720096447,13.0
-62.50000000000001,92.5,5.74414801971352,57.0
-57.500000000000014,92.5,7.98051630113418,41.0
-52.500000000000014,92.5,10.336347439867872,76.0
-47.5,92.5,12.517181788872259,43.0
-42.5,92.5,14.290417080680271,1.0
-37.50000000000001,92.5,15.64131512224912,9.0
-32.500000000000014,92.5,16.713590817900855,25.0
-27.499999999999993,92.5,17.62950223621203,5.0
-22.5,92.5,18.387820729901534,0.0
-17.500000000000007,92.5,18.925930822411665,0.0
-12.50000000000001,92.5,19.23230871558838,0.0
-7.500000000000017,92.5,19.369031278668146,0.0
-2.4999999999999973,92.5,19.4166842861944,0.0
2.4999999999999973,92.5,19.42973014717728,0.0
7.499999999999991,92.5,19.432543030174372,0.0
12.499999999999986,92.5,19.432897827981627,0.0
17.500000000000007,92.5,19.432431515756473,0.0
22.5,92.5,19.43093528325429,0.0
27.499999999999993,92.5,19.42777791258441,0.0
32.499999999999986,92.5,19.422878731459093,0.0
37.499999999999986,92.5,19.417410546702513,0.0
42.5,92.5,19.413157113777487,0.0
47.5,92.5,19.410680420841313,0.0
52.49999999999999,92.5,19.408669622148466,0.0
57.499999999999986,92.5,19.405924755680626,0.0
62.49999999999998,92.5,19.403661421937915,0.0
67.49999999999997,92.5,19.404747247276788,0.0
72.49999999999997,92.5,19.410389752111524,0.0
77.50000000000001,92.5,19.418490928967465,0.0
82.50000000000001,92.5,19.42568408306683,0.0
87.5,92.5,19.43016000512533,0.0
92.5,92.5,19.432128389001505,0.0
97.49999999999999,92.5,19.43222012664355,0.0
102.49999999999999,92.5,19.42905989621476,0.0
107.49999999999999,92.5,19.41511129206375,0.0
112.49999999999997,92.5,19.37031228144937,0.0
117.49999999999997,92.5,19.261253275985343,0.0
122.50000000000001,92.5,19.062677613356144,0.0
127.50000000000001,92.5,18.800570784200133,0.0
132.5,92.5,18.56781773764771,0.0
137.5,92.5,18.459891028357095,0.0
142.5,92.5,18.474095097236454,0.0
147.49999999999997,92.5,18.488358643510246,5.0
152.49999999999997,92.5,18.345270337086482,10.0
157.49999999999997,92.5,17.933185835482366,13.0
162.49999999999997,92.5,17.188857636733403,0.0
167.5,92.5,16.094072300793428,18.0
172.5,92.5,14.741028060587782,8.0
177.5,92.5,13.356145760167195,13.0
-177.5,97.49999999999999,11.66785499605023,46.0
-172.5,97.49999999999999,10.81692835612791,54.0
-167.5,97.49999999999999,9.991026742972547,34.0
-162.5,97.49999999999999,9.135788275849022,0.0
-157.5,97.49999999999999,8.3519794967233,46.0
-152.5,97.49999999999999,7.849242455628306,83.0
-147.5,97.49999999999999,7.782762301691526,35.0
-142.5,97.49999999999999,8.052722627282085,38.0
-137.5,97.49999999999999,8.30222630484701,20.0
-132.5,97.49999999999999,8.19751069438365,51.0
-127.50000000000001,97.49999999999999,7.693828016282854,21.0
-122.50000000000001,97.49999999999999,6.986141780162109,127.0
-117.50000000000001,97.49999999999999,6.248646422704662,53.0
-112.5,97.49999999999999,5.49424641995077,48.0
-107.5,97.49999999999999,4.657543920557032,63.0
-102.5,97.49999999999999,3.7122999235628775,114.0
-97.5,97.49999999999999,2.6943369098716423,89.0
-92.50000000000001,97.49999999999999,1.6852193924640426,117.0
-87.5,97.49999999999999,0.8146385120896911,111.0
-82.50000000000001,97.49999999999999,0.2829087330183635,117.0
-77.5,97.49999999999999,0.3335839268879896,63.0
-72.5,97.49999999999999,1.119770256413165,82.0
-67.5,97.49999999999999,2.617179983821241,120.0
-62.50000000000001,97.49999999999999,4.688224483688884,86.0
-57.500000000000014,97.49999999999999,7.110170691890139,72.0
-52.500000000000014,97.49999999999999,9.539524928804891,49.0
-47.5,97.49999999999999,11.639009530979095,2.0
-42.5,97.49999999999999,13.299494513617239,9.0
-37.50000000000001,97.49999999999999,14.660705622798659,8.0
-32.500000000000014,97.49999999999999,15.909756130576413,22.0
-27.499999999999993,97.49999999999999,17.088881775513304,0.0
-22.5,97.49999999999999,18.08687236668966,0.0
-17.500000000000007,97.49999999999999,18.784322758174913,0.0
-12.50000000000001,97.49999999999999,19.17421571098755,0.0
-7.500000000000017,97.49999999999999,19.347635151737897,0.0
-2.4999999999999973,97.49999999999999,19.409560838489927,0.0
2.4999999999999973,97.49999999999999,19.42764100591699,0.0
7.499999999999991,97.49999999999999,19.43204964009399,0.0
12.499999999999986,97.49999999999999,19.432936830188215,0.0
17.500000000000007,97.49999999999999,19.43298892471548,0.0
22.5,97.49999999999999,19.432705332727686,0.0
27.499999999999993,97.49999999999999,19.432064589041595,0.0
32.499999999999986,97.49999999999999,19.431073477295996,0.0
37.499999999999986,97.49999999999999,19.429983162923644,0.0
42.5,97.49999999999999,19.429157971446315,0.0
47.5,97.49999999999999,19.428682655683737,0.0
52.49999999999999,97.49999999999999,19.428233691189636,0.0
57.499999999999986,97.49999999999999,19.427537180125288,0.0
62.49999999999998,97.49999999999999,19.426894571308928,0.0
67.49999999999997,97.49999999999999,19.42699942659585,0.0
72.49999999999997,97.49999999999999,19.428161840808855,0.0
77.50000000000001,97.49999999999999,19.429919622034944,0.0
82.50000000000001,97.49999999999999,19.431504760139465,0.0
87.5,97.49999999999999,19.432493775702426,0.0
92.5,97.49999999999999,19.43290115226813,0.0
97.49999999999999,97.49999999999999,19.43271128034682,0.0
102.49999999999999,97.49999999999999,19.43086457513761,0.0
107.49999999999999,97.49999999999999,19.422967330761693,0.0
112.49999999999997,97.49999999999999,19.39761384384637,0.0
117.49999999999997,97.49999999999999,19.335899040662643,0.0
122.50000000000001,97.49999999999999,19.223729741954607,0.0
127.50000000000001,97.49999999999999,19.076073454218168,0.0
132.5,97.49999999999999,18.94331342272705,0.0
137.5,97.49999999999999,18.867040116688223,0.0
142.5,97.49999999999999,18.812147674288898,0.0
147.49999999999997,97.49999999999999,18.65433694287409,0.0
152.49999999999997,97.49999999999999,18.251976733236347,0.0
157.49999999999997,97.49999999999999,17.530434704733672,30.0
162.49999999999997,97.49999999999999,16.501477963931624,47.0
167.5,97.49999999999999,15.24427028461294,0.0
172.5,97.49999999999999,13.907371234822147,16.0
177.5,97.49999999999999,12.679158840962172,10.0
-177.5,102.49999999999999,10.716239136254385,58.0
-172.5,102.49999999999999,9.853915278046152,41.0
-167.5,102.49999999999999,9.01718867403255,36.0
-162.5,102.49999999999999,8.208445800155387,58.0
-157.5,102.49999999999999,7.557871705888046,47.0
-152.5,102.49999999999999,7.245361430263789,56.0
-147.5,102.49999999999999,7.342440880225216,36.0
-142.5,102.49999999999999,7.689749976222332,106.0
-137.5,102.49999999999999,7.960635760260325,25.0
-132.5,102.49999999999999,7.879020329076514,130.0
-127.50000000000001,102.49999999999999,7.37622305835131,88.0
-122.50000000000001,102.49999999999999,6.557114636784682,29.0
-117.50000000000001,102.49999999999999,5.572506448431575,47.0
-112.5,102.49999999999999,4.553272345102598,54.0
-107.5,102.49999999999999,3.6037682905958137,59.0
-102.5,102.49999999999999,2.769809569598106,68.0
-97.5,102.49999999999999,2.023901196010559,41.0
-92.50000000000001,102.49999999999999,1.3239466742118675,128.0
-87.5,102.49999999999999,0.6732149624072444,124.0
-82.50000000000001,102.49999999999999,0.1607487668231966,165.0
-77.5,102.49999999999999,0.0,43.0
-72.5,102.49999999999999,0.4753199114288731,56.0
-67.5,102.49999999999999,1.7818536760959391,205.0
-62.50000000000001,102.49999999999999,3.871074803424476,62.0
-57.500000000000014,102.49999999999999,6.385572230469662,39.0
-52.500000000000014,102.49999999999999,8.796749314599708,30.0
-47.5,102.49999999999999,10.749951346333935,40.0
-42.5,102.49999999999999,12.288282649894565,24.0
-37.50000000000001,102.49999999999999,13.694089138772226,35.0
-32.500000000000014,102.49999999999999,15.152852602014251,33.0
-27.499999999999993,102.49999999999999,16.59424796303716,0.0
-22.5,102.49999999999999,17.803848762768908,0.0
-17.500000000000007,102.49999999999999,18.63324724978447,0.0
-12.50000000000001,102.49999999999999,19.09652606502595,0.0
-7.500000000000017,102.49999999999999,19.31047779501358,0.0
-2.4999999999999973,102.49999999999999,19.39412413722386,0.0
2.4999999999999973,102.49999999999999,19.422364368680853,0.0
7.499999999999991,102.49999999999999,19.430614551256944,0.0
12.499999999999986,102.49999999999999,19.43265832014681,0.0
17.500000000000007,102.49999999999999,19.433061154274963,0.0
22.5,102.49999999999999,19.433081676692225,0.0
27.499999999999993,102.49999999999999,19.432988417987964,0.0
32.499999999999986,102.49999999999999,19.43283248175762,0.0
37.499999999999986,102.49999999999999,19.432661799673447,0.0
42.5,102.49999999999999,19.43253464241127,0.0
47.5,102.49999999999999,19.432459974262443,0.0
52.49999999999999,102.49999999999999,19.432378548476784,0.0
57.499999999999986,102.49999999999999,19.432243671432644,0.0
62.49999999999998,102.49999999999999,19.432112665954687,0.0
67.49999999999997,102.49999999999999,19.43211295023131,0.0
72.49999999999997,102.49999999999999,19.432303077610264,0.0
77.50000000000001,102.49999999999999,19.432602922671744,0.0
82.50000000000001,102.49999999999999,19.43287635171612,0.0
87.5,102.49999999999999,19.433045311656684,0.0
92.5,102.49999999999999,19.43309245128911,0.0
97.49999999999999,102.49999999999999,19.432888638145737,0.0
102.49999999999999,102.49999999999999,19.431609699897898,0.0
107.49999999999999,102.49999999999999,19.42608449726661,0.0
112.49999999999997,102.49999999999999,19.407837133335317,0.0
117.49999999999997,102.49999999999999,19.36194854174403,0.0
122.50000000000001,102.49999999999999,19.275380623027733,0.0
127.50000000000001,102.49999999999999,19.15608068588802,0.0
132.5,102.49999999999999,19.040547337774626,0.0
137.5,102.49999999999999,18.958372036938545,0.0
142.5,102.49999999999999,18.86740016901125,0.0
147.49999999999997,102.49999999999999,18.63060790490422,0.0
152.49999999999997,102.49999999999999,18.082010902590344,0.0
157.49999999999997,102.49999999999999,17.134172374788122,0.0
162.49999999999997,102.49999999999999,15.83773412780864,23.0
167.5,102.49999999999999,14.36337975504799,47.0
172.5,102.49999999999999,12.931589097585933,33.0
177.5,102.49999999999999,11.708284915795428,28.0
-177.5,107.49999999999999,9.468385319420417,34.0
-172.5,107.49999999999999,8.439036952622056,51.0
-167.5,107.49999999999999,7.57302052221278,65.0
-162.5,107.49999999999999,6.902003303180709,59.0
-157.5,107.49999999999999,6.505947877243104,59.0
-152.5,107.49999999999999,6.454241510236211,69.0
-147.5,107.49999999999999,6.696035927663326,25.0
-142.5,107.49999999999999,7.045323742818794,57.0
-137.5,107.49999999999999,7.2967350272264735,27.0
-132.5,107.49999999999999,7.303296342069971,42.0
-127.50000000000001,107.49999999999999,6.949867367699741,100.0
-122.50000000000001,107.49999999999999,6.152666749171749,33.0
-117.50000000000001,107.49999999999999,4.954467063826689,49.0
-112.5,107.49999999999999,3.6006915605943637,53.0
-107.5,107.49999999999999,2.4388966054098513,147.0
-102.5,107.49999999999999,1.6814512800128802,53.0
-97.5,107.49999999999999,1.290076424694267,98.0
-92.50000000000001,107.49999999999999,1.0799003117892183,61.0
-87.5,107.49999999999999,0.8600690301770596,68.0
-82.50000000000001,107.49999999999999,0.5456477755879987,120.0
-77.5,107.49999999999999,0.2913222309430921,178.0
-72.5,107.49999999999999,0.4942020841421846,205.0
-67.5,107.49999999999999,1.5367571164228224,108.0
-62.50000000000001,107.49999999999999,3.4537147411719107,53.0
-57.500000000000014,107.49999999999999,5.826516980381646,67.0
-52.500000000000014,107.49999999999999,8.05938991629692,60.0
-47.5,107.49999999999999,9.840156683997813,29.0
-42.5,107.49999999999999,11.316533632960102,38.0
-37.50000000000001,107.49999999999999,12.814814044700947,109.0
-32.500000000000014,107.49999999999999,14.462235934173203,12.0
-27.499999999999993,107.49999999999999,16.096161708523475,0.0
-22.5,107.49999999999999,17.454849268458855,0.0
-17.500000000000007,107.49999999999999,18.39528357475865,0.0
-12.50000000000001,107.49999999999999,18.947806773680067,0.0
-7.500000000000017,107.49999999999999,19.230974123332967,0.0
-2.4999999999999973,107.49999999999999,19.359395539199145,0.0
2.4999999999999973,107.49999999999999,19.410262746758146,0.0
7.499999999999991,107.49999999999999,19.427290448510547,0.0
12.499999999999986,107.49999999999999,19.43194727672586,0.0
17.500000000000007,107.49999999999999,19.432961241060767,0.0
22.5,107.49999999999999,19.433129533273796,0.0
27.499999999999993,107.49999999999999,19.43314020327373,0.0
32.499999999999986,107.49999999999999,19.43312325301348,0.0
37.499999999999986,107.49999999999999,19.433102491757847,0.0
42.5,107.49999999999999,19.433086999107378,0.0
47.5,107.49999999999999,19.433077487943745,0.0
52.49999999999999,107.49999999999999,19.43306574662471,0.0
57.499999999999986,107.49999999999999,19.43304573697191,0.0
62.49999999999998,107.49999999999999,19.433025839938335,0.0
67.49999999999997,107.49999999999999,19.433024004104322,0.0
72.49999999999997,107.49999999999999,19.433048564449553,0.0
77.50000000000001,107.49999999999999,19.43308860840407,0.0
82.50000000000001,107.49999999999999,19.4331251265263,0.0
87.5,107.49999999999999,19.43314397938469,0.0
92.5,107.49999999999999,19.433112817041703,0.0
97.49999999999999,107.49999999999999,19.432808801544617,0.0
102.49999999999999,107.49999999999999,19.431054208909057,0.0
107.49999999999999,107.49999999999999,19.42330392873853,0.0
112.49999999999997,107.49999999999999,19.39696475486074,0.0
117.49999999999997,107.49999999999999,19.328667832540738,0.0
122.50000000000001,107.49999999999999,19.195642675470502,0.0
127.50000000000001,107.49999999999999,19.006630045898575,0.0
132.5,107.49999999999999,18.821701776782177,0.0
137.5,107.49999999999999,18.708524422713737,0.0
142.5,107.49999999999999,18.64435163966676,0.0
147.49999999999997,107.49999999999999,18.465461626382083,0.0
152.49999999999997,107.49999999999999,17.942156415389626,0.0
157.49999999999997,107.49999999999999,16.92814226756212,0.0
162.49999999999997,107.49999999999999,15.465725188422267,14.0
167.5,107.49999999999999,13.773860912297549,61.0
172.5,107.49999999999999,12.122811732517356,41.0
177.5,107.49999999999999,10.681162459916274,116.0
-177.5,112.49999999999997,8.162397715548368,98.0
-172.5,112.49999999999997,6.815223262253946,37.0
-167.5,112.49999999999997,5.881942808947757,24.0
-162.5,112.49999999999997,5.387276673170386,55.0
-157.5,112.49999999999997,5.291869972548117,124.0
-152.5,112.49999999999997,5.50187979338407,96.0
-147.5,112.49999999999997,5.839291135777204,81.0
-142.5,112.49999999999997,6.1337288090208,98.0
-137.5,112.49999999999997,6.3498181984621045,73.0
-132.5,112.49999999999997,6.4826226862781855,21.0
-127.50000000000001,112.49999999999997,6.356359810911809,34.0
-122.50000000000001,112.49999999999997,5.698081768399467,65.0
-117.50000000000001,112.49999999999997,4.452880385939309,41.0
-112.5,112.49999999999997,2.9499518903616093,72.0
-107.5,112.49999999999997,1.6988984970133139,207.0
-102.5,112.49999999999997,1.0192182494523325,202.0
-97.5,112.49999999999997,0.8841944944053742,135.0
-92.50000000000001,112.49999999999997,1.0426952211423248,104.0
-87.5,112.49999999999997,1.1825703028518737,108.0
-82.50000000000001,112.49999999999997,1.0910618409949013,114.0
-77.5,112.49999999999997,0.8597758378797812,80.0
-72.5,112.49999999999997,0.9060551860306484,72.0
-67.5,112.49999999999997,1.6627994140064584,63.0
-62.50000000000001,112.49999999999997,3.2111343624192106,9.0
-57.500000000000014,112.49999999999997,5.204883962670078,74.0
-52.500000000000014,112.49999999999997,7.160185131025364,11.0
-47.5,112.49999999999997,8.851566746395926,73.0
-42.5,112.49999999999997,10.412278944888538,116.0
-37.50000000000001,112.49999999999997,12.0651287150633,40.0
-32.500000000000014,112.49999999999997,13.838845308005306,8.0
-27.499999999999993,112.49999999999997,15.550470237253482,0.0
-22.5,112.49999999999997,16.980102222699834,0.0
-17.500000000000007,112.49999999999997,18.02176645319508,0.0
-12.50000000000001,112.49999999999997,18.69889986406594,0.0
-7.500000000000017,112.49999999999997,19.0953194982569,0.0
-2.4999999999999973,112.49999999999997,19.300056563979098,0.0
2.4999999999999973,112.49999999999997,19.389658923445012,0.0
7.499999999999991,112.49999999999997,19.421651142653072,0.0
12.499999999999986,112.49999999999997,19.43073663088578,0.0
17.500000000000007,112.49999999999997,19.432760302462174,0.0
22.5,112.49999999999997,19.433110976125587,0.0
27.499999999999993,112.49999999999997,19.433157114039126,0.0
32.499999999999986,112.49999999999997,19.43316020184162,0.0
37.499999999999986,112.49999999999997,19.433158591336326,0.0
42.5,112.49999999999997,19.43315712503315,0.0
47.5,112.49999999999997,19.433156152801704,0.0
52.49999999999999,112.49999999999997,19.433154823057126,0.0
57.499999999999986,112.49999999999997,19.43315253780026,0.0
62.49999999999998,112.49999999999997,19.433150233805826,0.0
67.49999999999997,112.49999999999997,19.433149833823343,0.0
72.49999999999997,112.49999999999997,19.433152173587953,0.0
77.50000000000001,112.49999999999997,19.433155937332753,0.0
82.50000000000001,112.49999999999997,19.433158461524023,0.0
87.5,112.49999999999997,19.433152088097156,0.0
92.5,112.49999999999997,19.433077628477186,0.0
97.49999999999999,112.49999999999997,19.432526456231795,0.0
102.49999999999999,112.49999999999997,19.429373280848978,0.0
107.49999999999999,112.49999999999997,19.41541878094535,0.0
112.49999999999997,112.49999999999997,19.367896123017225,0.0
117.49999999999997,112.49999999999997,19.244459846817385,0.0
122.50000000000001,112.49999999999997,19.00383292695825,12.0
127.50000000000001,112.49999999999997,18.662831572210443,0.0
132.5,112.49999999999997,18.336566572327875,0.0
137.5,112.49999999999997,18.170272659812643,0.0
142.5,112.49999999999997,18.17873878005568,0.0
147.49999999999997,112.49999999999997,18.161110032400234,14.0
152.49999999999997,112.49999999999997,17.80539389456163,10.0
157.49999999999997,112.49999999999997,16.89040330162189,1.0
162.49999999999997,112.49999999999997,15.417390539187698,0.0
167.5,112.49999999999997,13.589037400299269,16.0
172.5,112.49999999999997,11.663200314704126,22.0
177.5,112.49999999999997,9.81799227457204,38.0
-177.5,117.49999999999997,6.998568878759866,90.0
-172.5,117.49999999999997,5.264936267772787,64.0
-167.5,117.49999999999997,4.2137304947311796,44.0
-162.5,117.49999999999997,3.871735289077081,0.0
-157.5,117.49999999999997,4.07727111090414,70.0
-152.5,117.49999999999997,4.5601016503268905,43.0
-147.5,117.49999999999997,5.012726818031799,63.0
-142.5,117.49999999999997,5.284092108440393,55.0
-137.5,117.49999999999997,5.486658473620042,140.0
-132.5,117.49999999999997,5.72629704888735,59.0
-127.50000000000001,117.49999999999997,5.793987349583132,82.0
-122.50000000000001,117.49999999999997,5.3262518264229675,53.0
-117.50000000000001,117.49999999999997,4.245022398461418,56.0
-112.5,117.49999999999997,2.9052574375826437,129.0
-107.5,117.49999999999997,1.804379032971021,153.0
-102.5,117.49999999999997,1.2223183425098483,119.0
-97.5,117.49999999999997,1.1413917659293846,113.0
-92.50000000000001,117.49999999999997,1.364619655028101,68.0
-87.5,117.49999999999997,1.6081373907401466,28.0
-82.50000000000001,117.49999999999997,1.6381343824128525,90.0
-77.5,117.49999999999997,1.4927024866904797,157.0
-72.5,117.49999999999997,1.4975009970071032,96.0
-67.5,117.49999999999997,1.984591096937713,126.0
-62.50000000000001,117.49999999999997,3.0420010310206864,46.0
-57.500000000000014,117.49999999999997,4.511131620845433,39.0
-52.500000000000014,117.49999999999997,6.159905295233572,47.0
-47.5,117.49999999999997,7.866186375677309,83.0
-42.5,117.49999999999997,9.64001326742031,17.0
-37.50000000000001,117.49999999999997,11.489521145913395,0.0
-32.500000000000014,117.49999999999997,13.33082682365339,24.0
-27.499999999999993,117.49999999999997,15.027283166598389,16.0
-22.5,117.49999999999997,16.46593328976562,0.0
-17.500000000000007,117.49999999999997,17.593905396182045,0.0
-12.50000000000001,117.49999999999997,18.408635043992497,0.0
-7.500000000000017,117.49999999999997,18.936775983073282,0.0
-2.4999999999999973,117.49999999999997,19.23087747387497,0.0
2.4999999999999973,117.49999999999997,19.365709700034678,0.0
7.499999999999991,117.49999999999997,19.41511097763396,0.0
12.499999999999986,117.49999999999997,19.42933399335062,0.0
17.500000000000007,117.49999999999997,19.432525012248895,0.0
22.5,117.49999999999997,19.433080877894927,0.0
27.499999999999993,117.49999999999997,19.43315589587612,0.0
32.499999999999986,117.49999999999997,19.43316362533131,0.0
37.499999999999986,117.49999999999997,19.433164113118814,0.0
42.5,117.49999999999997,19.433164037997262,0.0
47.5,117.49999999999997,19.433163953726567,0.0
52.49999999999999,117.49999999999997,19.433163817429335,0.0
57.499999999999986,117.49999999999997,19.433163559208193,0.0
62.49999999999998,117.49999999999997,19.43316316492504,0.0
67.49999999999997,117.49999999999997,19.43316247939428,0.0
72.49999999999997,117.49999999999997,19.43316075476332,0.0
77.50000000000001,117.49999999999997,19.433156413190904,0.0
82.50000000000001,117.49999999999997,19.43314725520861,0.0
87.5,117.49999999999997,19.433124005139053,0.0
92.5,117.49999999999997,19.432998141555085,0.0
97.49999999999999,117.49999999999997,19.432137632149722,0.0
102.49999999999999,117.49999999999997,19.427250508808992,0.0
107.49999999999999,117.49999999999997,19.405699595395728,0.0
112.49999999999997,117.49999999999997,19.332636358146125,0.0
117.49999999999997,117.49999999999997,19.14383881945459,0.0
122.50000000000001,117.49999999999997,18.77783511303242,32.0
127.50000000000001,117.49999999999997,18.26224871635662,4.0
132.5,117.49999999999997,17.773455721523952,0.0
137.5,117.49999999999997,17.537255050712012,0.0
142.5,117.49999999999997,17.603189580863926,6.0
147.49999999999997,117.49999999999997,17.73564826959394,12.0
152.49999999999997,117.49999999999997,17.560184233600374,0.0
157.49999999999997,117.49999999999997,16.80729401580649,9.0
162.49999999999997,117.49999999999997,15.435931799280675,0.0
167.5,117.49999999999997,13.584149377426298,22.0
172.5,117.49999999999997,11.436194197676253,22.0
177.5,117.49999999999997,9.163298733685252,30.0
-177.5,122.50000000000001,6.22579757900888,100.0
-172.5,122.50000000000001,4.191379596245631,117.0
-167.5,122.50000000000001,2.9731600543778884,78.0
-162.5,122.50000000000001,2.6419002018723923,35.0
-157.5,122.50000000000001,3.0016593925344477,94.0
-152.5,122.50000000000001,3.6809061141166572,110.0
-147.5,122.50000000000001,4.277787339656436,57.0
-142.5,122.50000000000001,4.627799730510172,47.0
-137.5,122.50000000000001,4.890082131515341,88.0
-132.5,122.50000000000001,5.207052820204668,84.0
-127.50000000000001,122.50000000000001,5.39276227617496,30.0
-122.50000000000001,122.50000000000001,5.136333452035937,51.0
-117.50000000000001,122.50000000000001,4.408970677848116,66.0
-112.5,122.50000000000001,3.506381853532001,85.0
-107.5,122.50000000000001,2.7445329019642,73.0
-102.5,122.50000000000001,2.2531363668141733,136.0
-97.5,122.50000000000001,2.042375386214726,69.0
-92.50000000000001,122.50000000000001,2.0780365108765464,18.0
-87.5,122.50000000000001,2.2256904235304864,91.0
-82.50000000000001,122.50000000000001,2.3081555977840997,89.0
-77.5,122.50000000000001,2.3088395569444926,164.0
-72.5,122.50000000000001,2.384023614721108,132.0
-67.5,122.50000000000001,2.6731598166819155,34.0
-62.50000000000001,122.50000000000001,3.2366108424310367,78.0
-57.500000000000014,122.50000000000001,4.134301642104675,55.0
-52.500000000000014,122.50000000000001,5.432668014369362,107.0
-47.5,122.50000000000001,7.129803823885888,75.0
-42.5,122.50000000000001,9.101243633959257,37.0
-37.50000000000001,122.50000000000001,11.131816754162857,41.0
-32.500000000000014,122.50000000000001,13.029491995593219,9.0
-27.499999999999993,122.50000000000001,14.703935376316196,11.0
-22.5,122.50000000000001,16.136242883676697,22.0
-17.500000000000007,122.50000000000001,17.31593215718698,0.0
-12.50000000000001,122.50000000000001,18.219973932844898,0.0
-7.500000000000017,122.50000000000001,18.83409729687004,0.0
-2.4999999999999973,122.50000000000001,19.186240605196975,0.0
2.4999999999999973,122.50000000000001,19.35029839591202,0.0
7.499999999999991,122.50000000000001,19.41090936806987,0.0
12.499999999999986,122.50000000000001,19.428433687997675,0.0
17.500000000000007,122.50000000000001,19.432373915432503,0.0
22.5,122.50000000000001,19.433061115029407,0.0
27.499999999999993,122.50000000000001,19.433154014244437,0.0
32.499999999999986,122.50000000000001,19.433163739699687,0.0
37.499999999999986,122.50000000000001,19.433164507106813,0.0
42.5,122.50000000000001,19.433164505372762,0.0
47.5,122.50000000000001,19.433164386967402,0.0
52.49999999999999,122.50000000000001,19.43316409311905,0.0
57.499999999999986,122.50000000000001,19.43316333666349,0.0
62.49999999999998,122.50000000000001,19.433161179579795,0.0
67.49999999999997,122.50000000000001,19.43315466529504,0.0
72.49999999999997,122.50000000000001,19.433136314070047,0.0
77.50000000000001,122.50000000000001,19.433093201152985,0.0
82.50000000000001,122.50000000000001,19.433014051390668,0.0
87.5,122.50000000000001,19.432897352096298,0.0
92.5,122.50000000000001,19.432670621554976,0.0
97.49999999999999,122.50000000000001,19.431597173254385,0.0
102.49999999999999,122.50000000000001,19.425648945778818,0.0
107.49999999999999,122.50000000000001,19.399388347520443,0.0
112.49999999999997,122.50000000000001,19.310595931504057,0.0
117.49999999999997,122.50000000000001,19.08219676388341,0.0
122.50000000000001,122.50000000000001,18.64128590800308,0.0
127.50000000000001,122.50000000000001,18.02070762603773,19.0
132.5,122.50000000000001,17.425273934480828,23.0
137.5,122.50000000000001,17.11295842330567,17.0
142.5,122.50000000000001,17.14331868738014,21.0
147.49999999999997,122.50000000000001,17.274597835657513,0.0
152.49999999999997,122.50000000000001,17.137092982965743,0.0
157.49999999999997,122.50000000000001,16.473687390022913,3.0
162.49999999999997,122.50000000000001,15.22268827537513,5.0
167.5,122.50000000000001,13.444603313779089,10.0
172.5,122.50000000000001,11.229849974183447,6.0
177.5,122.50000000000001,8.721337479760898,42.0
-177.5,127.50000000000001,6.098345637812116,100.0
-172.5,127.50000000000001,3.981408139500824,83.0
-167.5,127.50000000000001,2.5786995556495182,87.0
-162.5,127.50000000000001,2.0168001449038324,71.0
-157.5,127.50000000000001,2.189190497205843,31.0
-152.5,127.50000000000001,2.7847938563291317,51.0
-147.5,127.50000000000001,3.4165714571157566,38.0
-142.5,127.50000000000001,3.8880733644354866,96.0
-137.5,127.50000000000001,4.2797921063239635,76.0
-132.5,127.50000000000001,4.678621158680962,107.0
-127.50000000000001,127.50000000000001,4.96554204641887,88.0
-122.50000000000001,127.50000000000001,4.987092163887502,88.0
-117.50000000000001,127.50000000000001,4.781997871992084,55.0
-112.5,127.50000000000001,4.492587818873572,87.0
-107.5,127.50000000000001,4.151887003515,45.0
-102.5,127.50000000000001,3.719648663568302,108.0
-97.5,127.50000000000001,3.2854965638444704,89.0
-92.50000000000001,127.50000000000001,3.0421718711573904,83.0
-87.5,127.50000000000001,3.045846552796731,39.0
-82.50000000000001,127.50000000000001,3.1876747194464903,103.0
-77.5,127.50000000000001,3.385634104670445,105.0
-72.5,127.50000000000001,3.6133174572892766,109.0
-67.5,127.50000000000001,3.8106995065774236,41.0
-62.50000000000001,127.50000000000001,3.9857970814024544,67.0
-57.500000000000014,127.50000000000001,4.362134503931071,52.0
-52.500000000000014,127.50000000000001,5.260663938479657,112.0
-47.5,127.50000000000001,6.817130554152375,63.0
-42.5,127.50000000000001,8.85086804783095,36.0
-37.50000000000001,127.50000000000001,11.005585182864182,9.0
-32.500000000000014,127.50000000000001,12.998093311160657,13.0
-27.499999999999993,127.50000000000001,14.722793432749745,54.0
-22.5,127.50000000000001,16.17498262555744,75.0
-17.500000000000007,127.50000000000001,17.355797912888853,0.0
-12.50000000000001,127.50000000000001,18.250115113951082,0.0
-7.500000000000017,127.50000000000001,18.851664035184225,0.0
-2.4999999999999973,127.50000000000001,19.19420711884365,0.0
2.4999999999999973,127.50000000000001,19.3531169311123,0.0
7.499999999999991,127.50000000000001,19.411687950050165,0.0
12.499999999999986,127.50000000000001,19.42860161599702,0.0
17.500000000000007,127.50000000000001,19.432402186560058,0.0
22.5,127.50000000000001,19.433064828480585,0.0
27.499999999999993,127.50000000000001,19.43315438518742,0.0
32.499999999999986,127.50000000000001,19.4331637064373,0.0
37.499999999999986,127.50000000000001,19.433164244721617,0.0
42.5,127.50000000000001,19.43316366267372,0.0
47.5,127.50000000000001,19.433162129529997,0.0
52.49999999999999,127.50000000000001,19.43315866345774,0.0
57.499999999999986,127.50000000000001,19.433150778714893,0.0
62.49999999999998,127.50000000000001,19.433131222676113,0.0
67.49999999999997,127.50000000000001,19.433078501345523,0.0
72.49999999999997,127.50000000000001,19.432939724548394,0.0
77.50000000000001,127.50000000000001,19.432625075817512,0.0
82.50000000000001,127.50000000000001,19.43206401248481,0.0
87.5,127.50000000000001,19.431327746198843,0.0
92.5,127.50000000000001,19.43061020967049,0.0
97.49999999999999,127.50000000000001,19.42949936264648,0.0
102.49999999999999,127.50000000000001,19.424184976707945,0.0
107.49999999999999,127.50000000000001,19.399673938600127,0.0
112.49999999999997,127.50000000000001,19.315533405638565,0.0
117.49999999999997,127.50000000000001,19.09863367701901,0.0
122.50000000000001,127.50000000000001,18.67913537061785,0.0
127.50000000000001,127.50000000000001,18.081599533434638,0.0
132.5,127.50000000000001,17.47976956573965,0.0
137.5,127.50000000000001,17.086838209049468,8.0
142.5,127.50000000000001,16.944814377503143,5.0
147.49999999999997,127.50000000000001,16.860599929121793,47.0
152.49999999999997,127.50000000000001,16.56221433107749,14.0
157.49999999999997,127.50000000000001,15.868106208231294,0.0
162.49999999999997,127.50000000000001,14.713410613669058,10.0
167.5,127.50000000000001,13.088551015031609,17.0
172.5,127.50000000000001,11.0089669679414,25.0
177.5,127.50000000000001,8.581681144144602,23.0
-177.5,132.5,6.582332792513468,67.0
-172.5,132.5,4.628344911993027,40.0
-167.5,132.5,3.1081061694867445,114.0
-162.5,132.5,2.147033843591042,132.0
-157.5,132.5,1.7857110003563927,46.0
-152.5,132.5,1.9278172427829772,56.0
-147.5,132.5,2.3479849630559793,81.0
-142.5,132.5,2.851327784927545,161.0
-137.5,132.5,3.369434678830936,50.0
-132.5,132.5,3.869739822409949,30.0
-127.50000000000001,132.5,4.304506616914531,82.0
-122.50000000000001,132.5,4.696457171735559,82.0
-117.50000000000001,132.5,5.120940316151488,94.0
-112.5,132.5,5.512070031789115,46.0
-107.5,132.5,5.607426481237841,26.0
-102.5,132.5,5.232801215162664,69.0
-97.5,132.5,4.5886450110369,128.0
-92.50000000000001,132.5,4.08916585306688,54.0
-87.5,132.5,3.9552074595783004,102.0
-82.50000000000001,132.5,4.125976690522332,80.0
-77.5,132.5,4.459663100799038,97.0
-72.5,132.5,4.7963117141168645,76.0
-67.5,132.5,4.945617775208786,67.0
-62.50000000000001,132.5,4.877339901184669,70.0
-57.500000000000014,132.5,4.899200050700141,44.0
-52.500000000000014,132.5,5.479076772308337,104.0
-47.5,132.5,6.856481657373929,53.0
-42.5,132.5,8.862975736961053,6.0
-37.50000000000001,132.5,11.100412947040645,31.0
-32.500000000000014,132.5,13.22754378421021,24.0
-27.499999999999993,132.5,15.069344123363031,3.0
-22.5,132.5,16.56121705419481,0.0
-17.500000000000007,132.5,17.69091172934132,0.0
-12.50000000000001,132.5,18.48094200679282,0.0
-7.500000000000017,132.5,18.978497793666445,0.0
-2.4999999999999973,132.5,19.249680112972428,0.0
2.4999999999999973,132.5,19.372336754085623,0.0
7.499999999999991,132.5,19.416937399742615,0.0
12.499999999999986,132.5,19.429727377743813,0.0
17.500000000000007,132.5,19.432591196189662,0.0
22.5,132.5,19.433089588187045,0.0
27.499999999999993,132.5,19.433156715517853,0.0
32.499999999999986,132.5,19.433162998714348,0.0
37.499999999999986,132.5,19.433161023484974,0.0
42.5,132.5,19.433154104295745,0.0
47.5,132.5,19.43313790761906,0.0
52.49999999999999,132.5,19.433103998789576,0.0
57.499999999999986,132.5,19.433035358720804,0.0
62.49999999999998,132.5,19.43288869561614,0.0
67.49999999999997,132.5,19.432543598513416,0.0
72.49999999999997,132.5,19.43171104378493,0.0
77.50000000000001,132.5,19.42990685442399,0.0
82.50000000000001,132.5,19.426766294279123,0.0
87.5,132.5,19.42276248739967,0.0
92.5,132.5,19.41950667163424,0.0
97.49999999999999,132.5,19.418323415452278,0.0
102.49999999999999,132.5,19.41663575468156,0.0
107.49999999999999,132.5,19.401803766661377,0.0
112.49999999999997,132.5,19.341704991711918,0.0
117.49999999999997,132.5,19.179879995514927,0.0
122.50000000000001,132.5,18.85908972583967,0.0
127.50000000000001,132.5,18.38049035522383,0.0
132.5,132.5,17.83638124716501,0.0
137.5,132.5,17.340067236573894,0.0
142.5,132.5,16.911024027545405,8.0
147.49999999999997,132.5,16.463047446320985,10.0
152.49999999999997,132.5,15.89045885505154,51.0
157.49999999999997,132.5,15.112544340846274,6.0
162.49999999999997,132.5,14.053325554353746,15.0
167.5,132.5,12.639462224839283,3.0
172.5,132.5,10.843259326822247,21.0
177.5,132.5,8.749078593682848,150.0
-177.5,137.5,7.194998482369137,43.0
-172.5,137.5,5.582503058726979,83.0
-167.5,137.5,4.12146619412915,67.0
-162.5,137.5,2.8399380223929627,62.0
-157.5,137.5,1.8692962067382368,85.0
-152.5,137.5,1.3716718066896791,238.0
-147.5,137.5,1.3851963059457422,74.0
-142.5,137.5,1.7894290614607036,174.0
-137.5,137.5,2.3817371928869853,91.0
-132.5,137.5,2.991104734783858,82.0
-127.50000000000001,137.5,3.602182917459507,54.0
-122.50000000000001,137.5,4.36059979760828,96.0
-117.50000000000001,137.5,5.347420470300105,75.0
-112.5,137.5,6.321305773711798,41.0
-107.5,137.5,6.802207199040978,2.0
-102.5,137.5,6.528816062622365,33.0
-97.5,137.5,5.77691311691621,172.0
-92.50000000000001,137.5,5.097269529691708,158.0
-87.5,137.5,4.812044895307964,13.0
-82.50000000000001,137.5,4.894595890971524,40.0
-77.5,137.5,5.171069648735493,32.0
-72.5,137.5,5.42342734260269,43.0
-67.5,137.5,5.44561420612326,49.0
-62.50000000000001,137.5,5.247776871846937,28.0
-57.500000000000014,137.5,5.181063674997182,36.0
-52.500000000000014,137.5,5.720215377596985,92.0
-47.5,137.5,7.088322131960361,68.0
-42.5,137.5,9.115688503073418,68.0
-37.50000000000001,137.5,11.424736269418032,21.0
-32.500000000000014,137.5,13.668354599542411,18.0
-27.499999999999993,137.5,15.608443307423375,0.0
-22.5,137.5,17.108471992659158,0.0
-17.500000000000007,137.5,18.142528151719414,0.0
-12.50000000000001,137.5,18.782804865634446,0.0
-7.500000000000017,137.5,19.14132162384862,0.0
-2.4999999999999973,137.5,19.320101795223966,0.0
2.4999999999999973,137.5,19.396576814978868,0.0
7.499999999999991,137.5,19.42353354110813,0.0
12.499999999999986,137.5,19.431139053481854,0.0
17.500000000000007,137.5,19.43282790543315,0.0
22.5,137.5,19.43312028524552,0.0
27.499999999999993,137.5,19.433158025131636,0.0
32.499999999999986,137.5,19.43315519464243,0.0
37.499999999999986,137.5,19.433132822007334,0.0
42.5,137.5,19.433072345852725,0.0
47.5,137.5,19.43293685604483,0.0
52.49999999999999,137.5,19.43267080270473,0.0
57.499999999999986,137.5,19.43218413472463,0.0
62.49999999999998,137.5,19.43128129598565,0.0
67.49999999999997,137.5,19.429448716197026,0.0
72.49999999999997,137.5,19.42547327625348,0.0
77.50000000000001,137.5,19.41734473045563,0.0
82.50000000000001,137.5,19.403610151202916,0.0
87.5,137.5,19.38644760898708,0.0
92.5,137.5,19.37312819657972,0.0
97.49999999999999,137.5,19.371375804171603,0.0
102.49999999999999,137.5,19.380746520416114,0.0
107.49999999999999,137.5,19.38758445678697,0.0
112.49999999999997,137.5,19.36463797340645,0.0
117.49999999999997,137.5,19.27139973106776,0.0
122.50000000000001,137.5,19.061310422896064,0.0
127.50000000000001,137.5,18.70233642775105,0.0
132.5,137.5,18.19076748429798,0.0
137.5,137.5,17.539003329922068,0.0
142.5,137.5,16.770362954725627,9.0
147.49999999999997,137.5,15.940851639375074,0.0
152.49999999999997,137.5,15.116937456030564,7.0
157.49999999999997,137.5,14.287198879784244,12.0
162.49999999999997,137.5,13.333879610584567,20.0
167.5,137.5,12.12559798937119,13.0
172.5,137.5,10.62440251345203,19.0
177.5,137.5,8.922396573526491,34.0
-177.5,142.5,7.309841975601197,21.0
-172.5,142.5,6.099836931633016,93.0
-167.5,142.5,4.900671536814846,57.0
-162.5,142.5,3.5789693022479927,44.0
-157.5,142.5,2.2397875293993432,105.0
-152.5,142.5,1.226275632849632,203.0
-147.5,142.5,0.8501705726598637,82.0
-142.5,142.5,1.1346656361099043,170.0
-137.5,142.5,1.806352552788193,76.0
-132.5,142.5,2.554712100155358,116.0
-127.50000000000001,142.5,3.3209726666916315,144.0
-122.50000000000001,142.5,4.289847067370297,71.0
-117.50000000000001,142.5,5.5527466836766655,29.0
-112.5,142.5,6.811158623699742,80.0
-107.5,142.5,7.513717442350885,24.0
-102.5,142.5,7.364880590797985,56.0
-97.5,142.5,6.6359974947678575,22.0
-92.50000000000001,142.5,5.882486707496356,23.0
-87.5,142.5,5.4498036579555444,72.0
-82.50000000000001,142.5,5.34353620470647,57.0
-77.5,142.5,5.391786378443488,78.0
-72.5,142.5,5.378711459431639,96.0
-67.5,142.5,5.184864797964797,91.0
-62.50000000000001,142.5,4.958727278925585,86.0
-57.500000000000014,142.5,5.087654492968035,122.0
-52.500000000000014,142.5,5.919594331468237,106.0
-47.5,142.5,7.512540557293244,50.0
-42.5,142.5,9.64287760610391,40.0
-37.50000000000001,142.5,11.990150305385129,35.0
-32.500000000000014,142.5,14.259960420280384,5.0
-27.499999999999993,142.5,16.19884088704507,0.0
-22.5,142.5,17.63336291972066,0.0
-17.500000000000007,142.5,18.54037038929957,0.0
-12.50000000000001,142.5,19.03454988420154,0.0
-7.500000000000017,142.5,19.27249053318856,0.0
-2.4999999999999973,142.5,19.375646537278556,0.0
2.4999999999999973,142.5,19.415459977228615,0.0
7.499999999999991,142.5,19.42863569876363,0.0
12.499999999999986,142.5,19.432226650148632,0.0
17.500000000000007,142.5,19.43300955806303,0.0
22.5,142.5,19.43314167198383,0.0
27.499999999999993,142.5,19.433147407993467,0.0
32.499999999999986,142.5,19.433099741586354,0.0
37.499999999999986,142.5,19.432940755611,0.0
42.5,142.5,19.432526317357258,0.0
47.5,142.5,19.431629834209417,0.0
52.49999999999999,142.5,19.429964115767287,0.0
57.499999999999986,142.5,19.42717398521034,0.0
62.49999999999998,142.5,19.422632308784937,0.0
67.49999999999997,142.5,19.414732544387924,0.0
72.49999999999997,142.5,19.399612038896073,0.0
77.50000000000001,142.5,19.370864732986455,0.0
82.50000000000001,142.5,19.32409083943779,0.0
87.5,142.5,19.267029904692933,0.0
92.5,142.5,19.224232715611528,0.0
97.49999999999999,142.5,19.222049695819337,0.0
102.49999999999999,142.5,19.263168818054787,0.0
107.49999999999999,142.5,19.320012560214344,0.0
112.49999999999997,142.5,19.352484565475784,0.0
117.49999999999997,142.5,19.32162223770248,0.0
122.50000000000001,142.5,19.181522685700077,0.0
127.50000000000001,142.5,18.86502693623105,0.0
132.5,142.5,18.290581599030347,0.0
137.5,142.5,17.413179437703473,0.0
142.5,142.5,16.30592452355575,8.0
147.49999999999997,142.5,15.172235520145579,2.0
152.49999999999997,142.5,14.197404589039325,0.0
157.49999999999997,142.5,13.366753683607074,5.0
162.49999999999997,142.5,12.488352733464511,62.0
167.5,142.5,11.39344344196131,31.0
172.5,142.5,10.071180037687324,19.0
177.5,142.5,8.653079155052845,46.0
-177.5,147.49999999999997,6.727751885094623,17.0
-172.5,147.49999999999997,5.834646423536604,74.0
-167.5,147.49999999999997,4.958629577383687,87.0
-162.5,147.49999999999997,3.826210648629931,122.0
-157.5,147.49999999999997,2.4372875122739073,97.0
-152.5,147.49999999999997,1.196804184468016,120.0
-147.5,147.49999999999997,0.6250145314062031,68.0
-142.5,147.49999999999997,0.9117719129680332,34.0
-137.5,147.49999999999997,1.7669027421317476,80.0
-132.5,147.49999999999997,2.735494786279613,67.0
-127.50000000000001,147.49999999999997,3.6321568109667566,95.0
-122.50000000000001,147.49999999999997,4.603859909521455,114.0
-117.50000000000001,147.49999999999997,5.780311358071858,33.0
-112.5,147.49999999999997,6.944336810071014,61.0
-107.5,147.49999999999997,7.627642192760098,44.0
-102.5,147.49999999999997,7.558220634285786,37.0
-97.5,147.49999999999997,6.9337034412828356,36.0
-92.50000000000001,147.49999999999997,6.1967367028882565,0.0
-87.5,147.49999999999997,5.653031044778832,56.0
-82.50000000000001,147.49999999999997,5.355622648612519,30.0
-77.5,147.49999999999997,5.179074309291025,116.0
-72.5,147.49999999999997,4.942983369811064,110.0
-67.5,147.49999999999997,4.636464482727784,130.0
-62.50000000000001,147.49999999999997,4.55413273788196,167.0
-57.500000000000014,147.49999999999997,5.084170099412488,107.0
-52.500000000000014,147.49999999999997,6.369788230240283,58.0
-47.5,147.49999999999997,8.24539552322081,27.0
-42.5,147.49999999999997,10.43909447049447,33.0
-37.50000000000001,147.49999999999997,12.728255221261756,19.0
-32.500000000000014,147.49999999999997,14.907584999379312,9.0
-27.499999999999993,147.49999999999997,16.740349997667167,0.0
-22.5,147.49999999999997,18.046653406957624,0.0
-17.500000000000007,147.49999999999997,18.817663395918473,0.0
-12.50000000000001,147.49999999999997,19.19462943003386,0.0
-7.500000000000017,147.49999999999997,19.35070614257437,0.0
-2.4999999999999973,147.49999999999997,19.407413905287243,0.0
2.4999999999999973,147.49999999999997,19.425989041302653,0.0
7.499999999999991,147.49999999999997,19.43143906521363,0.0
12.499999999999986,147.49999999999997,19.43281910032807,0.0
17.500000000000007,147.49999999999997,19.433106230980567,0.0
22.5,147.49999999999997,19.43314092614467,0.0
27.499999999999993,147.49999999999997,19.433077126808175,0.0
32.499999999999986,147.49999999999997,19.432799209735244,0.0
37.499999999999986,147.49999999999997,19.431920035430032,0.0
42.5,147.49999999999997,19.42968174332589,0.0
47.5,147.49999999999997,19.424994404904112,0.0
52.49999999999999,147.49999999999997,19.416702550974893,0.0
57.499999999999986,147.49999999999997,19.40384814355554,0.0
62.49999999999998,147.49999999999997,19.385290423392487,0.0
67.49999999999997,147.49999999999997,19.357722936051825,0.0
72.49999999999997,147.49999999999997,19.312051124800647,0.0
77.50000000000001,147.49999999999997,19.232607585519034,0.0
82.50000000000001,147.49999999999997,19.109207688782174,0.0
87.5,147.49999999999997,18.96322342494341,0.0
92.5,147.49999999999997,18.858683930423677,0.0
97.49999999999999,147.49999999999997,18.862733961603436,0.0
102.49999999999999,147.49999999999997,18.9813627500337,0.0
107.49999999999999,147.49999999999997,19.147681024577643,0.0
112.49999999999997,147.49999999999997,19.276824263397636,0.0
117.49999999999997,147.49999999999997,19.30984939570383,0.0
122.50000000000001,147.49999999999997,19.19249601859784,0.0
127.50000000000001,147.49999999999997,18.82809531925277,0.0
132.5,147.49999999999997,18.08836523564264,0.0
137.5,147.49999999999997,16.926784309285985,0.0
142.5,147.49999999999997,15.51205649311542,0.0
147.49999999999997,147.49999999999997,14.182079514094843,42.0
152.49999999999997,147.49999999999997,13.164985476618595,62.0
157.49999999999997,147.49999999999997,12.364936541542754,49.0
162.49999999999997,147.49999999999997,11.49933249846193,6.0
167.5,147.49999999999997,10.400358075920648,45.0
172.5,147.49999999999997,9.120050142962654,27.0
177.5,147.49999999999997,7.835906537874433,76.0
-177.5,152.49999999999997,5.9242284305548845,90.0
-172.5,152.49999999999997,5.155161880381148,86.0
-167.5,152.49999999999997,4.453232260886835,41.0
-162.5,152.49999999999997,3.5009227934836447,72.0
-157.5,152.49999999999997,2.2069744846981774,68.0
-152.5,152.49999999999997,0.9604342263270721,67.0
-147.5,152.49999999999997,0.3900733763865301,93.0
-142.5,152.49999999999997,0.8064845143726322,82.0
-137.5,152.49999999999997,1.9201316183045434,92.0
-132.5,152.49999999999997,3.151442406360085,69.0
-127.50000000000001,152.49999999999997,4.163593628113212,55.0
-122.50000000000001,152.49999999999997,5.026777589108201,54.0
-117.50000000000001,152.49999999999997,5.917163483664581,61.0
-112.5,152.49999999999997,6.768545173227744,85.0
-107.5,152.49999999999997,7.278848461176794,51.0
-102.5,152.49999999999997,7.232571699394651,20.0
-97.5,152.49999999999997,6.718948824908742,81.0
-92.50000000000001,152.49999999999997,6.0115136946601,47.0
-87.5,152.49999999999997,5.359445016583832,54.0
-82.50000000000001,152.49999999999997,4.907186049483032,19.0
-77.5,152.49999999999997,4.644958474105283,43.0
-72.5,152.49999999999997,4.450128169345471,74.0
-67.5,152.49999999999997,4.3491095388275705,104.0
-62.50000000000001,152.49999999999997,4.65547525641116,123.0
-57.500000000000014,152.49999999999997,5.6669140092072565,86.0
-52.500000000000014,152.49999999999997,7.323819706476973,11.0
-47.5,152.49999999999997,9.31377987274023,36.0
-42.5,152.49999999999997,11.401410586837551,54.0
-37.50000000000001,152.49999999999997,13.501970917922426,16.0
-32.500000000000014,152.49999999999997,15.499794714087813,29.0
-27.499999999999993,152.49999999999997,17.171096970484047,0.0
-22.5,152.49999999999997,18.332331352432018,0.0
-17.500000000000007,152.49999999999997,18.98483562034006,0.0
-12.50000000000001,152.49999999999997,19.27984756814265,0.0
-7.500000000000017,152.49999999999997,19.388307088108785,0.0
-2.4999999999999973,152.49999999999997,19.42159186805404,0.0
2.4999999999999973,152.49999999999997,19.4304649002443,0.0
7.499999999999991,152.49999999999997,19.432596108825397,0.0
12.499999999999986,152.49999999999997,19.433058505322336,0.0
17.500000000000007,152.49999999999997,19.43313656860837,0.0
22.5,152.49999999999997,19.433085762929142,0.0
27.499999999999993,152.49999999999997,19.43276786305743,0.0
32.499999999999986,152.49999999999997,19.431524485992885,0.0
37.499999999999986,152.49999999999997,19.42767978167609,0.0
42.5,152.49999999999997,19.418128838062405,0.0
47.5,152.49999999999997,19.39875828332615,0.0
52.49999999999999,152.49999999999997,19.366017120842958,0.0
57.499999999999986,152.49999999999997,19.31867257794587,0.0
62.49999999999998,152.49999999999997,19.25748352556579,0.0
67.49999999999997,152.49999999999997,19.180075394444295,0.0
72.49999999999997,152.49999999999997,19.07154764135075,0.0
77.50000000000001,152.49999999999997,18.902135045773157,0.0
82.50000000000001,152.49999999999997,18.652963793759398,0.0
87.5,152.49999999999997,18.36929162565606,0.0
92.5,152.49999999999997,18.180361984536045,0.0
97.49999999999999,152.49999999999997,18.217044424486676,0.0
102.49999999999999,152.49999999999997,18.484223895042238,0.0
107.49999999999999,152.49999999999997,18.84336591780216,0.0
112.49999999999997,152.49999999999997,19.129721903283286,0.0
117.49999999999997,152.49999999999997,19.246826727579634,0.0
122.50000000000001,152.49999999999997,19.132114458328054,0.0
127.50000000000001,152.49999999999997,18.672224534596626,0.0
132.5,152.49999999999997,17.719508404732025,0.0
137.5,152.49999999999997,16.26326008205097,0.0
142.5,152.49999999999997,14.590939245593702,0.0
147.49999999999997,152.49999999999997,13.157085978400948,16.0
152.49999999999997,152.49999999999997,12.180316596561156,6.0
157.49999999999997,152.49999999999997,11.441442290690329,28.0
162.49999999999997,152.49999999999997,10.571079171314198,30.0
167.5,152.49999999999997,9.43540771427726,10.0
172.5,152.49999999999997,8.161183652458481,80.0
177.5,152.49999999999997,6.940125733416885,24.0
-177.5,157.49999999999997,5.61618554414486,98.0
-172.5,157.49999999999997,4.822127393395477,157.0
-167.5,157.49999999999997,4.083682515017332,105.0
-162.5,157.49999999999997,3.1386557596596942,182.0
-157.5,157.49999999999997,1.8854786431382404,54.0
-152.5,157.49999999999997,0.6850142147315726,50.0
-147.5,157.49999999999997,0.1720909465707503,89.0
-142.5,157.49999999999997,0.6811951953456631,102.0
-137.5,157.49999999999997,1.9270221427705627,94.0
-132.5,157.49999999999997,3.2969166315173983,57.0
-127.50000000000001,157.49999999999997,4.385017732282567,48.0
-122.50000000000001,157.49999999999997,5.191929618812602,69.0
-117.50000000000001,157.49999999999997,5.891471160377939,55.0
-112.5,157.49999999999997,6.5184366080743,77.0
-107.5,157.49999999999997,6.911178465378119,35.0
-102.5,157.49999999999997,6.9014566623517695,41.0
-97.5,157.49999999999997,6.471935561643912,90.0
-92.50000000000001,157.49999999999997,5.7417500177373775,77.0
-87.5,157.49999999999997,4.928630284053894,113.0
-82.50000000000001,157.49999999999997,4.310798100270703,127.0
-77.5,157.49999999999997,4.056055804984951,120.0
-72.5,157.49999999999997,4.126986280906552,87.0
-67.5,157.49999999999997,4.5089177434722485,61.0
-62.50000000000001,157.49999999999997,5.382710534157525,30.0
-57.500000000000014,157.49999999999997,6.862926203073129,42.0
-52.500000000000014,157.49999999999997,8.728660812030661,35.0
-47.5,157.49999999999997,10.632460548985089,78.0
-42.5,157.49999999999997,12.452257103958596,82.0
-37.50000000000001,157.49999999999997,14.255084930897215,20.0
-32.500000000000014,157.49999999999997,16.00586356034302,0.0
-27.499999999999993,157.49999999999997,17.489987925944433,0.0
-22.5,157.49999999999997,18.514835355022655,0.0
-17.500000000000007,157.49999999999997,19.07690630090589,0.0
-12.50000000000001,157.49999999999997,19.320356446867425,0.0
-7.500000000000017,157.49999999999997,19.403888935188384,0.0
-2.4999999999999973,157.49999999999997,19.426832883652754,0.0
2.4999999999999973,157.49999999999997,19.431986910357125,0.0
7.499999999999991,157.49999999999997,19.43296833071789,0.0
12.499999999999986,157.49999999999997,19.4331290177434,0.0
17.500000000000007,157.49999999999997,19.43311406221978,0.0
22.5,157.49999999999997,19.432872494294976,0.0
27.499999999999993,157.49999999999997,19.43170001026417,0.0
32.499999999999986,157.49999999999997,19.427255279288666,0.0
37.499999999999986,157.49999999999997,19.41386550903055,0.0
42.5,157.49999999999997,19.381534896918676,0.0
47.5,157.49999999999997,19.318161849374157,0.0
52.49999999999999,157.49999999999997,19.215731630420372,0.0
57.499999999999986,157.49999999999997,19.076919993164825,0.0
62.49999999999998,157.49999999999997,18.915219783306455,0.0
67.49999999999997,157.49999999999997,18.74195955217826,0.0
72.49999999999997,157.49999999999997,18.54327465434218,0.0
77.50000000000001,157.49999999999997,18.27305790504984,0.0
82.50000000000001,157.49999999999997,17.899167513962823,0.0
87.5,157.49999999999997,17.492645356047074,0.0
92.5,157.49999999999997,17.25473613275437,0.0
97.49999999999999,157.49999999999997,17.380583483062725,0.0
102.49999999999999,157.49999999999997,17.861794344618723,0.0
107.49999999999999,157.49999999999997,18.470244394710015,0.0
112.49999999999997,157.49999999999997,18.9500528999782,0.0
117.49999999999997,157.49999999999997,19.16821820543428,0.0
122.50000000000001,157.49999999999997,19.065027607529814,0.0
127.50000000000001,157.49999999999997,18.5278397504378,0.0
132.5,157.49999999999997,17.40539103045998,0.0
137.5,157.49999999999997,15.722253873278554,0.0
142.5,157.49999999999997,13.861446880694565,28.0
147.49999999999997,157.49999999999997,12.367898488733818,38.0
152.49999999999997,157.49999999999997,11.450321724615833,41.0
157.49999999999997,157.49999999999997,10.793020865334785,23.0
162.49999999999997,157.49999999999997,9.966426769795724,95.0
167.5,157.49999999999997,8.873692454594325,52.0
172.5,157.49999999999997,7.6917632024462215,103.0
177.5,157.49999999999997,6.581126783459229,26.0
-177.5,162.49999999999997,6.042721574607987,58.0
-172.5,162.49999999999997,5.254039526250246,84.0
-167.5,162.49999999999997,4.420553019850063,130.0
-162.5,162.49999999999997,3.366782215746174,99.0
-157.5,162.49999999999997,2.058728079768191,144.0
-152.5,162.49999999999997,0.850726364009132,59.0
-147.5,162.49999999999997,0.3052053939469555,99.0
-142.5,162.49999999999997,0.6943554881797179,56.0
-137.5,162.49999999999997,1.7681564417647708,83.0
-132.5,162.49999999999997,3.0328113210377485,44.0
-127.50000000000001,162.49999999999997,4.159559810326932,62.0
-122.50000000000001,162.49999999999997,5.100167176648209,81.0
-117.50000000000001,162.49999999999997,5.921487270202149,68.0
-112.5,162.49999999999997,6.6202366261267,44.0
-107.5,162.49999999999997,7.082497120264227,11.0
-102.5,162.49999999999997,7.168511415693208,83.0
-97.5,162.49999999999997,6.79909446487476,51.0
-92.50000000000001,162.49999999999997,6.003321699803379,53.0
-87.5,162.49999999999997,4.994027641197828,89.0
-82.50000000000001,162.49999999999997,4.166510570094731,95.0
-77.5,162.49999999999997,3.8604914273435846,149.0
-72.5,162.49999999999997,4.150661505746335,69.0
-67.5,162.49999999999997,4.993665948838763,55.0
-62.50000000000001,162.49999999999997,6.410501923942094,11.0
-57.500000000000014,162.49999999999997,8.31144123604279,14.0
-52.500000000000014,162.49999999999997,10.332874776552352,30.0
-47.5,162.49999999999997,12.113316143375188,57.0
-42.5,162.49999999999997,13.629356226554718,48.0
-37.50000000000001,162.49999999999997,15.077833492630997,14.0
-32.500000000000014,162.49999999999997,16.51586691712115,0.0
-27.499999999999993,162.49999999999997,17.769176606707934,0.0
-22.5,162.49999999999997,18.648382948681448,0.0
-17.500000000000007,162.49999999999997,19.13228768743087,0.0
-12.50000000000001,162.49999999999997,19.34028944990549,0.0
-7.500000000000017,162.49999999999997,19.410184843421113,0.0
-2.4999999999999973,162.49999999999997,19.428603034364173,0.0
2.4999999999999973,162.49999999999997,19.432431567578096,0.0
7.499999999999991,162.49999999999997,19.43306495849852,0.0
12.499999999999986,162.49999999999997,19.433132500562024,0.0
17.500000000000007,162.49999999999997,19.43300869231102,0.0
22.5,162.49999999999997,19.432240901201578,0.0
27.499999999999993,162.49999999999997,19.428712856338734,0.0
32.499999999999986,162.49999999999997,19.415825147032166,0.0
37.499999999999986,162.49999999999997,19.37832154332548,0.0
42.5,162.49999999999997,19.29091172201897,0.0
47.5,162.49999999999997,19.12616612979597,0.0
52.49999999999999,162.49999999999997,18.872208584602877,0.0
57.499999999999986,162.49999999999997,18.549386713284573,0.0
62.49999999999998,162.49999999999997,18.209452235148838,0.0
67.49999999999997,162.49999999999997,17.904747306357848,0.0
72.49999999999997,162.49999999999997,17.637463575727416,0.0
77.50000000000001,162.49999999999997,17.342029497193497,0.0
82.50000000000001,162.49999999999997,16.958637401961262,5.0
87.5,162.49999999999997,16.562788038850485,7.0
92.5,162.49999999999997,16.39477088119605,48.0
97.49999999999999,162.49999999999997,16.677291538910772,65.0
102.49999999999999,162.49999999999997,17.37534716394673,9.0
107.49999999999999,162.49999999999997,18.193940421913613,0.0
112.49999999999997,162.49999999999997,18.823579001414682,0.0
117.49999999999997,162.49999999999997,19.121477562471753,0.0
122.50000000000001,162.49999999999997,19.046126951791155,0.0
127.50000000000001,162.49999999999997,18.50019074265262,0.0
132.5,162.49999999999997,17.333106468427143,0.0
137.5,162.49999999999997,15.570026250869436,0.0
142.5,162.49999999999997,13.6161744816532,20.0
147.49999999999997,162.49999999999997,12.057257673397583,93.0
152.49999999999997,162.49999999999997,11.1282253928021,38.0
157.49999999999997,162.49999999999997,10.506949476901651,17.0
162.49999999999997,162.49999999999997,9.75307984466054,56.0
167.5,162.49999999999997,8.7830833500065,65.0
172.5,162.49999999999997,7.784192360700326,22.0
177.5,162.49999999999997,6.874892273315048,10.0
-177.5,167.5,6.74457603119423,5.0
-172.5,167.5,6.109165178446149,47.0
-167.5,167.5,5.301673240588464,87.0
-162.5,167.5,4.191283545135648,19.0
-157.5,167.5,2.8330151860027764,60.0
-152.5,167.5,1.5822584615372173,172.0
-147.5,167.5,0.8902879361059464,89.0
-142.5,167.5,0.9468241041915629,119.0
-137.5,167.5,1.601933210880757,52.0
-132.5,167.5,2.6094274103114996,128.0
-127.50000000000001,167.5,3.8184837012474278,168.0
-122.50000000000001,167.5,5.126964195530663,130.0
-117.50000000000001,167.5,6.3878483154695616,76.0
-112.5,167.5,7.4269274979308495,97.0
-107.5,167.5,8.098950766700346,99.0
-102.5,167.5,8.29980122595511,68.0
-97.5,167.5,7.959408063297177,78.0
-92.50000000000001,167.5,7.088898261686588,55.0
-87.5,167.5,5.903733552580468,91.0
-82.50000000000001,167.5,4.850101009465362,70.0
-77.5,167.5,4.368359871104821,45.0
-72.5,167.5,4.647140050080493,38.0
-67.5,167.5,5.692857633216813,54.0
-62.50000000000001,167.5,7.45943662922974,57.0
-57.500000000000014,167.5,9.70584411097088,54.0
-52.500000000000014,167.5,11.922186996495713,30.0
-47.5,167.5,13.676087130631128,47.0
-42.5,167.5,14.962183193959586,17.0
-37.50000000000001,167.5,16.059509615477793,21.0
-32.500000000000014,167.5,17.13289099930635,0.0
-27.499999999999993,167.5,18.095595472264744,0.0
-22.5,167.5,18.792126528865097,0.0
-17.500000000000007,167.5,19.184665259051684,0.0
-12.50000000000001,167.5,19.35608704326292,0.0
-7.500000000000017,167.5,19.414162570519977,0.0
-2.4999999999999973,167.5,19.429455638017217,0.0
2.4999999999999973,167.5,19.43259137394633,0.0
7.499999999999991,167.5,19.433086400863363,0.0
12.499999999999986,167.5,19.433090644375334,0.0
17.500000000000007,167.5,19.43271006872936,0.0
22.5,167.5,19.430642878972236,0.0
27.499999999999993,167.5,19.421717926787966,0.0
32.499999999999986,167.5,19.39079397729487,0.0
37.499999999999986,167.5,19.30501219424366,0.0
42.5,167.5,19.11416169524649,0.0
47.5,167.5,18.771506525494647,0.0
52.49999999999999,167.5,18.27138425718175,0.0
57.499999999999986,167.5,17.677710292741228,0.0
62.49999999999998,167.5,17.114632772111026,0.0
67.49999999999997,167.5,16.704392290693264,37.0
72.49999999999997,167.5,16.475268434105267,34.0
77.50000000000001,167.5,16.329197517117198,40.0
82.50000000000001,167.5,16.149287970881712,13.0
87.5,167.5,15.971375522075972,0.0
92.5,167.5,16.013717897716283,83.0
97.49999999999999,167.5,16.473770921348134,5.0
102.49999999999999,167.5,17.292417371080706,0.0
107.49999999999999,167.5,18.17240537656486,0.0
112.49999999999997,167.5,18.82541254516411,0.0
117.49999999999997,167.5,19.13697705005144,0.0
122.50000000000001,167.5,19.090710669871992,0.0
127.50000000000001,167.5,18.608086858351093,0.0
132.5,167.5,17.537900034165958,0.0
137.5,167.5,15.866123771731445,0.0
142.5,167.5,13.934053374023764,31.0
147.49999999999997,167.5,12.300889720617283,81.0
152.49999999999997,167.5,11.255937472573637,42.0
157.49999999999997,167.5,10.565119340688113,23.0
162.49999999999997,167.5,9.826203662055487,30.0
167.5,167.5,8.93755730098295,43.0
172.5,167.5,8.073268266835212,23.0
177.5,167.5,7.357669727502177,20.0
-177.5,172.5,7.06965540700194,15.0
-172.5,172.5,6.646895998080538,8.0
-167.5,172.5,5.9983366319344285,58.0
-162.5,172.5,4.979830492377333,41.0
-157.5,172.5,3.6949816712579593,70.0
-152.5,172.5,2.4660383135609156,81.0
-147.5,172.5,1.6250457176766229,133.0
-142.5,172.5,1.3190548409068124,153.0
-137.5,172.5,1.5552067668536367,102.0
-132.5,172.5,2.3633452863153694,136.0
-127.50000000000001,172.5,3.7640302240476475,155.0
-122.50000000000001,172.5,5.5770616284534755,38.0
-117.50000000000001,172.5,7.407776255878729,55.0
-112.5,172.5,8.873400637836935,65.0
-107.5,172.5,9.776151648225124,11.0
-102.5,172.5,10.061626847987947,28.0
-97.5,172.5,9.710086942026173,13.0
-92.50000000000001,172.5,8.754399019666128,70.0
-87.5,172.5,7.422286395526218,81.0
-82.50000000000001,172.5,6.174402133171091,56.0
-77.5,172.5,5.486860720638827,44.0
-72.5,172.5,5.624226818892327,68.0
-67.5,172.5,6.670936021988355,91.0
-62.50000000000001,172.5,8.586339161646343,100.0
-57.500000000000014,172.5,11.04499663296173,62.0
-52.500000000000014,172.5,13.421337528877004,5.0
-47.5,172.5,15.196035353303532,22.0
-42.5,172.5,16.328512645701537,27.0
-37.50000000000001,172.5,17.12530473299988,5.0
-32.500000000000014,172.5,17.83856068612974,0.0
-27.499999999999993,172.5,18.48481162279626,0.0
-22.5,172.5,18.96845999728539,0.0
-17.500000000000007,172.5,19.249630118548577,0.0
-12.50000000000001,172.5,19.37541513360261,0.0
-7.500000000000017,172.5,19.41878625333865,0.0
-2.4999999999999973,172.5,19.430343879929747,0.0
2.4999999999999973,172.5,19.432726891947,0.0
7.499999999999991,172.5,19.4330849890902,0.0
12.499999999999986,172.5,19.43295999968563,0.0
17.500000000000007,172.5,19.43194431354411,0.0
22.5,172.5,19.4269899731879,0.0
27.499999999999993,172.5,19.407341167231593,0.0
32.499999999999986,172.5,19.344137840055115,0.0
37.499999999999986,172.5,19.180133671037968,0.0
42.5,172.5,18.837540173577235,0.0
47.5,172.5,18.26028196203863,0.0
52.49999999999999,172.5,17.473418826236884,0.0
57.499999999999986,172.5,16.612161727995485,0.0
62.49999999999998,172.5,15.888244693510364,0.0
67.49999999999997,172.5,15.491058504575843,19.0
72.49999999999997,172.5,15.459962819546393,56.0
77.50000000000001,172.5,15.64368056598586,30.0
82.50000000000001,172.5,15.842222452614465,24.0
87.5,172.5,16.014738426210215,29.0
92.5,172.5,16.311454674347342,16.0
97.49999999999999,172.5,16.877399772180325,0.0
102.49999999999999,172.5,17.654997278629665,0.0
107.49999999999999,172.5,18.41474081239539,0.0
112.49999999999997,172.5,18.952775931582515,0.0
117.49999999999997,172.5,19.204196881471784,0.0
122.50000000000001,172.5,19.168764140796448,0.0
127.50000000000001,172.5,18.777293662291676,0.0
132.5,172.5,17.87621069502434,0.0
137.5,172.5,16.398809369523303,15.0
142.5,172.5,14.580511377103567,16.0
147.49999999999997,172.5,12.907184806157051,108.0
152.49999999999997,172.5,11.716950091376809,25.0
157.49999999999997,172.5,10.89623385645538,33.0
162.49999999999997,172.5,10.090623599950812,24.0
167.5,172.5,9.148639413253699,35.0
172.5,172.5,8.22722278411919,43.0
177.5,172.5,7.530458254079889,52.0
-177.5,177.5,6.8188751735440505,39.0
-172.5,177.5,6.481648963348352,73.0
-167.5,177.5,5.995649547190855,93.0
-162.5,177.5,5.188307791561879,40.0
-157.5,177.5,4.143292695249523,68.0
-152.5,177.5,3.0853255943170077,33.0
-147.5,177.5,2.2310583852183345,90.0
-142.5,177.5,1.736011372896692,116.0
-137.5,177.5,1.7688038559695762,88.0
-132.5,177.5,2.555355213695205,98.0
-127.50000000000001,177.5,4.19998060734527,75.0
-122.50000000000001,177.5,6.440947206848497,13.0
-117.50000000000001,177.5,8.713390982800178,16.0
-112.5,177.5,10.505106490605282,43.0
-107.5,177.5,11.59025949473323,25.0
-102.5,177.5,11.943958980731345,60.0
-97.5,177.5,11.57130503895665,10.0
-92.50000000000001,177.5,10.524769452475589,45.0
-87.5,177.5,9.068631986177364,14.0
-82.50000000000001,177.5,7.700078980390301,40.0
-77.5,177.5,6.9134096376074465,52.0
-72.5,177.5,6.990684383045825,54.0
-67.5,177.5,8.033055929002842,64.0
-62.50000000000001,177.5,9.98220721181606,65.0
-57.500000000000014,177.5,12.464797753326643,55.0
-52.500000000000014,177.5,14.82217644282035,0.0
-47.5,177.5,16.523619517875233,0.0
-42.5,177.5,17.510200217130016,0.0
-37.50000000000001,177.5,18.073617447044754,0.0
-32.500000000000014,177.5,18.496050376440554,0.0
-27.499999999999993,177.5,18.866180215399126,0.0
-22.5,177.5,19.149658723084706,0.0
-17.500000000000007,177.5,19.319193908523378,0.0
-12.50000000000001,177.5,19.396794735075513,0.0
-7.500000000000017,177.5,19.424011952214666,0.0
-2.4999999999999973,177.5,19.431354317789808,0.0
2.4999999999999973,177.5,19.432874322659455,0.0
7.499999999999991,177.5,19.43304815544101,0.0
12.499999999999986,177.5,19.432607096641004,0.0
17.500000000000007,177.5,19.430101199904854,0.0
22.5,177.5,19.419164869294185,0.0
27.499999999999993,177.5,19.380080988645062,0.0
32.499999999999986,177.5,19.265960693208132,0.0
37.499999999999986,177.5,18.99514400362115,0.0
42.5,177.5,18.475349930419444,0.0
47.5,177.5,17.67061082433156,0.0
52.49999999999999,177.5,16.66865755309505,54.0
57.499999999999986,177.5,15.683439594541033,45.0
62.49999999999998,177.5,14.981860658341667,7.0
67.49999999999997,177.5,14.765409682323847,73.0
72.49999999999997,177.5,15.043990760836452,14.0
77.50000000000001,177.5,15.606340932644773,0.0
82.50000000000001,177.5,16.180594812912656,0.0
87.5,177.5,16.654292926281148,14.0
92.5,177.5,17.10867787947048,0.0
97.49999999999999,177.5,17.648073973301752,0.0
102.49999999999999,177.5,18.24709888391881,0.0
107.49999999999999,177.5,18.776249468488935,0.0
112.49999999999997,177.5,19.129508839349207,0.0
117.49999999999997,177.5,19.28281162969217,0.0
122.50000000000001,177.5,19.232672224805228,0.0
127.50000000000001,177.5,18.902942205960183,0.0
132.5,177.5,18.136442775816747,0.0
137.5,177.5,16.833335970519794,0.0
142.5,177.5,15.149973290813307,12.0
147.49999999999997,177.5,13.503413644955874,26.0
152.49999999999997,177.5,12.25076020907612,42.0
157.49999999999997,177.5,11.356172244426263,25.0
162.49999999999997,177.5,10.479788848982619,0.0
167.5,177.5,9.398419636097543,37.0
172.5,177.5,8.247352845444105,109.0
177.5,177.5,7.341946997645504,60.0
