chemical_formula,elasticity.bulk_modulus_vrh,elasticity.computed_on_structure_iri,elasticity.instance_iri,elasticity.rdfs_comment,elasticity.rdfs_label,elasticity.shear_modulus_vrh,elasticity.units,elasticity.youngs_modulus,output_json_path,source_identifier,source_identifier_type,structure_iri,structure_name
O4SnSr2,0.7373639448075875,https://elagente.ca/grafico/ConceptualAtoms_0016ed1a-51a4-423a-a0d2-650a2db7a466,https://elagente.ca/ontomlff/MLFFElasticityResult_9973487e-64c4-422a-8086-d5f2376e88c3,[],[],0.4327968410210439,eV/Å^3,1.085928152903415,/scratch/kenko/akg4pyscf/.graphchat-workspaces/kenko_room/mlff_elasticity_benchmark/workflow_runs/MatterSim/elasticity_MatterSim/structures/O4SnSr2_3cffef74/output.json,mp-3376,cif,https://elagente.ca/grafico/ConceptualAtoms_0016ed1a-51a4-423a-a0d2-650a2db7a466,mp-3376
Rh6V2,1.545339763247397,https://elagente.ca/grafico/ConceptualAtoms_002ebfb1-c78e-47f2-b732-16aca6a9202b,https://elagente.ca/ontomlff/MLFFElasticityResult_6a3c53f4-9cfe-4594-8bab-49571c2c72bf,[],[],0.6993274001705112,eV/Å^3,1.8229904289999161,/scratch/kenko/akg4pyscf/.graphchat-workspaces/kenko_room/mlff_elasticity_benchmark/workflow_runs/MatterSim/elasticity_MatterSim/structures/Rh6V2_d1b15de0/output.json,mp-866161,cif,https://elagente.ca/grafico/ConceptualAtoms_002ebfb1-c78e-47f2-b732-16aca6a9202b,mp-866161
Cl6Cs2Ge,0.15681873951075465,https://elagente.ca/grafico/ConceptualAtoms_0040c318-a0a0-4e6d-88bc-92e15f0a163f,https://elagente.ca/ontomlff/MLFFElasticityResult_a7618080-b0b2-4adc-9305-bcd835370e9e,[],[],0.09375915427148822,eV/Å^3,0.2345358490614358,/scratch/kenko/akg4pyscf/.graphchat-workspaces/kenko_room/mlff_elasticity_benchmark/workflow_runs/MatterSim/elasticity_MatterSim/structures/Cl6Cs2Ge_ef3cc0a8/output.json,mp-27882,cif,https://elagente.ca/grafico/ConceptualAtoms_0040c318-a0a0-4e6d-88bc-92e15f0a163f,mp-27882
Hf6Rh6Sn6,0.9430361790839659,https://elagente.ca/grafico/ConceptualAtoms_007f32b0-87dd-4359-9be7-55b713bdd70d,https://elagente.ca/ontomlff/MLFFElasticityResult_2107c8eb-5e0a-47f6-8a47-50084f3fa744,[],[],0.40966579664903935,eV/Å^3,1.0735440786242934,/scratch/kenko/akg4pyscf/.graphchat-workspaces/kenko_room/mlff_elasticity_benchmark/workflow_runs/MatterSim/elasticity_MatterSim/structures/Hf6Rh6Sn6_c0293796/output.json,mp-2960,cif,https://elagente.ca/grafico/ConceptualAtoms_007f32b0-87dd-4359-9be7-55b713bdd70d,mp-2960
N2Nb2O2,1.3308276683241629,https://elagente.ca/grafico/ConceptualAtoms_008777d4-0eaf-41d7-b9fd-8216c183271e,https://elagente.ca/ontomlff/MLFFElasticityResult_c08f788d-995f-4fb4-8e44-fc309646580d,[],[],0.5855042609330467,eV/Å^3,1.531862590700183,/scratch/kenko/akg4pyscf/.graphchat-workspaces/kenko_room/mlff_elasticity_benchmark/workflow_runs/MatterSim/elasticity_MatterSim/structures/N2Nb2O2_d56607be/output.json,mp-752463,cif,https://elagente.ca/grafico/ConceptualAtoms_008777d4-0eaf-41d7-b9fd-8216c183271e,mp-752463
Bi8Pt4,0.556673566138333,https://elagente.ca/grafico/ConceptualAtoms_00e766b6-4d2b-4833-b927-2e836cc19953,https://elagente.ca/ontomlff/MLFFElasticityResult_fdee9174-4646-42e2-80bb-44b1dd2c6967,[],[],0.21599700046008302,eV/Å^3,0.5737795490133168,/scratch/kenko/akg4pyscf/.graphchat-workspaces/kenko_room/mlff_elasticity_benchmark/workflow_runs/MatterSim/elasticity_MatterSim/structures/Bi8Pt4_7e5013f4/output.json,mp-22864,cif,https://elagente.ca/grafico/ConceptualAtoms_00e766b6-4d2b-4833-b927-2e836cc19953,mp-22864
Al3Si2Tb2,0.5466386121286468,https://elagente.ca/grafico/ConceptualAtoms_01412ec0-154d-4ba6-a6f6-c92dad5e9ed5,https://elagente.ca/ontomlff/MLFFElasticityResult_b8da692d-16b4-4351-8476-39f3f0c94b48,[],[],0.3397757526900449,eV/Å^3,0.8443794589991117,/scratch/kenko/akg4pyscf/.graphchat-workspaces/kenko_room/mlff_elasticity_benchmark/workflow_runs/MatterSim/elasticity_MatterSim/structures/Al3Si2Tb2_20415b09/output.json,mp-3194,cif,https://elagente.ca/grafico/ConceptualAtoms_01412ec0-154d-4ba6-a6f6-c92dad5e9ed5,mp-3194
Hg2TbTm,0.41371117724941714,https://elagente.ca/grafico/ConceptualAtoms_014a7f88-dec9-4c82-9e82-282410c08b7a,https://elagente.ca/ontomlff/MLFFElasticityResult_9b5a029e-1707-49d8-86ac-ac973057cd24,[],[],0.1440080558423672,eV/Å^3,0.3871082101983532,/scratch/kenko/akg4pyscf/.graphchat-workspaces/kenko_room/mlff_elasticity_benchmark/workflow_runs/MatterSim/elasticity_MatterSim/structures/Hg2TbTm_99dd0c8e/output.json,mp-978988,cif,https://elagente.ca/grafico/ConceptualAtoms_014a7f88-dec9-4c82-9e82-282410c08b7a,mp-978988
Au2Er,0.6488173549009759,https://elagente.ca/grafico/ConceptualAtoms_0196f4b8-993a-44f7-ad12-3fb7a0f3b6b2,https://elagente.ca/ontomlff/MLFFElasticityResult_7a1d62c0-c41a-40f5-a83d-0067befda5db,[],[],0.24446417534194426,eV/Å^3,0.6515600050924086,/scratch/kenko/akg4pyscf/.graphchat-workspaces/kenko_room/mlff_elasticity_benchmark/workflow_runs/MatterSim/elasticity_MatterSim/structures/Au2Er_b5e81b94/output.json,mp-2466,cif,https://elagente.ca/grafico/ConceptualAtoms_0196f4b8-993a-44f7-ad12-3fb7a0f3b6b2,mp-2466
Nb2O5,1.1948360490428271,https://elagente.ca/grafico/ConceptualAtoms_021eac77-5516-46d3-b87e-bf7d626439ac,https://elagente.ca/ontomlff/MLFFElasticityResult_89f3e424-3bea-4353-991f-6d57d37f0dd0,[],[],0.5572027673888845,eV/Å^3,1.446719411758417,/scratch/kenko/akg4pyscf/.graphchat-workspaces/kenko_room/mlff_elasticity_benchmark/workflow_runs/MatterSim/elasticity_MatterSim/structures/Nb2O5_228f8236/output.json,mp-1595,cif,https://elagente.ca/grafico/ConceptualAtoms_021eac77-5516-46d3-b87e-bf7d626439ac,mp-1595
IrRu,2.078193135367247,https://elagente.ca/grafico/ConceptualAtoms_0298d19d-6fa8-406d-b44b-e5a4971abe91,https://elagente.ca/ontomlff/MLFFElasticityResult_4abcb996-06ea-4959-a7ec-bf4bf2a18640,[],[],1.1226822447661196,eV/Å^3,2.8540992294283583,/scratch/kenko/akg4pyscf/.graphchat-workspaces/kenko_room/mlff_elasticity_benchmark/workflow_runs/MatterSim/elasticity_MatterSim/structures/IrRu_c79f2be7/output.json,mp-1223860,cif,https://elagente.ca/grafico/ConceptualAtoms_0298d19d-6fa8-406d-b44b-e5a4971abe91,mp-1223860
Fe2Li2P2,0.7514741083477021,https://elagente.ca/grafico/ConceptualAtoms_030e991d-9281-4183-b6f2-c0196c041c6e,https://elagente.ca/ontomlff/MLFFElasticityResult_c2d448ae-23ad-4f2d-9cf6-01acd00e669c,[],[],0.5003211815710014,eV/Å^3,1.2283560034363834,/scratch/kenko/akg4pyscf/.graphchat-workspaces/kenko_room/mlff_elasticity_benchmark/workflow_runs/MatterSim/elasticity_MatterSim/structures/Fe2Li2P2_1cb6eb3b/output.json,mp-20049,cif,https://elagente.ca/grafico/ConceptualAtoms_030e991d-9281-4183-b6f2-c0196c041c6e,mp-20049
C3B12,0.9901268847201495,https://elagente.ca/grafico/ConceptualAtoms_0360c786-d338-4dbb-9107-4f9f0a958b32,https://elagente.ca/ontomlff/MLFFElasticityResult_e5339836-3c58-44d5-8ae2-cb33babf6b6f,[],[],0.5545636295632905,eV/Å^3,1.4019498841686377,/scratch/kenko/akg4pyscf/.graphchat-workspaces/kenko_room/mlff_elasticity_benchmark/workflow_runs/MatterSim/elasticity_MatterSim/structures/C3B12_b15ead7b/output.json,mp-571655,cif,https://elagente.ca/grafico/ConceptualAtoms_0360c786-d338-4dbb-9107-4f9f0a958b32,mp-571655
BiF6Rb,0.4181603455024242,https://elagente.ca/grafico/ConceptualAtoms_037fdc18-2271-41a1-9294-95f3383d5c1d,https://elagente.ca/ontomlff/MLFFElasticityResult_52e75c08-7e66-4789-b236-0fb7d54a0d64,[],[],0.20232619316777412,eV/Å^3,0.5226793923331136,/scratch/kenko/akg4pyscf/.graphchat-workspaces/kenko_room/mlff_elasticity_benchmark/workflow_runs/MatterSim/elasticity_MatterSim/structures/BiF6Rb_caa4e0d2/output.json,mp-27421,cif,https://elagente.ca/grafico/ConceptualAtoms_037fdc18-2271-41a1-9294-95f3383d5c1d,mp-27421
CaCu2Si2,0.5855287535048488,https://elagente.ca/grafico/ConceptualAtoms_03c8daca-30ac-45bf-9f1d-0017ef96899c,https://elagente.ca/ontomlff/MLFFElasticityResult_b935f070-5887-4199-bebb-3a21440477f4,[],[],0.328327836458319,eV/Å^3,0.829870401813475,/scratch/kenko/akg4pyscf/.graphchat-workspaces/kenko_room/mlff_elasticity_benchmark/workflow_runs/MatterSim/elasticity_MatterSim/structures/CaCu2Si2_01c69920/output.json,mp-5486,cif,https://elagente.ca/grafico/ConceptualAtoms_03c8daca-30ac-45bf-9f1d-0017ef96899c,mp-5486
Ba2N4Ti2,0.9249438890141071,https://elagente.ca/grafico/ConceptualAtoms_0459f929-309e-43c5-8c65-cabd72a82aa8,https://elagente.ca/ontomlff/MLFFElasticityResult_00ee0d23-1e51-4105-8cd6-f9aafbaf3f1a,[],[],0.5686403912394675,eV/Å^3,1.4157869459643249,/scratch/kenko/akg4pyscf/.graphchat-workspaces/kenko_room/mlff_elasticity_benchmark/workflow_runs/MatterSim/elasticity_MatterSim/structures/Ba2N4Ti2_c07b0c5b/output.json,mp-1029374,cif,https://elagente.ca/grafico/ConceptualAtoms_0459f929-309e-43c5-8c65-cabd72a82aa8,mp-1029374
Cr2N6Sr6,0.5257129467535635,https://elagente.ca/grafico/ConceptualAtoms_045a2f45-2292-4df4-95c8-4bd3581988c4,https://elagente.ca/ontomlff/MLFFElasticityResult_596e669b-cf31-462b-af8d-4308bec1fc4e,[],[],0.3085176951157167,eV/Å^3,0.7741206801124699,/scratch/kenko/akg4pyscf/.graphchat-workspaces/kenko_room/mlff_elasticity_benchmark/workflow_runs/MatterSim/elasticity_MatterSim/structures/Cr2N6Sr6_6baa81ce/output.json,mp-12906,cif,https://elagente.ca/grafico/ConceptualAtoms_045a2f45-2292-4df4-95c8-4bd3581988c4,mp-12906
CaGe2Ni2,0.6383385025907964,https://elagente.ca/grafico/ConceptualAtoms_048d99a6-aa7b-4186-bcf7-4364a8b03e60,https://elagente.ca/ontomlff/MLFFElasticityResult_848eb551-bb18-42e6-a113-54972be650f0,[],[],0.2998830593148262,eV/Å^3,0.777842449726285,/scratch/kenko/akg4pyscf/.graphchat-workspaces/kenko_room/mlff_elasticity_benchmark/workflow_runs/MatterSim/elasticity_MatterSim/structures/CaGe2Ni2_b13d15d0/output.json,mp-2949,cif,https://elagente.ca/grafico/ConceptualAtoms_048d99a6-aa7b-4186-bcf7-4364a8b03e60,mp-2949
H4Ti2,0.5307167469305589,https://elagente.ca/grafico/ConceptualAtoms_04e3672e-0abb-4905-84c1-aec83a6840db,https://elagente.ca/ontomlff/MLFFElasticityResult_19b7c0f7-cfce-4226-b18f-65e21638b4d7,[],[],-1.497282846533626,eV/Å^3,-75.38625667815651,/scratch/kenko/akg4pyscf/.graphchat-workspaces/kenko_room/mlff_elasticity_benchmark/workflow_runs/MatterSim/elasticity_MatterSim/structures/H4Ti2_4ce1e8ae/output.json,mp-1077353,cif,https://elagente.ca/grafico/ConceptualAtoms_04e3672e-0abb-4905-84c1-aec83a6840db,mp-1077353
CuHgO2,0.42961532031156296,https://elagente.ca/grafico/ConceptualAtoms_05314fe1-bf42-408e-804b-61b80addfc5a,https://elagente.ca/ontomlff/MLFFElasticityResult_4d4ec5da-ccf2-4088-a652-ca9cac35e2a7,[],[],0.1639392018041333,eV/Å^3,0.4363185627924112,/scratch/kenko/akg4pyscf/.graphchat-workspaces/kenko_room/mlff_elasticity_benchmark/workflow_runs/MatterSim/elasticity_MatterSim/structures/CuHgO2_5e917a4f/output.json,mp-996973,cif,https://elagente.ca/grafico/ConceptualAtoms_05314fe1-bf42-408e-804b-61b80addfc5a,mp-996973
O8Zr4,1.3452215498260203,https://elagente.ca/grafico/ConceptualAtoms_059d29c2-d7ac-4dc1-a146-2e8221db7229,https://elagente.ca/ontomlff/MLFFElasticityResult_4025852b-1812-4ce0-b613-67881144c581,[],[],0.6438673587748518,eV/Å^3,1.6658285919475477,/scratch/kenko/akg4pyscf/.graphchat-workspaces/kenko_room/mlff_elasticity_benchmark/workflow_runs/MatterSim/elasticity_MatterSim/structures/O8Zr4_b8377201/output.json,mp-755089,cif,https://elagente.ca/grafico/ConceptualAtoms_059d29c2-d7ac-4dc1-a146-2e8221db7229,mp-755089
CoNb2S4,0.7392949466370364,https://elagente.ca/grafico/ConceptualAtoms_05a16bf0-eafe-4b5d-9c05-967ea67c2a11,https://elagente.ca/ontomlff/MLFFElasticityResult_99641190-7118-406e-8467-22ab4f04aba1,[],[],0.30159468208077084,eV/Å^3,0.7964767334039574,/scratch/kenko/akg4pyscf/.graphchat-workspaces/kenko_room/mlff_elasticity_benchmark/workflow_runs/MatterSim/elasticity_MatterSim/structures/CoNb2S4_c0054b60/output.json,mp-1025350,cif,https://elagente.ca/grafico/ConceptualAtoms_05a16bf0-eafe-4b5d-9c05-967ea67c2a11,mp-1025350
CaMg2Sb2,0.24948720300734956,https://elagente.ca/grafico/ConceptualAtoms_062af748-5b03-484c-abb5-7f9309917cec,https://elagente.ca/ontomlff/MLFFElasticityResult_78f7a181-d4e0-402b-a47a-8633955e2dbb,[],[],0.14470421759438884,eV/Å^3,0.36378088470961106,/scratch/kenko/akg4pyscf/.graphchat-workspaces/kenko_room/mlff_elasticity_benchmark/workflow_runs/MatterSim/elasticity_MatterSim/structures/CaMg2Sb2_e9fd6162/output.json,mp-9565,cif,https://elagente.ca/grafico/ConceptualAtoms_062af748-5b03-484c-abb5-7f9309917cec,mp-9565
Dy2I2S2,0.2474716802723469,https://elagente.ca/grafico/ConceptualAtoms_0632cb9e-914b-441c-aade-d230f91459d2,https://elagente.ca/ontomlff/MLFFElasticityResult_a8c06999-99de-4df6-8135-2b38255ae84e,[],[],0.12262217895366995,eV/Å^3,0.31572011439147246,/scratch/kenko/akg4pyscf/.graphchat-workspaces/kenko_room/mlff_elasticity_benchmark/workflow_runs/MatterSim/elasticity_MatterSim/structures/Dy2I2S2_794f0946/output.json,mp-28929,cif,https://elagente.ca/grafico/ConceptualAtoms_0632cb9e-914b-441c-aade-d230f91459d2,mp-28929
AgTlTm2,0.4217532383895506,https://elagente.ca/grafico/ConceptualAtoms_06c4b42b-c39f-4ddc-aef7-1e55a3dd43be,https://elagente.ca/ontomlff/MLFFElasticityResult_20a15c95-26c9-459f-8f56-835a7f68c5f5,[],[],0.15540999019137766,eV/Å^3,0.4152281121685649,/scratch/kenko/akg4pyscf/.graphchat-workspaces/kenko_room/mlff_elasticity_benchmark/workflow_runs/MatterSim/elasticity_MatterSim/structures/AgTlTm2_28d852d5/output.json,mp-866120,cif,https://elagente.ca/grafico/ConceptualAtoms_06c4b42b-c39f-4ddc-aef7-1e55a3dd43be,mp-866120
OsTcV2,1.6999642860379032,https://elagente.ca/grafico/ConceptualAtoms_06d417d8-629c-4647-84ab-be7227a2cf95,https://elagente.ca/ontomlff/MLFFElasticityResult_3e68703f-29e1-4ced-a746-064802fb6b62,[],[],0.7198435562785093,eV/Å^3,1.8924181871254055,/scratch/kenko/akg4pyscf/.graphchat-workspaces/kenko_room/mlff_elasticity_benchmark/workflow_runs/MatterSim/elasticity_MatterSim/structures/OsTcV2_0b857b6e/output.json,mp-865499,cif,https://elagente.ca/grafico/ConceptualAtoms_06d417d8-629c-4647-84ab-be7227a2cf95,mp-865499
In8Pd2Sr2,0.3338386650139573,https://elagente.ca/grafico/ConceptualAtoms_07470c61-19e2-4104-80c6-128d151dd1ab,https://elagente.ca/ontomlff/MLFFElasticityResult_69a02a17-675e-4684-8b0a-ef80eac829d5,[],[],0.1430713509449759,eV/Å^3,0.3755630714581276,/scratch/kenko/akg4pyscf/.graphchat-workspaces/kenko_room/mlff_elasticity_benchmark/workflow_runs/MatterSim/elasticity_MatterSim/structures/In8Pd2Sr2_e9b5852c/output.json,mp-19991,cif,https://elagente.ca/grafico/ConceptualAtoms_07470c61-19e2-4104-80c6-128d151dd1ab,mp-19991
Ba2Pt4,0.6228882201354262,https://elagente.ca/grafico/ConceptualAtoms_0777921d-1bd9-403d-8ab5-0e2b360c2af6,https://elagente.ca/ontomlff/MLFFElasticityResult_2e9a0bb4-49e9-4082-ab2d-2f0f483b9a9f,[],[],0.3061565268137423,eV/Å^3,0.7891736832040839,/scratch/kenko/akg4pyscf/.graphchat-workspaces/kenko_room/mlff_elasticity_benchmark/workflow_runs/MatterSim/elasticity_MatterSim/structures/Ba2Pt4_9c673f75/output.json,mp-747,cif,https://elagente.ca/grafico/ConceptualAtoms_0777921d-1bd9-403d-8ab5-0e2b360c2af6,mp-747
O4Sr2Ti,0.8680354403577166,https://elagente.ca/grafico/ConceptualAtoms_07e745dc-528e-4429-b810-b6453f322a48,https://elagente.ca/ontomlff/MLFFElasticityResult_aea41dda-ac50-4de8-8a9d-fc6ed917d99a,[],[],0.5212580095639224,eV/Å^3,1.3029629195314245,/scratch/kenko/akg4pyscf/.graphchat-workspaces/kenko_room/mlff_elasticity_benchmark/workflow_runs/MatterSim/elasticity_MatterSim/structures/O4Sr2Ti_d9faea40/output.json,mp-5532,cif,https://elagente.ca/grafico/ConceptualAtoms_07e745dc-528e-4429-b810-b6453f322a48,mp-5532
Al4Mg2O8,1.1914102649244758,https://elagente.ca/grafico/ConceptualAtoms_07f9bc4a-aec5-4b43-8237-9349c19c8249,https://elagente.ca/ontomlff/MLFFElasticityResult_4cb25ad4-143f-4556-b549-b05a7f28cadd,[],[],0.8176407574879483,eV/Å^3,1.9962583648220766,/scratch/kenko/akg4pyscf/.graphchat-workspaces/kenko_room/mlff_elasticity_benchmark/workflow_runs/MatterSim/elasticity_MatterSim/structures/Al4Mg2O8_645af190/output.json,mp-3536,cif,https://elagente.ca/grafico/ConceptualAtoms_07f9bc4a-aec5-4b43-8237-9349c19c8249,mp-3536
CeRe4Si2,1.5191201413686266,https://elagente.ca/grafico/ConceptualAtoms_08fb6f21-9682-4385-8594-6a80c5e144ce,https://elagente.ca/ontomlff/MLFFElasticityResult_b7545f44-638a-4193-ac77-4fbc65de8d96,[],[],0.7087681872466671,eV/Å^3,1.8401252560333545,/scratch/kenko/akg4pyscf/.graphchat-workspaces/kenko_room/mlff_elasticity_benchmark/workflow_runs/MatterSim/elasticity_MatterSim/structures/CeRe4Si2_4136e979/output.json,mp-27861,cif,https://elagente.ca/grafico/ConceptualAtoms_08fb6f21-9682-4385-8594-6a80c5e144ce,mp-27861
Ag2Cu2S2,0.42995385832625777,https://elagente.ca/grafico/ConceptualAtoms_091c8b39-f204-4f77-a5f9-79d657cca1db,https://elagente.ca/ontomlff/MLFFElasticityResult_2bed0c15-c59c-4aab-88da-d56f545c77ce,[],[],0.1664766262707666,eV/Å^3,0.44233915550905034,/scratch/kenko/akg4pyscf/.graphchat-workspaces/kenko_room/mlff_elasticity_benchmark/workflow_runs/MatterSim/elasticity_MatterSim/structures/Ag2Cu2S2_6a22b19a/output.json,mp-8911,cif,https://elagente.ca/grafico/ConceptualAtoms_091c8b39-f204-4f77-a5f9-79d657cca1db,mp-8911
Au9Cd9,0.5769399058550873,https://elagente.ca/grafico/ConceptualAtoms_09203ebb-5578-41a9-9da5-1a1ad71f0f20,https://elagente.ca/ontomlff/MLFFElasticityResult_51df4c53-3a21-4ad3-91a9-333e6654c454,[],[],0.10105490069236163,eV/Å^3,0.2864406978485811,/scratch/kenko/akg4pyscf/.graphchat-workspaces/kenko_room/mlff_elasticity_benchmark/workflow_runs/MatterSim/elasticity_MatterSim/structures/Au9Cd9_ba39b691/output.json,mp-16886,cif,https://elagente.ca/grafico/ConceptualAtoms_09203ebb-5578-41a9-9da5-1a1ad71f0f20,mp-16886
C8Ba2Ce4F2Na2O24,0.7611889947699627,https://elagente.ca/grafico/ConceptualAtoms_0920a5d7-ec87-4959-8b0d-77b7d3e9af4a,https://elagente.ca/ontomlff/MLFFElasticityResult_8b8a752f-ad38-40fc-868d-dbb179740719,[],[],0.44148490451872213,eV/Å^3,1.109880170902204,/scratch/kenko/akg4pyscf/.graphchat-workspaces/kenko_room/mlff_elasticity_benchmark/workflow_runs/MatterSim/elasticity_MatterSim/structures/C8Ba2Ce4F2Na2O24_7bb0732c/output.json,mp-542264,cif,https://elagente.ca/grafico/ConceptualAtoms_0920a5d7-ec87-4959-8b0d-77b7d3e9af4a,mp-542264
InSnYb2,0.24023139808423066,https://elagente.ca/grafico/ConceptualAtoms_094f37b4-8390-4b8f-b0f0-12210e849143,https://elagente.ca/ontomlff/MLFFElasticityResult_c554babf-615e-4449-a4e1-c14d3c46b616,[],[],0.09949265818246567,eV/Å^3,0.26227114313030037,/scratch/kenko/akg4pyscf/.graphchat-workspaces/kenko_room/mlff_elasticity_benchmark/workflow_runs/MatterSim/elasticity_MatterSim/structures/InSnYb2_53ac4562/output.json,mp-981234,cif,https://elagente.ca/grafico/ConceptualAtoms_094f37b4-8390-4b8f-b0f0-12210e849143,mp-981234
AgRhSm2,0.4868042155531135,https://elagente.ca/grafico/ConceptualAtoms_09db3c7a-5857-44f0-bd8a-050d550b797f,https://elagente.ca/ontomlff/MLFFElasticityResult_da48fac7-37ac-42c5-ad81-a2c02ad7b451,[],[],0.17630071952670578,eV/Å^3,0.47193077126005845,/scratch/kenko/akg4pyscf/.graphchat-workspaces/kenko_room/mlff_elasticity_benchmark/workflow_runs/MatterSim/elasticity_MatterSim/structures/AgRhSm2_ee73ecd6/output.json,mp-972530,cif,https://elagente.ca/grafico/ConceptualAtoms_09db3c7a-5857-44f0-bd8a-050d550b797f,mp-972530
Al3Hf,0.6717804610708549,https://elagente.ca/grafico/ConceptualAtoms_0a9509ac-e87d-4c73-bd4a-2f0274eba5ea,https://elagente.ca/ontomlff/MLFFElasticityResult_1f30392b-688f-461f-9a2d-d571f840a94b,[],[],0.3918027193969664,eV/Å^3,0.9840909402971612,/scratch/kenko/akg4pyscf/.graphchat-workspaces/kenko_room/mlff_elasticity_benchmark/workflow_runs/MatterSim/elasticity_MatterSim/structures/Al3Hf_73f0e6e1/output.json,mp-2614,cif,https://elagente.ca/grafico/ConceptualAtoms_0a9509ac-e87d-4c73-bd4a-2f0274eba5ea,mp-2614
Ni2Si2Yb,0.7117574524832881,https://elagente.ca/grafico/ConceptualAtoms_0a981418-712c-40de-98b1-c254c3f7d6e3,https://elagente.ca/ontomlff/MLFFElasticityResult_eefe892d-0052-47ed-b586-a9c72b92f3e5,[],[],0.399697544370058,eV/Å^3,1.0100275161704109,/scratch/kenko/akg4pyscf/.graphchat-workspaces/kenko_room/mlff_elasticity_benchmark/workflow_runs/MatterSim/elasticity_MatterSim/structures/Ni2Si2Yb_0aed9b44/output.json,mp-5916,cif,https://elagente.ca/grafico/ConceptualAtoms_0a981418-712c-40de-98b1-c254c3f7d6e3,mp-5916
Ag4Ca2,0.3049407449401559,https://elagente.ca/grafico/ConceptualAtoms_0b5604fa-2ed5-485e-8f5f-e6057bb17ab4,https://elagente.ca/ontomlff/MLFFElasticityResult_d11f916a-7cc3-4fab-8a4f-7f3eeee28605,[],[],0.14153475725476286,eV/Å^3,0.3677141645521104,/scratch/kenko/akg4pyscf/.graphchat-workspaces/kenko_room/mlff_elasticity_benchmark/workflow_runs/MatterSim/elasticity_MatterSim/structures/Ag4Ca2_d22418e3/output.json,mp-13270,cif,https://elagente.ca/grafico/ConceptualAtoms_0b5604fa-2ed5-485e-8f5f-e6057bb17ab4,mp-13270
AuLi2Tl,0.2790918742053863,https://elagente.ca/grafico/ConceptualAtoms_0b5be5f2-0046-4f02-bd49-aa98b51d6cba,https://elagente.ca/ontomlff/MLFFElasticityResult_51011930-7141-4e1c-9612-f8fc4c2301e5,[],[],0.05315378042030709,eV/Å^3,0.14994236862815938,/scratch/kenko/akg4pyscf/.graphchat-workspaces/kenko_room/mlff_elasticity_benchmark/workflow_runs/MatterSim/elasticity_MatterSim/structures/AuLi2Tl_9f3b7da4/output.json,mp-30406,cif,https://elagente.ca/grafico/ConceptualAtoms_0b5be5f2-0046-4f02-bd49-aa98b51d6cba,mp-30406
MgRh2Zn,0.9007293642172107,https://elagente.ca/grafico/ConceptualAtoms_0b5d0e62-831f-4f51-8921-be1a7abb3c06,https://elagente.ca/ontomlff/MLFFElasticityResult_6c3a18bb-82d4-43e1-b065-b7d7e0aaa63f,[],[],0.32514561234698236,eV/Å^3,0.8706717075272097,/scratch/kenko/akg4pyscf/.graphchat-workspaces/kenko_room/mlff_elasticity_benchmark/workflow_runs/MatterSim/elasticity_MatterSim/structures/MgRh2Zn_85520a2f/output.json,mp-977547,cif,https://elagente.ca/grafico/ConceptualAtoms_0b5d0e62-831f-4f51-8921-be1a7abb3c06,mp-977547
Ag2CdHo,0.4382416548956948,https://elagente.ca/grafico/ConceptualAtoms_0b64cf4e-fddb-4104-bc0d-553eac02d4a1,https://elagente.ca/ontomlff/MLFFElasticityResult_4226273c-ef21-431a-926d-9b972785c773,[],[],0.1004344397204279,eV/Å^3,0.27991969979542264,/scratch/kenko/akg4pyscf/.graphchat-workspaces/kenko_room/mlff_elasticity_benchmark/workflow_runs/MatterSim/elasticity_MatterSim/structures/Ag2CdHo_e88e5c15/output.json,mp-864904,cif,https://elagente.ca/grafico/ConceptualAtoms_0b64cf4e-fddb-4104-bc0d-553eac02d4a1,mp-864904
Cd6Sc2,0.38243558971456076,https://elagente.ca/grafico/ConceptualAtoms_0b9cd9c4-9603-4a34-b6f1-f0e5c1a56ef0,https://elagente.ca/ontomlff/MLFFElasticityResult_65cc6137-f7dd-4f51-a028-2cd8adbe10c8,[],[],0.15255310389547685,eV/Å^3,0.40394786942058475,/scratch/kenko/akg4pyscf/.graphchat-workspaces/kenko_room/mlff_elasticity_benchmark/workflow_runs/MatterSim/elasticity_MatterSim/structures/Cd6Sc2_02c2ae43/output.json,mp-30494,cif,https://elagente.ca/grafico/ConceptualAtoms_0b9cd9c4-9603-4a34-b6f1-f0e5c1a56ef0,mp-30494
Li2Na2O2,0.3724911206006909,https://elagente.ca/grafico/ConceptualAtoms_0cc12926-1e9c-4483-ba55-315c52853c56,https://elagente.ca/ontomlff/MLFFElasticityResult_0be9ffb6-4015-425e-98ec-40d94b2e3c99,[],[],0.2794348859985124,eV/Å^3,0.6706117784468402,/scratch/kenko/akg4pyscf/.graphchat-workspaces/kenko_room/mlff_elasticity_benchmark/workflow_runs/MatterSim/elasticity_MatterSim/structures/Li2Na2O2_fef07adf/output.json,mp-755144,cif,https://elagente.ca/grafico/ConceptualAtoms_0cc12926-1e9c-4483-ba55-315c52853c56,mp-755144
H2Ho,0.5521739985169426,https://elagente.ca/grafico/ConceptualAtoms_0cd34e2a-f9d9-4679-951f-28346ac73f1f,https://elagente.ca/ontomlff/MLFFElasticityResult_d485e765-8f28-4061-b093-6a2fa2b9133e,[],[],0.3847045022976601,eV/Å^3,0.9366008189417646,/scratch/kenko/akg4pyscf/.graphchat-workspaces/kenko_room/mlff_elasticity_benchmark/workflow_runs/MatterSim/elasticity_MatterSim/structures/H2Ho_fe91a4bd/output.json,mp-24152,cif,https://elagente.ca/grafico/ConceptualAtoms_0cd34e2a-f9d9-4679-951f-28346ac73f1f,mp-24152
Cu3TaTe4,0.435259252941709,https://elagente.ca/grafico/ConceptualAtoms_0ce515eb-986f-48ab-bcd3-84472a5124c9,https://elagente.ca/ontomlff/MLFFElasticityResult_ce45b30d-1080-4ac0-abb4-ccf9ea68f902,[],[],0.20020752833655953,eV/Å^3,0.5207750830234307,/scratch/kenko/akg4pyscf/.graphchat-workspaces/kenko_room/mlff_elasticity_benchmark/workflow_runs/MatterSim/elasticity_MatterSim/structures/Cu3TaTe4_03212a7c/output.json,mp-9295,cif,https://elagente.ca/grafico/ConceptualAtoms_0ce515eb-986f-48ab-bcd3-84472a5124c9,mp-9295
BSc3Tl,0.5015757673471115,https://elagente.ca/grafico/ConceptualAtoms_0d596c83-666d-4d89-8044-8509a1767a85,https://elagente.ca/ontomlff/MLFFElasticityResult_54a37018-0c14-4018-bef9-14efa80c73af,[],[],0.3424859048229928,eV/Å^3,0.8369600590279961,/scratch/kenko/akg4pyscf/.graphchat-workspaces/kenko_room/mlff_elasticity_benchmark/workflow_runs/MatterSim/elasticity_MatterSim/structures/BSc3Tl_99e79e47/output.json,mp-10140,cif,https://elagente.ca/grafico/ConceptualAtoms_0d596c83-666d-4d89-8044-8509a1767a85,mp-10140
BiNa3,0.1277668652873031,https://elagente.ca/grafico/ConceptualAtoms_0d7f3d90-b65f-4312-8b12-a9cb7669d37f,https://elagente.ca/ontomlff/MLFFElasticityResult_0a29f641-1ac1-4890-b2b2-1976c28dd584,[],[],0.0287473042604954,eV/Å^3,0.08022508195672044,/scratch/kenko/akg4pyscf/.graphchat-workspaces/kenko_room/mlff_elasticity_benchmark/workflow_runs/MatterSim/elasticity_MatterSim/structures/BiNa3_6642ffdd/output.json,mp-977189,cif,https://elagente.ca/grafico/ConceptualAtoms_0d7f3d90-b65f-4312-8b12-a9cb7669d37f,mp-977189
GdSb,0.38907620263436254,https://elagente.ca/grafico/ConceptualAtoms_0ddaadbe-fba1-41a0-b374-68ed91303168,https://elagente.ca/ontomlff/MLFFElasticityResult_a4931689-616c-4f46-ad62-9f7814040be1,[],[],0.3757555455300561,eV/Å^3,0.852748788142204,/scratch/kenko/akg4pyscf/.graphchat-workspaces/kenko_room/mlff_elasticity_benchmark/workflow_runs/MatterSim/elasticity_MatterSim/structures/GdSb_c901d438/output.json,mp-510403,cif,https://elagente.ca/grafico/ConceptualAtoms_0ddaadbe-fba1-41a0-b374-68ed91303168,mp-510403
Ba2Pb2,0.1720299488602095,https://elagente.ca/grafico/ConceptualAtoms_0e476adf-2546-4cb7-b86f-957bdc13de94,https://elagente.ca/ontomlff/MLFFElasticityResult_1cc89a38-f9c4-44c8-b636-34f7921c5270,[],[],0.08608834383019923,eV/Å^3,0.22134305526440584,/scratch/kenko/akg4pyscf/.graphchat-workspaces/kenko_room/mlff_elasticity_benchmark/workflow_runs/MatterSim/elasticity_MatterSim/structures/Ba2Pb2_e0880386/output.json,mp-20136,cif,https://elagente.ca/grafico/ConceptualAtoms_0e476adf-2546-4cb7-b86f-957bdc13de94,mp-20136
Ca2Sn2Zn2,0.28709435275764494,https://elagente.ca/grafico/ConceptualAtoms_0e664dd8-f3ae-4529-ad86-bb93b6265a7b,https://elagente.ca/ontomlff/MLFFElasticityResult_485800de-3a47-43fe-8689-310655d598d2,[],[],0.19034181767433744,eV/Å^3,0.4676710866965145,/scratch/kenko/akg4pyscf/.graphchat-workspaces/kenko_room/mlff_elasticity_benchmark/workflow_runs/MatterSim/elasticity_MatterSim/structures/Ca2Sn2Zn2_506759ae/output.json,mp-31160,cif,https://elagente.ca/grafico/ConceptualAtoms_0e664dd8-f3ae-4529-ad86-bb93b6265a7b,mp-31160
Lu2Mg6,0.2827046419424898,https://elagente.ca/grafico/ConceptualAtoms_0eb37b7e-ecc5-42e1-bbd1-12547d04ec9f,https://elagente.ca/ontomlff/MLFFElasticityResult_05f23934-9b58-476c-87f2-c2ae5067f0b0,[],[],0.16930213762665688,eV/Å^3,0.423388736676853,/scratch/kenko/akg4pyscf/.graphchat-workspaces/kenko_room/mlff_elasticity_benchmark/workflow_runs/MatterSim/elasticity_MatterSim/structures/Lu2Mg6_eac17779/output.json,mp-973684,cif,https://elagente.ca/grafico/ConceptualAtoms_0eb37b7e-ecc5-42e1-bbd1-12547d04ec9f,mp-973684
KO2Sc,0.7181820488222503,https://elagente.ca/grafico/ConceptualAtoms_0eb80341-dda8-424c-aa51-98f2609a63da,https://elagente.ca/ontomlff/MLFFElasticityResult_3ac2a63e-53f9-4335-8cc2-385ee874b735,[],[],0.46648080155903837,eV/Å^3,1.1503747576766898,/scratch/kenko/akg4pyscf/.graphchat-workspaces/kenko_room/mlff_elasticity_benchmark/workflow_runs/MatterSim/elasticity_MatterSim/structures/KO2Sc_b9c0ffc6/output.json,mp-8188,cif,https://elagente.ca/grafico/ConceptualAtoms_0eb80341-dda8-424c-aa51-98f2609a63da,mp-8188
Ba2F8Zn2,0.4625782633512082,https://elagente.ca/grafico/ConceptualAtoms_0efec912-d6f5-4b59-b641-acf78b6128a1,https://elagente.ca/ontomlff/MLFFElasticityResult_424159fd-e9d2-4379-a22b-3c9130fd47e2,[],[],0.20193990377693039,eV/Å^3,0.5288610891126104,/scratch/kenko/akg4pyscf/.graphchat-workspaces/kenko_room/mlff_elasticity_benchmark/workflow_runs/MatterSim/elasticity_MatterSim/structures/Ba2F8Zn2_50242604/output.json,mp-3881,cif,https://elagente.ca/grafico/ConceptualAtoms_0efec912-d6f5-4b59-b641-acf78b6128a1,mp-3881
DySi2,0.5737436780505056,https://elagente.ca/grafico/ConceptualAtoms_0f139ac1-693b-482e-8328-5e767c11e593,https://elagente.ca/ontomlff/MLFFElasticityResult_093d91e3-43ae-47d9-aa8c-0854ed71fdd5,[],[],0.2744353619281461,eV/Å^3,0.7100886141299833,/scratch/kenko/akg4pyscf/.graphchat-workspaces/kenko_room/mlff_elasticity_benchmark/workflow_runs/MatterSim/elasticity_MatterSim/structures/DySi2_39ac7887/output.json,mp-993,cif,https://elagente.ca/grafico/ConceptualAtoms_0f139ac1-693b-482e-8328-5e767c11e593,mp-993
Co2S2Sb2,0.732147262502601,https://elagente.ca/grafico/ConceptualAtoms_0f4d9b7a-01ad-405e-a83b-b8d6222a9697,https://elagente.ca/ontomlff/MLFFElasticityResult_af37e93a-f655-4526-9a51-432f36fd0d42,[],[],0.4376500731275148,eV/Å^3,1.094805678520949,/scratch/kenko/akg4pyscf/.graphchat-workspaces/kenko_room/mlff_elasticity_benchmark/workflow_runs/MatterSim/elasticity_MatterSim/structures/Co2S2Sb2_4f90a955/output.json,mp-4962,cif,https://elagente.ca/grafico/ConceptualAtoms_0f4d9b7a-01ad-405e-a83b-b8d6222a9697,mp-4962
Ca4Cd8,0.24118453813098467,https://elagente.ca/grafico/ConceptualAtoms_0f76c99b-29a3-4f11-a511-9c5cbf829884,https://elagente.ca/ontomlff/MLFFElasticityResult_fcb14ce5-defb-4e4f-94da-1f1cdf40863c,[],[],0.11310991989427079,eV/Å^3,0.2934552111187193,/scratch/kenko/akg4pyscf/.graphchat-workspaces/kenko_room/mlff_elasticity_benchmark/workflow_runs/MatterSim/elasticity_MatterSim/structures/Ca4Cd8_bf388645/output.json,mp-1078,cif,https://elagente.ca/grafico/ConceptualAtoms_0f76c99b-29a3-4f11-a511-9c5cbf829884,mp-1078
Cd2Te4Zn2,0.23180349105112974,https://elagente.ca/grafico/ConceptualAtoms_0fa553f7-0984-467b-be7c-c542ed6cbd68,https://elagente.ca/ontomlff/MLFFElasticityResult_f13026a7-f82e-4920-9a11-02b778479b1b,[],[],0.11314962910038903,eV/Å^3,0.2919465240388604,/scratch/kenko/akg4pyscf/.graphchat-workspaces/kenko_room/mlff_elasticity_benchmark/workflow_runs/MatterSim/elasticity_MatterSim/structures/Cd2Te4Zn2_c943c402/output.json,mp-971837,cif,https://elagente.ca/grafico/ConceptualAtoms_0fa553f7-0984-467b-be7c-c542ed6cbd68,mp-971837
Au2CaSi2,0.5877072151142442,https://elagente.ca/grafico/ConceptualAtoms_10cc5ef8-8b34-4dbc-a13a-d96088f8ab54,https://elagente.ca/ontomlff/MLFFElasticityResult_55898c84-71fc-4bd9-ae71-b284d2e57f4a,[],[],0.22181042628314063,eV/Å^3,0.5910712552830609,/scratch/kenko/akg4pyscf/.graphchat-workspaces/kenko_room/mlff_elasticity_benchmark/workflow_runs/MatterSim/elasticity_MatterSim/structures/Au2CaSi2_f58c1ce0/output.json,mp-7364,cif,https://elagente.ca/grafico/ConceptualAtoms_10cc5ef8-8b34-4dbc-a13a-d96088f8ab54,mp-7364
Ru8Y4,1.0421052156712534,https://elagente.ca/grafico/ConceptualAtoms_10e489c9-f161-48b9-b61b-859674bfa708,https://elagente.ca/ontomlff/MLFFElasticityResult_e40e688b-439e-42a1-afe6-1db1edcdbf94,[],[],0.3328282921828888,eV/Å^3,0.9024137034279218,/scratch/kenko/akg4pyscf/.graphchat-workspaces/kenko_room/mlff_elasticity_benchmark/workflow_runs/MatterSim/elasticity_MatterSim/structures/Ru8Y4_6b99f9f9/output.json,mp-568186,cif,https://elagente.ca/grafico/ConceptualAtoms_10e489c9-f161-48b9-b61b-859674bfa708,mp-568186
S28,0.19485848853746845,https://elagente.ca/grafico/ConceptualAtoms_114683bf-3dfc-4c35-b5f9-74c4422b0da6,https://elagente.ca/ontomlff/MLFFElasticityResult_279cf9e0-b1aa-462e-91f2-ea2714277cbc,[],[],0.09924363205566483,eV/Å^3,0.2545207904364533,/scratch/kenko/akg4pyscf/.graphchat-workspaces/kenko_room/mlff_elasticity_benchmark/workflow_runs/MatterSim/elasticity_MatterSim/structures/S28_46e14df1/output.json,mp-557559,cif,https://elagente.ca/grafico/ConceptualAtoms_114683bf-3dfc-4c35-b5f9-74c4422b0da6,mp-557559
H2Al2O4,1.158792240642999,https://elagente.ca/grafico/ConceptualAtoms_115e3ddf-2010-4445-844c-9e6289b69ba8,https://elagente.ca/ontomlff/MLFFElasticityResult_39d70ce6-8674-468c-a228-61c0f456656d,[],[],0.8191344731774834,eV/Å^3,1.98878774982207,/scratch/kenko/akg4pyscf/.graphchat-workspaces/kenko_room/mlff_elasticity_benchmark/workflow_runs/MatterSim/elasticity_MatterSim/structures/H2Al2O4_b358c5bb/output.json,mp-625054,cif,https://elagente.ca/grafico/ConceptualAtoms_115e3ddf-2010-4445-844c-9e6289b69ba8,mp-625054
Ca2Mg2O12Si4,0.9360524233635943,https://elagente.ca/grafico/ConceptualAtoms_11a74286-ee35-4244-b16d-b7c4cdbb49da,https://elagente.ca/ontomlff/MLFFElasticityResult_572107c4-feb4-4060-bcff-eb08283181b2,[],[],0.6010337403964411,eV/Å^3,1.4852179849754834,/scratch/kenko/akg4pyscf/.graphchat-workspaces/kenko_room/mlff_elasticity_benchmark/workflow_runs/MatterSim/elasticity_MatterSim/structures/Ca2Mg2O12Si4_74ebe5af/output.json,mp-562517,cif,https://elagente.ca/grafico/ConceptualAtoms_11a74286-ee35-4244-b16d-b7c4cdbb49da,mp-562517
Sb2Se2Th2,0.5253126943030354,https://elagente.ca/grafico/ConceptualAtoms_123679af-8009-4d9d-a81b-01e90e965864,https://elagente.ca/ontomlff/MLFFElasticityResult_71ed11eb-de91-4a78-b888-2cdbcae26180,[],[],0.25958251605540167,eV/Å^3,0.668615715246978,/scratch/kenko/akg4pyscf/.graphchat-workspaces/kenko_room/mlff_elasticity_benchmark/workflow_runs/MatterSim/elasticity_MatterSim/structures/Sb2Se2Th2_e28d5357/output.json,mp-1019359,cif,https://elagente.ca/grafico/ConceptualAtoms_123679af-8009-4d9d-a81b-01e90e965864,mp-1019359
La2MgO4,0.8526399012805181,https://elagente.ca/grafico/ConceptualAtoms_128f0eb7-f5b8-4506-ba62-ff5ebf1317b2,https://elagente.ca/ontomlff/MLFFElasticityResult_243aec3b-6e8e-4bbb-a519-92860684fb67,[],[],0.46712457626838017,eV/Å^3,1.184974876872318,/scratch/kenko/akg4pyscf/.graphchat-workspaces/kenko_room/mlff_elasticity_benchmark/workflow_runs/MatterSim/elasticity_MatterSim/structures/La2MgO4_14dc24a6/output.json,mp-754808,cif,https://elagente.ca/grafico/ConceptualAtoms_128f0eb7-f5b8-4506-ba62-ff5ebf1317b2,mp-754808
As4B2K6,0.13181194198329282,https://elagente.ca/grafico/ConceptualAtoms_13031fdb-1d36-4990-b1ef-1e980fa87319,https://elagente.ca/ontomlff/MLFFElasticityResult_61f00e63-3909-4e98-8fbe-7f89dd6e50dd,[],[],0.0737464101974939,eV/Å^3,0.1864646850235265,/scratch/kenko/akg4pyscf/.graphchat-workspaces/kenko_room/mlff_elasticity_benchmark/workflow_runs/MatterSim/elasticity_MatterSim/structures/As4B2K6_4bdd2938/output.json,mp-9665,cif,https://elagente.ca/grafico/ConceptualAtoms_13031fdb-1d36-4990-b1ef-1e980fa87319,mp-9665
Ac6Ca2,0.13128969894637388,https://elagente.ca/grafico/ConceptualAtoms_1346f73e-d3a9-4a3f-a39a-fcef0a9f7dfd,https://elagente.ca/ontomlff/MLFFElasticityResult_8254790d-8ef3-48f9-966b-6e7a91b60ac9,[],[],0.08779848914741659,eV/Å^3,0.21538367515537288,/scratch/kenko/akg4pyscf/.graphchat-workspaces/kenko_room/mlff_elasticity_benchmark/workflow_runs/MatterSim/elasticity_MatterSim/structures/Ac6Ca2_cafbf1d5/output.json,mp-983567,cif,https://elagente.ca/grafico/ConceptualAtoms_1346f73e-d3a9-4a3f-a39a-fcef0a9f7dfd,mp-983567
DySmTl2,0.3553650420046842,https://elagente.ca/grafico/ConceptualAtoms_136380a9-cb74-40ff-84ac-eef321f393d7,https://elagente.ca/ontomlff/MLFFElasticityResult_00a2dbb2-aebd-49c6-8e32-9377e62cd4e9,[],[],0.1788065292240862,eV/Å^3,0.4593730802024423,/scratch/kenko/akg4pyscf/.graphchat-workspaces/kenko_room/mlff_elasticity_benchmark/workflow_runs/MatterSim/elasticity_MatterSim/structures/DySmTl2_2284c0f0/output.json,mp-978527,cif,https://elagente.ca/grafico/ConceptualAtoms_136380a9-cb74-40ff-84ac-eef321f393d7,mp-978527
GaLiPt2,0.9315503964143867,https://elagente.ca/grafico/ConceptualAtoms_137e6beb-1531-41a7-a398-6077e93c1ab6,https://elagente.ca/ontomlff/MLFFElasticityResult_a2eaa9fb-1ea2-4853-9ed5-0fac1788d41d,[],[],0.2977839515480835,eV/Å^3,0.8073271416632994,/scratch/kenko/akg4pyscf/.graphchat-workspaces/kenko_room/mlff_elasticity_benchmark/workflow_runs/MatterSim/elasticity_MatterSim/structures/GaLiPt2_07289c45/output.json,mp-867170,cif,https://elagente.ca/grafico/ConceptualAtoms_137e6beb-1531-41a7-a398-6077e93c1ab6,mp-867170
Hf3N4,1.4363459086931494,https://elagente.ca/grafico/ConceptualAtoms_13d6ee3a-20d2-4bd9-b4e3-3a48fb9dde7a,https://elagente.ca/ontomlff/MLFFElasticityResult_18c8aa72-e94a-4665-94f5-4e9cb816b7d6,[],[],0.846546054773337,eV/Å^3,2.12262997282452,/scratch/kenko/akg4pyscf/.graphchat-workspaces/kenko_room/mlff_elasticity_benchmark/workflow_runs/MatterSim/elasticity_MatterSim/structures/Hf3N4_a77399a5/output.json,mp-754434,cif,https://elagente.ca/grafico/ConceptualAtoms_13d6ee3a-20d2-4bd9-b4e3-3a48fb9dde7a,mp-754434
NiSn3Sr,0.3642863200692814,https://elagente.ca/grafico/ConceptualAtoms_147b5d0c-4e89-4c3a-afc7-0c5e80bf0711,https://elagente.ca/ontomlff/MLFFElasticityResult_b273cb1f-c214-442d-9281-4b6c484e3008,[],[],0.17085423821711682,eV/Å^3,0.4432641489171302,/scratch/kenko/akg4pyscf/.graphchat-workspaces/kenko_room/mlff_elasticity_benchmark/workflow_runs/MatterSim/elasticity_MatterSim/structures/NiSn3Sr_732efc7a/output.json,mp-30805,cif,https://elagente.ca/grafico/ConceptualAtoms_147b5d0c-4e89-4c3a-afc7-0c5e80bf0711,mp-30805
Rh6W2,1.7755650952251059,https://elagente.ca/grafico/ConceptualAtoms_1492b85d-d312-4d58-a5bf-fc14045c3a65,https://elagente.ca/ontomlff/MLFFElasticityResult_90d394e3-1d1d-4981-a99d-47818870f915,[],[],0.9556975230139365,eV/Å^3,2.4309413524710957,/scratch/kenko/akg4pyscf/.graphchat-workspaces/kenko_room/mlff_elasticity_benchmark/workflow_runs/MatterSim/elasticity_MatterSim/structures/Rh6W2_89d48bc8/output.json,mp-30866,cif,https://elagente.ca/grafico/ConceptualAtoms_1492b85d-d312-4d58-a5bf-fc14045c3a65,mp-30866
DyMg3,0.2593543852360347,https://elagente.ca/grafico/ConceptualAtoms_152de9e8-5a17-4805-b493-299d86de87c5,https://elagente.ca/ontomlff/MLFFElasticityResult_d0feec9f-2129-4d4a-bae0-d24cd0c86a7a,[],[],0.11882191492710209,eV/Å^3,0.30924013718943,/scratch/kenko/akg4pyscf/.graphchat-workspaces/kenko_room/mlff_elasticity_benchmark/workflow_runs/MatterSim/elasticity_MatterSim/structures/DyMg3_d64511b6/output.json,mp-1546,cif,https://elagente.ca/grafico/ConceptualAtoms_152de9e8-5a17-4805-b493-299d86de87c5,mp-1546
S2W2,1.3118814308840385,https://elagente.ca/grafico/ConceptualAtoms_153d0dc8-b279-475b-964a-ef325d414521,https://elagente.ca/ontomlff/MLFFElasticityResult_82fd9c9f-af3f-433e-84c6-37be9cb4bfa3,[],[],0.6681534658242965,eV/Å^3,1.7135511890453055,/scratch/kenko/akg4pyscf/.graphchat-workspaces/kenko_room/mlff_elasticity_benchmark/workflow_runs/MatterSim/elasticity_MatterSim/structures/S2W2_732e40a2/output.json,mp-1004526,cif,https://elagente.ca/grafico/ConceptualAtoms_153d0dc8-b279-475b-964a-ef325d414521,mp-1004526
As2BaZn2,0.3422263912325218,https://elagente.ca/grafico/ConceptualAtoms_157b85e9-f58a-40ed-aa0e-6efe8ecba699,https://elagente.ca/ontomlff/MLFFElasticityResult_298944cf-bd22-4e65-8a90-a04460364941,[],[],0.1533594989565628,eV/Å^3,0.400286043117366,/scratch/kenko/akg4pyscf/.graphchat-workspaces/kenko_room/mlff_elasticity_benchmark/workflow_runs/MatterSim/elasticity_MatterSim/structures/As2BaZn2_29333779/output.json,mp-570198,cif,https://elagente.ca/grafico/ConceptualAtoms_157b85e9-f58a-40ed-aa0e-6efe8ecba699,mp-570198
AcRbTe2,0.21942856171854075,https://elagente.ca/grafico/ConceptualAtoms_1635e114-73b9-4b48-91b4-ed8b69118a94,https://elagente.ca/ontomlff/MLFFElasticityResult_bd83f205-f5d9-4e52-8223-8c3cb5876c05,[],[],0.08749467030576213,eV/Å^3,0.23168948565584538,/scratch/kenko/akg4pyscf/.graphchat-workspaces/kenko_room/mlff_elasticity_benchmark/workflow_runs/MatterSim/elasticity_MatterSim/structures/AcRbTe2_77c21f75/output.json,mp-862797,cif,https://elagente.ca/grafico/ConceptualAtoms_1635e114-73b9-4b48-91b4-ed8b69118a94,mp-862797
Al4Ca10Sb12,0.27196770548494864,https://elagente.ca/grafico/ConceptualAtoms_16c1093f-a8fd-4dd7-898b-51c29c4d6ccf,https://elagente.ca/ontomlff/MLFFElasticityResult_9c8591dc-db39-42c9-9ac1-24cc06e50569,[],[],0.13415964541281455,eV/Å^3,0.3456443422104358,/scratch/kenko/akg4pyscf/.graphchat-workspaces/kenko_room/mlff_elasticity_benchmark/workflow_runs/MatterSim/elasticity_MatterSim/structures/Al4Ca10Sb12_36f737f4/output.json,mp-8439,cif,https://elagente.ca/grafico/ConceptualAtoms_16c1093f-a8fd-4dd7-898b-51c29c4d6ccf,mp-8439
Cu2La2O2S2,0.6796275963449724,https://elagente.ca/grafico/ConceptualAtoms_16c2024d-0e69-4395-ac15-0ea7d20fba89,https://elagente.ca/ontomlff/MLFFElasticityResult_0d2f1e94-d066-46ea-8c51-997bb79a3f04,[],[],0.30372156594661837,eV/Å^3,0.7930310623948807,/scratch/kenko/akg4pyscf/.graphchat-workspaces/kenko_room/mlff_elasticity_benchmark/workflow_runs/MatterSim/elasticity_MatterSim/structures/Cu2La2O2S2_233fb9d0/output.json,mp-6088,cif,https://elagente.ca/grafico/ConceptualAtoms_16c2024d-0e69-4395-ac15-0ea7d20fba89,mp-6088
HgO3Os,1.2479443783691857,https://elagente.ca/grafico/ConceptualAtoms_16dc5c6d-8264-4260-ae37-e4c919899f14,https://elagente.ca/ontomlff/MLFFElasticityResult_196a3b42-5257-43d1-9c6e-2e273c247b7c,[],[],0.2944343448411651,eV/Å^3,0.8189004778435597,/scratch/kenko/akg4pyscf/.graphchat-workspaces/kenko_room/mlff_elasticity_benchmark/workflow_runs/MatterSim/elasticity_MatterSim/structures/HgO3Os_09f4359a/output.json,mp-1016840,cif,https://elagente.ca/grafico/ConceptualAtoms_16dc5c6d-8264-4260-ae37-e4c919899f14,mp-1016840
RhSbTh,0.7449342174361726,https://elagente.ca/grafico/ConceptualAtoms_16ed7b7f-f133-4ea3-9037-baf8efd53cac,https://elagente.ca/ontomlff/MLFFElasticityResult_8b29dc64-0dcd-472a-a255-e44d0f63fdc7,[],[],0.3054714255196143,eV/Å^3,0.8062142088298144,/scratch/kenko/akg4pyscf/.graphchat-workspaces/kenko_room/mlff_elasticity_benchmark/workflow_runs/MatterSim/elasticity_MatterSim/structures/RhSbTh_5ffae82d/output.json,mp-10623,cif,https://elagente.ca/grafico/ConceptualAtoms_16ed7b7f-f133-4ea3-9037-baf8efd53cac,mp-10623
Pd2Si2Sm,0.8360941622523137,https://elagente.ca/grafico/ConceptualAtoms_16fa9175-27e6-499c-83d1-6a12981938e5,https://elagente.ca/ontomlff/MLFFElasticityResult_4dd86623-5a7b-46bd-8965-29f758cae14d,[],[],0.38404754451105183,eV/Å^3,0.9991595560311308,/scratch/kenko/akg4pyscf/.graphchat-workspaces/kenko_room/mlff_elasticity_benchmark/workflow_runs/MatterSim/elasticity_MatterSim/structures/Pd2Si2Sm_a862b0b6/output.json,mp-4275,cif,https://elagente.ca/grafico/ConceptualAtoms_16fa9175-27e6-499c-83d1-6a12981938e5,mp-4275
Al6Ce2,0.4227833237966403,https://elagente.ca/grafico/ConceptualAtoms_1703272a-fde6-447f-abe5-f9c0203c2d75,https://elagente.ca/ontomlff/MLFFElasticityResult_95ae1777-2398-4b00-8768-96df7b96dc10,[],[],0.34196084545813776,eV/Å^3,0.8080291531586224,/scratch/kenko/akg4pyscf/.graphchat-workspaces/kenko_room/mlff_elasticity_benchmark/workflow_runs/MatterSim/elasticity_MatterSim/structures/Al6Ce2_a9e31baa/output.json,mp-567305,cif,https://elagente.ca/grafico/ConceptualAtoms_1703272a-fde6-447f-abe5-f9c0203c2d75,mp-567305
BeO3Ta,1.7597972011825636,https://elagente.ca/grafico/ConceptualAtoms_178ec9ab-ed86-4364-8682-f043755988f6,https://elagente.ca/ontomlff/MLFFElasticityResult_c117f669-dba3-4de6-80e8-75fef48bd53e,[],[],0.6822667023029956,eV/Å^3,1.8125593155768596,/scratch/kenko/akg4pyscf/.graphchat-workspaces/kenko_room/mlff_elasticity_benchmark/workflow_runs/MatterSim/elasticity_MatterSim/structures/BeO3Ta_dc891703/output.json,mp-972222,cif,https://elagente.ca/grafico/ConceptualAtoms_178ec9ab-ed86-4364-8682-f043755988f6,mp-972222
Co8Hf16,0.8260788926415457,https://elagente.ca/grafico/ConceptualAtoms_18273930-f9a4-4261-a576-9e1d7e924ede,https://elagente.ca/ontomlff/MLFFElasticityResult_47a737f2-02e5-43cf-94a5-1dcfcfe65e0f,[],[],0.3611719212938024,eV/Å^3,0.9456928840391446,/scratch/kenko/akg4pyscf/.graphchat-workspaces/kenko_room/mlff_elasticity_benchmark/workflow_runs/MatterSim/elasticity_MatterSim/structures/Co8Hf16_7816b1be/output.json,mp-1190841,cif,https://elagente.ca/grafico/ConceptualAtoms_18273930-f9a4-4261-a576-9e1d7e924ede,mp-1190841
Ca2Ge2N4,0.8661588892643672,https://elagente.ca/grafico/ConceptualAtoms_18330ac6-1169-4a9b-9a49-840b0100702f,https://elagente.ca/ontomlff/MLFFElasticityResult_9bc91170-8f63-4296-b150-73ac516f44e6,[],[],0.5460368828208026,eV/Å^3,1.353656847324439,/scratch/kenko/akg4pyscf/.graphchat-workspaces/kenko_room/mlff_elasticity_benchmark/workflow_runs/MatterSim/elasticity_MatterSim/structures/Ca2Ge2N4_c7b14763/output.json,mp-1029446,cif,https://elagente.ca/grafico/ConceptualAtoms_18330ac6-1169-4a9b-9a49-840b0100702f,mp-1029446
BeRu2V,1.5342617989238985,https://elagente.ca/grafico/ConceptualAtoms_18c19aad-c4d8-497e-b7b5-9a015d6e956e,https://elagente.ca/ontomlff/MLFFElasticityResult_1c73481e-0979-4c50-be38-e0138ec8d6bc,[],[],0.616913290843876,eV/Å^3,1.6320019541976813,/scratch/kenko/akg4pyscf/.graphchat-workspaces/kenko_room/mlff_elasticity_benchmark/workflow_runs/MatterSim/elasticity_MatterSim/structures/BeRu2V_571bb26d/output.json,mp-867874,cif,https://elagente.ca/grafico/ConceptualAtoms_18c19aad-c4d8-497e-b7b5-9a015d6e956e,mp-867874
Pt6Si2,1.4004840257801838,https://elagente.ca/grafico/ConceptualAtoms_18cfbf80-5cca-4674-b928-d9d21d201e01,https://elagente.ca/ontomlff/MLFFElasticityResult_887d43a1-e747-4a1f-a6b2-f848097ca756,[],[],0.4227341227428699,eV/Å^3,1.1522657704367907,/scratch/kenko/akg4pyscf/.graphchat-workspaces/kenko_room/mlff_elasticity_benchmark/workflow_runs/MatterSim/elasticity_MatterSim/structures/Pt6Si2_f234a485/output.json,mp-13363,cif,https://elagente.ca/grafico/ConceptualAtoms_18cfbf80-5cca-4674-b928-d9d21d201e01,mp-13363
CdS,0.4889451770286811,https://elagente.ca/grafico/ConceptualAtoms_190b97e2-5609-43d0-89ac-3a5d0810ed39,https://elagente.ca/ontomlff/MLFFElasticityResult_8d6e529b-4623-472a-b3b8-8b9f4955069e,[],[],0.16833864663317655,eV/Å^3,0.4530253317984112,/scratch/kenko/akg4pyscf/.graphchat-workspaces/kenko_room/mlff_elasticity_benchmark/workflow_runs/MatterSim/elasticity_MatterSim/structures/CdS_d899e1c2/output.json,mp-370,cif,https://elagente.ca/grafico/ConceptualAtoms_190b97e2-5609-43d0-89ac-3a5d0810ed39,mp-370
BiO3Sc,1.0213780465219293,https://elagente.ca/grafico/ConceptualAtoms_191c83ae-76ff-4358-b6d1-1d439f7e25b0,https://elagente.ca/ontomlff/MLFFElasticityResult_b8a453cd-debc-4ddc-92b3-ab4de5925089,[],[],0.334825589765418,eV/Å^3,0.9055275161518349,/scratch/kenko/akg4pyscf/.graphchat-workspaces/kenko_room/mlff_elasticity_benchmark/workflow_runs/MatterSim/elasticity_MatterSim/structures/BiO3Sc_5ff8d4f4/output.json,mp-550008,cif,https://elagente.ca/grafico/ConceptualAtoms_191c83ae-76ff-4358-b6d1-1d439f7e25b0,mp-550008
B3F12Li3,0.4886704808764812,https://elagente.ca/grafico/ConceptualAtoms_192b03b4-0a2d-44a5-9617-139bec973f84,https://elagente.ca/ontomlff/MLFFElasticityResult_3c2459b0-5df9-489c-ba80-d8a282892857,[],[],0.3047043865955714,eV/Å^3,0.7568127702862398,/scratch/kenko/akg4pyscf/.graphchat-workspaces/kenko_room/mlff_elasticity_benchmark/workflow_runs/MatterSim/elasticity_MatterSim/structures/B3F12Li3_315bec35/output.json,mp-12403,cif,https://elagente.ca/grafico/ConceptualAtoms_192b03b4-0a2d-44a5-9617-139bec973f84,mp-12403
In2Rb2Te4,0.19559705686358922,https://elagente.ca/grafico/ConceptualAtoms_19422e6f-5a5c-479f-a707-e4c4b3936590,https://elagente.ca/ontomlff/MLFFElasticityResult_88b2204f-af96-4c30-9ade-fc214a8604a6,[],[],0.10090638498653677,eV/Å^3,0.2583009432829515,/scratch/kenko/akg4pyscf/.graphchat-workspaces/kenko_room/mlff_elasticity_benchmark/workflow_runs/MatterSim/elasticity_MatterSim/structures/In2Rb2Te4_0f3bd242/output.json,mp-22255,cif,https://elagente.ca/grafico/ConceptualAtoms_19422e6f-5a5c-479f-a707-e4c4b3936590,mp-22255
H4Ca4O16P4,0.9078395370759457,https://elagente.ca/grafico/ConceptualAtoms_1973a6ba-fee3-4a58-863f-eea280efa156,https://elagente.ca/ontomlff/MLFFElasticityResult_a29fe548-5f97-4e54-a585-20b145b65d92,[],[],0.617791782718877,eV/Å^3,1.510695403647661,/scratch/kenko/akg4pyscf/.graphchat-workspaces/kenko_room/mlff_elasticity_benchmark/workflow_runs/MatterSim/elasticity_MatterSim/structures/H4Ca4O16P4_6dc33392/output.json,mp-24390,cif,https://elagente.ca/grafico/ConceptualAtoms_1973a6ba-fee3-4a58-863f-eea280efa156,mp-24390
Al18Mn6Si2,0.8275594972458199,https://elagente.ca/grafico/ConceptualAtoms_19cad99e-51c1-439f-aa02-96e77039c806,https://elagente.ca/ontomlff/MLFFElasticityResult_1b1848be-5fc6-4fb1-8bc8-dabb02bc178c,[],[],0.5103022988554795,eV/Å^3,1.2698877443196268,/scratch/kenko/akg4pyscf/.graphchat-workspaces/kenko_room/mlff_elasticity_benchmark/workflow_runs/MatterSim/elasticity_MatterSim/structures/Al18Mn6Si2_c2fea7f6/output.json,mp-15819,cif,https://elagente.ca/grafico/ConceptualAtoms_19cad99e-51c1-439f-aa02-96e77039c806,mp-15819
Pt2Tl4,0.4056743633738099,https://elagente.ca/grafico/ConceptualAtoms_1a0af031-f794-43d8-ab15-3528f918a736,https://elagente.ca/ontomlff/MLFFElasticityResult_e683c689-b77f-4a78-aefa-2f509533cfab,[],[],0.10935094837047202,eV/Å^3,0.3010070128744155,/scratch/kenko/akg4pyscf/.graphchat-workspaces/kenko_room/mlff_elasticity_benchmark/workflow_runs/MatterSim/elasticity_MatterSim/structures/Pt2Tl4_a41da894/output.json,mp-571160,cif,https://elagente.ca/grafico/ConceptualAtoms_1a0af031-f794-43d8-ab15-3528f918a736,mp-571160
Al2O8P2,0.9046531948950183,https://elagente.ca/grafico/ConceptualAtoms_1a0d67d2-c62e-4b43-b14a-b30b6ff7f71f,https://elagente.ca/ontomlff/MLFFElasticityResult_9ecf17e8-b04a-4b13-91e1-46254b2a27e4,[],[],0.5620890024849123,eV/Å^3,1.3969452483527938,/scratch/kenko/akg4pyscf/.graphchat-workspaces/kenko_room/mlff_elasticity_benchmark/workflow_runs/MatterSim/elasticity_MatterSim/structures/Al2O8P2_88146c6a/output.json,mp-4051,cif,https://elagente.ca/grafico/ConceptualAtoms_1a0d67d2-c62e-4b43-b14a-b30b6ff7f71f,mp-4051
Cl4Pd2,0.11263679500715841,https://elagente.ca/grafico/ConceptualAtoms_1a1d9ef6-1f37-4e71-8f4e-fc2b655a0b34,https://elagente.ca/ontomlff/MLFFElasticityResult_27c44349-1794-417b-9a04-72aa0c239ef5,[],[],0.04941861973565639,eV/Å^3,0.12934015746569047,/scratch/kenko/akg4pyscf/.graphchat-workspaces/kenko_room/mlff_elasticity_benchmark/workflow_runs/MatterSim/elasticity_MatterSim/structures/Cl4Pd2_b543840c/output.json,mp-569008,cif,https://elagente.ca/grafico/ConceptualAtoms_1a1d9ef6-1f37-4e71-8f4e-fc2b655a0b34,mp-569008
Ir8Lu10Si20,0.9316750997232813,https://elagente.ca/grafico/ConceptualAtoms_1a5f1e16-0faf-4296-ade9-2c29f1175a4e,https://elagente.ca/ontomlff/MLFFElasticityResult_5b22dd2e-97dd-4fb9-8e52-08620837c747,[],[],0.47080049849470906,eV/Å^3,1.2087901061001243,/scratch/kenko/akg4pyscf/.graphchat-workspaces/kenko_room/mlff_elasticity_benchmark/workflow_runs/MatterSim/elasticity_MatterSim/structures/Ir8Lu10Si20_b1afef32/output.json,mp-542170,cif,https://elagente.ca/grafico/ConceptualAtoms_1a5f1e16-0faf-4296-ade9-2c29f1175a4e,mp-542170
CuRh2Sn,1.0698009200470349,https://elagente.ca/grafico/ConceptualAtoms_1a823813-8909-4ecb-b006-734709edf9aa,https://elagente.ca/ontomlff/MLFFElasticityResult_60c85399-30c4-4019-8bbc-dc838c7457b7,[],[],0.3431686201366452,eV/Å^3,0.9300584270660781,/scratch/kenko/akg4pyscf/.graphchat-workspaces/kenko_room/mlff_elasticity_benchmark/workflow_runs/MatterSim/elasticity_MatterSim/structures/CuRh2Sn_e4cf7349/output.json,mp-30595,cif,https://elagente.ca/grafico/ConceptualAtoms_1a823813-8909-4ecb-b006-734709edf9aa,mp-30595
Cu8Se4,0.5113367991985629,https://elagente.ca/grafico/ConceptualAtoms_1ae7ca4a-c3bb-46fd-83c1-8db475166e32,https://elagente.ca/ontomlff/MLFFElasticityResult_e2ee971b-eeb6-4de1-9537-f5af6a1a84ce,[],[],0.20954545628194665,eV/Å^3,0.5530850783883148,/scratch/kenko/akg4pyscf/.graphchat-workspaces/kenko_room/mlff_elasticity_benchmark/workflow_runs/MatterSim/elasticity_MatterSim/structures/Cu8Se4_3b6f52c0/output.json,mp-1021499,cif,https://elagente.ca/grafico/ConceptualAtoms_1ae7ca4a-c3bb-46fd-83c1-8db475166e32,mp-1021499
CTh,0.9147290262907896,https://elagente.ca/grafico/ConceptualAtoms_1aef44d5-dbfd-4eb8-9fbb-4f1a1fcefe0f,https://elagente.ca/ontomlff/MLFFElasticityResult_0ec51156-4526-4f8c-a32e-7d1d00792626,[],[],0.42817718470645316,eV/Å^3,1.111157042615767,/scratch/kenko/akg4pyscf/.graphchat-workspaces/kenko_room/mlff_elasticity_benchmark/workflow_runs/MatterSim/elasticity_MatterSim/structures/CTh_668fc467/output.json,mp-1164,cif,https://elagente.ca/grafico/ConceptualAtoms_1aef44d5-dbfd-4eb8-9fbb-4f1a1fcefe0f,mp-1164
BSb,0.5603774599508269,https://elagente.ca/grafico/ConceptualAtoms_1b3647ee-8a60-48bf-a2af-38b0279ce10b,https://elagente.ca/ontomlff/MLFFElasticityResult_8cc30aba-dd4c-49ee-be73-276b7277cc83,[],[],0.4235556330700235,eV/Å^3,1.014952931338547,/scratch/kenko/akg4pyscf/.graphchat-workspaces/kenko_room/mlff_elasticity_benchmark/workflow_runs/MatterSim/elasticity_MatterSim/structures/BSb_0f67b77d/output.json,mp-997618,cif,https://elagente.ca/grafico/ConceptualAtoms_1b3647ee-8a60-48bf-a2af-38b0279ce10b,mp-997618
C4Si2,1.0490010843394622,https://elagente.ca/grafico/ConceptualAtoms_1bdd938a-af07-43ee-a801-acff05aa3e24,https://elagente.ca/ontomlff/MLFFElasticityResult_d0a90f6c-d40d-4c47-9fdd-979a91e06f80,[],[],0.6025994315550138,eV/Å^3,1.5172666526824943,/scratch/kenko/akg4pyscf/.graphchat-workspaces/kenko_room/mlff_elasticity_benchmark/workflow_runs/MatterSim/elasticity_MatterSim/structures/C4Si2_d82d374b/output.json,mp-1019097,cif,https://elagente.ca/grafico/ConceptualAtoms_1bdd938a-af07-43ee-a801-acff05aa3e24,mp-1019097
FHg3,0.24430274147863112,https://elagente.ca/grafico/ConceptualAtoms_1c1d0318-4f77-402f-b9c6-3f1b4d905868,https://elagente.ca/ontomlff/MLFFElasticityResult_92b4cf01-d391-46f0-9cd6-9fb3debfca20,[],[],0.02101222043966526,eV/Å^3,0.06127979130383937,/scratch/kenko/akg4pyscf/.graphchat-workspaces/kenko_room/mlff_elasticity_benchmark/workflow_runs/MatterSim/elasticity_MatterSim/structures/FHg3_2bf0126e/output.json,mp-973777,cif,https://elagente.ca/grafico/ConceptualAtoms_1c1d0318-4f77-402f-b9c6-3f1b4d905868,mp-973777
F3HgRb,0.3045100328099186,https://elagente.ca/grafico/ConceptualAtoms_1c4e2329-d3ff-4d23-aaa0-a9e11ebec418,https://elagente.ca/ontomlff/MLFFElasticityResult_be150615-0bd5-4cfd-9fe3-0e452f044531,[],[],0.09645928801982943,eV/Å^3,0.26174075904593924,/scratch/kenko/akg4pyscf/.graphchat-workspaces/kenko_room/mlff_elasticity_benchmark/workflow_runs/MatterSim/elasticity_MatterSim/structures/F3HgRb_f43b2c4e/output.json,mp-7482,cif,https://elagente.ca/grafico/ConceptualAtoms_1c4e2329-d3ff-4d23-aaa0-a9e11ebec418,mp-7482
Ho2I6,0.11944967490900436,https://elagente.ca/grafico/ConceptualAtoms_1c580f34-8394-46a0-ad49-ab88609b82bc,https://elagente.ca/ontomlff/MLFFElasticityResult_60b87829-839d-40ae-accf-6a3a583eeba8,[],[],0.06124776829129058,eV/Å^3,0.15692263429381811,/scratch/kenko/akg4pyscf/.graphchat-workspaces/kenko_room/mlff_elasticity_benchmark/workflow_runs/MatterSim/elasticity_MatterSim/structures/Ho2I6_01898817/output.json,mp-864657,cif,https://elagente.ca/grafico/ConceptualAtoms_1c580f34-8394-46a0-ad49-ab88609b82bc,mp-864657
Al2Ge2Y2,0.5024104913010812,https://elagente.ca/grafico/ConceptualAtoms_1c7d4f34-0b53-41ee-9ec1-35b05bdc0136,https://elagente.ca/ontomlff/MLFFElasticityResult_05e69ffa-ea59-449d-91d6-74a4f6397ead,[],[],0.30861745727176104,eV/Å^3,0.7684966579708676,/scratch/kenko/akg4pyscf/.graphchat-workspaces/kenko_room/mlff_elasticity_benchmark/workflow_runs/MatterSim/elasticity_MatterSim/structures/Al2Ge2Y2_5c72cda8/output.json,mp-29736,cif,https://elagente.ca/grafico/ConceptualAtoms_1c7d4f34-0b53-41ee-9ec1-35b05bdc0136,mp-29736
Na4,0.05471820973531415,https://elagente.ca/grafico/ConceptualAtoms_1dfeb1ea-69fe-4c81-9f2b-ab596d814d36,https://elagente.ca/ontomlff/MLFFElasticityResult_5478339c-762f-4725-8758-ad6fa1f2362a,[],[],0.026738970389896075,eV/Å^3,0.06898071667664889,/scratch/kenko/akg4pyscf/.graphchat-workspaces/kenko_room/mlff_elasticity_benchmark/workflow_runs/MatterSim/elasticity_MatterSim/structures/Na4_9666c7ce/output.json,mp-982370,cif,https://elagente.ca/grafico/ConceptualAtoms_1dfeb1ea-69fe-4c81-9f2b-ab596d814d36,mp-982370
Hf6Si4,0.8543120670323368,https://elagente.ca/grafico/ConceptualAtoms_1e12568a-2072-4960-913b-ec809b696d78,https://elagente.ca/ontomlff/MLFFElasticityResult_6ed89265-3771-43ab-ae32-608e66b29ded,[],[],0.5814339252023102,eV/Å^3,1.421758249434289,/scratch/kenko/akg4pyscf/.graphchat-workspaces/kenko_room/mlff_elasticity_benchmark/workflow_runs/MatterSim/elasticity_MatterSim/structures/Hf6Si4_a76c9ee7/output.json,mp-2105,cif,https://elagente.ca/grafico/ConceptualAtoms_1e12568a-2072-4960-913b-ec809b696d78,mp-2105
Bi2CoY6,0.3812793547047581,https://elagente.ca/grafico/ConceptualAtoms_1e8ecbab-c42b-4cf7-9dd9-2a1ac29643bd,https://elagente.ca/ontomlff/MLFFElasticityResult_260b3f6c-3077-406e-9dfb-2cbe56aef524,[],[],0.17994460538169005,eV/Å^3,0.466453052628274,/scratch/kenko/akg4pyscf/.graphchat-workspaces/kenko_room/mlff_elasticity_benchmark/workflow_runs/MatterSim/elasticity_MatterSim/structures/Bi2CoY6_aefdde59/output.json,mp-30921,cif,https://elagente.ca/grafico/ConceptualAtoms_1e8ecbab-c42b-4cf7-9dd9-2a1ac29643bd,mp-30921
B2Ir3Th,1.5736720433730216,https://elagente.ca/grafico/ConceptualAtoms_1ea1405e-4166-4e8a-bc6e-4dbcf15751ec,https://elagente.ca/ontomlff/MLFFElasticityResult_8648eaf2-595a-4441-a9b0-137a688bb4dd,[],[],0.6467811344408099,eV/Å^3,1.7065459169882429,/scratch/kenko/akg4pyscf/.graphchat-workspaces/kenko_room/mlff_elasticity_benchmark/workflow_runs/MatterSim/elasticity_MatterSim/structures/B2Ir3Th_6ba1e99d/output.json,mp-10115,cif,https://elagente.ca/grafico/ConceptualAtoms_1ea1405e-4166-4e8a-bc6e-4dbcf15751ec,mp-10115
Al2CoOs,1.3254825507723451,https://elagente.ca/grafico/ConceptualAtoms_1ed6081e-261f-4ca6-b7a3-c0f57ee54354,https://elagente.ca/ontomlff/MLFFElasticityResult_be69c818-2326-444c-8dc5-470370c94371,[],[],0.6545192930900239,eV/Å^3,1.6860377565328912,/scratch/kenko/akg4pyscf/.graphchat-workspaces/kenko_room/mlff_elasticity_benchmark/workflow_runs/MatterSim/elasticity_MatterSim/structures/Al2CoOs_6d899b32/output.json,mp-984352,cif,https://elagente.ca/grafico/ConceptualAtoms_1ed6081e-261f-4ca6-b7a3-c0f57ee54354,mp-984352
N3Ta3,1.775472744124311,https://elagente.ca/grafico/ConceptualAtoms_1ee34652-373e-4acf-a57e-1f8e3bde0ae0,https://elagente.ca/ontomlff/MLFFElasticityResult_fb84684d-9a54-4c14-a850-fa8ae080d412,[],[],0.875873219370533,eV/Å^3,2.2565533018885997,/scratch/kenko/akg4pyscf/.graphchat-workspaces/kenko_room/mlff_elasticity_benchmark/workflow_runs/MatterSim/elasticity_MatterSim/structures/N3Ta3_fee7f50c/output.json,mp-1497,cif,https://elagente.ca/grafico/ConceptualAtoms_1ee34652-373e-4acf-a57e-1f8e3bde0ae0,mp-1497
F6Pu2,0.7674966854976497,https://elagente.ca/grafico/ConceptualAtoms_1eef5913-f9e0-44ae-90a2-57f7f47fd1af,https://elagente.ca/ontomlff/MLFFElasticityResult_221ae927-27ee-4b08-9216-213fc57dfafd,[],[],0.3055721411147416,eV/Å^3,0.8093098589864836,/scratch/kenko/akg4pyscf/.graphchat-workspaces/kenko_room/mlff_elasticity_benchmark/workflow_runs/MatterSim/elasticity_MatterSim/structures/F6Pu2_831022ea/output.json,mp-8033,cif,https://elagente.ca/grafico/ConceptualAtoms_1eef5913-f9e0-44ae-90a2-57f7f47fd1af,mp-8033
GeSe,0.35579727272721773,https://elagente.ca/grafico/ConceptualAtoms_1f646450-e6ac-4dd1-ba62-a9d18ff6fba8,https://elagente.ca/ontomlff/MLFFElasticityResult_21a8f276-a34c-4045-b894-3efcf67fb956,[],[],0.2008411365984244,eV/Å^3,0.5071060134925368,/scratch/kenko/akg4pyscf/.graphchat-workspaces/kenko_room/mlff_elasticity_benchmark/workflow_runs/MatterSim/elasticity_MatterSim/structures/GeSe_6e74c96f/output.json,mp-10759,cif,https://elagente.ca/grafico/ConceptualAtoms_1f646450-e6ac-4dd1-ba62-a9d18ff6fba8,mp-10759
Au2V6,1.1404381744181835,https://elagente.ca/grafico/ConceptualAtoms_1fba10e8-a69a-406e-9160-f586c42f3d80,https://elagente.ca/ontomlff/MLFFElasticityResult_c25b2cd6-3b50-462c-9fba-2e15aadf8484,[],[],0.5384279474094331,eV/Å^3,1.3956448202217067,/scratch/kenko/akg4pyscf/.graphchat-workspaces/kenko_room/mlff_elasticity_benchmark/workflow_runs/MatterSim/elasticity_MatterSim/structures/Au2V6_e3f42240/output.json,mp-839,cif,https://elagente.ca/grafico/ConceptualAtoms_1fba10e8-a69a-406e-9160-f586c42f3d80,mp-839
BrKO3,0.36140402853373366,https://elagente.ca/grafico/ConceptualAtoms_20570d68-10e2-4b48-b67e-4caa197f78a5,https://elagente.ca/ontomlff/MLFFElasticityResult_b70eb26c-3a63-432d-ad03-ef25be6a5d96,[],[],0.2296278546859532,eV/Å^3,0.5684831636038696,/scratch/kenko/akg4pyscf/.graphchat-workspaces/kenko_room/mlff_elasticity_benchmark/workflow_runs/MatterSim/elasticity_MatterSim/structures/BrKO3_acefde09/output.json,mp-22958,cif,https://elagente.ca/grafico/ConceptualAtoms_20570d68-10e2-4b48-b67e-4caa197f78a5,mp-22958
Ca4Mg4Sn4,0.2510374265941204,https://elagente.ca/grafico/ConceptualAtoms_20626d0b-5abb-4fe2-b7bd-0efc6252d2ab,https://elagente.ca/ontomlff/MLFFElasticityResult_091d6bd8-7961-4311-a574-0d6dde1f4bc1,[],[],0.1554896529270302,eV/Å^3,0.38664181568243794,/scratch/kenko/akg4pyscf/.graphchat-workspaces/kenko_room/mlff_elasticity_benchmark/workflow_runs/MatterSim/elasticity_MatterSim/structures/Ca4Mg4Sn4_abfdaa81/output.json,mp-4864,cif,https://elagente.ca/grafico/ConceptualAtoms_20626d0b-5abb-4fe2-b7bd-0efc6252d2ab,mp-4864
Mg8O24Si8,1.1153389774038929,https://elagente.ca/grafico/ConceptualAtoms_208781a3-dc78-4b99-b49b-a376aebb9160,https://elagente.ca/ontomlff/MLFFElasticityResult_49466be8-1dbf-45fc-9334-b16a81eb3a75,[],[],0.7845779896092511,eV/Å^3,1.9066584505816337,/scratch/kenko/akg4pyscf/.graphchat-workspaces/kenko_room/mlff_elasticity_benchmark/workflow_runs/MatterSim/elasticity_MatterSim/structures/Mg8O24Si8_e97072d3/output.json,mp-3470,cif,https://elagente.ca/grafico/ConceptualAtoms_208781a3-dc78-4b99-b49b-a376aebb9160,mp-3470
AlLi2Rh,0.4849284020965997,https://elagente.ca/grafico/ConceptualAtoms_20ab4cc5-9105-4bd1-90f7-c8d4033c80af,https://elagente.ca/ontomlff/MLFFElasticityResult_4c80b227-8377-4209-b1b6-6e6db409e99b,[],[],0.24057075517976306,eV/Å^3,0.6193014039331015,/scratch/kenko/akg4pyscf/.graphchat-workspaces/kenko_room/mlff_elasticity_benchmark/workflow_runs/MatterSim/elasticity_MatterSim/structures/AlLi2Rh_78995021/output.json,mp-30820,cif,https://elagente.ca/grafico/ConceptualAtoms_20ab4cc5-9105-4bd1-90f7-c8d4033c80af,mp-30820
ErIr,0.8532458851536642,https://elagente.ca/grafico/ConceptualAtoms_2133fd4d-7f29-41df-93c3-57faaea1f783,https://elagente.ca/ontomlff/MLFFElasticityResult_f435efa6-20ee-4b3a-933a-dc45bf14dfec,[],[],0.3866112893541028,eV/Å^3,1.0076438608477132,/scratch/kenko/akg4pyscf/.graphchat-workspaces/kenko_room/mlff_elasticity_benchmark/workflow_runs/MatterSim/elasticity_MatterSim/structures/ErIr_3a2cd13a/output.json,mp-2713,cif,https://elagente.ca/grafico/ConceptualAtoms_2133fd4d-7f29-41df-93c3-57faaea1f783,mp-2713
LiMgPd2,0.5235302208659054,https://elagente.ca/grafico/ConceptualAtoms_21357279-a95a-4ae2-9bd1-a581cf8cca3a,https://elagente.ca/ontomlff/MLFFElasticityResult_f98816f5-d448-4226-a883-6fd2027a3742,[],[],0.2292206015661939,eV/Å^3,0.6000824814186333,/scratch/kenko/akg4pyscf/.graphchat-workspaces/kenko_room/mlff_elasticity_benchmark/workflow_runs/MatterSim/elasticity_MatterSim/structures/LiMgPd2_b8f9a4a1/output.json,mp-977399,cif,https://elagente.ca/grafico/ConceptualAtoms_21357279-a95a-4ae2-9bd1-a581cf8cca3a,mp-977399
BN,2.3404159214649862,https://elagente.ca/grafico/ConceptualAtoms_21467e85-9063-4e0d-9739-aa31ea7c65d3,https://elagente.ca/ontomlff/MLFFElasticityResult_e603399e-91ab-4ba9-b7aa-0231d844b558,[],[],2.1341988331429755,eV/Å^3,4.910106337142237,/scratch/kenko/akg4pyscf/.graphchat-workspaces/kenko_room/mlff_elasticity_benchmark/workflow_runs/MatterSim/elasticity_MatterSim/structures/BN_19479d7e/output.json,mp-1639,cif,https://elagente.ca/grafico/ConceptualAtoms_21467e85-9063-4e0d-9739-aa31ea7c65d3,mp-1639
K8P12,0.1945443900150417,https://elagente.ca/grafico/ConceptualAtoms_21a2a2d1-84a1-4803-ae26-f49b8a46c62d,https://elagente.ca/ontomlff/MLFFElasticityResult_0a03a4fe-d54b-4240-884c-9f6f4f7591c3,[],[],0.12646210818624323,eV/Å^3,0.3118207514708113,/scratch/kenko/akg4pyscf/.graphchat-workspaces/kenko_room/mlff_elasticity_benchmark/workflow_runs/MatterSim/elasticity_MatterSim/structures/K8P12_100d6c04/output.json,mp-569857,cif,https://elagente.ca/grafico/ConceptualAtoms_21a2a2d1-84a1-4803-ae26-f49b8a46c62d,mp-569857
Ca2Te2,0.25105821265908873,https://elagente.ca/grafico/ConceptualAtoms_21f9b6c9-57af-4655-bf24-d371776f539c,https://elagente.ca/ontomlff/MLFFElasticityResult_cbecbe2f-b811-4778-a11f-85643670c596,[],[],0.14056481577950555,eV/Å^3,0.3553715362750977,/scratch/kenko/akg4pyscf/.graphchat-workspaces/kenko_room/mlff_elasticity_benchmark/workflow_runs/MatterSim/elasticity_MatterSim/structures/Ca2Te2_57eecfe2/output.json,mp-569170,cif,https://elagente.ca/grafico/ConceptualAtoms_21f9b6c9-57af-4655-bf24-d371776f539c,mp-569170
IrNiPm2,0.6213988496821741,https://elagente.ca/grafico/ConceptualAtoms_220d5777-093f-4a50-a943-de82cc6c7315,https://elagente.ca/ontomlff/MLFFElasticityResult_5ec2c9d6-f073-4306-a9b0-f2e9dd221cce,[],[],0.1991141698418933,eV/Å^3,0.5396976008812097,/scratch/kenko/akg4pyscf/.graphchat-workspaces/kenko_room/mlff_elasticity_benchmark/workflow_runs/MatterSim/elasticity_MatterSim/structures/IrNiPm2_2ee42b9b/output.json,mp-863713,cif,https://elagente.ca/grafico/ConceptualAtoms_220d5777-093f-4a50-a943-de82cc6c7315,mp-863713
Rh4Zr4,1.0313565725613074,https://elagente.ca/grafico/ConceptualAtoms_227be9bb-0d68-4940-9194-c92f9ad5dd6d,https://elagente.ca/ontomlff/MLFFElasticityResult_b4d395e2-a5e6-4326-98c8-f718d277a48a,[],[],0.2812591233765308,eV/Å^3,0.7734671589997509,/scratch/kenko/akg4pyscf/.graphchat-workspaces/kenko_room/mlff_elasticity_benchmark/workflow_runs/MatterSim/elasticity_MatterSim/structures/Rh4Zr4_d1d91c64/output.json,mp-567181,cif,https://elagente.ca/grafico/ConceptualAtoms_227be9bb-0d68-4940-9194-c92f9ad5dd6d,mp-567181
F8HfNa3,0.5152294736719611,https://elagente.ca/grafico/ConceptualAtoms_233785d5-c48f-458b-b9c0-d9f86bdbd92a,https://elagente.ca/ontomlff/MLFFElasticityResult_5c799025-16c8-432f-aaec-8cfaaa54515f,[],[],0.20212019101332018,eV/Å^3,0.5362397863575481,/scratch/kenko/akg4pyscf/.graphchat-workspaces/kenko_room/mlff_elasticity_benchmark/workflow_runs/MatterSim/elasticity_MatterSim/structures/F8HfNa3_047e374c/output.json,mp-864765,cif,https://elagente.ca/grafico/ConceptualAtoms_233785d5-c48f-458b-b9c0-d9f86bdbd92a,mp-864765
Cu3Pd,0.9574848165077534,https://elagente.ca/grafico/ConceptualAtoms_23608585-fb88-4e4f-9084-4cf47fdc284f,https://elagente.ca/ontomlff/MLFFElasticityResult_3a2cb38c-8afd-4093-a193-22e4209e9f0f,[],[],0.36817037137069897,eV/Å^3,0.9790265888921927,/scratch/kenko/akg4pyscf/.graphchat-workspaces/kenko_room/mlff_elasticity_benchmark/workflow_runs/MatterSim/elasticity_MatterSim/structures/Cu3Pd_b7570abc/output.json,mp-580357,cif,https://elagente.ca/grafico/ConceptualAtoms_23608585-fb88-4e4f-9084-4cf47fdc284f,mp-580357
Ni2P2Y,0.918007276308985,https://elagente.ca/grafico/ConceptualAtoms_236c7e0f-517b-49da-90d0-eb2f0758fba3,https://elagente.ca/ontomlff/MLFFElasticityResult_da809e47-2d8c-4229-8a5c-09463280441b,[],[],0.4322424420613733,eV/Å^3,1.12081580771372,/scratch/kenko/akg4pyscf/.graphchat-workspaces/kenko_room/mlff_elasticity_benchmark/workflow_runs/MatterSim/elasticity_MatterSim/structures/Ni2P2Y_f6b7c984/output.json,mp-568940,cif,https://elagente.ca/grafico/ConceptualAtoms_236c7e0f-517b-49da-90d0-eb2f0758fba3,mp-568940
Hf4S20Y8,0.6203970832006591,https://elagente.ca/grafico/ConceptualAtoms_23d1be22-cb79-4681-9d4d-ba44e083c2fd,https://elagente.ca/ontomlff/MLFFElasticityResult_760550f0-703a-448c-8adc-54391b4641b3,[],[],0.2992571464840944,eV/Å^3,0.773415532756188,/scratch/kenko/akg4pyscf/.graphchat-workspaces/kenko_room/mlff_elasticity_benchmark/workflow_runs/MatterSim/elasticity_MatterSim/structures/Hf4S20Y8_35147bec/output.json,mp-16919,cif,https://elagente.ca/grafico/ConceptualAtoms_23d1be22-cb79-4681-9d4d-ba44e083c2fd,mp-16919
IRb,0.05909019873435227,https://elagente.ca/grafico/ConceptualAtoms_23dd2b14-51ba-42b1-833d-12f4b2bd785b,https://elagente.ca/ontomlff/MLFFElasticityResult_7afd2d9c-bcb0-431f-8581-32c9d762a7ec,[],[],0.03165974570991919,eV/Å^3,0.0805867919362168,/scratch/kenko/akg4pyscf/.graphchat-workspaces/kenko_room/mlff_elasticity_benchmark/workflow_runs/MatterSim/elasticity_MatterSim/structures/IRb_809419bc/output.json,mp-23302,cif,https://elagente.ca/grafico/ConceptualAtoms_23dd2b14-51ba-42b1-833d-12f4b2bd785b,mp-23302
BiHf3,0.6330767634959035,https://elagente.ca/grafico/ConceptualAtoms_2402e7f7-8e33-4be4-bbda-17947fc2f656,https://elagente.ca/ontomlff/MLFFElasticityResult_1ae3b16b-7bd5-48c9-9423-44e2d2ddc7de,[],[],-0.5715149655097391,eV/Å^3,-2.4525706231066016,/scratch/kenko/akg4pyscf/.graphchat-workspaces/kenko_room/mlff_elasticity_benchmark/workflow_runs/MatterSim/elasticity_MatterSim/structures/BiHf3_86500d47/output.json,mp-976419,cif,https://elagente.ca/grafico/ConceptualAtoms_2402e7f7-8e33-4be4-bbda-17947fc2f656,mp-976419
O3SnZn,0.9254248578670273,https://elagente.ca/grafico/ConceptualAtoms_24f62c19-8e05-429c-9f54-3fb47f5a1ade,https://elagente.ca/ontomlff/MLFFElasticityResult_a33b9bb8-0eec-4e59-83bd-b4ff8adbdef1,[],[],0.2633805281975203,eV/Å^3,0.7216772684345618,/scratch/kenko/akg4pyscf/.graphchat-workspaces/kenko_room/mlff_elasticity_benchmark/workflow_runs/MatterSim/elasticity_MatterSim/structures/O3SnZn_7c47d84d/output.json,mp-1016902,cif,https://elagente.ca/grafico/ConceptualAtoms_24f62c19-8e05-429c-9f54-3fb47f5a1ade,mp-1016902
ClN,1.5734280485219456,https://elagente.ca/grafico/ConceptualAtoms_250c50ef-deda-4423-85a6-b989045a177a,https://elagente.ca/ontomlff/MLFFElasticityResult_1db75caa-1f7d-44d4-97e5-1cd254741491,[],[],0.031068971321872276,eV/Å^3,0.09259743644084492,/scratch/kenko/akg4pyscf/.graphchat-workspaces/kenko_room/mlff_elasticity_benchmark/workflow_runs/MatterSim/elasticity_MatterSim/structures/ClN_2892a40c/output.json,mp-1058151,cif,https://elagente.ca/grafico/ConceptualAtoms_250c50ef-deda-4423-85a6-b989045a177a,mp-1058151
Ge3Nd,0.4389038375363208,https://elagente.ca/grafico/ConceptualAtoms_25126711-886f-420e-9ea4-ff2f8f60a0ad,https://elagente.ca/ontomlff/MLFFElasticityResult_bf86fab2-a300-4fca-9018-be6888422065,[],[],0.15789944741789877,eV/Å^3,0.42297533224482536,/scratch/kenko/akg4pyscf/.graphchat-workspaces/kenko_room/mlff_elasticity_benchmark/workflow_runs/MatterSim/elasticity_MatterSim/structures/Ge3Nd_8b9645a3/output.json,mp-975664,cif,https://elagente.ca/grafico/ConceptualAtoms_25126711-886f-420e-9ea4-ff2f8f60a0ad,mp-975664
Cr3Ge3Nb3,1.0576307845344308,https://elagente.ca/grafico/ConceptualAtoms_25565335-784a-45c8-8123-b141129d8003,https://elagente.ca/ontomlff/MLFFElasticityResult_8eff4629-d9e3-486b-ad37-031d79845f09,[],[],0.7266896121924729,eV/Å^3,1.77381160405838,/scratch/kenko/akg4pyscf/.graphchat-workspaces/kenko_room/mlff_elasticity_benchmark/workflow_runs/MatterSim/elasticity_MatterSim/structures/Cr3Ge3Nb3_7a105410/output.json,mp-21440,cif,https://elagente.ca/grafico/ConceptualAtoms_25565335-784a-45c8-8123-b141129d8003,mp-21440
AgSm2Zn,0.3627891248205176,https://elagente.ca/grafico/ConceptualAtoms_25571290-3065-4df1-b73b-55bc295bf802,https://elagente.ca/ontomlff/MLFFElasticityResult_7d106992-2c59-4df9-aea9-b347cc016df4,[],[],0.17029563221343322,eV/Å^3,0.4417644972438547,/scratch/kenko/akg4pyscf/.graphchat-workspaces/kenko_room/mlff_elasticity_benchmark/workflow_runs/MatterSim/elasticity_MatterSim/structures/AgSm2Zn_b6783dcb/output.json,mp-979057,cif,https://elagente.ca/grafico/ConceptualAtoms_25571290-3065-4df1-b73b-55bc295bf802,mp-979057
Al2F14Mg2Na4,0.522580574063658,https://elagente.ca/grafico/ConceptualAtoms_255c8eec-7334-4520-bdb4-bc27f3600b2e,https://elagente.ca/ontomlff/MLFFElasticityResult_5217a71e-fbde-462f-a942-62b94a2e5d49,[],[],0.3221603570420026,eV/Å^3,0.8017307962997803,/scratch/kenko/akg4pyscf/.graphchat-workspaces/kenko_room/mlff_elasticity_benchmark/workflow_runs/MatterSim/elasticity_MatterSim/structures/Al2F14Mg2Na4_c62f31fb/output.json,mp-6319,cif,https://elagente.ca/grafico/ConceptualAtoms_255c8eec-7334-4520-bdb4-bc27f3600b2e,mp-6319
B4Re11V,2.2870535817571467,https://elagente.ca/grafico/ConceptualAtoms_2630beaa-3cca-4b3e-94cd-4f8de20d50fa,https://elagente.ca/ontomlff/MLFFElasticityResult_fba9ee56-c714-4520-879c-a01729b120f8,[],[],0.9912596839846766,eV/Å^3,2.5983804968413287,/scratch/kenko/akg4pyscf/.graphchat-workspaces/kenko_room/mlff_elasticity_benchmark/workflow_runs/MatterSim/elasticity_MatterSim/structures/B4Re11V_adcbab81/output.json,mp-1216295,cif,https://elagente.ca/grafico/ConceptualAtoms_2630beaa-3cca-4b3e-94cd-4f8de20d50fa,mp-1216295
Cu4Sn4Tm3,0.5065557070431495,https://elagente.ca/grafico/ConceptualAtoms_2664b666-3f22-41c7-9f9f-38c4c1ab22d1,https://elagente.ca/ontomlff/MLFFElasticityResult_80c8f69e-cc48-4ad3-accd-6681c1afeef2,[],[],0.2556277833945427,eV/Å^3,0.6564584903870609,/scratch/kenko/akg4pyscf/.graphchat-workspaces/kenko_room/mlff_elasticity_benchmark/workflow_runs/MatterSim/elasticity_MatterSim/structures/Cu4Sn4Tm3_d2152df0/output.json,mp-1095591,cif,https://elagente.ca/grafico/ConceptualAtoms_2664b666-3f22-41c7-9f9f-38c4c1ab22d1,mp-1095591
Cd2Cu2F8,0.582020951948047,https://elagente.ca/grafico/ConceptualAtoms_2676d8ac-d06b-4e5b-9686-f74e5223ef1d,https://elagente.ca/ontomlff/MLFFElasticityResult_c529da5f-8585-4950-a203-5d105f497baa,[],[],0.23768252317880845,eV/Å^3,0.6276137496187666,/scratch/kenko/akg4pyscf/.graphchat-workspaces/kenko_room/mlff_elasticity_benchmark/workflow_runs/MatterSim/elasticity_MatterSim/structures/Cd2Cu2F8_7056abf3/output.json,mp-9075,cif,https://elagente.ca/grafico/ConceptualAtoms_2676d8ac-d06b-4e5b-9686-f74e5223ef1d,mp-9075
Co2NbZn,1.2189453783777409,https://elagente.ca/grafico/ConceptualAtoms_26c39393-e66e-43d0-a61e-0dcb9aa345f5,https://elagente.ca/ontomlff/MLFFElasticityResult_91217180-e46a-4e02-a840-d54d97a1aa16,[],[],0.47037763060968674,eV/Å^3,1.2503063914807147,/scratch/kenko/akg4pyscf/.graphchat-workspaces/kenko_room/mlff_elasticity_benchmark/workflow_runs/MatterSim/elasticity_MatterSim/structures/Co2NbZn_943c3af5/output.json,mp-864857,cif,https://elagente.ca/grafico/ConceptualAtoms_26c39393-e66e-43d0-a61e-0dcb9aa345f5,mp-864857
BLiO4Si,1.1444980343188267,https://elagente.ca/grafico/ConceptualAtoms_2720a4d8-2c4e-4ed1-9d1a-cc3e0b36e886,https://elagente.ca/ontomlff/MLFFElasticityResult_7918feb3-b1a0-474f-abf6-97bc504b1023,[],[],0.7300263232227662,eV/Å^3,1.806073336420657,/scratch/kenko/akg4pyscf/.graphchat-workspaces/kenko_room/mlff_elasticity_benchmark/workflow_runs/MatterSim/elasticity_MatterSim/structures/BLiO4Si_25e28804/output.json,mp-8874,cif,https://elagente.ca/grafico/ConceptualAtoms_2720a4d8-2c4e-4ed1-9d1a-cc3e0b36e886,mp-8874
AsNSr3,0.26712110343727824,https://elagente.ca/grafico/ConceptualAtoms_27356ebc-10fc-4d33-ab6c-cc2cc849cc25,https://elagente.ca/ontomlff/MLFFElasticityResult_016a2abe-aa99-45c1-b423-71a2bd24a7bb,[],[],0.19195600641346194,eV/Å^3,0.4645832356533317,/scratch/kenko/akg4pyscf/.graphchat-workspaces/kenko_room/mlff_elasticity_benchmark/workflow_runs/MatterSim/elasticity_MatterSim/structures/AsNSr3_e65c54f9/output.json,mp-1013555,cif,https://elagente.ca/grafico/ConceptualAtoms_27356ebc-10fc-4d33-ab6c-cc2cc849cc25,mp-1013555
B16La4,1.0760154826109916,https://elagente.ca/grafico/ConceptualAtoms_273bc009-ca39-427b-94d1-20b77ccc1e98,https://elagente.ca/ontomlff/MLFFElasticityResult_3d17cf5b-8862-48dd-9d8c-0aa1cc724cdf,[],[],0.9107710519779704,eV/Å^3,2.131051629549419,/scratch/kenko/akg4pyscf/.graphchat-workspaces/kenko_room/mlff_elasticity_benchmark/workflow_runs/MatterSim/elasticity_MatterSim/structures/B16La4_dbd5e5d2/output.json,mp-7283,cif,https://elagente.ca/grafico/ConceptualAtoms_273bc009-ca39-427b-94d1-20b77ccc1e98,mp-7283
PuSi2,0.5828834231572833,https://elagente.ca/grafico/ConceptualAtoms_27b5f93f-1e9d-4094-bcb3-d05d2134cf10,https://elagente.ca/ontomlff/MLFFElasticityResult_d505541c-bfef-4fd0-bd59-0e49d00489a8,[],[],0.3551606601780297,eV/Å^3,0.8856096933997797,/scratch/kenko/akg4pyscf/.graphchat-workspaces/kenko_room/mlff_elasticity_benchmark/workflow_runs/MatterSim/elasticity_MatterSim/structures/PuSi2_cfa3785b/output.json,mp-10186,cif,https://elagente.ca/grafico/ConceptualAtoms_27b5f93f-1e9d-4094-bcb3-d05d2134cf10,mp-10186
Ga3Lu,0.397403126957731,https://elagente.ca/grafico/ConceptualAtoms_27d6dbe7-d263-4146-a129-50dec7dc66ee,https://elagente.ca/ontomlff/MLFFElasticityResult_0f571992-eeee-4936-95c8-727073b5a6da,[],[],0.22671375872284344,eV/Å^3,0.5714691565309448,/scratch/kenko/akg4pyscf/.graphchat-workspaces/kenko_room/mlff_elasticity_benchmark/workflow_runs/MatterSim/elasticity_MatterSim/structures/Ga3Lu_61b88239/output.json,mp-495,cif,https://elagente.ca/grafico/ConceptualAtoms_27d6dbe7-d263-4146-a129-50dec7dc66ee,mp-495
Ti4Zn8,0.6473150300418524,https://elagente.ca/grafico/ConceptualAtoms_27e3ed5b-850f-4a48-9483-301bd82eaccd,https://elagente.ca/ontomlff/MLFFElasticityResult_85aa8d1a-5d42-435f-bcac-e1e7e329f5d5,[],[],0.3742404022340054,eV/Å^3,0.9413162037871701,/scratch/kenko/akg4pyscf/.graphchat-workspaces/kenko_room/mlff_elasticity_benchmark/workflow_runs/MatterSim/elasticity_MatterSim/structures/Ti4Zn8_1eb4c19f/output.json,mp-30882,cif,https://elagente.ca/grafico/ConceptualAtoms_27e3ed5b-850f-4a48-9483-301bd82eaccd,mp-30882
AsSc,0.5531427172267469,https://elagente.ca/grafico/ConceptualAtoms_284a1d72-ddf0-490c-96c8-4a72e5490852,https://elagente.ca/ontomlff/MLFFElasticityResult_ca5caae9-73cd-47b7-aece-ad1e35f62b54,[],[],0.3125637415173106,eV/Å^3,0.7890657263716817,/scratch/kenko/akg4pyscf/.graphchat-workspaces/kenko_room/mlff_elasticity_benchmark/workflow_runs/MatterSim/elasticity_MatterSim/structures/AsSc_85a898a8/output.json,mp-2052,cif,https://elagente.ca/grafico/ConceptualAtoms_284a1d72-ddf0-490c-96c8-4a72e5490852,mp-2052
Be5Hf,0.8247945581976919,https://elagente.ca/grafico/ConceptualAtoms_286f6a60-7d2b-4bba-adcd-ae647edf89ec,https://elagente.ca/ontomlff/MLFFElasticityResult_e61b9074-8a2f-4086-8de4-91da0f2414f3,[],[],0.7386084282554201,eV/Å^3,1.7064473658417583,/scratch/kenko/akg4pyscf/.graphchat-workspaces/kenko_room/mlff_elasticity_benchmark/workflow_runs/MatterSim/elasticity_MatterSim/structures/Be5Hf_524350c7/output.json,mp-2025,cif,https://elagente.ca/grafico/ConceptualAtoms_286f6a60-7d2b-4bba-adcd-ae647edf89ec,mp-2025
Pd6Zn2,0.8932038748946166,https://elagente.ca/grafico/ConceptualAtoms_28a7faac-4058-4d62-aab4-01bc7050462b,https://elagente.ca/ontomlff/MLFFElasticityResult_c8c99859-d0c5-4cfb-ac5a-ad2d8cec0b4b,[],[],0.3142481277273097,eV/Å^3,0.843789962520853,/scratch/kenko/akg4pyscf/.graphchat-workspaces/kenko_room/mlff_elasticity_benchmark/workflow_runs/MatterSim/elasticity_MatterSim/structures/Pd6Zn2_fc0d6da0/output.json,mp-971909,cif,https://elagente.ca/grafico/ConceptualAtoms_28a7faac-4058-4d62-aab4-01bc7050462b,mp-971909
Mg2O6Ti2,1.1817425383684195,https://elagente.ca/grafico/ConceptualAtoms_28c6fc76-8fbb-4419-bb4f-33608b83a5c1,https://elagente.ca/ontomlff/MLFFElasticityResult_da12d656-ee9f-4bc9-bc46-be317bd697d4,[],[],0.6842889699884207,eV/Å^3,1.7207357656415128,/scratch/kenko/akg4pyscf/.graphchat-workspaces/kenko_room/mlff_elasticity_benchmark/workflow_runs/MatterSim/elasticity_MatterSim/structures/Mg2O6Ti2_df7efeb8/output.json,mp-3771,cif,https://elagente.ca/grafico/ConceptualAtoms_28c6fc76-8fbb-4419-bb4f-33608b83a5c1,mp-3771
GaRh2Tb,0.8642497599740062,https://elagente.ca/grafico/ConceptualAtoms_28d92d23-0d75-4e91-ab5a-bc6e1463dbac,https://elagente.ca/ontomlff/MLFFElasticityResult_0c3e2421-bf7c-4653-afec-d9edf1e771ec,[],[],0.3604693864235259,eV/Å^3,0.9494116565774551,/scratch/kenko/akg4pyscf/.graphchat-workspaces/kenko_room/mlff_elasticity_benchmark/workflow_runs/MatterSim/elasticity_MatterSim/structures/GaRh2Tb_676460cc/output.json,mp-977421,cif,https://elagente.ca/grafico/ConceptualAtoms_28d92d23-0d75-4e91-ab5a-bc6e1463dbac,mp-977421
PdTe2,0.49246541212059824,https://elagente.ca/grafico/ConceptualAtoms_2901da8a-a7ea-4f51-a440-cd7733b578cc,https://elagente.ca/ontomlff/MLFFElasticityResult_0f698f92-3e95-4575-bc31-38cc7f368d42,[],[],0.2166620240795359,eV/Å^3,0.5668559336104141,/scratch/kenko/akg4pyscf/.graphchat-workspaces/kenko_room/mlff_elasticity_benchmark/workflow_runs/MatterSim/elasticity_MatterSim/structures/PdTe2_e45575af/output.json,mp-782,cif,https://elagente.ca/grafico/ConceptualAtoms_2901da8a-a7ea-4f51-a440-cd7733b578cc,mp-782
Ca6Hg4,0.19673446738624467,https://elagente.ca/grafico/ConceptualAtoms_2921df33-7254-4abc-b676-9d344ad10d8b,https://elagente.ca/ontomlff/MLFFElasticityResult_249a7a69-5b4b-4067-b6e6-75c1cf220d9e,[],[],0.08778452536757536,eV/Å^3,0.22925508003306802,/scratch/kenko/akg4pyscf/.graphchat-workspaces/kenko_room/mlff_elasticity_benchmark/workflow_runs/MatterSim/elasticity_MatterSim/structures/Ca6Hg4_3bffc7f2/output.json,mp-11288,cif,https://elagente.ca/grafico/ConceptualAtoms_2921df33-7254-4abc-b676-9d344ad10d8b,mp-11288
NY,1.0004220015432668,https://elagente.ca/grafico/ConceptualAtoms_2970c01b-575a-4cf5-a9ac-da6bf64fa2c2,https://elagente.ca/ontomlff/MLFFElasticityResult_cda9445c-dcfd-4267-ad5e-43c64b23b706,[],[],0.7277329493065021,eV/Å^3,1.7571365839862034,/scratch/kenko/akg4pyscf/.graphchat-workspaces/kenko_room/mlff_elasticity_benchmark/workflow_runs/MatterSim/elasticity_MatterSim/structures/NY_d92c5d04/output.json,mp-2114,cif,https://elagente.ca/grafico/ConceptualAtoms_2970c01b-575a-4cf5-a9ac-da6bf64fa2c2,mp-2114
InNa3,0.06219418717575484,https://elagente.ca/grafico/ConceptualAtoms_297629a8-1dde-4c47-9242-8b06079a9b8c,https://elagente.ca/ontomlff/MLFFElasticityResult_a71c1826-f69c-44b1-bdc4-f7fdd6b5aabd,[],[],0.016395527080402643,eV/Å^3,0.045213541933051854,/scratch/kenko/akg4pyscf/.graphchat-workspaces/kenko_room/mlff_elasticity_benchmark/workflow_runs/MatterSim/elasticity_MatterSim/structures/InNa3_9691086c/output.json,mp-864758,cif,https://elagente.ca/grafico/ConceptualAtoms_297629a8-1dde-4c47-9242-8b06079a9b8c,mp-864758
IrRb3,0.08963427755996041,https://elagente.ca/grafico/ConceptualAtoms_29a7974a-db83-48ba-8696-7b7ae577659f,https://elagente.ca/ontomlff/MLFFElasticityResult_1c217479-a256-4957-a304-185ecfcfbc9f,[],[],0.04345615735599641,eV/Å^3,0.11223128691510906,/scratch/kenko/akg4pyscf/.graphchat-workspaces/kenko_room/mlff_elasticity_benchmark/workflow_runs/MatterSim/elasticity_MatterSim/structures/IrRb3_69dbf960/output.json,mp-974949,cif,https://elagente.ca/grafico/ConceptualAtoms_29a7974a-db83-48ba-8696-7b7ae577659f,mp-974949
OZr,1.222475081528552,https://elagente.ca/grafico/ConceptualAtoms_29e2b264-d5d0-443f-8f12-d838779523d7,https://elagente.ca/ontomlff/MLFFElasticityResult_114f059b-69d1-4226-903b-c08a747bc21a,[],[],0.08515624914561178,eV/Å^3,0.2496714688588777,/scratch/kenko/akg4pyscf/.graphchat-workspaces/kenko_room/mlff_elasticity_benchmark/workflow_runs/MatterSim/elasticity_MatterSim/structures/OZr_5338d2d5/output.json,mp-10197,cif,https://elagente.ca/grafico/ConceptualAtoms_29e2b264-d5d0-443f-8f12-d838779523d7,mp-10197
P4V8,1.2467513168025715,https://elagente.ca/grafico/ConceptualAtoms_2a79bca8-fbe7-43f8-ab64-84ecb4efab27,https://elagente.ca/ontomlff/MLFFElasticityResult_c04e7532-820b-47b0-a604-ee27c199e5ab,[],[],0.7529248240259225,eV/Å^3,1.8802701976472962,/scratch/kenko/akg4pyscf/.graphchat-workspaces/kenko_room/mlff_elasticity_benchmark/workflow_runs/MatterSim/elasticity_MatterSim/structures/P4V8_4995e751/output.json,mp-20541,cif,https://elagente.ca/grafico/ConceptualAtoms_2a79bca8-fbe7-43f8-ab64-84ecb4efab27,mp-20541
Ru2ScTa,1.2746182900977159,https://elagente.ca/grafico/ConceptualAtoms_2a86014b-e548-43aa-9193-40abc5c68d07,https://elagente.ca/ontomlff/MLFFElasticityResult_7cc34a5b-24d4-49e3-8df1-cca089444f46,[],[],0.6093239285398924,eV/Å^3,1.5767238661883518,/scratch/kenko/akg4pyscf/.graphchat-workspaces/kenko_room/mlff_elasticity_benchmark/workflow_runs/MatterSim/elasticity_MatterSim/structures/Ru2ScTa_d24d41fc/output.json,mp-867897,cif,https://elagente.ca/grafico/ConceptualAtoms_2a86014b-e548-43aa-9193-40abc5c68d07,mp-867897
N2Ti6Zn2,1.0178624757770172,https://elagente.ca/grafico/ConceptualAtoms_2ab6e82d-0bc9-460d-aca7-81d5a5a1b1ee,https://elagente.ca/ontomlff/MLFFElasticityResult_1122a001-569c-4483-907c-7f0f109b7315,[],[],0.5473510549537166,eV/Å^3,1.3924572507686184,/scratch/kenko/akg4pyscf/.graphchat-workspaces/kenko_room/mlff_elasticity_benchmark/workflow_runs/MatterSim/elasticity_MatterSim/structures/N2Ti6Zn2_994274d4/output.json,mp-1014257,cif,https://elagente.ca/grafico/ConceptualAtoms_2ab6e82d-0bc9-460d-aca7-81d5a5a1b1ee,mp-1014257
BiTe2Tl,0.24598893363357172,https://elagente.ca/grafico/ConceptualAtoms_2abf50bf-cd1f-4a0f-a0c4-5c12d29384cd,https://elagente.ca/ontomlff/MLFFElasticityResult_d74311db-e1b7-4c65-ae0c-460625b5b5b4,[],[],0.11586534807197449,eV/Å^3,0.30042712852215797,/scratch/kenko/akg4pyscf/.graphchat-workspaces/kenko_room/mlff_elasticity_benchmark/workflow_runs/MatterSim/elasticity_MatterSim/structures/BiTe2Tl_d7a3a62d/output.json,mp-27438,cif,https://elagente.ca/grafico/ConceptualAtoms_2abf50bf-cd1f-4a0f-a0c4-5c12d29384cd,mp-27438
HgPm2Si,0.38961943241793506,https://elagente.ca/grafico/ConceptualAtoms_2af56c14-fd95-4389-9b4f-1d5dcefa88a8,https://elagente.ca/ontomlff/MLFFElasticityResult_20af6692-2204-4a54-8cba-42bd725d0c2e,[],[],0.2080458464763302,eV/Å^3,0.5298323379380668,/scratch/kenko/akg4pyscf/.graphchat-workspaces/kenko_room/mlff_elasticity_benchmark/workflow_runs/MatterSim/elasticity_MatterSim/structures/HgPm2Si_526072c1/output.json,mp-866204,cif,https://elagente.ca/grafico/ConceptualAtoms_2af56c14-fd95-4389-9b4f-1d5dcefa88a8,mp-866204
AlN,1.5754854894148795,https://elagente.ca/grafico/ConceptualAtoms_2b261738-dcd2-45ae-914a-156e0b40ecf0,https://elagente.ca/ontomlff/MLFFElasticityResult_9d073a40-2be7-4677-b61b-de42c5b326a5,[],[],1.1589198207478022,eV/Å^3,2.7921328122359257,/scratch/kenko/akg4pyscf/.graphchat-workspaces/kenko_room/mlff_elasticity_benchmark/workflow_runs/MatterSim/elasticity_MatterSim/structures/AlN_8b54d584/output.json,mp-1330,cif,https://elagente.ca/grafico/ConceptualAtoms_2b261738-dcd2-45ae-914a-156e0b40ecf0,mp-1330
BSc3Sn,0.4722785478869769,https://elagente.ca/grafico/ConceptualAtoms_2bd7d29b-d928-4e9f-9458-cc25e8373c29,https://elagente.ca/ontomlff/MLFFElasticityResult_f2d4b884-bca7-43c4-b73f-fffc9e350ab4,[],[],0.35370272295137684,eV/Å^3,0.8491292274501243,/scratch/kenko/akg4pyscf/.graphchat-workspaces/kenko_room/mlff_elasticity_benchmark/workflow_runs/MatterSim/elasticity_MatterSim/structures/BSc3Sn_55d9731a/output.json,mp-10139,cif,https://elagente.ca/grafico/ConceptualAtoms_2bd7d29b-d928-4e9f-9458-cc25e8373c29,mp-10139
Cd4Mg2,0.25200650970682037,https://elagente.ca/grafico/ConceptualAtoms_2be68f38-836b-4d7e-878e-bda386932a4b,https://elagente.ca/ontomlff/MLFFElasticityResult_bc80ab1a-7d36-4452-b30b-05663a8adcb3,[],[],0.08714593409031188,eV/Å^3,0.23441672221072968,/scratch/kenko/akg4pyscf/.graphchat-workspaces/kenko_room/mlff_elasticity_benchmark/workflow_runs/MatterSim/elasticity_MatterSim/structures/Cd4Mg2_5bfa76cc/output.json,mp-972954,cif,https://elagente.ca/grafico/ConceptualAtoms_2be68f38-836b-4d7e-878e-bda386932a4b,mp-972954
Cd2S8Yb4,0.2832094775244743,https://elagente.ca/grafico/ConceptualAtoms_2bf6ef13-5367-4226-a899-245108593bd8,https://elagente.ca/ontomlff/MLFFElasticityResult_932ccc9a-6c6b-478e-afa2-85273a513f89,[],[],0.12054986932859629,eV/Å^3,0.3167127000999353,/scratch/kenko/akg4pyscf/.graphchat-workspaces/kenko_room/mlff_elasticity_benchmark/workflow_runs/MatterSim/elasticity_MatterSim/structures/Cd2S8Yb4_82e68056/output.json,mp-2959,cif,https://elagente.ca/grafico/ConceptualAtoms_2bf6ef13-5367-4226-a899-245108593bd8,mp-2959
Pb2Sr2Zn2,0.17889190773587954,https://elagente.ca/grafico/ConceptualAtoms_2bfce0ce-7ae8-4dcb-aaed-22ba355c4b55,https://elagente.ca/ontomlff/MLFFElasticityResult_5561a181-2b96-49ca-9818-6b4d476c6cb9,[],[],0.10251651909076112,eV/Å^3,0.2582233796796269,/scratch/kenko/akg4pyscf/.graphchat-workspaces/kenko_room/mlff_elasticity_benchmark/workflow_runs/MatterSim/elasticity_MatterSim/structures/Pb2Sr2Zn2_1260c3ac/output.json,mp-1019280,cif,https://elagente.ca/grafico/ConceptualAtoms_2bfce0ce-7ae8-4dcb-aaed-22ba355c4b55,mp-1019280
Ba3O7Zr2,0.8032193779143764,https://elagente.ca/grafico/ConceptualAtoms_2c0100e9-8975-412a-aef3-87cf8bfa364a,https://elagente.ca/ontomlff/MLFFElasticityResult_7034eecf-deb2-4f4c-8e8d-5a1481567119,[],[],0.4649805511410788,eV/Å^3,1.169306083210867,/scratch/kenko/akg4pyscf/.graphchat-workspaces/kenko_room/mlff_elasticity_benchmark/workflow_runs/MatterSim/elasticity_MatterSim/structures/Ba3O7Zr2_e3cbbe1a/output.json,mp-755895,cif,https://elagente.ca/grafico/ConceptualAtoms_2c0100e9-8975-412a-aef3-87cf8bfa364a,mp-755895
Er3Na,0.20942786679912084,https://elagente.ca/grafico/ConceptualAtoms_2c187d4c-cf02-4cdc-983e-34e2dc1e733f,https://elagente.ca/ontomlff/MLFFElasticityResult_038ac283-cc98-48bb-afe9-27ff706a3b38,[],[],0.07078837119163842,eV/Å^3,0.19086091787139509,/scratch/kenko/akg4pyscf/.graphchat-workspaces/kenko_room/mlff_elasticity_benchmark/workflow_runs/MatterSim/elasticity_MatterSim/structures/Er3Na_14e1fc03/output.json,mp-976405,cif,https://elagente.ca/grafico/ConceptualAtoms_2c187d4c-cf02-4cdc-983e-34e2dc1e733f,mp-976405
Cs2F6LiTl,0.32132716708662024,https://elagente.ca/grafico/ConceptualAtoms_2c26143e-8a72-4e9f-8ca2-b3d15f808a8b,https://elagente.ca/ontomlff/MLFFElasticityResult_2070829e-e118-4315-afe0-f87e3775bdd2,[],[],0.15973292791197208,eV/Å^3,0.4110819892987335,/scratch/kenko/akg4pyscf/.graphchat-workspaces/kenko_room/mlff_elasticity_benchmark/workflow_runs/MatterSim/elasticity_MatterSim/structures/Cs2F6LiTl_2548b29d/output.json,mp-989562,cif,https://elagente.ca/grafico/ConceptualAtoms_2c26143e-8a72-4e9f-8ca2-b3d15f808a8b,mp-989562
Ge6Rb2,0.18729928800821333,https://elagente.ca/grafico/ConceptualAtoms_2cfc4060-17ca-4ec1-8857-13865bc24b69,https://elagente.ca/ontomlff/MLFFElasticityResult_22a068d4-5395-4858-ba9d-59550a9ffbc0,[],[],0.10290932841387396,eV/Å^3,0.26093820500887854,/scratch/kenko/akg4pyscf/.graphchat-workspaces/kenko_room/mlff_elasticity_benchmark/workflow_runs/MatterSim/elasticity_MatterSim/structures/Ge6Rb2_e4ce302e/output.json,mp-862769,cif,https://elagente.ca/grafico/ConceptualAtoms_2cfc4060-17ca-4ec1-8857-13865bc24b69,mp-862769
Cs4P4Si2,0.2091385507461192,https://elagente.ca/grafico/ConceptualAtoms_2d1d3162-e1e2-4481-93cb-4a71c951ef03,https://elagente.ca/ontomlff/MLFFElasticityResult_0a669df1-cac7-4901-84d3-d4f3aaaee3e5,[],[],0.12072446531554686,eV/Å^3,0.3037308815682779,/scratch/kenko/akg4pyscf/.graphchat-workspaces/kenko_room/mlff_elasticity_benchmark/workflow_runs/MatterSim/elasticity_MatterSim/structures/Cs4P4Si2_34afc873/output.json,mp-8932,cif,https://elagente.ca/grafico/ConceptualAtoms_2d1d3162-e1e2-4481-93cb-4a71c951ef03,mp-8932
Co2SnV,1.1027651067477466,https://elagente.ca/grafico/ConceptualAtoms_2d335e2a-8d4e-4e53-bd47-af930872bd01,https://elagente.ca/ontomlff/MLFFElasticityResult_887685b6-05a6-4d71-8990-560675ed839e,[],[],0.2767429299151296,eV/Å^3,0.7661402272973086,/scratch/kenko/akg4pyscf/.graphchat-workspaces/kenko_room/mlff_elasticity_benchmark/workflow_runs/MatterSim/elasticity_MatterSim/structures/Co2SnV_3dc001a6/output.json,mp-21469,cif,https://elagente.ca/grafico/ConceptualAtoms_2d335e2a-8d4e-4e53-bd47-af930872bd01,mp-21469
ITl,0.08052144657462285,https://elagente.ca/grafico/ConceptualAtoms_2dd792c1-8f16-4cf6-a9be-e16c0aa1057c,https://elagente.ca/ontomlff/MLFFElasticityResult_a0f0521c-a139-4352-86e3-fa269acc61f2,[],[],0.01639202586037363,eV/Å^3,0.046051147775276566,/scratch/kenko/akg4pyscf/.graphchat-workspaces/kenko_room/mlff_elasticity_benchmark/workflow_runs/MatterSim/elasticity_MatterSim/structures/ITl_5cce7e51/output.json,mp-571102,cif,https://elagente.ca/grafico/ConceptualAtoms_2dd792c1-8f16-4cf6-a9be-e16c0aa1057c,mp-571102
N12Sr2,0.47669022575023173,https://elagente.ca/grafico/ConceptualAtoms_2e2be63a-0300-4b17-b668-2498d7fec58a,https://elagente.ca/ontomlff/MLFFElasticityResult_34efe481-f57b-4017-b306-fad731250ed2,[],[],0.3077120609974139,eV/Å^3,0.7596749336670271,/scratch/kenko/akg4pyscf/.graphchat-workspaces/kenko_room/mlff_elasticity_benchmark/workflow_runs/MatterSim/elasticity_MatterSim/structures/N12Sr2_d6e9f393/output.json,mp-2131,cif,https://elagente.ca/grafico/ConceptualAtoms_2e2be63a-0300-4b17-b668-2498d7fec58a,mp-2131
As4Cd2Si2,0.34744190458875857,https://elagente.ca/grafico/ConceptualAtoms_2e761e61-0c94-455d-af40-93de4c72b215,https://elagente.ca/ontomlff/MLFFElasticityResult_07c9ecb6-a872-4ba1-91f9-fba83bf586b2,[],[],0.16860205216354762,eV/Å^3,0.43538085253719366,/scratch/kenko/akg4pyscf/.graphchat-workspaces/kenko_room/mlff_elasticity_benchmark/workflow_runs/MatterSim/elasticity_MatterSim/structures/As4Cd2Si2_da57d71f/output.json,mp-3078,cif,https://elagente.ca/grafico/ConceptualAtoms_2e761e61-0c94-455d-af40-93de4c72b215,mp-3078
In3Nd3Rh3,0.5503796485069556,https://elagente.ca/grafico/ConceptualAtoms_2eb520c7-6e9d-4603-8c11-7649ad6d1767,https://elagente.ca/ontomlff/MLFFElasticityResult_7ded3909-53f9-4807-aa0b-8c29b2140cf3,[],[],0.19787104123169286,eV/Å^3,0.530087860058922,/scratch/kenko/akg4pyscf/.graphchat-workspaces/kenko_room/mlff_elasticity_benchmark/workflow_runs/MatterSim/elasticity_MatterSim/structures/In3Nd3Rh3_74fa7ff1/output.json,mp-31330,cif,https://elagente.ca/grafico/ConceptualAtoms_2eb520c7-6e9d-4603-8c11-7649ad6d1767,mp-31330
C2LaNi,0.9221945213782567,https://elagente.ca/grafico/ConceptualAtoms_2f2589c6-3c5c-4a3f-a55f-484598066a15,https://elagente.ca/ontomlff/MLFFElasticityResult_bf1f7f4d-b700-43c8-9d92-9e98796bde9f,[],[],0.4891871898028822,eV/Å^3,1.2470570025150922,/scratch/kenko/akg4pyscf/.graphchat-workspaces/kenko_room/mlff_elasticity_benchmark/workflow_runs/MatterSim/elasticity_MatterSim/structures/C2LaNi_12f54677/output.json,mp-1018048,cif,https://elagente.ca/grafico/ConceptualAtoms_2f2589c6-3c5c-4a3f-a55f-484598066a15,mp-1018048
As4Mo5,1.1507907684015406,https://elagente.ca/grafico/ConceptualAtoms_2f4eb9f1-b049-4003-b5d9-b00fd6547ddf,https://elagente.ca/ontomlff/MLFFElasticityResult_8b629ed0-dbd3-4ed7-bf1a-2358abd78fe2,[],[],0.481487586653654,eV/Å^3,1.2676667104259736,/scratch/kenko/akg4pyscf/.graphchat-workspaces/kenko_room/mlff_elasticity_benchmark/workflow_runs/MatterSim/elasticity_MatterSim/structures/As4Mo5_4cb71dd7/output.json,mp-1743,cif,https://elagente.ca/grafico/ConceptualAtoms_2f4eb9f1-b049-4003-b5d9-b00fd6547ddf,mp-1743
Au2Ba2O4,0.5478920841439701,https://elagente.ca/grafico/ConceptualAtoms_2f5246e9-54ec-4de8-af06-2e72eb59214e,https://elagente.ca/ontomlff/MLFFElasticityResult_3725b56f-b93f-42a4-9118-4fb8b1948a72,[],[],0.2646762758704142,eV/Å^3,0.6839021136477307,/scratch/kenko/akg4pyscf/.graphchat-workspaces/kenko_room/mlff_elasticity_benchmark/workflow_runs/MatterSim/elasticity_MatterSim/structures/Au2Ba2O4_a75c474b/output.json,mp-997009,cif,https://elagente.ca/grafico/ConceptualAtoms_2f5246e9-54ec-4de8-af06-2e72eb59214e,mp-997009
KO2Y,0.6067792595320894,https://elagente.ca/grafico/ConceptualAtoms_2f5f67d6-4e56-4fec-a12f-6a09a361b2c7,https://elagente.ca/ontomlff/MLFFElasticityResult_a312aa5d-966f-4ffd-a381-be2477548f34,[],[],0.39174660741612566,eV/Å^3,0.9671120418719403,/scratch/kenko/akg4pyscf/.graphchat-workspaces/kenko_room/mlff_elasticity_benchmark/workflow_runs/MatterSim/elasticity_MatterSim/structures/KO2Y_f77f32ba/output.json,mp-8409,cif,https://elagente.ca/grafico/ConceptualAtoms_2f5f67d6-4e56-4fec-a12f-6a09a361b2c7,mp-8409
AgMg2Rh,0.5522876102243811,https://elagente.ca/grafico/ConceptualAtoms_2f604993-584a-4722-a937-b719129d8062,https://elagente.ca/ontomlff/MLFFElasticityResult_0e25d59d-2892-424f-aa63-fc8817894625,[],[],0.22589603455437107,eV/Å^3,0.5963781398066054,/scratch/kenko/akg4pyscf/.graphchat-workspaces/kenko_room/mlff_elasticity_benchmark/workflow_runs/MatterSim/elasticity_MatterSim/structures/AgMg2Rh_1e587d07/output.json,mp-864933,cif,https://elagente.ca/grafico/ConceptualAtoms_2f604993-584a-4722-a937-b719129d8062,mp-864933
MgRuY2,0.47089720323419304,https://elagente.ca/grafico/ConceptualAtoms_2f6b3b75-5d5d-40d9-b774-c597ffdbe207,https://elagente.ca/ontomlff/MLFFElasticityResult_bdaf7314-823e-4302-b644-add92508c0f0,[],[],0.22854622444245037,eV/Å^3,0.5901618771795664,/scratch/kenko/akg4pyscf/.graphchat-workspaces/kenko_room/mlff_elasticity_benchmark/workflow_runs/MatterSim/elasticity_MatterSim/structures/MgRuY2_18a3f456/output.json,mp-865433,cif,https://elagente.ca/grafico/ConceptualAtoms_2f6b3b75-5d5d-40d9-b774-c597ffdbe207,mp-865433
Ge2Rh2Th,0.9836700729082135,https://elagente.ca/grafico/ConceptualAtoms_2f76cb13-5554-4dbb-bfd5-7b06e97918c6,https://elagente.ca/ontomlff/MLFFElasticityResult_f4d99eba-582b-4512-ada1-beb27e0609f3,[],[],0.4379369948903768,eV/Å^3,1.1440336472817132,/scratch/kenko/akg4pyscf/.graphchat-workspaces/kenko_room/mlff_elasticity_benchmark/workflow_runs/MatterSim/elasticity_MatterSim/structures/Ge2Rh2Th_4f6f2706/output.json,mp-3011,cif,https://elagente.ca/grafico/ConceptualAtoms_2f76cb13-5554-4dbb-bfd5-7b06e97918c6,mp-3011
Al12O24Sr6,0.7966287434947946,https://elagente.ca/grafico/ConceptualAtoms_309b5f6a-f00d-45b5-b9ba-14ae15d30253,https://elagente.ca/ontomlff/MLFFElasticityResult_3ec30e9e-9785-4717-837d-ade31317135d,[],[],0.5182697153221942,eV/Å^3,1.2777227350324014,/scratch/kenko/akg4pyscf/.graphchat-workspaces/kenko_room/mlff_elasticity_benchmark/workflow_runs/MatterSim/elasticity_MatterSim/structures/Al12O24Sr6_a0ddd842/output.json,mp-5492,cif,https://elagente.ca/grafico/ConceptualAtoms_309b5f6a-f00d-45b5-b9ba-14ae15d30253,mp-5492
Cl6K2Sn,0.1758543815539279,https://elagente.ca/grafico/ConceptualAtoms_30b33d52-3ca0-43a7-8b02-7aaa5d004bc4,https://elagente.ca/ontomlff/MLFFElasticityResult_4d606101-587b-458e-9c09-e553ebda0ac9,[],[],0.09232545875510471,eV/Å^3,0.23572384982416597,/scratch/kenko/akg4pyscf/.graphchat-workspaces/kenko_room/mlff_elasticity_benchmark/workflow_runs/MatterSim/elasticity_MatterSim/structures/Cl6K2Sn_5146e855/output.json,mp-23499,cif,https://elagente.ca/grafico/ConceptualAtoms_30b33d52-3ca0-43a7-8b02-7aaa5d004bc4,mp-23499
AlLiSi,0.40268743304145677,https://elagente.ca/grafico/ConceptualAtoms_30d49c73-6039-404c-bf5d-77b2122da726,https://elagente.ca/ontomlff/MLFFElasticityResult_753ba1ca-4839-487d-b1eb-bc50c5a4c064,[],[],0.2440925903481509,eV/Å^3,0.6091892635550503,/scratch/kenko/akg4pyscf/.graphchat-workspaces/kenko_room/mlff_elasticity_benchmark/workflow_runs/MatterSim/elasticity_MatterSim/structures/AlLiSi_2276b470/output.json,mp-3161,cif,https://elagente.ca/grafico/ConceptualAtoms_30d49c73-6039-404c-bf5d-77b2122da726,mp-3161
Co2GeLi,0.9415913051805157,https://elagente.ca/grafico/ConceptualAtoms_313be0da-9109-4c5a-ac78-003ddee6eccc,https://elagente.ca/ontomlff/MLFFElasticityResult_8091d8cf-a0ac-448d-821d-577ffd50f60c,[],[],0.47004765306166973,eV/Å^3,1.208968366071201,/scratch/kenko/akg4pyscf/.graphchat-workspaces/kenko_room/mlff_elasticity_benchmark/workflow_runs/MatterSim/elasticity_MatterSim/structures/Co2GeLi_8c3400a5/output.json,mp-13914,cif,https://elagente.ca/grafico/ConceptualAtoms_313be0da-9109-4c5a-ac78-003ddee6eccc,mp-13914
KMg6V,0.2015727194393956,https://elagente.ca/grafico/ConceptualAtoms_317746d8-9331-45f9-8376-6499ccf0037a,https://elagente.ca/ontomlff/MLFFElasticityResult_6a66199a-b3f6-491b-bf73-48668826a875,[],[],0.08212051424602482,eV/Å^3,0.21690580969880927,/scratch/kenko/akg4pyscf/.graphchat-workspaces/kenko_room/mlff_elasticity_benchmark/workflow_runs/MatterSim/elasticity_MatterSim/structures/KMg6V_1bf12e9f/output.json,mp-1021848,cif,https://elagente.ca/grafico/ConceptualAtoms_317746d8-9331-45f9-8376-6499ccf0037a,mp-1021848
CdCu2Zr,0.7274236825191578,https://elagente.ca/grafico/ConceptualAtoms_31805031-fdee-406c-9ce6-b84252914a08,https://elagente.ca/ontomlff/MLFFElasticityResult_d5c6ba37-b743-450c-a9de-642528d7b7dc,[],[],0.2659783405453642,eV/Å^3,0.7112471891182386,/scratch/kenko/akg4pyscf/.graphchat-workspaces/kenko_room/mlff_elasticity_benchmark/workflow_runs/MatterSim/elasticity_MatterSim/structures/CdCu2Zr_566874e1/output.json,mp-11293,cif,https://elagente.ca/grafico/ConceptualAtoms_31805031-fdee-406c-9ce6-b84252914a08,mp-11293
O8TeTi3,0.6784525638313534,https://elagente.ca/grafico/ConceptualAtoms_3191cddb-ef78-4391-a21b-bd44444e6577,https://elagente.ca/ontomlff/MLFFElasticityResult_4467dc28-413e-4d1c-b2b4-a390764068eb,[],[],0.33467696725598395,eV/Å^3,0.8622498455313274,/scratch/kenko/akg4pyscf/.graphchat-workspaces/kenko_room/mlff_elasticity_benchmark/workflow_runs/MatterSim/elasticity_MatterSim/structures/O8TeTi3_1b42cb62/output.json,mp-774922,cif,https://elagente.ca/grafico/ConceptualAtoms_3191cddb-ef78-4391-a21b-bd44444e6577,mp-774922
AlMn,0.6018929984295215,https://elagente.ca/grafico/ConceptualAtoms_31d34aad-48a7-49c7-8ca2-bd1dcd20925c,https://elagente.ca/ontomlff/MLFFElasticityResult_3a3d9bec-672c-4c00-8bac-b331737d14c3,[],[],0.34137922788952496,eV/Å^3,0.8613012370696393,/scratch/kenko/akg4pyscf/.graphchat-workspaces/kenko_room/mlff_elasticity_benchmark/workflow_runs/MatterSim/elasticity_MatterSim/structures/AlMn_bdcd6337/output.json,mp-771,cif,https://elagente.ca/grafico/ConceptualAtoms_31d34aad-48a7-49c7-8ca2-bd1dcd20925c,mp-771
BaMn2P2,0.630410506617134,https://elagente.ca/grafico/ConceptualAtoms_31ddc06d-24a9-4679-bf3a-f1d64e327f70,https://elagente.ca/ontomlff/MLFFElasticityResult_1b7f05c5-2173-4080-aa6f-f5f33ab0a67a,[],[],0.3814781630235443,eV/Å^3,0.9523392250423695,/scratch/kenko/akg4pyscf/.graphchat-workspaces/kenko_room/mlff_elasticity_benchmark/workflow_runs/MatterSim/elasticity_MatterSim/structures/BaMn2P2_0b617a71/output.json,mp-19857,cif,https://elagente.ca/grafico/ConceptualAtoms_31ddc06d-24a9-4679-bf3a-f1d64e327f70,mp-19857
CaMgTl2,0.20938288512605369,https://elagente.ca/grafico/ConceptualAtoms_325bd3ff-36d0-4c94-80a4-4abf926ec391,https://elagente.ca/ontomlff/MLFFElasticityResult_c92f942c-0f78-4856-8551-c1d98b2d6425,[],[],0.0893063776327559,eV/Å^3,0.23456946475636323,/scratch/kenko/akg4pyscf/.graphchat-workspaces/kenko_room/mlff_elasticity_benchmark/workflow_runs/MatterSim/elasticity_MatterSim/structures/CaMgTl2_4adef4bb/output.json,mp-867266,cif,https://elagente.ca/grafico/ConceptualAtoms_325bd3ff-36d0-4c94-80a4-4abf926ec391,mp-867266
N2Tc2,2.2271771426669353,https://elagente.ca/grafico/ConceptualAtoms_329581da-d585-46d8-a60a-bf3d87c7bcc6,https://elagente.ca/ontomlff/MLFFElasticityResult_d4567a94-673f-43f1-a1ef-6d0c4db6ab1a,[],[],0.842202702810472,eV/Å^3,2.2437809722159656,/scratch/kenko/akg4pyscf/.graphchat-workspaces/kenko_room/mlff_elasticity_benchmark/workflow_runs/MatterSim/elasticity_MatterSim/structures/N2Tc2_9faf4e21/output.json,mp-999117,cif,https://elagente.ca/grafico/ConceptualAtoms_329581da-d585-46d8-a60a-bf3d87c7bcc6,mp-999117
As2Cu2Sr2,0.35998500363556063,https://elagente.ca/grafico/ConceptualAtoms_32e2fdb2-1088-4814-96c6-ca20629e41a1,https://elagente.ca/ontomlff/MLFFElasticityResult_651fc268-5d23-42af-bf1d-525cc4528be8,[],[],0.21802022230482448,eV/Å^3,0.5441984381501296,/scratch/kenko/akg4pyscf/.graphchat-workspaces/kenko_room/mlff_elasticity_benchmark/workflow_runs/MatterSim/elasticity_MatterSim/structures/As2Cu2Sr2_d491edd4/output.json,mp-12557,cif,https://elagente.ca/grafico/ConceptualAtoms_32e2fdb2-1088-4814-96c6-ca20629e41a1,mp-12557
F4Tl4,0.16759771549054742,https://elagente.ca/grafico/ConceptualAtoms_333e9324-291b-4a43-b94a-aab35b98d81d,https://elagente.ca/ontomlff/MLFFElasticityResult_f3f4c516-b2b8-4bc4-84a9-231727822756,[],[],0.06550359110178038,eV/Å^3,0.17386035057609808,/scratch/kenko/akg4pyscf/.graphchat-workspaces/kenko_room/mlff_elasticity_benchmark/workflow_runs/MatterSim/elasticity_MatterSim/structures/F4Tl4_e6bba1a5/output.json,mp-720,cif,https://elagente.ca/grafico/ConceptualAtoms_333e9324-291b-4a43-b94a-aab35b98d81d,mp-720
CsF3Mg,0.38942258627130827,https://elagente.ca/grafico/ConceptualAtoms_33acde35-e97a-419e-bcce-70d35f5e3f91,https://elagente.ca/ontomlff/MLFFElasticityResult_f1be32ce-aafa-42bf-aa21-13eaed86e63b,[],[],0.22298723598808656,eV/Å^3,0.5617420230048908,/scratch/kenko/akg4pyscf/.graphchat-workspaces/kenko_room/mlff_elasticity_benchmark/workflow_runs/MatterSim/elasticity_MatterSim/structures/CsF3Mg_aea3dc96/output.json,mp-8401,cif,https://elagente.ca/grafico/ConceptualAtoms_33acde35-e97a-419e-bcce-70d35f5e3f91,mp-8401
CrN2W,1.7760163880613913,https://elagente.ca/grafico/ConceptualAtoms_340b79db-0b9e-448c-82bb-73f474798fd3,https://elagente.ca/ontomlff/MLFFElasticityResult_c5f19274-6932-4334-8cc7-cdf1c9a5f4db,[],[],0.8937057912009891,eV/Å^3,2.2959961110555542,/scratch/kenko/akg4pyscf/.graphchat-workspaces/kenko_room/mlff_elasticity_benchmark/workflow_runs/MatterSim/elasticity_MatterSim/structures/CrN2W_9b4d9cb1/output.json,mp-15226,cif,https://elagente.ca/grafico/ConceptualAtoms_340b79db-0b9e-448c-82bb-73f474798fd3,mp-15226
Pt3Ti,1.4812391416891966,https://elagente.ca/grafico/ConceptualAtoms_3430df52-f2fe-46f7-9c48-5f95a0e3ad92,https://elagente.ca/ontomlff/MLFFElasticityResult_3382e2de-90d3-40e3-9a97-cf85259fc8a7,[],[],0.6957704015659143,eV/Å^3,1.804736480508374,/scratch/kenko/akg4pyscf/.graphchat-workspaces/kenko_room/mlff_elasticity_benchmark/workflow_runs/MatterSim/elasticity_MatterSim/structures/Pt3Ti_ff89fd83/output.json,mp-12107,cif,https://elagente.ca/grafico/ConceptualAtoms_3430df52-f2fe-46f7-9c48-5f95a0e3ad92,mp-12107
AlRh,1.2363166025734087,https://elagente.ca/grafico/ConceptualAtoms_343b6ad0-429a-456b-964b-e40c5c4eee9b,https://elagente.ca/ontomlff/MLFFElasticityResult_1cf26475-f364-4357-82e6-f1e332cdbe6a,[],[],0.5537488692777298,eV/Å^3,1.445441199010122,/scratch/kenko/akg4pyscf/.graphchat-workspaces/kenko_room/mlff_elasticity_benchmark/workflow_runs/MatterSim/elasticity_MatterSim/structures/AlRh_6a903526/output.json,mp-364,cif,https://elagente.ca/grafico/ConceptualAtoms_343b6ad0-429a-456b-964b-e40c5c4eee9b,mp-364
BaGa2,0.2407829555720588,https://elagente.ca/grafico/ConceptualAtoms_34a035ed-412a-46cf-ad8a-b90335d3ad4d,https://elagente.ca/ontomlff/MLFFElasticityResult_6746d73c-2777-42ec-9b62-ea0d3e0dfc21,[],[],0.135460178502534,eV/Å^3,0.34220730233100405,/scratch/kenko/akg4pyscf/.graphchat-workspaces/kenko_room/mlff_elasticity_benchmark/workflow_runs/MatterSim/elasticity_MatterSim/structures/BaGa2_7d5d1689/output.json,mp-1219,cif,https://elagente.ca/grafico/ConceptualAtoms_34a035ed-412a-46cf-ad8a-b90335d3ad4d,mp-1219
C4Ca16N16,0.565788842422474,https://elagente.ca/grafico/ConceptualAtoms_3523c581-1d54-420f-97ba-ec582b27ea2c,https://elagente.ca/ontomlff/MLFFElasticityResult_0c47056d-7921-4ec8-a7a5-fbf7f80dded2,[],[],0.3565776518988185,eV/Å^3,0.8840205739432841,/scratch/kenko/akg4pyscf/.graphchat-workspaces/kenko_room/mlff_elasticity_benchmark/workflow_runs/MatterSim/elasticity_MatterSim/structures/C4Ca16N16_86143ab2/output.json,mp-5251,cif,https://elagente.ca/grafico/ConceptualAtoms_3523c581-1d54-420f-97ba-ec582b27ea2c,mp-5251
GeMg2,0.3124451855372928,https://elagente.ca/grafico/ConceptualAtoms_35278730-e99e-490d-8bef-dd26d1d833f8,https://elagente.ca/ontomlff/MLFFElasticityResult_9eaee45a-970c-4b6e-8428-7d18a2cbbbb5,[],[],0.1762718991279087,eV/Å^3,0.4451099474033128,/scratch/kenko/akg4pyscf/.graphchat-workspaces/kenko_room/mlff_elasticity_benchmark/workflow_runs/MatterSim/elasticity_MatterSim/structures/GeMg2_8949c8f9/output.json,mp-408,cif,https://elagente.ca/grafico/ConceptualAtoms_35278730-e99e-490d-8bef-dd26d1d833f8,mp-408
Al20O48Y12,1.1871644634737337,https://elagente.ca/grafico/ConceptualAtoms_35906b74-a820-4a03-88fa-c236a85040d6,https://elagente.ca/ontomlff/MLFFElasticityResult_f2060a07-7d4c-4498-83fa-f896daaad557,[],[],0.7593616636148697,eV/Å^3,1.8777266388818528,/scratch/kenko/akg4pyscf/.graphchat-workspaces/kenko_room/mlff_elasticity_benchmark/workflow_runs/MatterSim/elasticity_MatterSim/structures/Al20O48Y12_28b233db/output.json,mp-3050,cif,https://elagente.ca/grafico/ConceptualAtoms_35906b74-a820-4a03-88fa-c236a85040d6,mp-3050
TeYb,0.26645491166249946,https://elagente.ca/grafico/ConceptualAtoms_35c2b2ca-b64b-45c9-94f2-31c45c5c7137,https://elagente.ca/ontomlff/MLFFElasticityResult_1287573d-cd11-4182-8821-9a5d6f5f1d8c,[],[],0.14216756426243798,eV/Å^3,0.362102513384815,/scratch/kenko/akg4pyscf/.graphchat-workspaces/kenko_room/mlff_elasticity_benchmark/workflow_runs/MatterSim/elasticity_MatterSim/structures/TeYb_5ef04ca4/output.json,mp-1779,cif,https://elagente.ca/grafico/ConceptualAtoms_35c2b2ca-b64b-45c9-94f2-31c45c5c7137,mp-1779
NbRu,1.485225660680424,https://elagente.ca/grafico/ConceptualAtoms_35ed4b57-3317-4e2f-8b05-2b086f4060ae,https://elagente.ca/ontomlff/MLFFElasticityResult_54afa2a4-98df-49f4-9006-312e66775f13,[],[],0.10246587845180982,eV/Å^3,0.3004874156223657,/scratch/kenko/akg4pyscf/.graphchat-workspaces/kenko_room/mlff_elasticity_benchmark/workflow_runs/MatterSim/elasticity_MatterSim/structures/NbRu_4955731b/output.json,mp-11516,cif,https://elagente.ca/grafico/ConceptualAtoms_35ed4b57-3317-4e2f-8b05-2b086f4060ae,mp-11516
Cu2Si2Y2,0.5971411677465943,https://elagente.ca/grafico/ConceptualAtoms_35f18e8d-dfca-40a3-b3bc-cc366be34f6b,https://elagente.ca/ontomlff/MLFFElasticityResult_d299b116-0823-43f6-a6f7-c81742ac0d7e,[],[],0.3144784345531865,eV/Å^3,0.8025502737953457,/scratch/kenko/akg4pyscf/.graphchat-workspaces/kenko_room/mlff_elasticity_benchmark/workflow_runs/MatterSim/elasticity_MatterSim/structures/Cu2Si2Y2_a9710dec/output.json,mp-8126,cif,https://elagente.ca/grafico/ConceptualAtoms_35f18e8d-dfca-40a3-b3bc-cc366be34f6b,mp-8126
Al12Mo4,0.7978487710602514,https://elagente.ca/grafico/ConceptualAtoms_364cf850-a8c9-452e-9dbd-6a431c3232a0,https://elagente.ca/ontomlff/MLFFElasticityResult_655cdc21-de04-45c0-a712-07fb6d1b97f6,[],[],0.4962573918203569,eV/Å^3,1.233109759522426,/scratch/kenko/akg4pyscf/.graphchat-workspaces/kenko_room/mlff_elasticity_benchmark/workflow_runs/MatterSim/elasticity_MatterSim/structures/Al12Mo4_a48990e8/output.json,mp-571247,cif,https://elagente.ca/grafico/ConceptualAtoms_364cf850-a8c9-452e-9dbd-6a431c3232a0,mp-571247
B4TaZr,1.7222895433588041,https://elagente.ca/grafico/ConceptualAtoms_36e7fe95-7cab-4a36-a57a-b97028ab29f3,https://elagente.ca/ontomlff/MLFFElasticityResult_040a477a-1d00-417c-8a51-93d09e0453c2,[],[],1.3399886054948968,eV/Å^3,3.192114798158865,/scratch/kenko/akg4pyscf/.graphchat-workspaces/kenko_room/mlff_elasticity_benchmark/workflow_runs/MatterSim/elasticity_MatterSim/structures/B4TaZr_b36257a1/output.json,mp-1215209,cif,https://elagente.ca/grafico/ConceptualAtoms_36e7fe95-7cab-4a36-a57a-b97028ab29f3,mp-1215209
C4H4Cs4O10,0.36670224788747385,https://elagente.ca/grafico/ConceptualAtoms_36fb053a-a7d5-4419-a968-b1ef8685fb99,https://elagente.ca/ontomlff/MLFFElasticityResult_a0687a23-71d4-4dab-8243-3fd65ca0deaa,[],[],0.23571790529150083,eV/Å^3,0.5823702776024418,/scratch/kenko/akg4pyscf/.graphchat-workspaces/kenko_room/mlff_elasticity_benchmark/workflow_runs/MatterSim/elasticity_MatterSim/structures/C4H4Cs4O10_b69cfdf9/output.json,mp-1190751,cif,https://elagente.ca/grafico/ConceptualAtoms_36fb053a-a7d5-4419-a968-b1ef8685fb99,mp-1190751
Dy2Li2Se4,0.35913337700228803,https://elagente.ca/grafico/ConceptualAtoms_373c1ceb-f3aa-4ad9-8d22-d33b0c38693e,https://elagente.ca/ontomlff/MLFFElasticityResult_3fa436a1-a6ec-4435-b4b7-e1b230ce8194,[],[],0.19418351480674156,eV/Å^3,0.4935892616603157,/scratch/kenko/akg4pyscf/.graphchat-workspaces/kenko_room/mlff_elasticity_benchmark/workflow_runs/MatterSim/elasticity_MatterSim/structures/Dy2Li2Se4_18f7a0dd/output.json,mp-35717,cif,https://elagente.ca/grafico/ConceptualAtoms_373c1ceb-f3aa-4ad9-8d22-d33b0c38693e,mp-35717
Ni4Pd4Te4,0.7854872173756473,https://elagente.ca/grafico/ConceptualAtoms_3753cc6f-2266-4079-870e-65c3761cbb19,https://elagente.ca/ontomlff/MLFFElasticityResult_13102cd7-832d-4e25-a842-dcbf39764733,[],[],0.2513281361977242,eV/Å^3,0.6813184686534334,/scratch/kenko/akg4pyscf/.graphchat-workspaces/kenko_room/mlff_elasticity_benchmark/workflow_runs/MatterSim/elasticity_MatterSim/structures/Ni4Pd4Te4_44eb2b1d/output.json,mp-569511,cif,https://elagente.ca/grafico/ConceptualAtoms_3753cc6f-2266-4079-870e-65c3761cbb19,mp-569511
NNa3,0.16072280271653172,https://elagente.ca/grafico/ConceptualAtoms_379ea959-818b-4814-896f-cef5ecb22a6c,https://elagente.ca/ontomlff/MLFFElasticityResult_f0da20ce-b094-46da-a076-3f240bae8739,[],[],0.09561249083091254,eV/Å^3,0.23937095835724834,/scratch/kenko/akg4pyscf/.graphchat-workspaces/kenko_room/mlff_elasticity_benchmark/workflow_runs/MatterSim/elasticity_MatterSim/structures/NNa3_6b12f989/output.json,mp-2639,cif,https://elagente.ca/grafico/ConceptualAtoms_379ea959-818b-4814-896f-cef5ecb22a6c,mp-2639
AcInLi2,0.2253455254681963,https://elagente.ca/grafico/ConceptualAtoms_37ae7d85-8975-430f-a5fd-b99b87cc3831,https://elagente.ca/ontomlff/MLFFElasticityResult_98e41852-fc04-4dd5-abb6-13037c4dc642,[],[],0.10266977231775648,eV/Å^3,0.2673993405543029,/scratch/kenko/akg4pyscf/.graphchat-workspaces/kenko_room/mlff_elasticity_benchmark/workflow_runs/MatterSim/elasticity_MatterSim/structures/AcInLi2_77fbe5a7/output.json,mp-865897,cif,https://elagente.ca/grafico/ConceptualAtoms_37ae7d85-8975-430f-a5fd-b99b87cc3831,mp-865897
Hf4P2Sb2,0.8003332458540475,https://elagente.ca/grafico/ConceptualAtoms_37c73466-71ec-4444-9bd1-5decf7a18631,https://elagente.ca/ontomlff/MLFFElasticityResult_d629d163-7e1b-41cd-a918-32f6631a4c59,[],[],0.47493227095494084,eV/Å^3,1.1895054415878745,/scratch/kenko/akg4pyscf/.graphchat-workspaces/kenko_room/mlff_elasticity_benchmark/workflow_runs/MatterSim/elasticity_MatterSim/structures/Hf4P2Sb2_38c6099b/output.json,mp-567220,cif,https://elagente.ca/grafico/ConceptualAtoms_37c73466-71ec-4444-9bd1-5decf7a18631,mp-567220
F9Y3,0.7242860065341914,https://elagente.ca/grafico/ConceptualAtoms_381bebfa-5162-4df2-a34d-560762b953a5,https://elagente.ca/ontomlff/MLFFElasticityResult_38f8bbb5-082a-40e9-8f2c-c0777fb2f734,[],[],0.36277429175953324,eV/Å^3,0.9326159304996843,/scratch/kenko/akg4pyscf/.graphchat-workspaces/kenko_room/mlff_elasticity_benchmark/workflow_runs/MatterSim/elasticity_MatterSim/structures/F9Y3_45b4a852/output.json,mp-556242,cif,https://elagente.ca/grafico/ConceptualAtoms_381bebfa-5162-4df2-a34d-560762b953a5,mp-556242
As2Co2,1.029454822394727,https://elagente.ca/grafico/ConceptualAtoms_38cc4fc8-f84e-4f9a-a731-979e7304fc55,https://elagente.ca/ontomlff/MLFFElasticityResult_918dacec-5e11-43ca-8dcb-f1f9bd63192c,[],[],0.46691602118069175,eV/Å^3,1.2167874127169067,/scratch/kenko/akg4pyscf/.graphchat-workspaces/kenko_room/mlff_elasticity_benchmark/workflow_runs/MatterSim/elasticity_MatterSim/structures/As2Co2_3c875617/output.json,mp-15679,cif,https://elagente.ca/grafico/ConceptualAtoms_38cc4fc8-f84e-4f9a-a731-979e7304fc55,mp-15679
H2Li2Pd,0.33561162574541786,https://elagente.ca/grafico/ConceptualAtoms_394197da-99bb-427f-9f50-f75ff00bc893,https://elagente.ca/ontomlff/MLFFElasticityResult_f3ee4989-7c76-40a3-aea3-94a0cb7b88f4,[],[],0.22534390559680895,eV/Å^3,0.5523973631631012,/scratch/kenko/akg4pyscf/.graphchat-workspaces/kenko_room/mlff_elasticity_benchmark/workflow_runs/MatterSim/elasticity_MatterSim/structures/H2Li2Pd_f1f1fbfc/output.json,mp-644389,cif,https://elagente.ca/grafico/ConceptualAtoms_394197da-99bb-427f-9f50-f75ff00bc893,mp-644389
Ce2O8Si2,1.093766737827583,https://elagente.ca/grafico/ConceptualAtoms_3943bca6-d8d1-4c76-b4a6-653345994e40,https://elagente.ca/ontomlff/MLFFElasticityResult_05dc2a3f-3e37-4ef9-a9b0-8706587f1247,[],[],0.5462445662066263,eV/Å^3,1.4048633117648774,/scratch/kenko/akg4pyscf/.graphchat-workspaces/kenko_room/mlff_elasticity_benchmark/workflow_runs/MatterSim/elasticity_MatterSim/structures/Ce2O8Si2_a4d79981/output.json,mp-10523,cif,https://elagente.ca/grafico/ConceptualAtoms_3943bca6-d8d1-4c76-b4a6-653345994e40,mp-10523
AlFeTi2,0.6823332254056674,https://elagente.ca/grafico/ConceptualAtoms_3947267b-0313-4cd5-b0a2-8d78d705cb45,https://elagente.ca/ontomlff/MLFFElasticityResult_87206970-ff19-4a08-a536-b3890dc121a0,[],[],0.2586204029492156,eV/Å^3,0.6888331940077491,/scratch/kenko/akg4pyscf/.graphchat-workspaces/kenko_room/mlff_elasticity_benchmark/workflow_runs/MatterSim/elasticity_MatterSim/structures/AlFeTi2_6a6808e2/output.json,mp-999069,cif,https://elagente.ca/grafico/ConceptualAtoms_3947267b-0313-4cd5-b0a2-8d78d705cb45,mp-999069
Hg2Na,0.1392415795069008,https://elagente.ca/grafico/ConceptualAtoms_39a759cd-5d09-459e-bb38-32b27475b524,https://elagente.ca/ontomlff/MLFFElasticityResult_02b5e1d1-08bf-4898-adff-c7ba9b528397,[],[],0.05303992753004185,eV/Å^3,0.14119213774800704,/scratch/kenko/akg4pyscf/.graphchat-workspaces/kenko_room/mlff_elasticity_benchmark/workflow_runs/MatterSim/elasticity_MatterSim/structures/Hg2Na_67e5344f/output.json,mp-11466,cif,https://elagente.ca/grafico/ConceptualAtoms_39a759cd-5d09-459e-bb38-32b27475b524,mp-11466
Br2La2,0.2103873482355615,https://elagente.ca/grafico/ConceptualAtoms_39a8412d-1311-434b-a260-9cfc482f255e,https://elagente.ca/ontomlff/MLFFElasticityResult_ac672e78-6600-4aa3-8f56-4eb0bd9f698b,[],[],0.10262777564305307,eV/Å^3,0.26482279362104844,/scratch/kenko/akg4pyscf/.graphchat-workspaces/kenko_room/mlff_elasticity_benchmark/workflow_runs/MatterSim/elasticity_MatterSim/structures/Br2La2_dde0f02b/output.json,mp-27679,cif,https://elagente.ca/grafico/ConceptualAtoms_39a8412d-1311-434b-a260-9cfc482f255e,mp-27679
SYb,0.3814044830657484,https://elagente.ca/grafico/ConceptualAtoms_39f9f489-b072-45d8-a378-5b37a0a2cd73,https://elagente.ca/ontomlff/MLFFElasticityResult_3ff9564a-e49c-4d66-bb73-693e83e2b898,[],[],0.2533206142625686,eV/Å^3,0.6222092070097293,/scratch/kenko/akg4pyscf/.graphchat-workspaces/kenko_room/mlff_elasticity_benchmark/workflow_runs/MatterSim/elasticity_MatterSim/structures/SYb_e69a042b/output.json,mp-1820,cif,https://elagente.ca/grafico/ConceptualAtoms_39f9f489-b072-45d8-a378-5b37a0a2cd73,mp-1820
Ag2Be4,0.7327511324167931,https://elagente.ca/grafico/ConceptualAtoms_39fbe7da-b9cb-44bf-bc3b-57199c65fbf2,https://elagente.ca/ontomlff/MLFFElasticityResult_a64acd30-f056-4b0f-8019-021c2bfe4fa5,[],[],0.4642349794411966,eV/Å^3,1.1498710713026556,/scratch/kenko/akg4pyscf/.graphchat-workspaces/kenko_room/mlff_elasticity_benchmark/workflow_runs/MatterSim/elasticity_MatterSim/structures/Ag2Be4_337eec43/output.json,mp-603,cif,https://elagente.ca/grafico/ConceptualAtoms_39fbe7da-b9cb-44bf-bc3b-57199c65fbf2,mp-603
HgO2Rb2,0.19662662780763263,https://elagente.ca/grafico/ConceptualAtoms_3a276361-9fa4-4cba-ab9e-2076c56d56f7,https://elagente.ca/ontomlff/MLFFElasticityResult_1ddf10ca-46ce-4f80-ac32-4d920899e809,[],[],0.11177720897645205,eV/Å^3,0.2819117531110451,/scratch/kenko/akg4pyscf/.graphchat-workspaces/kenko_room/mlff_elasticity_benchmark/workflow_runs/MatterSim/elasticity_MatterSim/structures/HgO2Rb2_2ceb2889/output.json,mp-5072,cif,https://elagente.ca/grafico/ConceptualAtoms_3a276361-9fa4-4cba-ab9e-2076c56d56f7,mp-5072
MgNi,0.6886255168828926,https://elagente.ca/grafico/ConceptualAtoms_3ae92848-7fcd-4e42-80b7-7623bb59adb0,https://elagente.ca/ontomlff/MLFFElasticityResult_344c720e-8ce5-4afd-b35a-7c87f2617718,[],[],0.26051292611123344,eV/Å^3,0.6940207784256726,/scratch/kenko/akg4pyscf/.graphchat-workspaces/kenko_room/mlff_elasticity_benchmark/workflow_runs/MatterSim/elasticity_MatterSim/structures/MgNi_776494a7/output.json,mp-1018140,cif,https://elagente.ca/grafico/ConceptualAtoms_3ae92848-7fcd-4e42-80b7-7623bb59adb0,mp-1018140
Cu5Dy,0.6409332154185363,https://elagente.ca/grafico/ConceptualAtoms_3b78ba52-394a-471a-b839-329a8e3278aa,https://elagente.ca/ontomlff/MLFFElasticityResult_0ba92b4a-d504-45e2-bd07-c6c90b20c3c9,[],[],0.2860462943456952,eV/Å^3,0.7470096082358335,/scratch/kenko/akg4pyscf/.graphchat-workspaces/kenko_room/mlff_elasticity_benchmark/workflow_runs/MatterSim/elasticity_MatterSim/structures/Cu5Dy_0ce9f1c6/output.json,mp-30578,cif,https://elagente.ca/grafico/ConceptualAtoms_3b78ba52-394a-471a-b839-329a8e3278aa,mp-30578
In3Pd3Sm3,0.5154203954868954,https://elagente.ca/grafico/ConceptualAtoms_3bbafe2c-7a12-4f74-99a6-6d365ea93b80,https://elagente.ca/ontomlff/MLFFElasticityResult_583f895a-7e7e-4b43-8551-8ebe282c55be,[],[],0.19929768763013395,eV/Å^3,0.5296291351290311,/scratch/kenko/akg4pyscf/.graphchat-workspaces/kenko_room/mlff_elasticity_benchmark/workflow_runs/MatterSim/elasticity_MatterSim/structures/In3Pd3Sm3_8fac2ea9/output.json,mp-982004,cif,https://elagente.ca/grafico/ConceptualAtoms_3bbafe2c-7a12-4f74-99a6-6d365ea93b80,mp-982004
H2I6,0.051007555750963,https://elagente.ca/grafico/ConceptualAtoms_3be7e045-9ae3-4b4b-8b82-5bbfbf00473f,https://elagente.ca/ontomlff/MLFFElasticityResult_025014dc-370a-4939-b6ba-49e4bd14b546,[],[],0.03303314529289697,eV/Å^3,0.08150489787940458,/scratch/kenko/akg4pyscf/.graphchat-workspaces/kenko_room/mlff_elasticity_benchmark/workflow_runs/MatterSim/elasticity_MatterSim/structures/H2I6_74aeb838/output.json,mp-2929431,cif,https://elagente.ca/grafico/ConceptualAtoms_3be7e045-9ae3-4b4b-8b82-5bbfbf00473f,mp-2929431
Bi6Na2,0.20548014146774507,https://elagente.ca/grafico/ConceptualAtoms_3cc9108c-5d01-4de5-90ee-0d993ffe1115,https://elagente.ca/ontomlff/MLFFElasticityResult_a3848894-a828-451a-a5da-983e3730be1e,[],[],0.05512213850798864,eV/Å^3,0.15179307036671563,/scratch/kenko/akg4pyscf/.graphchat-workspaces/kenko_room/mlff_elasticity_benchmark/workflow_runs/MatterSim/elasticity_MatterSim/structures/Bi6Na2_4e09a3f7/output.json,mp-972941,cif,https://elagente.ca/grafico/ConceptualAtoms_3cc9108c-5d01-4de5-90ee-0d993ffe1115,mp-972941
Al3Zr,0.5913342437186462,https://elagente.ca/grafico/ConceptualAtoms_3d345271-143f-45a9-9ecf-5def55479d59,https://elagente.ca/ontomlff/MLFFElasticityResult_bd4e419f-aa5b-490b-bb67-9a8f5559a02b,[],[],0.3282876600035938,eV/Å^3,0.8310695913849706,/scratch/kenko/akg4pyscf/.graphchat-workspaces/kenko_room/mlff_elasticity_benchmark/workflow_runs/MatterSim/elasticity_MatterSim/structures/Al3Zr_313b6dc6/output.json,mp-569775,cif,https://elagente.ca/grafico/ConceptualAtoms_3d345271-143f-45a9-9ecf-5def55479d59,mp-569775
N4Ta2,1.7901909521320438,https://elagente.ca/grafico/ConceptualAtoms_3d512374-5b61-4c4f-8593-e8dd77899cf8,https://elagente.ca/ontomlff/MLFFElasticityResult_8f268aa9-97f5-4dad-8812-1db2e725b9a3,[],[],0.975627264374554,eV/Å^3,2.4769203007926968,/scratch/kenko/akg4pyscf/.graphchat-workspaces/kenko_room/mlff_elasticity_benchmark/workflow_runs/MatterSim/elasticity_MatterSim/structures/N4Ta2_f7b7c49d/output.json,mp-1019272,cif,https://elagente.ca/grafico/ConceptualAtoms_3d512374-5b61-4c4f-8593-e8dd77899cf8,mp-1019272
Ba3OSi,0.23091537214962354,https://elagente.ca/grafico/ConceptualAtoms_3d615862-033d-4230-a215-f3afd03432ee,https://elagente.ca/ontomlff/MLFFElasticityResult_1796d983-543e-4723-8256-f5a828e2a9a5,[],[],0.12481132464822703,eV/Å^3,0.3172715069030717,/scratch/kenko/akg4pyscf/.graphchat-workspaces/kenko_room/mlff_elasticity_benchmark/workflow_runs/MatterSim/elasticity_MatterSim/structures/Ba3OSi_10e5cdea/output.json,mp-754940,cif,https://elagente.ca/grafico/ConceptualAtoms_3d615862-033d-4230-a215-f3afd03432ee,mp-754940
Al20Er12O48,1.214786980192256,https://elagente.ca/grafico/ConceptualAtoms_3d87b0fc-110e-4957-81c0-87a82b80cbab,https://elagente.ca/ontomlff/MLFFElasticityResult_c63b00d7-1b81-4a4e-8703-e8b855d5fda2,[],[],0.7818565124148518,eV/Å^3,1.9312431202771652,/scratch/kenko/akg4pyscf/.graphchat-workspaces/kenko_room/mlff_elasticity_benchmark/workflow_runs/MatterSim/elasticity_MatterSim/structures/Al20Er12O48_340d41c6/output.json,mp-3384,cif,https://elagente.ca/grafico/ConceptualAtoms_3d87b0fc-110e-4957-81c0-87a82b80cbab,mp-3384
Ge2Si2,0.434129056128434,https://elagente.ca/grafico/ConceptualAtoms_3d9ea312-296c-450e-919d-9ade780db75e,https://elagente.ca/ontomlff/MLFFElasticityResult_6327fcf9-bfd7-442b-b5b0-5371b61fb549,[],[],0.34033172526458544,eV/Å^3,0.8094696061981796,/scratch/kenko/akg4pyscf/.graphchat-workspaces/kenko_room/mlff_elasticity_benchmark/workflow_runs/MatterSim/elasticity_MatterSim/structures/Ge2Si2_aa6d224e/output.json,mp-978534,cif,https://elagente.ca/grafico/ConceptualAtoms_3d9ea312-296c-450e-919d-9ade780db75e,mp-978534
Ag2MgSc,0.4846493358751158,https://elagente.ca/grafico/ConceptualAtoms_3de24460-0dfa-4102-97b1-1ab0aa767425,https://elagente.ca/ontomlff/MLFFElasticityResult_c1157bc4-e6dc-4b40-828e-5ba89636460b,[],[],0.16827642806039764,eV/Å^3,0.4524623817640263,/scratch/kenko/akg4pyscf/.graphchat-workspaces/kenko_room/mlff_elasticity_benchmark/workflow_runs/MatterSim/elasticity_MatterSim/structures/Ag2MgSc_32120cad/output.json,mp-977554,cif,https://elagente.ca/grafico/ConceptualAtoms_3de24460-0dfa-4102-97b1-1ab0aa767425,mp-977554
Ga4Ni2Tm2,0.6466055173176907,https://elagente.ca/grafico/ConceptualAtoms_3e1ada29-2d61-444f-b966-f3f865da275e,https://elagente.ca/ontomlff/MLFFElasticityResult_86d5b9be-a895-40df-a014-cd2d1f13c36e,[],[],0.30290701041343304,eV/Å^3,0.785987237610218,/scratch/kenko/akg4pyscf/.graphchat-workspaces/kenko_room/mlff_elasticity_benchmark/workflow_runs/MatterSim/elasticity_MatterSim/structures/Ga4Ni2Tm2_ca9a6ca2/output.json,mp-1025504,cif,https://elagente.ca/grafico/ConceptualAtoms_3e1ada29-2d61-444f-b966-f3f865da275e,mp-1025504
F16Te4,0.5375539640760174,https://elagente.ca/grafico/ConceptualAtoms_3e305fc9-2d35-4bb4-b277-0e91dff5f07d,https://elagente.ca/ontomlff/MLFFElasticityResult_d25124ee-e09c-4737-b72c-0df01323af5a,[],[],0.30816829937856144,eV/Å^3,0.7761819992815557,/scratch/kenko/akg4pyscf/.graphchat-workspaces/kenko_room/mlff_elasticity_benchmark/workflow_runs/MatterSim/elasticity_MatterSim/structures/F16Te4_91d31ddd/output.json,mp-561664,cif,https://elagente.ca/grafico/ConceptualAtoms_3e305fc9-2d35-4bb4-b277-0e91dff5f07d,mp-561664
N3OTa2,1.5192671039214607,https://elagente.ca/grafico/ConceptualAtoms_3e45b3e7-f416-4523-b9a4-c997f1b171a1,https://elagente.ca/ontomlff/MLFFElasticityResult_612b6ceb-2c9a-4397-b552-4f33ec009a83,[],[],0.6028774761380066,eV/Å^3,1.5973455418401712,/scratch/kenko/akg4pyscf/.graphchat-workspaces/kenko_room/mlff_elasticity_benchmark/workflow_runs/MatterSim/elasticity_MatterSim/structures/N3OTa2_b4405127/output.json,mp-1019262,cif,https://elagente.ca/grafico/ConceptualAtoms_3e45b3e7-f416-4523-b9a4-c997f1b171a1,mp-1019262
Al3Li,0.3751013940193062,https://elagente.ca/grafico/ConceptualAtoms_3e91eaef-1272-469d-9f62-99d83db0612d,https://elagente.ca/ontomlff/MLFFElasticityResult_ea57d06a-6b6d-44f1-8764-59b3591230e1,[],[],0.2065653474493631,eV/Å^3,0.5235847300426084,/scratch/kenko/akg4pyscf/.graphchat-workspaces/kenko_room/mlff_elasticity_benchmark/workflow_runs/MatterSim/elasticity_MatterSim/structures/Al3Li_15df4455/output.json,mp-10890,cif,https://elagente.ca/grafico/ConceptualAtoms_3e91eaef-1272-469d-9f62-99d83db0612d,mp-10890
Na12O14Ti4,0.5491774129516608,https://elagente.ca/grafico/ConceptualAtoms_3ea95ff8-2c2b-4fb7-934c-ccf046045407,https://elagente.ca/ontomlff/MLFFElasticityResult_74713375-92bd-4b7d-b9e9-047f398b4a31,[],[],0.3044019528373936,eV/Å^3,0.7707924268213103,/scratch/kenko/akg4pyscf/.graphchat-workspaces/kenko_room/mlff_elasticity_benchmark/workflow_runs/MatterSim/elasticity_MatterSim/structures/Na12O14Ti4_d9a668b4/output.json,mp-778364,cif,https://elagente.ca/grafico/ConceptualAtoms_3ea95ff8-2c2b-4fb7-934c-ccf046045407,mp-778364
AlRu2Ti,1.3138384404702692,https://elagente.ca/grafico/ConceptualAtoms_3ead2497-9882-4300-9693-f16c6f31b13f,https://elagente.ca/ontomlff/MLFFElasticityResult_1d5b0cb8-7c55-4915-b052-f4589347a3b1,[],[],0.5211444202932487,eV/Å^3,1.3808572708722175,/scratch/kenko/akg4pyscf/.graphchat-workspaces/kenko_room/mlff_elasticity_benchmark/workflow_runs/MatterSim/elasticity_MatterSim/structures/AlRu2Ti_1e7b2374/output.json,mp-866155,cif,https://elagente.ca/grafico/ConceptualAtoms_3ead2497-9882-4300-9693-f16c6f31b13f,mp-866155
Be4N4Sr2,0.6506545513002826,https://elagente.ca/grafico/ConceptualAtoms_3ef78075-8190-41e6-801c-d0c9706b2784,https://elagente.ca/ontomlff/MLFFElasticityResult_94909062-fe5e-449a-a0d6-52ab5ebbdcaa,[],[],0.5087097664195428,eV/Å^3,1.2106234410083319,/scratch/kenko/akg4pyscf/.graphchat-workspaces/kenko_room/mlff_elasticity_benchmark/workflow_runs/MatterSim/elasticity_MatterSim/structures/Be4N4Sr2_e26b2f50/output.json,mp-11919,cif,https://elagente.ca/grafico/ConceptualAtoms_3ef78075-8190-41e6-801c-d0c9706b2784,mp-11919
DyPd,0.5605590871256969,https://elagente.ca/grafico/ConceptualAtoms_3f353237-029f-470f-b728-37326a634a1e,https://elagente.ca/ontomlff/MLFFElasticityResult_29ed941e-c0f6-41a6-ba84-a62ac51937ce,[],[],0.20011023702031763,eV/Å^3,0.5364912387595949,/scratch/kenko/akg4pyscf/.graphchat-workspaces/kenko_room/mlff_elasticity_benchmark/workflow_runs/MatterSim/elasticity_MatterSim/structures/DyPd_a9f2dc86/output.json,mp-2226,cif,https://elagente.ca/grafico/ConceptualAtoms_3f353237-029f-470f-b728-37326a634a1e,mp-2226
Dy2Sb2Zr2,0.5280343042406974,https://elagente.ca/grafico/ConceptualAtoms_3f73c019-d8bd-4af2-a2b6-41fb876e0cbb,https://elagente.ca/ontomlff/MLFFElasticityResult_3fe6e08f-82a7-43f4-8955-efb1a9e80eda,[],[],0.28653128509929415,eV/Å^3,0.7279269947706826,/scratch/kenko/akg4pyscf/.graphchat-workspaces/kenko_room/mlff_elasticity_benchmark/workflow_runs/MatterSim/elasticity_MatterSim/structures/Dy2Sb2Zr2_1db8a435/output.json,mp-5068,cif,https://elagente.ca/grafico/ConceptualAtoms_3f73c019-d8bd-4af2-a2b6-41fb876e0cbb,mp-5068
Ag2BaSn2,0.30532811286379735,https://elagente.ca/grafico/ConceptualAtoms_3fa2dc69-dfc9-4b5d-a45c-e0a9a49631a9,https://elagente.ca/ontomlff/MLFFElasticityResult_e47be7cd-76c5-402b-a175-6ebac7623fa8,[],[],0.11190793616831789,eV/Å^3,0.2991731314983192,/scratch/kenko/akg4pyscf/.graphchat-workspaces/kenko_room/mlff_elasticity_benchmark/workflow_runs/MatterSim/elasticity_MatterSim/structures/Ag2BaSn2_ddbccba5/output.json,mp-7882,cif,https://elagente.ca/grafico/ConceptualAtoms_3fa2dc69-dfc9-4b5d-a45c-e0a9a49631a9,mp-7882
Be2Na2Sb2,0.2547508386878599,https://elagente.ca/grafico/ConceptualAtoms_3fb0578c-d66c-4000-bd78-8e270c175b07,https://elagente.ca/ontomlff/MLFFElasticityResult_7e1d6138-df4b-4b8f-bd8a-4749a379628e,[],[],0.14994932126001334,eV/Å^3,0.37606294816850416,/scratch/kenko/akg4pyscf/.graphchat-workspaces/kenko_room/mlff_elasticity_benchmark/workflow_runs/MatterSim/elasticity_MatterSim/structures/Be2Na2Sb2_93445a0f/output.json,mp-9574,cif,https://elagente.ca/grafico/ConceptualAtoms_3fb0578c-d66c-4000-bd78-8e270c175b07,mp-9574
O8Pd6Tl2,0.8982208525311375,https://elagente.ca/grafico/ConceptualAtoms_3fd61b04-5ff9-4ad0-b2f9-291a6f3f28a7,https://elagente.ca/ontomlff/MLFFElasticityResult_b5ecb249-9b94-4cf3-aa53-c0efbf8a1b08,[],[],0.388359835107625,eV/Å^3,1.0183176505774556,/scratch/kenko/akg4pyscf/.graphchat-workspaces/kenko_room/mlff_elasticity_benchmark/workflow_runs/MatterSim/elasticity_MatterSim/structures/O8Pd6Tl2_3821d6ab/output.json,mp-5478,cif,https://elagente.ca/grafico/ConceptualAtoms_3fd61b04-5ff9-4ad0-b2f9-291a6f3f28a7,mp-5478
RuV3,1.3758625688289563,https://elagente.ca/grafico/ConceptualAtoms_408b5f4d-750b-4498-9fc5-ea559efbe3ff,https://elagente.ca/ontomlff/MLFFElasticityResult_89de657c-1ec3-418d-83b9-aa399eb2f229,[],[],0.6281200485074223,eV/Å^3,1.6354793380824246,/scratch/kenko/akg4pyscf/.graphchat-workspaces/kenko_room/mlff_elasticity_benchmark/workflow_runs/MatterSim/elasticity_MatterSim/structures/RuV3_ee221f63/output.json,mp-865382,cif,https://elagente.ca/grafico/ConceptualAtoms_408b5f4d-750b-4498-9fc5-ea559efbe3ff,mp-865382
Al3Ho3Ni3,0.5874672458800483,https://elagente.ca/grafico/ConceptualAtoms_4146c44e-20b4-47a8-b59a-2f1542b2d935,https://elagente.ca/ontomlff/MLFFElasticityResult_ec213da6-bf9e-4c18-ac22-8617cb331d62,[],[],0.2676254766810105,eV/Å^3,0.6970304661119187,/scratch/kenko/akg4pyscf/.graphchat-workspaces/kenko_room/mlff_elasticity_benchmark/workflow_runs/MatterSim/elasticity_MatterSim/structures/Al3Ho3Ni3_603daa52/output.json,mp-2909,cif,https://elagente.ca/grafico/ConceptualAtoms_4146c44e-20b4-47a8-b59a-2f1542b2d935,mp-2909
Ca2In4Pd2,0.3958760496954475,https://elagente.ca/grafico/ConceptualAtoms_41ab57f0-055e-483b-a423-3a624904211a,https://elagente.ca/ontomlff/MLFFElasticityResult_6c1892be-7c83-4fdb-9db2-31d16c0c0f13,[],[],0.17246204795109016,eV/Å^3,0.4517805875858897,/scratch/kenko/akg4pyscf/.graphchat-workspaces/kenko_room/mlff_elasticity_benchmark/workflow_runs/MatterSim/elasticity_MatterSim/structures/Ca2In4Pd2_9c2a37b5/output.json,mp-22717,cif,https://elagente.ca/grafico/ConceptualAtoms_41ab57f0-055e-483b-a423-3a624904211a,mp-22717
B14Li6O24,1.0317872633153486,https://elagente.ca/grafico/ConceptualAtoms_4226f50f-5d22-4201-939b-2d1628bc4f8d,https://elagente.ca/ontomlff/MLFFElasticityResult_981d0a45-36be-408e-adbc-54f96933f483,[],[],0.7011530881439145,eV/Å^3,1.7149853597059321,/scratch/kenko/akg4pyscf/.graphchat-workspaces/kenko_room/mlff_elasticity_benchmark/workflow_runs/MatterSim/elasticity_MatterSim/structures/B14Li6O24_57779a44/output.json,mp-16828,cif,https://elagente.ca/grafico/ConceptualAtoms_4226f50f-5d22-4201-939b-2d1628bc4f8d,mp-16828
Be5Fe,0.7932402974471724,https://elagente.ca/grafico/ConceptualAtoms_4267c167-0bc8-4e24-8d42-9f0cb081f35a,https://elagente.ca/ontomlff/MLFFElasticityResult_e77e24a9-353b-4c25-8311-1e985e6586cf,[],[],0.7166280112216874,eV/Å^3,1.652308609387233,/scratch/kenko/akg4pyscf/.graphchat-workspaces/kenko_room/mlff_elasticity_benchmark/workflow_runs/MatterSim/elasticity_MatterSim/structures/Be5Fe_6f1c0c36/output.json,mp-1025010,cif,https://elagente.ca/grafico/ConceptualAtoms_4267c167-0bc8-4e24-8d42-9f0cb081f35a,mp-1025010
AlCo2Ti,1.1177634122106412,https://elagente.ca/grafico/ConceptualAtoms_4282868f-0424-4114-9b87-d2e5b4bfbb2c,https://elagente.ca/ontomlff/MLFFElasticityResult_6cb4b5b3-c9c3-427a-abb1-74af030eda67,[],[],0.6198702980406644,eV/Å^3,1.5694847969961299,/scratch/kenko/akg4pyscf/.graphchat-workspaces/kenko_room/mlff_elasticity_benchmark/workflow_runs/MatterSim/elasticity_MatterSim/structures/AlCo2Ti_896dd077/output.json,mp-5407,cif,https://elagente.ca/grafico/ConceptualAtoms_4282868f-0424-4114-9b87-d2e5b4bfbb2c,mp-5407
CaPtSi3,0.6920469683603372,https://elagente.ca/grafico/ConceptualAtoms_42af8a6a-c887-4b12-bc92-683b3c71aba4,https://elagente.ca/ontomlff/MLFFElasticityResult_8d923402-eca3-426a-be2e-ecd32ffe9ae4,[],[],0.31578418867715574,eV/Å^3,0.82228219395496,/scratch/kenko/akg4pyscf/.graphchat-workspaces/kenko_room/mlff_elasticity_benchmark/workflow_runs/MatterSim/elasticity_MatterSim/structures/CaPtSi3_1eb4f253/output.json,mp-1069604,cif,https://elagente.ca/grafico/ConceptualAtoms_42af8a6a-c887-4b12-bc92-683b3c71aba4,mp-1069604
AlCo2Sc,0.936817601842832,https://elagente.ca/grafico/ConceptualAtoms_42e7ab37-0fbd-444d-b7c9-1860023d1b88,https://elagente.ca/ontomlff/MLFFElasticityResult_bea4d19d-c4b9-446b-b51a-a349619799eb,[],[],0.5773145474151831,eV/Å^3,1.436800512330567,/scratch/kenko/akg4pyscf/.graphchat-workspaces/kenko_room/mlff_elasticity_benchmark/workflow_runs/MatterSim/elasticity_MatterSim/structures/AlCo2Sc_1243b931/output.json,mp-862602,cif,https://elagente.ca/grafico/ConceptualAtoms_42e7ab37-0fbd-444d-b7c9-1860023d1b88,mp-862602
As2Fe2Na2,0.30868586065070963,https://elagente.ca/grafico/ConceptualAtoms_4308bc77-0cf1-49a0-abc9-75451ada62af,https://elagente.ca/ontomlff/MLFFElasticityResult_32c4c22f-9abe-45eb-950f-91aeb98fe390,[],[],0.23408094091767095,eV/Å^3,0.5605514148200356,/scratch/kenko/akg4pyscf/.graphchat-workspaces/kenko_room/mlff_elasticity_benchmark/workflow_runs/MatterSim/elasticity_MatterSim/structures/As2Fe2Na2_96160048/output.json,mp-22152,cif,https://elagente.ca/grafico/ConceptualAtoms_4308bc77-0cf1-49a0-abc9-75451ada62af,mp-22152
CU,1.1842453679567273,https://elagente.ca/grafico/ConceptualAtoms_43c0f327-3b30-43cf-8ff4-ab12f505c27d,https://elagente.ca/ontomlff/MLFFElasticityResult_bd57efc9-008d-4296-8aae-d3b6150c7519,[],[],0.3516236887897155,eV/Å^3,0.9598701762740337,/scratch/kenko/akg4pyscf/.graphchat-workspaces/kenko_room/mlff_elasticity_benchmark/workflow_runs/MatterSim/elasticity_MatterSim/structures/CU_3fde5acf/output.json,mp-2489,cif,https://elagente.ca/grafico/ConceptualAtoms_43c0f327-3b30-43cf-8ff4-ab12f505c27d,mp-2489
AgRuSm2,0.5126816387106747,https://elagente.ca/grafico/ConceptualAtoms_43d168d2-c24f-426e-9585-90e717e8e596,https://elagente.ca/ontomlff/MLFFElasticityResult_4d87018c-c842-4382-972d-c6e238415e25,[],[],0.2129836652639952,eV/Å^3,0.5612331752756802,/scratch/kenko/akg4pyscf/.graphchat-workspaces/kenko_room/mlff_elasticity_benchmark/workflow_runs/MatterSim/elasticity_MatterSim/structures/AgRuSm2_9a0688c7/output.json,mp-867869,cif,https://elagente.ca/grafico/ConceptualAtoms_43d168d2-c24f-426e-9585-90e717e8e596,mp-867869
NiRhZn2,0.9733852296591896,https://elagente.ca/grafico/ConceptualAtoms_43d46dae-6cab-4800-8158-f12af6cdec9f,https://elagente.ca/ontomlff/MLFFElasticityResult_d4294380-f3d8-4546-8a0c-7af5cf411760,[],[],0.31289834043908515,eV/Å^3,0.8478471382704026,/scratch/kenko/akg4pyscf/.graphchat-workspaces/kenko_room/mlff_elasticity_benchmark/workflow_runs/MatterSim/elasticity_MatterSim/structures/NiRhZn2_d9913631/output.json,mp-864654,cif,https://elagente.ca/grafico/ConceptualAtoms_43d46dae-6cab-4800-8158-f12af6cdec9f,mp-864654
H3Bi,0.44960953251169855,https://elagente.ca/grafico/ConceptualAtoms_43e3c59a-9e20-47c9-8f0f-1165b8d3dc78,https://elagente.ca/ontomlff/MLFFElasticityResult_d06ebf59-0073-4d52-bc6b-0fbf6913a185,[],[],0.00985773211444918,eV/Å^3,0.029358632730717444,/scratch/kenko/akg4pyscf/.graphchat-workspaces/kenko_room/mlff_elasticity_benchmark/workflow_runs/MatterSim/elasticity_MatterSim/structures/H3Bi_655e66ee/output.json,mp-984050,cif,https://elagente.ca/grafico/ConceptualAtoms_43e3c59a-9e20-47c9-8f0f-1165b8d3dc78,mp-984050
Cu6N10Sr12,0.46905045874084567,https://elagente.ca/grafico/ConceptualAtoms_43eb0d0d-700b-4931-b979-9474a01304b9,https://elagente.ca/ontomlff/MLFFElasticityResult_e7972092-a67d-41f5-ba4c-97950f7372a9,[],[],0.24503168179551257,eV/Å^3,0.6260746953856821,/scratch/kenko/akg4pyscf/.graphchat-workspaces/kenko_room/mlff_elasticity_benchmark/workflow_runs/MatterSim/elasticity_MatterSim/structures/Cu6N10Sr12_f3f524ee/output.json,mp-29136,cif,https://elagente.ca/grafico/ConceptualAtoms_43eb0d0d-700b-4931-b979-9474a01304b9,mp-29136
LiPd2Sb,0.6684605888521057,https://elagente.ca/grafico/ConceptualAtoms_43f37877-fb93-4c0f-b3ef-faa4ee8e7181,https://elagente.ca/ontomlff/MLFFElasticityResult_e56ff88a-7bc0-49b3-9883-d2d9a784b284,[],[],0.176299351072116,eV/Å^3,0.48615835912819105,/scratch/kenko/akg4pyscf/.graphchat-workspaces/kenko_room/mlff_elasticity_benchmark/workflow_runs/MatterSim/elasticity_MatterSim/structures/LiPd2Sb_08ebebbc/output.json,mp-861736,cif,https://elagente.ca/grafico/ConceptualAtoms_43f37877-fb93-4c0f-b3ef-faa4ee8e7181,mp-861736
BaNb4O6,1.290994369295103,https://elagente.ca/grafico/ConceptualAtoms_43fbffdb-7e1d-41cb-8c0d-b7b48820d038,https://elagente.ca/ontomlff/MLFFElasticityResult_3b421b1b-67d5-450b-a943-fe9dbe39ae57,[],[],0.6852998079133676,eV/Å^3,1.74681209717353,/scratch/kenko/akg4pyscf/.graphchat-workspaces/kenko_room/mlff_elasticity_benchmark/workflow_runs/MatterSim/elasticity_MatterSim/structures/BaNb4O6_a9d7bd5c/output.json,mp-505517,cif,https://elagente.ca/grafico/ConceptualAtoms_43fbffdb-7e1d-41cb-8c0d-b7b48820d038,mp-505517
Cd2Ge2O6,0.7231768912582719,https://elagente.ca/grafico/ConceptualAtoms_44123277-79a1-4842-9dbd-1063c0c5da38,https://elagente.ca/ontomlff/MLFFElasticityResult_7a807096-83b8-4afb-a1eb-91ca998cfcbf,[],[],0.3877123370623302,eV/Å^3,0.9867898408086178,/scratch/kenko/akg4pyscf/.graphchat-workspaces/kenko_room/mlff_elasticity_benchmark/workflow_runs/MatterSim/elasticity_MatterSim/structures/Cd2Ge2O6_bf96e4e5/output.json,mp-685935,cif,https://elagente.ca/grafico/ConceptualAtoms_44123277-79a1-4842-9dbd-1063c0c5da38,mp-685935
Mg5Y,0.2478153488176989,https://elagente.ca/grafico/ConceptualAtoms_442d7e63-6a7f-4094-910f-3248354ec292,https://elagente.ca/ontomlff/MLFFElasticityResult_93908c0a-d914-4de3-87bb-b37cbd8997d0,[],[],-0.1253182475641505,eV/Å^3,-0.4521752097258614,/scratch/kenko/akg4pyscf/.graphchat-workspaces/kenko_room/mlff_elasticity_benchmark/workflow_runs/MatterSim/elasticity_MatterSim/structures/Mg5Y_f8f16673/output.json,mp-981252,cif,https://elagente.ca/grafico/ConceptualAtoms_442d7e63-6a7f-4094-910f-3248354ec292,mp-981252
Ca8N8Zr2,0.6119973277226038,https://elagente.ca/grafico/ConceptualAtoms_4444960d-3978-4cbc-af2b-95201ac55531,https://elagente.ca/ontomlff/MLFFElasticityResult_9f45fd0c-b130-42bd-bcb8-38219cf3bd74,[],[],0.3628251395181875,eV/Å^3,0.9088669183639015,/scratch/kenko/akg4pyscf/.graphchat-workspaces/kenko_room/mlff_elasticity_benchmark/workflow_runs/MatterSim/elasticity_MatterSim/structures/Ca8N8Zr2_01c4db6d/output.json,mp-1029660,cif,https://elagente.ca/grafico/ConceptualAtoms_4444960d-3978-4cbc-af2b-95201ac55531,mp-1029660
Br6Cs2Pt,0.15928806457499411,https://elagente.ca/grafico/ConceptualAtoms_449488fd-2794-45d5-89cf-3f1581ef2912,https://elagente.ca/ontomlff/MLFFElasticityResult_4f5ae9e4-39fb-46e5-b5c9-9741e005f30b,[],[],0.08982975577629997,eV/Å^3,0.2268462990715213,/scratch/kenko/akg4pyscf/.graphchat-workspaces/kenko_room/mlff_elasticity_benchmark/workflow_runs/MatterSim/elasticity_MatterSim/structures/Br6Cs2Pt_33fdf598/output.json,mp-30062,cif,https://elagente.ca/grafico/ConceptualAtoms_449488fd-2794-45d5-89cf-3f1581ef2912,mp-30062
As4Cu2Y2,0.5765270109051841,https://elagente.ca/grafico/ConceptualAtoms_44b8f39f-a612-445b-80d3-b5c34df56522,https://elagente.ca/ontomlff/MLFFElasticityResult_5925c58c-855d-4e7f-89c5-957a36ddd7a4,[],[],0.31351148839556,eV/Å^3,0.7962099389984888,/scratch/kenko/akg4pyscf/.graphchat-workspaces/kenko_room/mlff_elasticity_benchmark/workflow_runs/MatterSim/elasticity_MatterSim/structures/As4Cu2Y2_ad62ba1e/output.json,mp-10991,cif,https://elagente.ca/grafico/ConceptualAtoms_44b8f39f-a612-445b-80d3-b5c34df56522,mp-10991
CaCl6Cs2Na,0.09836495468616231,https://elagente.ca/grafico/ConceptualAtoms_44d30f29-ecf9-44e8-9eff-e8deb93f389b,https://elagente.ca/ontomlff/MLFFElasticityResult_c5853da2-bc5e-4d4f-9ce9-f38abd4fdcff,[],[],0.06637855725192972,eV/Å^3,0.16256773118460166,/scratch/kenko/akg4pyscf/.graphchat-workspaces/kenko_room/mlff_elasticity_benchmark/workflow_runs/MatterSim/elasticity_MatterSim/structures/CaCl6Cs2Na_58f938d5/output.json,mp-989644,cif,https://elagente.ca/grafico/ConceptualAtoms_44d30f29-ecf9-44e8-9eff-e8deb93f389b,mp-989644
F6Ti2,0.66821865874173,https://elagente.ca/grafico/ConceptualAtoms_44dc260a-fdb5-4fc3-ac0a-e1b38d8ce241,https://elagente.ca/ontomlff/MLFFElasticityResult_f288aca8-e280-451d-a979-781c55803062,[],[],0.2697735731539659,eV/Å^3,0.7133259490912909,/scratch/kenko/akg4pyscf/.graphchat-workspaces/kenko_room/mlff_elasticity_benchmark/workflow_runs/MatterSim/elasticity_MatterSim/structures/F6Ti2_59799e83/output.json,mp-246,cif,https://elagente.ca/grafico/ConceptualAtoms_44dc260a-fdb5-4fc3-ac0a-e1b38d8ce241,mp-246
BiNaTl2,0.1678301422124076,https://elagente.ca/grafico/ConceptualAtoms_45dc698f-0db7-451c-b4eb-b5093c796efb,https://elagente.ca/ontomlff/MLFFElasticityResult_5d473bdb-8568-4470-8bba-9837ded2a959,[],[],0.032980360433903906,eV/Å^3,0.09285852731798842,/scratch/kenko/akg4pyscf/.graphchat-workspaces/kenko_room/mlff_elasticity_benchmark/workflow_runs/MatterSim/elasticity_MatterSim/structures/BiNaTl2_1e4041ab/output.json,mp-865145,cif,https://elagente.ca/grafico/ConceptualAtoms_45dc698f-0db7-451c-b4eb-b5093c796efb,mp-865145
Ag2CaLa,0.28125207179851336,https://elagente.ca/grafico/ConceptualAtoms_45f95381-16a3-4dca-bcdb-7e60acae7cb8,https://elagente.ca/ontomlff/MLFFElasticityResult_62656c5b-28f8-452e-8d08-c6a00e3cf3c5,[],[],0.13208551194387128,eV/Å^3,0.3426210476883412,/scratch/kenko/akg4pyscf/.graphchat-workspaces/kenko_room/mlff_elasticity_benchmark/workflow_runs/MatterSim/elasticity_MatterSim/structures/Ag2CaLa_176db103/output.json,mp-862795,cif,https://elagente.ca/grafico/ConceptualAtoms_45f95381-16a3-4dca-bcdb-7e60acae7cb8,mp-862795
Al2F8Rb2,0.49559216278361673,https://elagente.ca/grafico/ConceptualAtoms_463fe86f-565c-42be-86ba-5ec088c7486b,https://elagente.ca/ontomlff/MLFFElasticityResult_c0f0a1e3-8c84-43db-8613-968f5502a3c9,[],[],0.30135584292816076,eV/Å^3,0.7517040669561554,/scratch/kenko/akg4pyscf/.graphchat-workspaces/kenko_room/mlff_elasticity_benchmark/workflow_runs/MatterSim/elasticity_MatterSim/structures/Al2F8Rb2_45aca74f/output.json,mp-5259,cif,https://elagente.ca/grafico/ConceptualAtoms_463fe86f-565c-42be-86ba-5ec088c7486b,mp-5259
C2In2Ta4,1.2719802061972936,https://elagente.ca/grafico/ConceptualAtoms_46ec6101-1fea-468f-92c6-afc52715e5ff,https://elagente.ca/ontomlff/MLFFElasticityResult_75038ac8-b0c7-4240-8549-2cb39181cd3d,[],[],0.636173385173656,eV/Å^3,1.6358070742784354,/scratch/kenko/akg4pyscf/.graphchat-workspaces/kenko_room/mlff_elasticity_benchmark/workflow_runs/MatterSim/elasticity_MatterSim/structures/C2In2Ta4_4449d0a7/output.json,mp-22144,cif,https://elagente.ca/grafico/ConceptualAtoms_46ec6101-1fea-468f-92c6-afc52715e5ff,mp-22144
Al3Hf4,0.7488175032264339,https://elagente.ca/grafico/ConceptualAtoms_47f82a93-b9cb-4d6f-b4fa-4ea5dd9650b0,https://elagente.ca/ontomlff/MLFFElasticityResult_c7144d60-0822-4eec-b3e0-5ba35b85f00b,[],[],0.45760577386960666,eV/Å^3,1.1404964664488788,/scratch/kenko/akg4pyscf/.graphchat-workspaces/kenko_room/mlff_elasticity_benchmark/workflow_runs/MatterSim/elasticity_MatterSim/structures/Al3Hf4_6509a12c/output.json,mp-1025223,cif,https://elagente.ca/grafico/ConceptualAtoms_47f82a93-b9cb-4d6f-b4fa-4ea5dd9650b0,mp-1025223
As8Ni4,0.6862313432308538,https://elagente.ca/grafico/ConceptualAtoms_4805b1d1-2cff-498d-bb0f-038938461684,https://elagente.ca/ontomlff/MLFFElasticityResult_bc762d86-20e4-4b0d-b8fa-eb94c8ab09fb,[],[],0.39425067426635185,eV/Å^3,0.992653655833899,/scratch/kenko/akg4pyscf/.graphchat-workspaces/kenko_room/mlff_elasticity_benchmark/workflow_runs/MatterSim/elasticity_MatterSim/structures/As8Ni4_9266b2fb/output.json,mp-21873,cif,https://elagente.ca/grafico/ConceptualAtoms_4805b1d1-2cff-498d-bb0f-038938461684,mp-21873
HoO3Sr,0.5753480840914542,https://elagente.ca/grafico/ConceptualAtoms_48e58a00-1880-497c-bef0-9c6e645b359b,https://elagente.ca/ontomlff/MLFFElasticityResult_1499db02-d74c-45f5-82da-092ca5c2234a,[],[],0.28700370841765066,eV/Å^3,0.7382552889481364,/scratch/kenko/akg4pyscf/.graphchat-workspaces/kenko_room/mlff_elasticity_benchmark/workflow_runs/MatterSim/elasticity_MatterSim/structures/HoO3Sr_dc6ea4cf/output.json,mp-971996,cif,https://elagente.ca/grafico/ConceptualAtoms_48e58a00-1880-497c-bef0-9c6e645b359b,mp-971996
AcMgTl2,0.2458852996748368,https://elagente.ca/grafico/ConceptualAtoms_49a352f9-0b5d-41ba-831e-d5d8571c52d6,https://elagente.ca/ontomlff/MLFFElasticityResult_c80db741-af6f-4044-b7af-4f5e2adc7ba3,[],[],0.10007194373428151,eV/Å^3,0.2643531318453373,/scratch/kenko/akg4pyscf/.graphchat-workspaces/kenko_room/mlff_elasticity_benchmark/workflow_runs/MatterSim/elasticity_MatterSim/structures/AcMgTl2_e7dc01c8/output.json,mp-861735,cif,https://elagente.ca/grafico/ConceptualAtoms_49a352f9-0b5d-41ba-831e-d5d8571c52d6,mp-861735
Ba2Fe4S6,0.3319760103893415,https://elagente.ca/grafico/ConceptualAtoms_49a734cb-9dd3-4788-aab7-c685c1d2129a,https://elagente.ca/ontomlff/MLFFElasticityResult_e2a0ca92-5251-4c5e-978b-ebcb3d116037,[],[],0.28036656032641916,eV/Å^3,0.656333384844068,/scratch/kenko/akg4pyscf/.graphchat-workspaces/kenko_room/mlff_elasticity_benchmark/workflow_runs/MatterSim/elasticity_MatterSim/structures/Ba2Fe4S6_f8680fbd/output.json,mp-22739,cif,https://elagente.ca/grafico/ConceptualAtoms_49a734cb-9dd3-4788-aab7-c685c1d2129a,mp-22739
SeSr,0.27542670905217015,https://elagente.ca/grafico/ConceptualAtoms_49cf90c2-5a1c-4460-9a79-81c770b5eff9,https://elagente.ca/ontomlff/MLFFElasticityResult_f6541a3b-6a97-410c-8a9f-e8d0d6cbea2f,[],[],0.1414331985966074,eV/Å^3,0.36228737853622633,/scratch/kenko/akg4pyscf/.graphchat-workspaces/kenko_room/mlff_elasticity_benchmark/workflow_runs/MatterSim/elasticity_MatterSim/structures/SeSr_d3c0575f/output.json,mp-2758,cif,https://elagente.ca/grafico/ConceptualAtoms_49cf90c2-5a1c-4460-9a79-81c770b5eff9,mp-2758
Li2Nb4O2,0.9267918656078267,https://elagente.ca/grafico/ConceptualAtoms_4a2b4f78-bec5-454e-8c13-2e118dedac90,https://elagente.ca/ontomlff/MLFFElasticityResult_752d8fc1-0fff-4612-93bb-e6669ec18072,[],[],0.36202709027480395,eV/Å^3,0.9609570008214485,/scratch/kenko/akg4pyscf/.graphchat-workspaces/kenko_room/mlff_elasticity_benchmark/workflow_runs/MatterSim/elasticity_MatterSim/structures/Li2Nb4O2_8c3f7c89/output.json,mp-1025455,cif,https://elagente.ca/grafico/ConceptualAtoms_4a2b4f78-bec5-454e-8c13-2e118dedac90,mp-1025455
H6U2,0.7069533201888528,https://elagente.ca/grafico/ConceptualAtoms_4a92c4a7-459f-41c4-ad60-2b3d4d61b328,https://elagente.ca/ontomlff/MLFFElasticityResult_2905d64c-f91e-4c7a-8bcb-38392fb39fb9,[],[],0.23820234392664913,eV/Å^3,0.6424507900256554,/scratch/kenko/akg4pyscf/.graphchat-workspaces/kenko_room/mlff_elasticity_benchmark/workflow_runs/MatterSim/elasticity_MatterSim/structures/H6U2_2f5326a8/output.json,mp-24659,cif,https://elagente.ca/grafico/ConceptualAtoms_4a92c4a7-459f-41c4-ad60-2b3d4d61b328,mp-24659
Cl6Y2,0.23014020472328534,https://elagente.ca/grafico/ConceptualAtoms_4af5db08-3591-4a22-ab67-c47b7e3aecab,https://elagente.ca/ontomlff/MLFFElasticityResult_c85de876-01b9-4f5a-b8ca-80077b86f4f2,[],[],0.10294358894421182,eV/Å^3,0.2687581905941868,/scratch/kenko/akg4pyscf/.graphchat-workspaces/kenko_room/mlff_elasticity_benchmark/workflow_runs/MatterSim/elasticity_MatterSim/structures/Cl6Y2_b1eaa821/output.json,mp-27455,cif,https://elagente.ca/grafico/ConceptualAtoms_4af5db08-3591-4a22-ab67-c47b7e3aecab,mp-27455
CrS2,0.4789023007835833,https://elagente.ca/grafico/ConceptualAtoms_4b372c8d-070b-4140-ac74-48352ab4c738,https://elagente.ca/ontomlff/MLFFElasticityResult_1b68c202-2489-45ac-bb9a-aff5dd73342b,[],[],0.2126936944449356,eV/Å^3,0.5557991784818779,/scratch/kenko/akg4pyscf/.graphchat-workspaces/kenko_room/mlff_elasticity_benchmark/workflow_runs/MatterSim/elasticity_MatterSim/structures/CrS2_93bc1e23/output.json,mp-1413688,cif,https://elagente.ca/grafico/ConceptualAtoms_4b372c8d-070b-4140-ac74-48352ab4c738,mp-1413688
CdIrRu,0.996856749691118,https://elagente.ca/grafico/ConceptualAtoms_4b791c2e-012d-4ef4-967a-d7ca41909800,https://elagente.ca/ontomlff/MLFFElasticityResult_aa172994-8cae-4318-b1a6-4c57d797599e,[],[],0.27724529739706544,eV/Å^3,0.7611704451801409,/scratch/kenko/akg4pyscf/.graphchat-workspaces/kenko_room/mlff_elasticity_benchmark/workflow_runs/MatterSim/elasticity_MatterSim/structures/CdIrRu_46255859/output.json,mp-631388,cif,https://elagente.ca/grafico/ConceptualAtoms_4b791c2e-012d-4ef4-967a-d7ca41909800,mp-631388
Cl2Fe,0.2894244397268615,https://elagente.ca/grafico/ConceptualAtoms_4bca305e-b938-4225-9f49-fc36b49d5ff5,https://elagente.ca/ontomlff/MLFFElasticityResult_f2926ac3-a1db-4746-a7ce-e6a2d27002c8,[],[],0.11253601284137117,eV/Å^3,0.29887159779268574,/scratch/kenko/akg4pyscf/.graphchat-workspaces/kenko_room/mlff_elasticity_benchmark/workflow_runs/MatterSim/elasticity_MatterSim/structures/Cl2Fe_676d5d88/output.json,mp-23229,cif,https://elagente.ca/grafico/ConceptualAtoms_4bca305e-b938-4225-9f49-fc36b49d5ff5,mp-23229
B4TaV,1.8134553664261976,https://elagente.ca/grafico/ConceptualAtoms_4c196a0f-467a-4c60-b3f2-7cca2695c4f2,https://elagente.ca/ontomlff/MLFFElasticityResult_d4351ce2-3989-4e3e-a153-83431251dbde,[],[],1.397557927283526,eV/Å^3,3.3357610028291003,/scratch/kenko/akg4pyscf/.graphchat-workspaces/kenko_room/mlff_elasticity_benchmark/workflow_runs/MatterSim/elasticity_MatterSim/structures/B4TaV_4a67b485/output.json,mp-1217818,cif,https://elagente.ca/grafico/ConceptualAtoms_4c196a0f-467a-4c60-b3f2-7cca2695c4f2,mp-1217818
Lu6MoSb2,0.4158127370599328,https://elagente.ca/grafico/ConceptualAtoms_4c358b0f-4723-4501-9112-4247f67c5270,https://elagente.ca/ontomlff/MLFFElasticityResult_559187e3-22d8-4f59-b88c-60df51553bb0,[],[],0.236521930448167,eV/Å^3,0.5964711966577,/scratch/kenko/akg4pyscf/.graphchat-workspaces/kenko_room/mlff_elasticity_benchmark/workflow_runs/MatterSim/elasticity_MatterSim/structures/Lu6MoSb2_5f9eae67/output.json,mp-11755,cif,https://elagente.ca/grafico/ConceptualAtoms_4c358b0f-4723-4501-9112-4247f67c5270,mp-11755
Cu2K2Te2,0.17188555370695696,https://elagente.ca/grafico/ConceptualAtoms_4c4bfa5f-e557-44c1-bf07-56ea8e350c1a,https://elagente.ca/ontomlff/MLFFElasticityResult_00d3e9e4-4b80-44be-be3f-2e56c186d149,[],[],0.11509754815670145,eV/Å^3,0.2822850003030189,/scratch/kenko/akg4pyscf/.graphchat-workspaces/kenko_room/mlff_elasticity_benchmark/workflow_runs/MatterSim/elasticity_MatterSim/structures/Cu2K2Te2_19406e16/output.json,mp-7436,cif,https://elagente.ca/grafico/ConceptualAtoms_4c4bfa5f-e557-44c1-bf07-56ea8e350c1a,mp-7436
F6InLiTl2,0.4091293983913692,https://elagente.ca/grafico/ConceptualAtoms_4c54ae13-4d71-4900-ba0e-08e0d4329148,https://elagente.ca/ontomlff/MLFFElasticityResult_adcc5407-3dfa-48af-a02b-f8a25c57af72,[],[],0.1809525443051639,eV/Å^3,0.4731078435940115,/scratch/kenko/akg4pyscf/.graphchat-workspaces/kenko_room/mlff_elasticity_benchmark/workflow_runs/MatterSim/elasticity_MatterSim/structures/F6InLiTl2_7ca33fac/output.json,mp-989551,cif,https://elagente.ca/grafico/ConceptualAtoms_4c54ae13-4d71-4900-ba0e-08e0d4329148,mp-989551
Sb2Sr4,0.16161073767076778,https://elagente.ca/grafico/ConceptualAtoms_4c6e04a9-7c60-4180-8075-991f68845a0c,https://elagente.ca/ontomlff/MLFFElasticityResult_f8f5de34-f490-4279-9b86-fb507cf4ecf1,[],[],0.09912083021258009,eV/Å^3,0.24688785524014298,/scratch/kenko/akg4pyscf/.graphchat-workspaces/kenko_room/mlff_elasticity_benchmark/workflow_runs/MatterSim/elasticity_MatterSim/structures/Sb2Sr4_15ded1a1/output.json,mp-15624,cif,https://elagente.ca/grafico/ConceptualAtoms_4c6e04a9-7c60-4180-8075-991f68845a0c,mp-15624
Cu4Ge2Se6,0.36610616328772216,https://elagente.ca/grafico/ConceptualAtoms_4cc936a3-8e96-456f-aa06-cecd6b79ce6c,https://elagente.ca/ontomlff/MLFFElasticityResult_cc66bae0-39d3-4ad6-8017-0013a3891b9a,[],[],0.16866267749479552,eV/Å^3,0.4386300491632118,/scratch/kenko/akg4pyscf/.graphchat-workspaces/kenko_room/mlff_elasticity_benchmark/workflow_runs/MatterSim/elasticity_MatterSim/structures/Cu4Ge2Se6_b7cfd0a6/output.json,mp-677105,cif,https://elagente.ca/grafico/ConceptualAtoms_4cc936a3-8e96-456f-aa06-cecd6b79ce6c,mp-677105
Er2Fe4,0.6161197251278963,https://elagente.ca/grafico/ConceptualAtoms_4d35fc9c-b8d7-4365-8d68-1fcfc03294cc,https://elagente.ca/ontomlff/MLFFElasticityResult_d2d905c4-cb78-4141-a48a-fa49d0268248,[],[],0.38395662814636444,eV/Å^3,0.9537491363831061,/scratch/kenko/akg4pyscf/.graphchat-workspaces/kenko_room/mlff_elasticity_benchmark/workflow_runs/MatterSim/elasticity_MatterSim/structures/Er2Fe4_9a6c4539/output.json,mp-474,cif,https://elagente.ca/grafico/ConceptualAtoms_4d35fc9c-b8d7-4365-8d68-1fcfc03294cc,mp-474
Au2MgZn,0.6017563814103307,https://elagente.ca/grafico/ConceptualAtoms_4d4d2192-22b0-4b85-b0f7-8cc65b144108,https://elagente.ca/ontomlff/MLFFElasticityResult_0c7db16c-6340-4561-9533-2ec558455e8d,[],[],0.0953186535079629,eV/Å^3,0.27161464087944,/scratch/kenko/akg4pyscf/.graphchat-workspaces/kenko_room/mlff_elasticity_benchmark/workflow_runs/MatterSim/elasticity_MatterSim/structures/Au2MgZn_a775e2b4/output.json,mp-864922,cif,https://elagente.ca/grafico/ConceptualAtoms_4d4d2192-22b0-4b85-b0f7-8cc65b144108,mp-864922
Ge4Pd4Ti4,0.9566722309924941,https://elagente.ca/grafico/ConceptualAtoms_4dd2a5dd-88ca-4450-96c2-1dcb67c88707,https://elagente.ca/ontomlff/MLFFElasticityResult_1569ceb2-2814-4de6-9fda-9941b27eff0a,[],[],0.48116519920665624,eV/Å^3,1.236237421511222,/scratch/kenko/akg4pyscf/.graphchat-workspaces/kenko_room/mlff_elasticity_benchmark/workflow_runs/MatterSim/elasticity_MatterSim/structures/Ge4Pd4Ti4_7498900c/output.json,mp-20268,cif,https://elagente.ca/grafico/ConceptualAtoms_4dd2a5dd-88ca-4450-96c2-1dcb67c88707,mp-20268
As4Mn4,0.5276026120565607,https://elagente.ca/grafico/ConceptualAtoms_4dfbfd1f-a1fb-4cd4-a910-75c16be3819c,https://elagente.ca/ontomlff/MLFFElasticityResult_86ee28a2-f679-42ac-af90-97612c2c5d4a,[],[],0.49949694744689555,eV/Å^3,1.139037410059602,/scratch/kenko/akg4pyscf/.graphchat-workspaces/kenko_room/mlff_elasticity_benchmark/workflow_runs/MatterSim/elasticity_MatterSim/structures/As4Mn4_432227f6/output.json,mp-22240,cif,https://elagente.ca/grafico/ConceptualAtoms_4dfbfd1f-a1fb-4cd4-a910-75c16be3819c,mp-22240
Cl14Nb6Te2,0.41868449856932893,https://elagente.ca/grafico/ConceptualAtoms_4e13da9f-c10f-44b2-ba84-af95c0c7dff8,https://elagente.ca/ontomlff/MLFFElasticityResult_c0d10c87-ba5a-47ef-a48d-3629821d8d0b,[],[],0.24242814522581357,eV/Å^3,0.6096225224603982,/scratch/kenko/akg4pyscf/.graphchat-workspaces/kenko_room/mlff_elasticity_benchmark/workflow_runs/MatterSim/elasticity_MatterSim/structures/Cl14Nb6Te2_8b5aa6e3/output.json,mp-28938,cif,https://elagente.ca/grafico/ConceptualAtoms_4e13da9f-c10f-44b2-ba84-af95c0c7dff8,mp-28938
Ge6LuMn6,0.9235339704541473,https://elagente.ca/grafico/ConceptualAtoms_4e322d1a-6aca-47ec-874b-a63b798e92d9,https://elagente.ca/ontomlff/MLFFElasticityResult_8c25c18a-87aa-4e2d-b0a6-35ee3bcc9079,[],[],0.5438567113573116,eV/Å^3,1.3638520936708018,/scratch/kenko/akg4pyscf/.graphchat-workspaces/kenko_room/mlff_elasticity_benchmark/workflow_runs/MatterSim/elasticity_MatterSim/structures/Ge6LuMn6_2e33f74d/output.json,mp-3400,cif,https://elagente.ca/grafico/ConceptualAtoms_4e322d1a-6aca-47ec-874b-a63b798e92d9,mp-3400
O2STm2,0.8447017665948537,https://elagente.ca/grafico/ConceptualAtoms_4e6faa80-df52-4131-862d-a7dc47c763c1,https://elagente.ca/ontomlff/MLFFElasticityResult_104cdaa6-2fa3-4f5e-a8a9-220197b7e56c,[],[],0.4782068953069011,eV/Å^3,1.2068735402977824,/scratch/kenko/akg4pyscf/.graphchat-workspaces/kenko_room/mlff_elasticity_benchmark/workflow_runs/MatterSim/elasticity_MatterSim/structures/O2STm2_7c6ded3c/output.json,mp-3556,cif,https://elagente.ca/grafico/ConceptualAtoms_4e6faa80-df52-4131-862d-a7dc47c763c1,mp-3556
InP,0.4480331605279774,https://elagente.ca/grafico/ConceptualAtoms_4e7fc962-bea8-45f2-86b9-021f2f375adf,https://elagente.ca/ontomlff/MLFFElasticityResult_2bde9cb6-ecfa-4924-a079-7614fb79b5e4,[],[],0.18053550907330332,eV/Å^3,0.4774736621681116,/scratch/kenko/akg4pyscf/.graphchat-workspaces/kenko_room/mlff_elasticity_benchmark/workflow_runs/MatterSim/elasticity_MatterSim/structures/InP_7d212f3d/output.json,mp-20457,cif,https://elagente.ca/grafico/ConceptualAtoms_4e7fc962-bea8-45f2-86b9-021f2f375adf,mp-20457
Ge12,0.360525772085487,https://elagente.ca/grafico/ConceptualAtoms_4f02e452-1aba-4bb0-a8b4-9a1ead84c974,https://elagente.ca/ontomlff/MLFFElasticityResult_46cc1b35-18d2-48e7-855b-bc8fd6dc41e3,[],[],0.19915650923916106,eV/Å^3,0.5045618968356823,/scratch/kenko/akg4pyscf/.graphchat-workspaces/kenko_room/mlff_elasticity_benchmark/workflow_runs/MatterSim/elasticity_MatterSim/structures/Ge12_44e78297/output.json,mp-137,cif,https://elagente.ca/grafico/ConceptualAtoms_4f02e452-1aba-4bb0-a8b4-9a1ead84c974,mp-137
Se4W2,0.6996414577784782,https://elagente.ca/grafico/ConceptualAtoms_4f46d464-06f7-4971-9f7a-24023ad0050e,https://elagente.ca/ontomlff/MLFFElasticityResult_645c670f-a475-4f83-a982-585de72bba2c,[],[],0.49957892719611285,eV/Å^3,1.210595021929193,/scratch/kenko/akg4pyscf/.graphchat-workspaces/kenko_room/mlff_elasticity_benchmark/workflow_runs/MatterSim/elasticity_MatterSim/structures/Se4W2_9592154b/output.json,mp-1821,cif,https://elagente.ca/grafico/ConceptualAtoms_4f46d464-06f7-4971-9f7a-24023ad0050e,mp-1821
Th3Yb,0.2776983803938674,https://elagente.ca/grafico/ConceptualAtoms_4f5080ad-113b-465b-a862-6b82b806fc51,https://elagente.ca/ontomlff/MLFFElasticityResult_193b8533-7ac3-4f1b-956e-caccdb601fa1,[],[],0.16162187696066463,eV/Å^3,0.40608453846314807,/scratch/kenko/akg4pyscf/.graphchat-workspaces/kenko_room/mlff_elasticity_benchmark/workflow_runs/MatterSim/elasticity_MatterSim/structures/Th3Yb_96c4f357/output.json,mp-972044,cif,https://elagente.ca/grafico/ConceptualAtoms_4f5080ad-113b-465b-a862-6b82b806fc51,mp-972044
Cs6I18Sb4,0.10578905309495382,https://elagente.ca/grafico/ConceptualAtoms_4f685cd4-156b-435f-878a-6f5797527ddb,https://elagente.ca/ontomlff/MLFFElasticityResult_a128b8a0-d93f-472e-8e02-7ddd960f3c85,[],[],0.05312844333380313,eV/Å^3,0.1365297430163864,/scratch/kenko/akg4pyscf/.graphchat-workspaces/kenko_room/mlff_elasticity_benchmark/workflow_runs/MatterSim/elasticity_MatterSim/structures/Cs6I18Sb4_f3a3aeb7/output.json,mp-23029,cif,https://elagente.ca/grafico/ConceptualAtoms_4f685cd4-156b-435f-878a-6f5797527ddb,mp-23029
ClNbRu2,1.0636881429319893,https://elagente.ca/grafico/ConceptualAtoms_4f7e25ef-b376-4fbe-afbf-729a53baa4c7,https://elagente.ca/ontomlff/MLFFElasticityResult_7fd5fc1d-18cc-4067-a290-948568bd1d63,[],[],0.06008835192796251,eV/Å^3,0.17693336673608948,/scratch/kenko/akg4pyscf/.graphchat-workspaces/kenko_room/mlff_elasticity_benchmark/workflow_runs/MatterSim/elasticity_MatterSim/structures/ClNbRu2_4f31bab9/output.json,mp-631412,cif,https://elagente.ca/grafico/ConceptualAtoms_4f7e25ef-b376-4fbe-afbf-729a53baa4c7,mp-631412
Ga2,0.2923064688711685,https://elagente.ca/grafico/ConceptualAtoms_4fed23a7-39b5-41a6-a09f-5e16c594ef28,https://elagente.ca/ontomlff/MLFFElasticityResult_f100380d-0b00-49c6-b53c-80396a3ff621,[],[],0.05049406255586229,eV/Å^3,0.14323457070442508,/scratch/kenko/akg4pyscf/.graphchat-workspaces/kenko_room/mlff_elasticity_benchmark/workflow_runs/MatterSim/elasticity_MatterSim/structures/Ga2_12a5d563/output.json,mp-10021,cif,https://elagente.ca/grafico/ConceptualAtoms_4fed23a7-39b5-41a6-a09f-5e16c594ef28,mp-10021
Mg4O8Si2,1.195485316275682,https://elagente.ca/grafico/ConceptualAtoms_500bf152-f095-4675-ba2d-dc1cd6cd9b4f,https://elagente.ca/ontomlff/MLFFElasticityResult_48d0acce-0ae6-4b7e-b5ae-ccf3e98f9258,[],[],0.8570549815155681,eV/Å^3,2.0752440930924143,/scratch/kenko/akg4pyscf/.graphchat-workspaces/kenko_room/mlff_elasticity_benchmark/workflow_runs/MatterSim/elasticity_MatterSim/structures/Mg4O8Si2_86d689fd/output.json,mp-5639,cif,https://elagente.ca/grafico/ConceptualAtoms_500bf152-f095-4675-ba2d-dc1cd6cd9b4f,mp-5639
KO3Si,1.1197180187447142,https://elagente.ca/grafico/ConceptualAtoms_500d0493-2d76-4ea9-8eeb-c46b684deb76,https://elagente.ca/ontomlff/MLFFElasticityResult_2af7ddba-327f-4d5a-93de-bcc4f5f8aa85,[],[],0.7443103563266231,eV/Å^3,1.8279089821505536,/scratch/kenko/akg4pyscf/.graphchat-workspaces/kenko_room/mlff_elasticity_benchmark/workflow_runs/MatterSim/elasticity_MatterSim/structures/KO3Si_3d1cc3f1/output.json,mp-974061,cif,https://elagente.ca/grafico/ConceptualAtoms_500d0493-2d76-4ea9-8eeb-c46b684deb76,mp-974061
CdCl4Rb2,0.1377079310851999,https://elagente.ca/grafico/ConceptualAtoms_504db4e6-b630-4cd0-a463-5df102a51fca,https://elagente.ca/ontomlff/MLFFElasticityResult_d6ed9f6f-8b9e-4679-babf-853cc940ecba,[],[],0.06006228882907631,eV/Å^3,0.15731545072097758,/scratch/kenko/akg4pyscf/.graphchat-workspaces/kenko_room/mlff_elasticity_benchmark/workflow_runs/MatterSim/elasticity_MatterSim/structures/CdCl4Rb2_fed01c4c/output.json,mp-29873,cif,https://elagente.ca/grafico/ConceptualAtoms_504db4e6-b630-4cd0-a463-5df102a51fca,mp-29873
Ca2CuO3,0.7057529935420895,https://elagente.ca/grafico/ConceptualAtoms_50af2004-884d-4ac0-ba39-7955aab1aec2,https://elagente.ca/ontomlff/MLFFElasticityResult_17a73227-5733-470d-9710-69d7c82471d3,[],[],0.393956836923232,eV/Å^3,0.9964599360107242,/scratch/kenko/akg4pyscf/.graphchat-workspaces/kenko_room/mlff_elasticity_benchmark/workflow_runs/MatterSim/elasticity_MatterSim/structures/Ca2CuO3_0f030d68/output.json,mp-5869,cif,https://elagente.ca/grafico/ConceptualAtoms_50af2004-884d-4ac0-ba39-7955aab1aec2,mp-5869
O6Pt3Zn,1.3298754476554604,https://elagente.ca/grafico/ConceptualAtoms_50b0b164-b0c0-4a22-b95c-e8262dffab14,https://elagente.ca/ontomlff/MLFFElasticityResult_2dfc43f3-1b36-446a-abb5-b8f80dbf0516,[],[],0.6563364311132249,eV/Å^3,1.6908468122217857,/scratch/kenko/akg4pyscf/.graphchat-workspaces/kenko_room/mlff_elasticity_benchmark/workflow_runs/MatterSim/elasticity_MatterSim/structures/O6Pt3Zn_36c7fa20/output.json,mp-8207,cif,https://elagente.ca/grafico/ConceptualAtoms_50b0b164-b0c0-4a22-b95c-e8262dffab14,mp-8207
GaNNd3,0.21534598795059345,https://elagente.ca/grafico/ConceptualAtoms_50c89621-abb3-487d-a4a3-70aea28cf08c,https://elagente.ca/ontomlff/MLFFElasticityResult_574b623b-da33-4e41-9570-48610ebbd925,[],[],0.07189029471547013,eV/Å^3,0.19407451537584045,/scratch/kenko/akg4pyscf/.graphchat-workspaces/kenko_room/mlff_elasticity_benchmark/workflow_runs/MatterSim/elasticity_MatterSim/structures/GaNNd3_03dd0f05/output.json,mp-636273,cif,https://elagente.ca/grafico/ConceptualAtoms_50c89621-abb3-487d-a4a3-70aea28cf08c,mp-636273
InPPd5,0.9789659600475484,https://elagente.ca/grafico/ConceptualAtoms_50f80027-278a-409a-8019-f399588356e2,https://elagente.ca/ontomlff/MLFFElasticityResult_88bd9bb1-f475-4939-b70e-0a01ac9a913b,[],[],0.34018950303607387,eV/Å^3,0.9146248300626456,/scratch/kenko/akg4pyscf/.graphchat-workspaces/kenko_room/mlff_elasticity_benchmark/workflow_runs/MatterSim/elasticity_MatterSim/structures/InPPd5_18048545/output.json,mp-1025161,cif,https://elagente.ca/grafico/ConceptualAtoms_50f80027-278a-409a-8019-f399588356e2,mp-1025161
Mg3Pr,0.24655505151731624,https://elagente.ca/grafico/ConceptualAtoms_513c4f94-84c0-4763-b68d-1824cdf643f5,https://elagente.ca/ontomlff/MLFFElasticityResult_56555595-ca7a-4f94-9db0-2bdc58ab9231,[],[],0.12228883128134449,eV/Å^3,0.3148176890286587,/scratch/kenko/akg4pyscf/.graphchat-workspaces/kenko_room/mlff_elasticity_benchmark/workflow_runs/MatterSim/elasticity_MatterSim/structures/Mg3Pr_75433a7b/output.json,mp-428,cif,https://elagente.ca/grafico/ConceptualAtoms_513c4f94-84c0-4763-b68d-1824cdf643f5,mp-428
CrKS2,0.3987520638308314,https://elagente.ca/grafico/ConceptualAtoms_51baff7d-0eda-4ad6-87ce-db290008f562,https://elagente.ca/ontomlff/MLFFElasticityResult_d92ad3dc-8bbd-484c-b6cc-d98c8e815ebc,[],[],0.22672725982486727,eV/Å^3,0.5718068360412754,/scratch/kenko/akg4pyscf/.graphchat-workspaces/kenko_room/mlff_elasticity_benchmark/workflow_runs/MatterSim/elasticity_MatterSim/structures/CrKS2_13e7bdf6/output.json,mp-4026,cif,https://elagente.ca/grafico/ConceptualAtoms_51baff7d-0eda-4ad6-87ce-db290008f562,mp-4026
As2BaCo2,0.548923360026744,https://elagente.ca/grafico/ConceptualAtoms_51c89249-e7ac-40eb-8d2b-1001e4e82dee,https://elagente.ca/ontomlff/MLFFElasticityResult_5f790b5f-0e1b-417e-ad31-5000513b5d1d,[],[],0.26703346510505827,eV/Å^3,0.6893226660930608,/scratch/kenko/akg4pyscf/.graphchat-workspaces/kenko_room/mlff_elasticity_benchmark/workflow_runs/MatterSim/elasticity_MatterSim/structures/As2BaCo2_5b903f07/output.json,mp-20563,cif,https://elagente.ca/grafico/ConceptualAtoms_51c89249-e7ac-40eb-8d2b-1001e4e82dee,mp-20563
Ba2Cl2Cu3O4,0.36271250416269074,https://elagente.ca/grafico/ConceptualAtoms_525f6d0e-190c-450a-893f-b6558a5c053a,https://elagente.ca/ontomlff/MLFFElasticityResult_47adc97c-9d57-4287-85ac-571a056687a4,[],[],0.17802557542572994,eV/Å^3,0.45898425404784654,/scratch/kenko/akg4pyscf/.graphchat-workspaces/kenko_room/mlff_elasticity_benchmark/workflow_runs/MatterSim/elasticity_MatterSim/structures/Ba2Cl2Cu3O4_c3d14e9b/output.json,mp-23085,cif,https://elagente.ca/grafico/ConceptualAtoms_525f6d0e-190c-450a-893f-b6558a5c053a,mp-23085
HfRe2Ta,1.53796500887703,https://elagente.ca/grafico/ConceptualAtoms_5286346c-f13e-4198-9aa5-ca7b95b5e870,https://elagente.ca/ontomlff/MLFFElasticityResult_e122b6a0-ede2-4474-82fb-8e5d18fcc053,[],[],0.6857089175125963,eV/Å^3,1.7909577758489443,/scratch/kenko/akg4pyscf/.graphchat-workspaces/kenko_room/mlff_elasticity_benchmark/workflow_runs/MatterSim/elasticity_MatterSim/structures/HfRe2Ta_a376874b/output.json,mp-865025,cif,https://elagente.ca/grafico/ConceptualAtoms_5286346c-f13e-4198-9aa5-ca7b95b5e870,mp-865025
SmTh3,0.32714845680490245,https://elagente.ca/grafico/ConceptualAtoms_529e5074-f8d5-4263-ac2a-c225b18da5be,https://elagente.ca/ontomlff/MLFFElasticityResult_4538f759-1e61-4bea-a61b-f776273bd001,[],[],0.17038814887307654,eV/Å^3,0.43554903660491123,/scratch/kenko/akg4pyscf/.graphchat-workspaces/kenko_room/mlff_elasticity_benchmark/workflow_runs/MatterSim/elasticity_MatterSim/structures/SmTh3_88f6f055/output.json,mp-978507,cif,https://elagente.ca/grafico/ConceptualAtoms_529e5074-f8d5-4263-ac2a-c225b18da5be,mp-978507
In2SmY,0.36587626315025595,https://elagente.ca/grafico/ConceptualAtoms_52bd3b18-c85d-487e-b3e0-799ead503f15,https://elagente.ca/ontomlff/MLFFElasticityResult_0b3a0dea-ff14-443e-8ebc-2a31314b33f3,[],[],0.20394436212013534,eV/Å^3,0.5159645534460888,/scratch/kenko/akg4pyscf/.graphchat-workspaces/kenko_room/mlff_elasticity_benchmark/workflow_runs/MatterSim/elasticity_MatterSim/structures/In2SmY_11178810/output.json,mp-978833,cif,https://elagente.ca/grafico/ConceptualAtoms_52bd3b18-c85d-487e-b3e0-799ead503f15,mp-978833
As2Ca2Rb2,0.20010090793073415,https://elagente.ca/grafico/ConceptualAtoms_5327495f-2445-4b43-9052-e9d195bc703e,https://elagente.ca/ontomlff/MLFFElasticityResult_d064bce9-91c4-43f0-ac7b-64f14dbea059,[],[],0.10207020410777284,eV/Å^3,0.26171148876903166,/scratch/kenko/akg4pyscf/.graphchat-workspaces/kenko_room/mlff_elasticity_benchmark/workflow_runs/MatterSim/elasticity_MatterSim/structures/As2Ca2Rb2_5680ed50/output.json,mp-9845,cif,https://elagente.ca/grafico/ConceptualAtoms_5327495f-2445-4b43-9052-e9d195bc703e,mp-9845
ErLa3,0.17638785294618403,https://elagente.ca/grafico/ConceptualAtoms_5337c50b-3457-43e2-b323-33e58a505701,https://elagente.ca/ontomlff/MLFFElasticityResult_d5ffe7bd-7eff-4f58-a80d-a9878779267b,[],[],0.11034541611780216,eV/Å^3,0.2739169052243663,/scratch/kenko/akg4pyscf/.graphchat-workspaces/kenko_room/mlff_elasticity_benchmark/workflow_runs/MatterSim/elasticity_MatterSim/structures/ErLa3_28795846/output.json,mp-972912,cif,https://elagente.ca/grafico/ConceptualAtoms_5337c50b-3457-43e2-b323-33e58a505701,mp-972912
B2Co2Pr,1.0474570398862317,https://elagente.ca/grafico/ConceptualAtoms_5382b5be-dd85-4571-8595-4aab59a518c6,https://elagente.ca/ontomlff/MLFFElasticityResult_43d0646f-7e21-413c-b2f8-327d710b3453,[],[],0.6031697039033391,eV/Å^3,1.5181116536301034,/scratch/kenko/akg4pyscf/.graphchat-workspaces/kenko_room/mlff_elasticity_benchmark/workflow_runs/MatterSim/elasticity_MatterSim/structures/B2Co2Pr_58015afd/output.json,mp-4322,cif,https://elagente.ca/grafico/ConceptualAtoms_5382b5be-dd85-4571-8595-4aab59a518c6,mp-4322
CaLi2Sn,0.2150158422255264,https://elagente.ca/grafico/ConceptualAtoms_53d3ce35-e287-4bf6-aab5-3d4c43c6965c,https://elagente.ca/ontomlff/MLFFElasticityResult_0fac3e2a-b1d5-4ef5-886f-9553b8fc62a2,[],[],0.14055616611178828,eV/Å^3,0.34622574260470923,/scratch/kenko/akg4pyscf/.graphchat-workspaces/kenko_room/mlff_elasticity_benchmark/workflow_runs/MatterSim/elasticity_MatterSim/structures/CaLi2Sn_1623b35d/output.json,mp-865964,cif,https://elagente.ca/grafico/ConceptualAtoms_53d3ce35-e287-4bf6-aab5-3d4c43c6965c,mp-865964
Cl2Li5N,0.24367827411881948,https://elagente.ca/grafico/ConceptualAtoms_5466287a-6597-44cc-a78e-34bb25ab0a1d,https://elagente.ca/ontomlff/MLFFElasticityResult_cf97ea1b-81a0-4472-987b-12188184018e,[],[],0.18125391052025994,eV/Å^3,0.43572692121529466,/scratch/kenko/akg4pyscf/.graphchat-workspaces/kenko_room/mlff_elasticity_benchmark/workflow_runs/MatterSim/elasticity_MatterSim/structures/Cl2Li5N_b14a2eff/output.json,mp-29151,cif,https://elagente.ca/grafico/ConceptualAtoms_5466287a-6597-44cc-a78e-34bb25ab0a1d,mp-29151
As2Co2Li2,0.6397041448872035,https://elagente.ca/grafico/ConceptualAtoms_547c1872-4418-440e-b5c8-e1e956a657ea,https://elagente.ca/ontomlff/MLFFElasticityResult_83adc86c-2158-471c-913b-fce292080b6a,[],[],0.3634768465754616,eV/Å^3,0.9167916563550755,/scratch/kenko/akg4pyscf/.graphchat-workspaces/kenko_room/mlff_elasticity_benchmark/workflow_runs/MatterSim/elasticity_MatterSim/structures/As2Co2Li2_d92f558b/output.json,mp-20698,cif,https://elagente.ca/grafico/ConceptualAtoms_547c1872-4418-440e-b5c8-e1e956a657ea,mp-20698
Cl6PdS2,0.19634889170055025,https://elagente.ca/grafico/ConceptualAtoms_54a62808-aed3-4ffd-8fa7-e5942875421c,https://elagente.ca/ontomlff/MLFFElasticityResult_6aab0fda-8de1-4ba3-bb95-6ca79863099d,[],[],0.10772583096986149,eV/Å^3,0.273212025456326,/scratch/kenko/akg4pyscf/.graphchat-workspaces/kenko_room/mlff_elasticity_benchmark/workflow_runs/MatterSim/elasticity_MatterSim/structures/Cl6PdS2_bb416a74/output.json,mp-28174,cif,https://elagente.ca/grafico/ConceptualAtoms_54a62808-aed3-4ffd-8fa7-e5942875421c,mp-28174
Al2Lu6,0.37752627727256827,https://elagente.ca/grafico/ConceptualAtoms_54f28314-51ea-46a3-a569-49484eeac92b,https://elagente.ca/ontomlff/MLFFElasticityResult_bfc38c40-2b16-416a-9941-a9e6d80e573b,[],[],0.2115298717421275,eV/Å^3,0.5347207135801048,/scratch/kenko/akg4pyscf/.graphchat-workspaces/kenko_room/mlff_elasticity_benchmark/workflow_runs/MatterSim/elasticity_MatterSim/structures/Al2Lu6_8a0704c5/output.json,mp-973266,cif,https://elagente.ca/grafico/ConceptualAtoms_54f28314-51ea-46a3-a569-49484eeac92b,mp-973266
NaO3Pd,0.5788886199849397,https://elagente.ca/grafico/ConceptualAtoms_55be07cb-e1a4-4752-bead-df14c93d6c6b,https://elagente.ca/ontomlff/MLFFElasticityResult_417709f8-d8f5-4c00-9f6b-cb13cc57ecca,[],[],0.1279508497766731,eV/Å^3,0.35751241217508045,/scratch/kenko/akg4pyscf/.graphchat-workspaces/kenko_room/mlff_elasticity_benchmark/workflow_runs/MatterSim/elasticity_MatterSim/structures/NaO3Pd_ec8d0344/output.json,mp-976968,cif,https://elagente.ca/grafico/ConceptualAtoms_55be07cb-e1a4-4752-bead-df14c93d6c6b,mp-976968
Ga6Mg12,0.28234623302280065,https://elagente.ca/grafico/ConceptualAtoms_56b676f9-53d2-4f60-bc8e-ffdc781c6ea1,https://elagente.ca/ontomlff/MLFFElasticityResult_20eda6b7-a86a-4927-828e-5bffd0b24f5b,[],[],0.12468974820477464,eV/Å^3,0.32606962079658264,/scratch/kenko/akg4pyscf/.graphchat-workspaces/kenko_room/mlff_elasticity_benchmark/workflow_runs/MatterSim/elasticity_MatterSim/structures/Ga6Mg12_4f4409d4/output.json,mp-30650,cif,https://elagente.ca/grafico/ConceptualAtoms_56b676f9-53d2-4f60-bc8e-ffdc781c6ea1,mp-30650
AsAuYb2,0.3249104356712949,https://elagente.ca/grafico/ConceptualAtoms_57d31d5e-c0e0-40d9-b5da-57e8fceccdca,https://elagente.ca/ontomlff/MLFFElasticityResult_8d2961a0-0ef0-49c6-8d87-3384d9aff09d,[],[],0.14349766241311623,eV/Å^3,0.37524961665689954,/scratch/kenko/akg4pyscf/.graphchat-workspaces/kenko_room/mlff_elasticity_benchmark/workflow_runs/MatterSim/elasticity_MatterSim/structures/AsAuYb2_9f2377df/output.json,mp-865799,cif,https://elagente.ca/grafico/ConceptualAtoms_57d31d5e-c0e0-40d9-b5da-57e8fceccdca,mp-865799
Cl3MnTl,0.2039250438165182,https://elagente.ca/grafico/ConceptualAtoms_57ded7eb-1439-4e33-bded-f82ca8f91704,https://elagente.ca/ontomlff/MLFFElasticityResult_995ccf1b-4e6c-4037-9d6c-a7ca0011a198,[],[],0.09160534595375314,eV/Å^3,0.23902514085647142,/scratch/kenko/akg4pyscf/.graphchat-workspaces/kenko_room/mlff_elasticity_benchmark/workflow_runs/MatterSim/elasticity_MatterSim/structures/Cl3MnTl_1a33120b/output.json,mp-570290,cif,https://elagente.ca/grafico/ConceptualAtoms_57ded7eb-1439-4e33-bded-f82ca8f91704,mp-570290
AlLu2Zn,0.3972715790546772,https://elagente.ca/grafico/ConceptualAtoms_5803d433-ec11-4cbf-a088-312ccf9cb26c,https://elagente.ca/ontomlff/MLFFElasticityResult_a21c9703-8a5b-40e8-80d2-d7b18260acb2,[],[],0.2393188803251448,eV/Å^3,0.5978975651906799,/scratch/kenko/akg4pyscf/.graphchat-workspaces/kenko_room/mlff_elasticity_benchmark/workflow_runs/MatterSim/elasticity_MatterSim/structures/AlLu2Zn_b1866285/output.json,mp-973538,cif,https://elagente.ca/grafico/ConceptualAtoms_5803d433-ec11-4cbf-a088-312ccf9cb26c,mp-973538
AsGd,0.3949296524563106,https://elagente.ca/grafico/ConceptualAtoms_580ff259-3c90-4c38-b7d9-2148d9bf0291,https://elagente.ca/ontomlff/MLFFElasticityResult_f2c2b74d-d3df-4b6e-a098-30f4613ce9ba,[],[],0.27450019654861346,eV/Å^3,0.668595666855977,/scratch/kenko/akg4pyscf/.graphchat-workspaces/kenko_room/mlff_elasticity_benchmark/workflow_runs/MatterSim/elasticity_MatterSim/structures/AsGd_e35f6323/output.json,mp-510374,cif,https://elagente.ca/grafico/ConceptualAtoms_580ff259-3c90-4c38-b7d9-2148d9bf0291,mp-510374
Nb4Rh4Si4,1.4089075815354555,https://elagente.ca/grafico/ConceptualAtoms_5836b939-770f-4b11-93d6-9188e82b0373,https://elagente.ca/ontomlff/MLFFElasticityResult_1bf01d18-10ff-4926-aa66-2621be537f33,[],[],0.6652290962568013,eV/Å^3,1.7243049663954406,/scratch/kenko/akg4pyscf/.graphchat-workspaces/kenko_room/mlff_elasticity_benchmark/workflow_runs/MatterSim/elasticity_MatterSim/structures/Nb4Rh4Si4_2f41d406/output.json,mp-10470,cif,https://elagente.ca/grafico/ConceptualAtoms_5836b939-770f-4b11-93d6-9188e82b0373,mp-10470
O12Si6,1.824410095037742,https://elagente.ca/grafico/ConceptualAtoms_59397c24-cae2-4e99-861d-619e752ac6e9,https://elagente.ca/ontomlff/MLFFElasticityResult_c836ebea-185c-42ee-ba32-7389d0537241,[],[],1.395022890116461,eV/Å^3,3.335032068189415,/scratch/kenko/akg4pyscf/.graphchat-workspaces/kenko_room/mlff_elasticity_benchmark/workflow_runs/MatterSim/elasticity_MatterSim/structures/O12Si6_b1280046/output.json,mp-558733,cif,https://elagente.ca/grafico/ConceptualAtoms_59397c24-cae2-4e99-861d-619e752ac6e9,mp-558733
Co7Mo6,1.6850967977328208,https://elagente.ca/grafico/ConceptualAtoms_594adbaf-50a1-47c4-9aca-431916685860,https://elagente.ca/ontomlff/MLFFElasticityResult_c6208296-864c-44ac-97f0-b9c149e6745f,[],[],0.755184888346182,eV/Å^3,1.9711015327459878,/scratch/kenko/akg4pyscf/.graphchat-workspaces/kenko_room/mlff_elasticity_benchmark/workflow_runs/MatterSim/elasticity_MatterSim/structures/Co7Mo6_89fc20de/output.json,mp-567747,cif,https://elagente.ca/grafico/ConceptualAtoms_594adbaf-50a1-47c4-9aca-431916685860,mp-567747
GeHoO3,0.7803889700277291,https://elagente.ca/grafico/ConceptualAtoms_595396b0-da3c-435c-a493-9764ffffcdb7,https://elagente.ca/ontomlff/MLFFElasticityResult_a15b7cd8-b86f-4f36-991c-7924bc6b81af,[],[],0.3556297963882051,eV/Å^3,0.9261974136342108,/scratch/kenko/akg4pyscf/.graphchat-workspaces/kenko_room/mlff_elasticity_benchmark/workflow_runs/MatterSim/elasticity_MatterSim/structures/GeHoO3_e3a4041e/output.json,mp-982558,cif,https://elagente.ca/grafico/ConceptualAtoms_595396b0-da3c-435c-a493-9764ffffcdb7,mp-982558
Hg2TmYb,0.33252598479046436,https://elagente.ca/grafico/ConceptualAtoms_5954c79a-daac-4e96-9786-bd546037b0d9,https://elagente.ca/ontomlff/MLFFElasticityResult_12b74cdf-3cfc-4d6f-9067-7490ba8c44c4,[],[],0.15497989467993298,eV/Å^3,0.4024210839328116,/scratch/kenko/akg4pyscf/.graphchat-workspaces/kenko_room/mlff_elasticity_benchmark/workflow_runs/MatterSim/elasticity_MatterSim/structures/Hg2TmYb_c2f1f808/output.json,mp-972062,cif,https://elagente.ca/grafico/ConceptualAtoms_5954c79a-daac-4e96-9786-bd546037b0d9,mp-972062
SnTi2,0.48120423615870805,https://elagente.ca/grafico/ConceptualAtoms_5975cca3-2222-4ea3-9639-54d2d2fb5a8e,https://elagente.ca/ontomlff/MLFFElasticityResult_edc8a535-8eb4-4b64-a8ce-44d7e7642c8f,[],[],0.09144094593290071,eV/Å^3,0.25798181955008065,/scratch/kenko/akg4pyscf/.graphchat-workspaces/kenko_room/mlff_elasticity_benchmark/workflow_runs/MatterSim/elasticity_MatterSim/structures/SnTi2_880860cb/output.json,mp-1008688,cif,https://elagente.ca/grafico/ConceptualAtoms_5975cca3-2222-4ea3-9639-54d2d2fb5a8e,mp-1008688
Li2O4Ti2,1.2265251954268852,https://elagente.ca/grafico/ConceptualAtoms_599a1db0-b36c-4536-a469-9b355e8ad9ef,https://elagente.ca/ontomlff/MLFFElasticityResult_25b1d49f-6198-405a-b92d-675f83b98acc,[],[],0.6716699673259285,eV/Å^3,1.7039675536779888,/scratch/kenko/akg4pyscf/.graphchat-workspaces/kenko_room/mlff_elasticity_benchmark/workflow_runs/MatterSim/elasticity_MatterSim/structures/Li2O4Ti2_ad8246e6/output.json,mp-764648,cif,https://elagente.ca/grafico/ConceptualAtoms_599a1db0-b36c-4536-a469-9b355e8ad9ef,mp-764648
AuGeSc,0.5889575161010933,https://elagente.ca/grafico/ConceptualAtoms_59ef0642-c761-4acc-b6dc-d73914898ec9,https://elagente.ca/ontomlff/MLFFElasticityResult_29407a64-b227-4f12-91fd-93fbbd6d8b29,[],[],0.23882854160828956,eV/Å^3,0.6311702118149609,/scratch/kenko/akg4pyscf/.graphchat-workspaces/kenko_room/mlff_elasticity_benchmark/workflow_runs/MatterSim/elasticity_MatterSim/structures/AuGeSc_3b47ab49/output.json,mp-961697,cif,https://elagente.ca/grafico/ConceptualAtoms_59ef0642-c761-4acc-b6dc-d73914898ec9,mp-961697
C4Sn2Ti6,1.1106094242522553,https://elagente.ca/grafico/ConceptualAtoms_59f60d44-2624-4c50-8cc4-f571b9121250,https://elagente.ca/ontomlff/MLFFElasticityResult_6c3d34f8-c75d-415a-9c05-59928bb07151,[],[],0.7702125526786878,eV/Å^3,1.8767848017026458,/scratch/kenko/akg4pyscf/.graphchat-workspaces/kenko_room/mlff_elasticity_benchmark/workflow_runs/MatterSim/elasticity_MatterSim/structures/C4Sn2Ti6_78c1e77c/output.json,mp-21023,cif,https://elagente.ca/grafico/ConceptualAtoms_59f60d44-2624-4c50-8cc4-f571b9121250,mp-21023
Au2SnYb,0.41285357411884727,https://elagente.ca/grafico/ConceptualAtoms_5a1118ba-e0f5-4dd7-a499-f7fe05c4ceba,https://elagente.ca/ontomlff/MLFFElasticityResult_901b0567-3116-4a4f-89f7-f7b6710233a2,[],[],0.1173392680833463,eV/Å^3,0.32155426579274776,/scratch/kenko/akg4pyscf/.graphchat-workspaces/kenko_room/mlff_elasticity_benchmark/workflow_runs/MatterSim/elasticity_MatterSim/structures/Au2SnYb_093658e5/output.json,mp-865995,cif,https://elagente.ca/grafico/ConceptualAtoms_5a1118ba-e0f5-4dd7-a499-f7fe05c4ceba,mp-865995
Ge2Ni4,1.0874823454735183,https://elagente.ca/grafico/ConceptualAtoms_5a1445fa-9534-43be-8a34-393a0796450a,https://elagente.ca/ontomlff/MLFFElasticityResult_22c83db1-7651-4ee2-a3c4-2e50f830f479,[],[],0.34181918893607033,eV/Å^3,0.928205851241596,/scratch/kenko/akg4pyscf/.graphchat-workspaces/kenko_room/mlff_elasticity_benchmark/workflow_runs/MatterSim/elasticity_MatterSim/structures/Ge2Ni4_c9c9a718/output.json,mp-1594,cif,https://elagente.ca/grafico/ConceptualAtoms_5a1445fa-9534-43be-8a34-393a0796450a,mp-1594
Au2PrSn,0.5078935080074654,https://elagente.ca/grafico/ConceptualAtoms_5a6098f7-b320-40c9-b4b0-ec4acc7c5998,https://elagente.ca/ontomlff/MLFFElasticityResult_5da50d87-c3e2-42ab-80da-0a00b983b1b0,[],[],0.14349041817354657,eV/Å^3,0.3934213643387137,/scratch/kenko/akg4pyscf/.graphchat-workspaces/kenko_room/mlff_elasticity_benchmark/workflow_runs/MatterSim/elasticity_MatterSim/structures/Au2PrSn_d23f57a6/output.json,mp-862805,cif,https://elagente.ca/grafico/ConceptualAtoms_5a6098f7-b320-40c9-b4b0-ec4acc7c5998,mp-862805
Li2N2O6,0.5674014843220907,https://elagente.ca/grafico/ConceptualAtoms_5a663cd5-573b-4247-925f-ab9781fbebc0,https://elagente.ca/ontomlff/MLFFElasticityResult_572e0fb4-fb99-4ad9-8ae8-a9eee19b6fc4,[],[],0.3753168906415273,eV/Å^3,0.9225408217669846,/scratch/kenko/akg4pyscf/.graphchat-workspaces/kenko_room/mlff_elasticity_benchmark/workflow_runs/MatterSim/elasticity_MatterSim/structures/Li2N2O6_4de6cb45/output.json,mp-8180,cif,https://elagente.ca/grafico/ConceptualAtoms_5a663cd5-573b-4247-925f-ab9781fbebc0,mp-8180
Nd4O16P4,1.1317570529222165,https://elagente.ca/grafico/ConceptualAtoms_5a9e9809-d7fb-4216-b814-0009a9ff7132,https://elagente.ca/ontomlff/MLFFElasticityResult_8f905e59-1f64-46f6-a30b-c46b33953dde,[],[],0.7200094762948653,eV/Å^3,1.7821098673622489,/scratch/kenko/akg4pyscf/.graphchat-workspaces/kenko_room/mlff_elasticity_benchmark/workflow_runs/MatterSim/elasticity_MatterSim/structures/Nd4O16P4_28a3ded3/output.json,mp-3584,cif,https://elagente.ca/grafico/ConceptualAtoms_5a9e9809-d7fb-4216-b814-0009a9ff7132,mp-3584
GeInLi,0.2456367754787468,https://elagente.ca/grafico/ConceptualAtoms_5aaa3665-df5c-4eab-a8f1-ccbbf6b63f3e,https://elagente.ca/ontomlff/MLFFElasticityResult_24e47e42-ad81-49de-b07b-ae2c689a5c9a,[],[],0.14642997325287396,eV/Å^3,0.36646950024062747,/scratch/kenko/akg4pyscf/.graphchat-workspaces/kenko_room/mlff_elasticity_benchmark/workflow_runs/MatterSim/elasticity_MatterSim/structures/GeInLi_72897b51/output.json,mp-16343,cif,https://elagente.ca/grafico/ConceptualAtoms_5aaa3665-df5c-4eab-a8f1-ccbbf6b63f3e,mp-16343
Te4Zr12,0.6293575184780263,https://elagente.ca/grafico/ConceptualAtoms_5b112baa-d79d-4f86-b5a5-1b0da235ef54,https://elagente.ca/ontomlff/MLFFElasticityResult_d0f6b657-3093-4c1c-aa0a-43580ed630fd,[],[],0.3624369294353458,eV/Å^3,0.9122030688740395,/scratch/kenko/akg4pyscf/.graphchat-workspaces/kenko_room/mlff_elasticity_benchmark/workflow_runs/MatterSim/elasticity_MatterSim/structures/Te4Zr12_e59577a0/output.json,mp-1793,cif,https://elagente.ca/grafico/ConceptualAtoms_5b112baa-d79d-4f86-b5a5-1b0da235ef54,mp-1793
S2Ti,0.41362714887183194,https://elagente.ca/grafico/ConceptualAtoms_5b24d1bc-6d25-410e-a7b5-b23d91ca94a5,https://elagente.ca/ontomlff/MLFFElasticityResult_4499f996-1519-4684-9825-358bf1cb7cdd,[],[],0.2455983556999567,eV/Å^3,0.6150607141098752,/scratch/kenko/akg4pyscf/.graphchat-workspaces/kenko_room/mlff_elasticity_benchmark/workflow_runs/MatterSim/elasticity_MatterSim/structures/S2Ti_b5cad43c/output.json,mp-558110,cif,https://elagente.ca/grafico/ConceptualAtoms_5b24d1bc-6d25-410e-a7b5-b23d91ca94a5,mp-558110
O3PdRb,0.5359736754117532,https://elagente.ca/grafico/ConceptualAtoms_5b56b1ab-264a-47e3-94f2-26afcee468c1,https://elagente.ca/ontomlff/MLFFElasticityResult_6c325469-42e2-4095-887e-89880b61ed6f,[],[],0.13993899120419342,eV/Å^3,0.3862051493294168,/scratch/kenko/akg4pyscf/.graphchat-workspaces/kenko_room/mlff_elasticity_benchmark/workflow_runs/MatterSim/elasticity_MatterSim/structures/O3PdRb_ecf83c96/output.json,mp-975255,cif,https://elagente.ca/grafico/ConceptualAtoms_5b56b1ab-264a-47e3-94f2-26afcee468c1,mp-975255
HoNaSe2,0.32581840031992226,https://elagente.ca/grafico/ConceptualAtoms_5c1f69b7-f5d4-4bc8-a689-4e7dff115fcd,https://elagente.ca/ontomlff/MLFFElasticityResult_6b3cf8de-4887-4274-897c-ff60c1faf242,[],[],0.18307815399710756,eV/Å^3,0.462590824405652,/scratch/kenko/akg4pyscf/.graphchat-workspaces/kenko_room/mlff_elasticity_benchmark/workflow_runs/MatterSim/elasticity_MatterSim/structures/HoNaSe2_7c032e54/output.json,mp-999474,cif,https://elagente.ca/grafico/ConceptualAtoms_5c1f69b7-f5d4-4bc8-a689-4e7dff115fcd,mp-999474
CuF3Tl,0.44571709095999956,https://elagente.ca/grafico/ConceptualAtoms_5c298d7b-c4da-4c92-9667-1a0bd746813a,https://elagente.ca/ontomlff/MLFFElasticityResult_036d4f95-d858-46ef-9dc7-a81f50aceb6f,[],[],0.12942804804403885,eV/Å^3,0.35401742691848076,/scratch/kenko/akg4pyscf/.graphchat-workspaces/kenko_room/mlff_elasticity_benchmark/workflow_runs/MatterSim/elasticity_MatterSim/structures/CuF3Tl_86500a37/output.json,mp-554973,cif,https://elagente.ca/grafico/ConceptualAtoms_5c298d7b-c4da-4c92-9667-1a0bd746813a,mp-554973
InZr3,0.5698841150528855,https://elagente.ca/grafico/ConceptualAtoms_5c80e991-3b08-4a66-8d28-ad3a250daec6,https://elagente.ca/ontomlff/MLFFElasticityResult_391017ba-8298-4d1c-a70f-6737695315a7,[],[],0.19902585683444138,eV/Å^3,0.5348177956801189,/scratch/kenko/akg4pyscf/.graphchat-workspaces/kenko_room/mlff_elasticity_benchmark/workflow_runs/MatterSim/elasticity_MatterSim/structures/InZr3_1c2c5099/output.json,mp-20695,cif,https://elagente.ca/grafico/ConceptualAtoms_5c80e991-3b08-4a66-8d28-ad3a250daec6,mp-20695
CFe2Si2Y2,0.8900590383461691,https://elagente.ca/grafico/ConceptualAtoms_5c87c749-a1dc-4b28-a0c0-dae0f43d53d2,https://elagente.ca/ontomlff/MLFFElasticityResult_ac32c842-ca28-4a4e-8b5d-16072eed6ba1,[],[],0.5744440308121301,eV/Å^3,1.4182247196162805,/scratch/kenko/akg4pyscf/.graphchat-workspaces/kenko_room/mlff_elasticity_benchmark/workflow_runs/MatterSim/elasticity_MatterSim/structures/CFe2Si2Y2_6db4ae1d/output.json,mp-1025339,cif,https://elagente.ca/grafico/ConceptualAtoms_5c87c749-a1dc-4b28-a0c0-dae0f43d53d2,mp-1025339
Ag2Th,0.43170713811958983,https://elagente.ca/grafico/ConceptualAtoms_5cb0cbfb-c72a-42cb-af26-6246da2fd444,https://elagente.ca/ontomlff/MLFFElasticityResult_60270ab0-38f7-4722-b925-5fb8793daef8,[],[],0.17511774299127286,eV/Å^3,0.4627792788302985,/scratch/kenko/akg4pyscf/.graphchat-workspaces/kenko_room/mlff_elasticity_benchmark/workflow_runs/MatterSim/elasticity_MatterSim/structures/Ag2Th_a1ae0bc8/output.json,mp-309,cif,https://elagente.ca/grafico/ConceptualAtoms_5cb0cbfb-c72a-42cb-af26-6246da2fd444,mp-309
Cl3CsPb,0.14043887281652506,https://elagente.ca/grafico/ConceptualAtoms_5cd9fd97-1eaf-425c-90fc-25d2d4300855,https://elagente.ca/ontomlff/MLFFElasticityResult_004eae7c-d288-492f-a7aa-4b955ea7ec43,[],[],0.06002491617183968,eV/Å^3,0.15761881877155745,/scratch/kenko/akg4pyscf/.graphchat-workspaces/kenko_room/mlff_elasticity_benchmark/workflow_runs/MatterSim/elasticity_MatterSim/structures/Cl3CsPb_bdd3adc6/output.json,mp-23037,cif,https://elagente.ca/grafico/ConceptualAtoms_5cd9fd97-1eaf-425c-90fc-25d2d4300855,mp-23037
Al2MgS4,0.4442909241781794,https://elagente.ca/grafico/ConceptualAtoms_5e3c7a24-c5d5-40a4-9bd1-c7a8d111627a,https://elagente.ca/ontomlff/MLFFElasticityResult_b190edde-a6bd-44fa-933d-bb44c29b9ee9,[],[],0.24455604248500068,eV/Å^3,0.6199241841217785,/scratch/kenko/akg4pyscf/.graphchat-workspaces/kenko_room/mlff_elasticity_benchmark/workflow_runs/MatterSim/elasticity_MatterSim/structures/Al2MgS4_d382b235/output.json,mp-16755,cif,https://elagente.ca/grafico/ConceptualAtoms_5e3c7a24-c5d5-40a4-9bd1-c7a8d111627a,mp-16755
IrTi,1.439970970006427,https://elagente.ca/grafico/ConceptualAtoms_5e4e2868-5f61-4d47-817a-be5c5e2e967c,https://elagente.ca/ontomlff/MLFFElasticityResult_2190f52d-a8e5-4ef2-a7f0-ecd73de65aac,[],[],0.5287265566079922,eV/Å^3,1.4132125270285556,/scratch/kenko/akg4pyscf/.graphchat-workspaces/kenko_room/mlff_elasticity_benchmark/workflow_runs/MatterSim/elasticity_MatterSim/structures/IrTi_843d5671/output.json,mp-1235,cif,https://elagente.ca/grafico/ConceptualAtoms_5e4e2868-5f61-4d47-817a-be5c5e2e967c,mp-1235
AuKO2,0.3973465713073731,https://elagente.ca/grafico/ConceptualAtoms_5ee33bcc-6263-4f14-aa3d-bd5d1b4e4ff4,https://elagente.ca/ontomlff/MLFFElasticityResult_e3b27275-57fe-477d-8054-f20c5cba509e,[],[],0.21697621909044923,eV/Å^3,0.5506912961150491,/scratch/kenko/akg4pyscf/.graphchat-workspaces/kenko_room/mlff_elasticity_benchmark/workflow_runs/MatterSim/elasticity_MatterSim/structures/AuKO2_beec8db3/output.json,mp-27418,cif,https://elagente.ca/grafico/ConceptualAtoms_5ee33bcc-6263-4f14-aa3d-bd5d1b4e4ff4,mp-27418
Ru4S8,1.0320560675529333,https://elagente.ca/grafico/ConceptualAtoms_5f2587cc-1af7-4132-9d4d-a3ad2594988c,https://elagente.ca/ontomlff/MLFFElasticityResult_b3ae1fac-5059-4cb1-9f91-6d1ee86ca428,[],[],0.7809544795918151,eV/Å^3,1.8709491230485384,/scratch/kenko/akg4pyscf/.graphchat-workspaces/kenko_room/mlff_elasticity_benchmark/workflow_runs/MatterSim/elasticity_MatterSim/structures/Ru4S8_d81debe7/output.json,mp-2030,cif,https://elagente.ca/grafico/ConceptualAtoms_5f2587cc-1af7-4132-9d4d-a3ad2594988c,mp-2030
CuGaPt2,1.137364285477203,https://elagente.ca/grafico/ConceptualAtoms_5f32f878-0d31-424b-9859-fc33e4f31ce3,https://elagente.ca/ontomlff/MLFFElasticityResult_993ff1a0-8ed1-4008-a994-1c50667fecb8,[],[],0.12360330032832828,eV/Å^3,0.35784687318958575,/scratch/kenko/akg4pyscf/.graphchat-workspaces/kenko_room/mlff_elasticity_benchmark/workflow_runs/MatterSim/elasticity_MatterSim/structures/CuGaPt2_d05aabca/output.json,mp-862791,cif,https://elagente.ca/grafico/ConceptualAtoms_5f32f878-0d31-424b-9859-fc33e4f31ce3,mp-862791
Cl4CrCs2,0.1517197227297417,https://elagente.ca/grafico/ConceptualAtoms_5f487adb-75fb-4253-94a4-bc7a59706fd4,https://elagente.ca/ontomlff/MLFFElasticityResult_497d5fee-fa3f-4d68-bba4-5ab21595891e,[],[],0.07716791281421904,eV/Å^3,0.19794418278256637,/scratch/kenko/akg4pyscf/.graphchat-workspaces/kenko_room/mlff_elasticity_benchmark/workflow_runs/MatterSim/elasticity_MatterSim/structures/Cl4CrCs2_ff48cd1a/output.json,mp-28497,cif,https://elagente.ca/grafico/ConceptualAtoms_5f487adb-75fb-4253-94a4-bc7a59706fd4,mp-28497
CuOsZr2,1.0218854186999877,https://elagente.ca/grafico/ConceptualAtoms_5f4b33d4-f390-40fa-8fe4-a8123a7fc6bd,https://elagente.ca/ontomlff/MLFFElasticityResult_ee728ade-627f-49c4-b7b9-3a541928bc5f,[],[],0.3465540422227743,eV/Å^3,0.934071005066018,/scratch/kenko/akg4pyscf/.graphchat-workspaces/kenko_room/mlff_elasticity_benchmark/workflow_runs/MatterSim/elasticity_MatterSim/structures/CuOsZr2_93b51545/output.json,mp-864897,cif,https://elagente.ca/grafico/ConceptualAtoms_5f4b33d4-f390-40fa-8fe4-a8123a7fc6bd,mp-864897
Ba3BiN,0.21462544423664817,https://elagente.ca/grafico/ConceptualAtoms_5f9a724b-52cf-4ff8-aed3-48af908b4151,https://elagente.ca/ontomlff/MLFFElasticityResult_aa3ac01c-fa02-4141-bd56-b647415d194f,[],[],0.12698332768080217,eV/Å^3,0.31819628219088036,/scratch/kenko/akg4pyscf/.graphchat-workspaces/kenko_room/mlff_elasticity_benchmark/workflow_runs/MatterSim/elasticity_MatterSim/structures/Ba3BiN_612e1069/output.json,mp-1013549,cif,https://elagente.ca/grafico/ConceptualAtoms_5f9a724b-52cf-4ff8-aed3-48af908b4151,mp-1013549
Ni2S4,0.24589737352033028,https://elagente.ca/grafico/ConceptualAtoms_5fce02c8-26a3-4c15-8eb1-c1171d3e8f99,https://elagente.ca/ontomlff/MLFFElasticityResult_73456923-6c3c-4a04-b009-f4f9ce4c7985,[],[],0.11710201881774951,eV/Å^3,0.3031790905109258,/scratch/kenko/akg4pyscf/.graphchat-workspaces/kenko_room/mlff_elasticity_benchmark/workflow_runs/MatterSim/elasticity_MatterSim/structures/Ni2S4_f6002e4c/output.json,mp-1180046,cif,https://elagente.ca/grafico/ConceptualAtoms_5fce02c8-26a3-4c15-8eb1-c1171d3e8f99,mp-1180046
FeSb2Zr6,0.7397339756689756,https://elagente.ca/grafico/ConceptualAtoms_5fcff5c1-c640-44ba-8db1-bf33efcb1138,https://elagente.ca/ontomlff/MLFFElasticityResult_4d6c70f7-495a-41ef-af16-952c906c6923,[],[],0.37539795973320483,eV/Å^3,0.963251266476876,/scratch/kenko/akg4pyscf/.graphchat-workspaces/kenko_room/mlff_elasticity_benchmark/workflow_runs/MatterSim/elasticity_MatterSim/structures/FeSb2Zr6_50d8a9ea/output.json,mp-12962,cif,https://elagente.ca/grafico/ConceptualAtoms_5fcff5c1-c640-44ba-8db1-bf33efcb1138,mp-12962
RhSc6Te2,0.5232223834315035,https://elagente.ca/grafico/ConceptualAtoms_60519509-5613-4534-bd83-8a6a05f3203a,https://elagente.ca/ontomlff/MLFFElasticityResult_cdd128c7-085a-4bed-bbc0-b5127422bbcb,[],[],0.24539675965285745,eV/Å^3,0.636657304965604,/scratch/kenko/akg4pyscf/.graphchat-workspaces/kenko_room/mlff_elasticity_benchmark/workflow_runs/MatterSim/elasticity_MatterSim/structures/RhSc6Te2_4076faef/output.json,mp-31072,cif,https://elagente.ca/grafico/ConceptualAtoms_60519509-5613-4534-bd83-8a6a05f3203a,mp-31072
HgRb3,0.015409136925549568,https://elagente.ca/grafico/ConceptualAtoms_60abffd4-1c4c-4d85-8bc9-47b21434ff9d,https://elagente.ca/ontomlff/MLFFElasticityResult_68c84f56-e83b-44b9-9596-570261a8dc10,[],[],0.03356480779203592,eV/Å^3,0.058337047845314044,/scratch/kenko/akg4pyscf/.graphchat-workspaces/kenko_room/mlff_elasticity_benchmark/workflow_runs/MatterSim/elasticity_MatterSim/structures/HgRb3_55f41465/output.json,mp-974990,cif,https://elagente.ca/grafico/ConceptualAtoms_60abffd4-1c4c-4d85-8bc9-47b21434ff9d,mp-974990
BeGeRu2,1.4078210120438608,https://elagente.ca/grafico/ConceptualAtoms_60acef2d-cce6-4c1d-b781-38f36332f24e,https://elagente.ca/ontomlff/MLFFElasticityResult_80d4b3dc-ea6e-4839-bb24-90a3730fe7bd,[],[],0.5421127630800378,eV/Å^3,1.4413325772695529,/scratch/kenko/akg4pyscf/.graphchat-workspaces/kenko_room/mlff_elasticity_benchmark/workflow_runs/MatterSim/elasticity_MatterSim/structures/BeGeRu2_4abd2037/output.json,mp-862713,cif,https://elagente.ca/grafico/ConceptualAtoms_60acef2d-cce6-4c1d-b781-38f36332f24e,mp-862713
C2Ba2O6,0.48598327575419276,https://elagente.ca/grafico/ConceptualAtoms_61a181c7-3687-4bc2-adcb-8522d26ce8db,https://elagente.ca/ontomlff/MLFFElasticityResult_e2374e72-9059-4b3d-85da-151d5daf005d,[],[],0.3220389498991854,eV/Å^3,0.7913251545203484,/scratch/kenko/akg4pyscf/.graphchat-workspaces/kenko_room/mlff_elasticity_benchmark/workflow_runs/MatterSim/elasticity_MatterSim/structures/C2Ba2O6_5636ecd4/output.json,mp-2506699,cif,https://elagente.ca/grafico/ConceptualAtoms_61a181c7-3687-4bc2-adcb-8522d26ce8db,mp-2506699
Ge4Re2,1.144256177935304,https://elagente.ca/grafico/ConceptualAtoms_6213d5a6-00a8-494f-9658-0f9107b36597,https://elagente.ca/ontomlff/MLFFElasticityResult_ae9f2545-e515-4c79-a1c1-61ffd1adcd24,[],[],0.6379006685612905,eV/Å^3,1.6138123000445812,/scratch/kenko/akg4pyscf/.graphchat-workspaces/kenko_room/mlff_elasticity_benchmark/workflow_runs/MatterSim/elasticity_MatterSim/structures/Ge4Re2_62ab134f/output.json,mp-1025067,cif,https://elagente.ca/grafico/ConceptualAtoms_6213d5a6-00a8-494f-9658-0f9107b36597,mp-1025067
F6K2NaTl,0.2954062149922501,https://elagente.ca/grafico/ConceptualAtoms_6232e85c-54ed-4209-afc1-3d44cdb85fe7,https://elagente.ca/ontomlff/MLFFElasticityResult_64b5ff65-3f53-422d-8b18-c5546e64b0dd,[],[],0.13031454719091284,eV/Å^3,0.34082659274319554,/scratch/kenko/akg4pyscf/.graphchat-workspaces/kenko_room/mlff_elasticity_benchmark/workflow_runs/MatterSim/elasticity_MatterSim/structures/F6K2NaTl_660585a5/output.json,mp-13798,cif,https://elagente.ca/grafico/ConceptualAtoms_6232e85c-54ed-4209-afc1-3d44cdb85fe7,mp-13798
Cd2P2S6,0.3296075147605365,https://elagente.ca/grafico/ConceptualAtoms_62d526d0-0287-438a-8a87-a4a3f510afe1,https://elagente.ca/ontomlff/MLFFElasticityResult_4dc8777a-cb3a-43d5-8d9a-3ccfba23f82b,[],[],0.16432286648872446,eV/Å^3,0.42272072561035223,/scratch/kenko/akg4pyscf/.graphchat-workspaces/kenko_room/mlff_elasticity_benchmark/workflow_runs/MatterSim/elasticity_MatterSim/structures/Cd2P2S6_a68a2b87/output.json,mp-9330,cif,https://elagente.ca/grafico/ConceptualAtoms_62d526d0-0287-438a-8a87-a4a3f510afe1,mp-9330
Nb4Se6,0.7298110928011277,https://elagente.ca/grafico/ConceptualAtoms_62dd4ab6-7800-47f8-aee6-e7543b636ce7,https://elagente.ca/ontomlff/MLFFElasticityResult_00cfdebf-80ed-4fe4-8d96-e7b7d1bff2a5,[],[],0.3899221018762523,eV/Å^3,0.992932302806961,/scratch/kenko/akg4pyscf/.graphchat-workspaces/kenko_room/mlff_elasticity_benchmark/workflow_runs/MatterSim/elasticity_MatterSim/structures/Nb4Se6_dcdaea91/output.json,mp-2330,cif,https://elagente.ca/grafico/ConceptualAtoms_62dd4ab6-7800-47f8-aee6-e7543b636ce7,mp-2330
KLaS2,0.2970924873264815,https://elagente.ca/grafico/ConceptualAtoms_638064dc-5a4b-4aa2-8e09-3cc1d5f1bf33,https://elagente.ca/ontomlff/MLFFElasticityResult_79282a00-8306-4a85-8488-e78c214bdbcc,[],[],0.15028619118064462,eV/Å^3,0.3858046350973851,/scratch/kenko/akg4pyscf/.graphchat-workspaces/kenko_room/mlff_elasticity_benchmark/workflow_runs/MatterSim/elasticity_MatterSim/structures/KLaS2_bed4e235/output.json,mp-15781,cif,https://elagente.ca/grafico/ConceptualAtoms_638064dc-5a4b-4aa2-8e09-3cc1d5f1bf33,mp-15781
CFe2Si2Sm2,0.8585629923089204,https://elagente.ca/grafico/ConceptualAtoms_639611d6-5a4c-4c95-b590-b3d3c12405c1,https://elagente.ca/ontomlff/MLFFElasticityResult_dff0b189-f842-4182-bbdc-baeec5618ead,[],[],0.5227976517590162,eV/Å^3,1.303763072267998,/scratch/kenko/akg4pyscf/.graphchat-workspaces/kenko_room/mlff_elasticity_benchmark/workflow_runs/MatterSim/elasticity_MatterSim/structures/CFe2Si2Sm2_29d1bee7/output.json,mp-1025262,cif,https://elagente.ca/grafico/ConceptualAtoms_639611d6-5a4c-4c95-b590-b3d3c12405c1,mp-1025262
Cs2Ga2S4,0.1848637109771692,https://elagente.ca/grafico/ConceptualAtoms_63a17362-3339-4272-ae09-f0689b9b0927,https://elagente.ca/ontomlff/MLFFElasticityResult_35affba5-41fa-4317-bea0-62d15b2e9ac9,[],[],0.10855711284776423,eV/Å^3,0.27235906564723467,/scratch/kenko/akg4pyscf/.graphchat-workspaces/kenko_room/mlff_elasticity_benchmark/workflow_runs/MatterSim/elasticity_MatterSim/structures/Cs2Ga2S4_3f9f01f0/output.json,mp-5038,cif,https://elagente.ca/grafico/ConceptualAtoms_63a17362-3339-4272-ae09-f0689b9b0927,mp-5038
FeTeV,0.846896012597575,https://elagente.ca/grafico/ConceptualAtoms_63f1257d-efac-4e33-b180-f82587747881,https://elagente.ca/ontomlff/MLFFElasticityResult_b4fdb4f0-ca96-4403-8c93-9a345eca2088,[],[],0.4176928383964096,eV/Å^3,1.0761567652024007,/scratch/kenko/akg4pyscf/.graphchat-workspaces/kenko_room/mlff_elasticity_benchmark/workflow_runs/MatterSim/elasticity_MatterSim/structures/FeTeV_1e04b57c/output.json,mp-961656,cif,https://elagente.ca/grafico/ConceptualAtoms_63f1257d-efac-4e33-b180-f82587747881,mp-961656
Be2CuRh,1.1105240604030047,https://elagente.ca/grafico/ConceptualAtoms_643f1956-8ba0-4c49-bd2b-e512c29ec8b0,https://elagente.ca/ontomlff/MLFFElasticityResult_d1c12aaa-dbd2-45b0-8c76-e893eedba486,[],[],0.4285299922315061,eV/Å^3,1.1390743137380213,/scratch/kenko/akg4pyscf/.graphchat-workspaces/kenko_room/mlff_elasticity_benchmark/workflow_runs/MatterSim/elasticity_MatterSim/structures/Be2CuRh_185c8bc9/output.json,mp-865308,cif,https://elagente.ca/grafico/ConceptualAtoms_643f1956-8ba0-4c49-bd2b-e512c29ec8b0,mp-865308
BiLiS2,0.3953241082690986,https://elagente.ca/grafico/ConceptualAtoms_64408c17-b2a4-42e9-8c86-28b8893fa78b,https://elagente.ca/ontomlff/MLFFElasticityResult_6569989e-d3ba-4ff6-8fe3-5bf845a30700,[],[],0.2014944414423434,eV/Å^3,0.5166974163980679,/scratch/kenko/akg4pyscf/.graphchat-workspaces/kenko_room/mlff_elasticity_benchmark/workflow_runs/MatterSim/elasticity_MatterSim/structures/BiLiS2_d997f86e/output.json,mp-753506,cif,https://elagente.ca/grafico/ConceptualAtoms_64408c17-b2a4-42e9-8c86-28b8893fa78b,mp-753506
Nd4Tl2,0.28143378836524024,https://elagente.ca/grafico/ConceptualAtoms_6453eda4-5432-49e6-9e6c-ecd0eea072f9,https://elagente.ca/ontomlff/MLFFElasticityResult_60a83e6c-acfc-4a71-b7de-7e731231f40c,[],[],0.1159746075444818,eV/Å^3,0.3059043095612296,/scratch/kenko/akg4pyscf/.graphchat-workspaces/kenko_room/mlff_elasticity_benchmark/workflow_runs/MatterSim/elasticity_MatterSim/structures/Nd4Tl2_a816f3ae/output.json,mp-2816,cif,https://elagente.ca/grafico/ConceptualAtoms_6453eda4-5432-49e6-9e6c-ecd0eea072f9,mp-2816
Pd2V,1.1465584124546164,https://elagente.ca/grafico/ConceptualAtoms_64579629-b260-4094-840a-faee0202bd71,https://elagente.ca/ontomlff/MLFFElasticityResult_212846ab-d2c2-42c1-b69e-eb07c9d6e8ee,[],[],0.5075059071148178,eV/Å^3,1.3267611272114126,/scratch/kenko/akg4pyscf/.graphchat-workspaces/kenko_room/mlff_elasticity_benchmark/workflow_runs/MatterSim/elasticity_MatterSim/structures/Pd2V_7590c74f/output.json,mp-11549,cif,https://elagente.ca/grafico/ConceptualAtoms_64579629-b260-4094-840a-faee0202bd71,mp-11549
Tc2TiW,1.6139212822731708,https://elagente.ca/grafico/ConceptualAtoms_64c9a035-2d33-46b6-a8ea-2b3c3a6593cd,https://elagente.ca/ontomlff/MLFFElasticityResult_75af3940-9c54-42db-b253-84243c13c35a,[],[],0.7704591788182007,eV/Å^3,1.9940661911034798,/scratch/kenko/akg4pyscf/.graphchat-workspaces/kenko_room/mlff_elasticity_benchmark/workflow_runs/MatterSim/elasticity_MatterSim/structures/Tc2TiW_99d7e55c/output.json,mp-865810,cif,https://elagente.ca/grafico/ConceptualAtoms_64c9a035-2d33-46b6-a8ea-2b3c3a6593cd,mp-865810
I6Pr2,0.11517692054199469,https://elagente.ca/grafico/ConceptualAtoms_64cec2bf-3cdf-41cf-811b-482cc8b57b64,https://elagente.ca/ontomlff/MLFFElasticityResult_d19f61ea-3607-4bcb-bc1e-2caa66becd04,[],[],0.05518697605719412,eV/Å^3,0.14275982375369944,/scratch/kenko/akg4pyscf/.graphchat-workspaces/kenko_room/mlff_elasticity_benchmark/workflow_runs/MatterSim/elasticity_MatterSim/structures/I6Pr2_bd3973f7/output.json,mp-862800,cif,https://elagente.ca/grafico/ConceptualAtoms_64cec2bf-3cdf-41cf-811b-482cc8b57b64,mp-862800
CdHgTm2,0.4104858300057896,https://elagente.ca/grafico/ConceptualAtoms_650abbd8-75ed-4354-838f-c7b4c3a89ea6,https://elagente.ca/ontomlff/MLFFElasticityResult_7e3e78e9-7ec7-410f-a53d-c27ff62aad42,[],[],0.1460663910515897,eV/Å^3,0.39173451822999283,/scratch/kenko/akg4pyscf/.graphchat-workspaces/kenko_room/mlff_elasticity_benchmark/workflow_runs/MatterSim/elasticity_MatterSim/structures/CdHgTm2_6772b54b/output.json,mp-979258,cif,https://elagente.ca/grafico/ConceptualAtoms_650abbd8-75ed-4354-838f-c7b4c3a89ea6,mp-979258
LuRh2Sc,0.8346051335985345,https://elagente.ca/grafico/ConceptualAtoms_65451adf-0d2c-4e18-b44d-826ed6814944,https://elagente.ca/ontomlff/MLFFElasticityResult_5054bb74-62b7-494e-8b7d-44776cd5af03,[],[],0.3407043476476767,eV/Å^3,0.8996887364467695,/scratch/kenko/akg4pyscf/.graphchat-workspaces/kenko_room/mlff_elasticity_benchmark/workflow_runs/MatterSim/elasticity_MatterSim/structures/LuRh2Sc_016082ef/output.json,mp-973432,cif,https://elagente.ca/grafico/ConceptualAtoms_65451adf-0d2c-4e18-b44d-826ed6814944,mp-973432
InSb,0.28066905315896123,https://elagente.ca/grafico/ConceptualAtoms_654a38dd-5f77-453c-a76b-5bc2d09e34d6,https://elagente.ca/ontomlff/MLFFElasticityResult_c0fbea42-96e9-4c22-8e8b-3024e64e4d5d,[],[],0.10893325717982977,eV/Å^3,0.2893638155785681,/scratch/kenko/akg4pyscf/.graphchat-workspaces/kenko_room/mlff_elasticity_benchmark/workflow_runs/MatterSim/elasticity_MatterSim/structures/InSb_a26f2793/output.json,mp-10149,cif,https://elagente.ca/grafico/ConceptualAtoms_654a38dd-5f77-453c-a76b-5bc2d09e34d6,mp-10149
EuNi2Si2,0.765601037308256,https://elagente.ca/grafico/ConceptualAtoms_6571080f-844f-40b9-ad60-f63825c5c5f9,https://elagente.ca/ontomlff/MLFFElasticityResult_8f2df068-02cc-4039-8f7b-ba512a50a5c5,[],[],0.38366199291010517,eV/Å^3,0.9862423401674609,/scratch/kenko/akg4pyscf/.graphchat-workspaces/kenko_room/mlff_elasticity_benchmark/workflow_runs/MatterSim/elasticity_MatterSim/structures/EuNi2Si2_40d705cf/output.json,mp-4768,cif,https://elagente.ca/grafico/ConceptualAtoms_6571080f-844f-40b9-ad60-f63825c5c5f9,mp-4768
Fe3NNi,1.0172550231788509,https://elagente.ca/grafico/ConceptualAtoms_65c25191-b89e-41cc-8d78-a23dca7a1e06,https://elagente.ca/ontomlff/MLFFElasticityResult_2453698a-69d1-4de9-abbc-50fca269bbd9,[],[],0.48460566960313195,eV/Å^3,1.2545935627953917,/scratch/kenko/akg4pyscf/.graphchat-workspaces/kenko_room/mlff_elasticity_benchmark/workflow_runs/MatterSim/elasticity_MatterSim/structures/Fe3NNi_be5ee50c/output.json,mp-567703,cif,https://elagente.ca/grafico/ConceptualAtoms_65c25191-b89e-41cc-8d78-a23dca7a1e06,mp-567703
Lu4Os8,1.4038539414561138,https://elagente.ca/grafico/ConceptualAtoms_65eec103-7b39-49ac-8bf7-1fadb6b7b4aa,https://elagente.ca/ontomlff/MLFFElasticityResult_1c8074ea-2ae0-49d3-817b-d463121c3040,[],[],0.46295722467350864,eV/Å^3,1.251319945407079,/scratch/kenko/akg4pyscf/.graphchat-workspaces/kenko_room/mlff_elasticity_benchmark/workflow_runs/MatterSim/elasticity_MatterSim/structures/Lu4Os8_2e090664/output.json,mp-567590,cif,https://elagente.ca/grafico/ConceptualAtoms_65eec103-7b39-49ac-8bf7-1fadb6b7b4aa,mp-567590
Sb4Ta5,0.8907070409512556,https://elagente.ca/grafico/ConceptualAtoms_66a135ff-07f3-4210-96fd-2df3c9c39312,https://elagente.ca/ontomlff/MLFFElasticityResult_8fffd62a-4c22-412a-8f51-6587db2e31bc,[],[],0.43125908597264034,eV/Å^3,1.1139883954011782,/scratch/kenko/akg4pyscf/.graphchat-workspaces/kenko_room/mlff_elasticity_benchmark/workflow_runs/MatterSim/elasticity_MatterSim/structures/Sb4Ta5_1d05b1c4/output.json,mp-2598,cif,https://elagente.ca/grafico/ConceptualAtoms_66a135ff-07f3-4210-96fd-2df3c9c39312,mp-2598
NiTcW,1.2881090625276763,https://elagente.ca/grafico/ConceptualAtoms_66bc02eb-2dc7-4e1d-9c20-2f0f25b36180,https://elagente.ca/ontomlff/MLFFElasticityResult_964e95d7-5686-4367-a38e-bdc65c4110fa,[],[],0.30276016583091114,eV/Å^3,0.8422892833136996,/scratch/kenko/akg4pyscf/.graphchat-workspaces/kenko_room/mlff_elasticity_benchmark/workflow_runs/MatterSim/elasticity_MatterSim/structures/NiTcW_08e3a05a/output.json,mp-631523,cif,https://elagente.ca/grafico/ConceptualAtoms_66bc02eb-2dc7-4e1d-9c20-2f0f25b36180,mp-631523
Cu4InSc,0.6867296169561226,https://elagente.ca/grafico/ConceptualAtoms_670ae396-97b7-405c-b285-631d8f6f83f4,https://elagente.ca/ontomlff/MLFFElasticityResult_53290534-c98e-478c-a597-bf84ef06d8dd,[],[],0.2780198556572552,eV/Å^3,0.7348874444097874,/scratch/kenko/akg4pyscf/.graphchat-workspaces/kenko_room/mlff_elasticity_benchmark/workflow_runs/MatterSim/elasticity_MatterSim/structures/Cu4InSc_25a75b28/output.json,mp-13240,cif,https://elagente.ca/grafico/ConceptualAtoms_670ae396-97b7-405c-b285-631d8f6f83f4,mp-13240
H32N16O24,0.7263620616358988,https://elagente.ca/grafico/ConceptualAtoms_672e117c-26e0-42a2-a83f-59790943c9e3,https://elagente.ca/ontomlff/MLFFElasticityResult_b37d289a-a81e-4360-96c7-8f2f1682ec78,[],[],0.5139867747677813,eV/Å^3,1.2476692947710206,/scratch/kenko/akg4pyscf/.graphchat-workspaces/kenko_room/mlff_elasticity_benchmark/workflow_runs/MatterSim/elasticity_MatterSim/structures/H32N16O24_97c58c5f/output.json,mp-24834,cif,https://elagente.ca/grafico/ConceptualAtoms_672e117c-26e0-42a2-a83f-59790943c9e3,mp-24834
Co2S2,0.9788188472722837,https://elagente.ca/grafico/ConceptualAtoms_676dd8c2-13ad-4f98-8109-a5f2b8b2f90b,https://elagente.ca/ontomlff/MLFFElasticityResult_c27a33ef-5790-465c-8676-cd87e46d1324,[],[],0.30403843368898786,eV/Å^3,0.8265363664979107,/scratch/kenko/akg4pyscf/.graphchat-workspaces/kenko_room/mlff_elasticity_benchmark/workflow_runs/MatterSim/elasticity_MatterSim/structures/Co2S2_f734703c/output.json,mp-1274,cif,https://elagente.ca/grafico/ConceptualAtoms_676dd8c2-13ad-4f98-8109-a5f2b8b2f90b,mp-1274
Mg3Pa,0.31069280641345653,https://elagente.ca/grafico/ConceptualAtoms_678686b6-dacf-471a-bfd9-5cdf5346ac52,https://elagente.ca/ontomlff/MLFFElasticityResult_9185153a-3b25-43ba-91c9-86ef7a722e32,[],[],0.15456122718297774,eV/Å^3,0.3977303371437144,/scratch/kenko/akg4pyscf/.graphchat-workspaces/kenko_room/mlff_elasticity_benchmark/workflow_runs/MatterSim/elasticity_MatterSim/structures/Mg3Pa_09d54cf1/output.json,mp-978291,cif,https://elagente.ca/grafico/ConceptualAtoms_678686b6-dacf-471a-bfd9-5cdf5346ac52,mp-978291
MgNaTl2,0.16814036596516396,https://elagente.ca/grafico/ConceptualAtoms_67a0086a-3f1a-4d07-acbb-bda5951bf551,https://elagente.ca/ontomlff/MLFFElasticityResult_d20a8eff-ed05-4a31-bba4-3b76106b1510,[],[],0.06428068017650468,eV/Å^3,0.1710449967891427,/scratch/kenko/akg4pyscf/.graphchat-workspaces/kenko_room/mlff_elasticity_benchmark/workflow_runs/MatterSim/elasticity_MatterSim/structures/MgNaTl2_4f9b09a2/output.json,mp-865110,cif,https://elagente.ca/grafico/ConceptualAtoms_67a0086a-3f1a-4d07-acbb-bda5951bf551,mp-865110
Co6La4,0.5065333485787948,https://elagente.ca/grafico/ConceptualAtoms_68390092-3ca5-42a3-a5a8-8b4ed1a6a92d,https://elagente.ca/ontomlff/MLFFElasticityResult_166d9f39-fe32-44d3-92f1-588d4afb4fe0,[],[],0.13807229632818888,eV/Å^3,0.37971557314021404,/scratch/kenko/akg4pyscf/.graphchat-workspaces/kenko_room/mlff_elasticity_benchmark/workflow_runs/MatterSim/elasticity_MatterSim/structures/Co6La4_6ede0ace/output.json,mp-569054,cif,https://elagente.ca/grafico/ConceptualAtoms_68390092-3ca5-42a3-a5a8-8b4ed1a6a92d,mp-569054
Ba2O6TaY,0.9214192245872119,https://elagente.ca/grafico/ConceptualAtoms_692957c2-9bec-4610-9283-63514ae00934,https://elagente.ca/ontomlff/MLFFElasticityResult_03d68bb1-372f-42dd-ada9-c30c2e848d5b,[],[],0.5319376415383457,eV/Å^3,1.3382817766530486,/scratch/kenko/akg4pyscf/.graphchat-workspaces/kenko_room/mlff_elasticity_benchmark/workflow_runs/MatterSim/elasticity_MatterSim/structures/Ba2O6TaY_43ae742d/output.json,mp-12385,cif,https://elagente.ca/grafico/ConceptualAtoms_692957c2-9bec-4610-9283-63514ae00934,mp-12385
Ba3Br2In2O5,0.46742900260878667,https://elagente.ca/grafico/ConceptualAtoms_69308959-d67b-4571-b9a2-db1088dce939,https://elagente.ca/ontomlff/MLFFElasticityResult_4ed99032-3a99-4a92-aa74-0d4d052e28c8,[],[],0.2509849799349013,eV/Å^3,0.6386480490706078,/scratch/kenko/akg4pyscf/.graphchat-workspaces/kenko_room/mlff_elasticity_benchmark/workflow_runs/MatterSim/elasticity_MatterSim/structures/Ba3Br2In2O5_a2e57e81/output.json,mp-556004,cif,https://elagente.ca/grafico/ConceptualAtoms_69308959-d67b-4571-b9a2-db1088dce939,mp-556004
Br3CsPd,0.19709008118508942,https://elagente.ca/grafico/ConceptualAtoms_6968d89b-782b-4b3b-bf40-02e6ac574e97,https://elagente.ca/ontomlff/MLFFElasticityResult_efecdf8f-1f03-4ae6-8bad-5ddc1cc4a354,[],[],0.09485072942630685,eV/Å^3,0.24521512720524277,/scratch/kenko/akg4pyscf/.graphchat-workspaces/kenko_room/mlff_elasticity_benchmark/workflow_runs/MatterSim/elasticity_MatterSim/structures/Br3CsPd_af6a45fb/output.json,mp-998307,cif,https://elagente.ca/grafico/ConceptualAtoms_6968d89b-782b-4b3b-bf40-02e6ac574e97,mp-998307
Li2Pd4Sn12,0.42080565564257605,https://elagente.ca/grafico/ConceptualAtoms_69a9c820-5e86-4192-9767-08d0bae6ce10,https://elagente.ca/ontomlff/MLFFElasticityResult_1af573b6-32b2-488a-b82d-052242380e1d,[],[],0.1629966362771311,eV/Å^3,0.4330737100987766,/scratch/kenko/akg4pyscf/.graphchat-workspaces/kenko_room/mlff_elasticity_benchmark/workflow_runs/MatterSim/elasticity_MatterSim/structures/Li2Pd4Sn12_5d8bd28a/output.json,mp-569331,cif,https://elagente.ca/grafico/ConceptualAtoms_69a9c820-5e86-4192-9767-08d0bae6ce10,mp-569331
AgDy2Ir,0.6254246595677875,https://elagente.ca/grafico/ConceptualAtoms_69c8c681-38e0-4d20-ac60-45260cdbc7dd,https://elagente.ca/ontomlff/MLFFElasticityResult_860dbce6-2717-42bc-871a-c7210321ccc9,[],[],0.24898321893443193,eV/Å^3,0.6594412224643524,/scratch/kenko/akg4pyscf/.graphchat-workspaces/kenko_room/mlff_elasticity_benchmark/workflow_runs/MatterSim/elasticity_MatterSim/structures/AgDy2Ir_4f9e17be/output.json,mp-864981,cif,https://elagente.ca/grafico/ConceptualAtoms_69c8c681-38e0-4d20-ac60-45260cdbc7dd,mp-864981
Hg2MgNd,0.3668114540888612,https://elagente.ca/grafico/ConceptualAtoms_6a2f3bc4-0b5d-42b2-ad2b-ca7a35981d2a,https://elagente.ca/ontomlff/MLFFElasticityResult_2feeb963-8195-4878-a41e-1ff051b5de6b,[],[],0.13458250426207927,eV/Å^3,0.3597502583089876,/scratch/kenko/akg4pyscf/.graphchat-workspaces/kenko_room/mlff_elasticity_benchmark/workflow_runs/MatterSim/elasticity_MatterSim/structures/Hg2MgNd_66e6e318/output.json,mp-864924,cif,https://elagente.ca/grafico/ConceptualAtoms_6a2f3bc4-0b5d-42b2-ad2b-ca7a35981d2a,mp-864924
Bi2Pd,0.4503698570900492,https://elagente.ca/grafico/ConceptualAtoms_6a7b66b9-ff54-4fc2-828b-dac2f9c2dd21,https://elagente.ca/ontomlff/MLFFElasticityResult_1927367a-155c-48fe-b150-b8ae19600131,[],[],0.07695352630643189,eV/Å^3,0.21842027732258595,/scratch/kenko/akg4pyscf/.graphchat-workspaces/kenko_room/mlff_elasticity_benchmark/workflow_runs/MatterSim/elasticity_MatterSim/structures/Bi2Pd_05befb8b/output.json,mp-570197,cif,https://elagente.ca/grafico/ConceptualAtoms_6a7b66b9-ff54-4fc2-828b-dac2f9c2dd21,mp-570197
Dy2Zn4,0.4388304249656192,https://elagente.ca/grafico/ConceptualAtoms_6b17091d-0b7e-4913-8e88-8ae85b7f78cd,https://elagente.ca/ontomlff/MLFFElasticityResult_64cef085-152e-4f9e-a9d2-ef3b2aadf63f,[],[],0.24321867384940432,eV/Å^3,0.6158746290079905,/scratch/kenko/akg4pyscf/.graphchat-workspaces/kenko_room/mlff_elasticity_benchmark/workflow_runs/MatterSim/elasticity_MatterSim/structures/Dy2Zn4_efee38e7/output.json,mp-570093,cif,https://elagente.ca/grafico/ConceptualAtoms_6b17091d-0b7e-4913-8e88-8ae85b7f78cd,mp-570093
Cu6Pm2,0.5404758198812702,https://elagente.ca/grafico/ConceptualAtoms_6b9c918c-c6b1-46cb-b9c2-f01795c81638,https://elagente.ca/ontomlff/MLFFElasticityResult_1e937939-e4c8-4205-9135-15dd2457a1d0,[],[],0.20660259426454405,eV/Å^3,0.5497575691241477,/scratch/kenko/akg4pyscf/.graphchat-workspaces/kenko_room/mlff_elasticity_benchmark/workflow_runs/MatterSim/elasticity_MatterSim/structures/Cu6Pm2_c3705c7e/output.json,mp-863677,cif,https://elagente.ca/grafico/ConceptualAtoms_6b9c918c-c6b1-46cb-b9c2-f01795c81638,mp-863677
I4,0.07110026813260734,https://elagente.ca/grafico/ConceptualAtoms_6bcd1dcb-d753-49a2-889c-eaf21df19d71,https://elagente.ca/ontomlff/MLFFElasticityResult_fcb06f65-6686-416c-9230-f01e8cf76f5e,[],[],0.02712540811986283,eV/Å^3,0.07219518176904736,/scratch/kenko/akg4pyscf/.graphchat-workspaces/kenko_room/mlff_elasticity_benchmark/workflow_runs/MatterSim/elasticity_MatterSim/structures/I4_054a9b4b/output.json,mp-23153,cif,https://elagente.ca/grafico/ConceptualAtoms_6bcd1dcb-d753-49a2-889c-eaf21df19d71,mp-23153
Mg3Sm,0.2511477476636033,https://elagente.ca/grafico/ConceptualAtoms_6bde5f57-92d2-434d-9eef-46c64301efe6,https://elagente.ca/ontomlff/MLFFElasticityResult_723fa20c-c3d4-4980-9708-fa24f8e3b070,[],[],0.12137379663667186,eV/Å^3,0.3136024887820497,/scratch/kenko/akg4pyscf/.graphchat-workspaces/kenko_room/mlff_elasticity_benchmark/workflow_runs/MatterSim/elasticity_MatterSim/structures/Mg3Sm_c104e57b/output.json,mp-30779,cif,https://elagente.ca/grafico/ConceptualAtoms_6bde5f57-92d2-434d-9eef-46c64301efe6,mp-30779
Ni3S3,0.8260846419558612,https://elagente.ca/grafico/ConceptualAtoms_6bfb65be-aa64-4567-bd61-621fc28342b1,https://elagente.ca/ontomlff/MLFFElasticityResult_8a53b523-6b3b-47d4-86e3-41da6a93daad,[],[],0.3708941442696879,eV/Å^3,0.9678365390185212,/scratch/kenko/akg4pyscf/.graphchat-workspaces/kenko_room/mlff_elasticity_benchmark/workflow_runs/MatterSim/elasticity_MatterSim/structures/Ni3S3_b8722bd7/output.json,mp-1547,cif,https://elagente.ca/grafico/ConceptualAtoms_6bfb65be-aa64-4567-bd61-621fc28342b1,mp-1547
Ba3BiN,0.5982445563292336,https://elagente.ca/grafico/ConceptualAtoms_6c4e1755-01cf-4c08-85d3-204b4713f893,https://elagente.ca/ontomlff/MLFFElasticityResult_1a3809f2-adb2-4e20-a374-5ed8eb3e2db0,[],[],0.08372519552153035,eV/Å^3,0.23998038527874882,/scratch/kenko/akg4pyscf/.graphchat-workspaces/kenko_room/mlff_elasticity_benchmark/workflow_runs/MatterSim/elasticity_MatterSim/structures/Ba3BiN_114b541a/output.json,mp-1013710,cif,https://elagente.ca/grafico/ConceptualAtoms_6c4e1755-01cf-4c08-85d3-204b4713f893,mp-1013710
Fe3Sn3,0.640196034419843,https://elagente.ca/grafico/ConceptualAtoms_6c7cf6ca-565a-4d55-836b-5483c98b5a6a,https://elagente.ca/ontomlff/MLFFElasticityResult_a4f7fadd-9249-4541-97c3-c43f17ea3f8b,[],[],0.3236249886064826,eV/Å^3,0.8308707029041162,/scratch/kenko/akg4pyscf/.graphchat-workspaces/kenko_room/mlff_elasticity_benchmark/workflow_runs/MatterSim/elasticity_MatterSim/structures/Fe3Sn3_ea429009/output.json,mp-21260,cif,https://elagente.ca/grafico/ConceptualAtoms_6c7cf6ca-565a-4d55-836b-5483c98b5a6a,mp-21260
Ba4O16Si4Ti2,0.820740633560098,https://elagente.ca/grafico/ConceptualAtoms_6c9cad65-f6a1-4e77-b55f-764d122d5f18,https://elagente.ca/ontomlff/MLFFElasticityResult_486330cc-889b-4dcf-8e98-3d4b0f6282d0,[],[],0.5009934679074343,eV/Å^3,1.248870165013388,/scratch/kenko/akg4pyscf/.graphchat-workspaces/kenko_room/mlff_elasticity_benchmark/workflow_runs/MatterSim/elasticity_MatterSim/structures/Ba4O16Si4Ti2_9f40b410/output.json,mp-6081,cif,https://elagente.ca/grafico/ConceptualAtoms_6c9cad65-f6a1-4e77-b55f-764d122d5f18,mp-6081
BiNaO6Ti2,1.049954892396869,https://elagente.ca/grafico/ConceptualAtoms_6ca62665-46ab-4822-9cf9-461a4b191279,https://elagente.ca/ontomlff/MLFFElasticityResult_e0edc003-6e12-42e3-817a-4fd1f32caacb,[],[],0.5534517235151843,eV/Å^3,1.4122190861940642,/scratch/kenko/akg4pyscf/.graphchat-workspaces/kenko_room/mlff_elasticity_benchmark/workflow_runs/MatterSim/elasticity_MatterSim/structures/BiNaO6Ti2_8d0bd3e8/output.json,mp-39681,cif,https://elagente.ca/grafico/ConceptualAtoms_6ca62665-46ab-4822-9cf9-461a4b191279,mp-39681
As4Rh6Sr,1.0143282869933063,https://elagente.ca/grafico/ConceptualAtoms_6cbad54a-0b81-4300-b55d-27a9a1294d11,https://elagente.ca/ontomlff/MLFFElasticityResult_5a91c7ce-89d4-49b1-84c1-e06c189f29b6,[],[],0.43272608751776964,eV/Å^3,1.1365550410658842,/scratch/kenko/akg4pyscf/.graphchat-workspaces/kenko_room/mlff_elasticity_benchmark/workflow_runs/MatterSim/elasticity_MatterSim/structures/As4Rh6Sr_778058cf/output.json,mp-16045,cif,https://elagente.ca/grafico/ConceptualAtoms_6cbad54a-0b81-4300-b55d-27a9a1294d11,mp-16045
In3Th,0.45534246963508856,https://elagente.ca/grafico/ConceptualAtoms_6cde4f25-1f55-4f93-b39b-1c89c1587abf,https://elagente.ca/ontomlff/MLFFElasticityResult_6ef77a79-0462-45f2-98ef-326e17b7e8c1,[],[],0.17832183828267134,eV/Å^3,0.4731944910985366,/scratch/kenko/akg4pyscf/.graphchat-workspaces/kenko_room/mlff_elasticity_benchmark/workflow_runs/MatterSim/elasticity_MatterSim/structures/In3Th_cd68d466/output.json,mp-20206,cif,https://elagente.ca/grafico/ConceptualAtoms_6cde4f25-1f55-4f93-b39b-1c89c1587abf,mp-20206
Cr4Fe4P4,1.4584936908103385,https://elagente.ca/grafico/ConceptualAtoms_6d42d5df-9a5c-46d5-8450-7e7e8f665bd2,https://elagente.ca/ontomlff/MLFFElasticityResult_77a75f69-ff83-47f4-b118-56e1110dec2f,[],[],0.8694485279959541,eV/Å^3,2.1759618531712697,/scratch/kenko/akg4pyscf/.graphchat-workspaces/kenko_room/mlff_elasticity_benchmark/workflow_runs/MatterSim/elasticity_MatterSim/structures/Cr4Fe4P4_78ecd220/output.json,mp-21495,cif,https://elagente.ca/grafico/ConceptualAtoms_6d42d5df-9a5c-46d5-8450-7e7e8f665bd2,mp-21495
Cl4Os,0.31923603456746424,https://elagente.ca/grafico/ConceptualAtoms_6d91bbeb-b545-4da4-9d7e-85126a22adb7,https://elagente.ca/ontomlff/MLFFElasticityResult_25128a96-c47b-4df4-8fc5-13fd530ee6db,[],[],0.17254031898344596,eV/Å^3,0.4386025011559055,/scratch/kenko/akg4pyscf/.graphchat-workspaces/kenko_room/mlff_elasticity_benchmark/workflow_runs/MatterSim/elasticity_MatterSim/structures/Cl4Os_9a6f2f50/output.json,mp-571035,cif,https://elagente.ca/grafico/ConceptualAtoms_6d91bbeb-b545-4da4-9d7e-85126a22adb7,mp-571035
B6Zr,1.2713511277808935,https://elagente.ca/grafico/ConceptualAtoms_6e09bd3e-5f31-4c59-a471-cc9f5ebf58ac,https://elagente.ca/ontomlff/MLFFElasticityResult_704dab23-e8da-4c79-b69d-bc8daa6f6f98,[],[],0.7838101882022821,eV/Å^3,1.9505758622630387,/scratch/kenko/akg4pyscf/.graphchat-workspaces/kenko_room/mlff_elasticity_benchmark/workflow_runs/MatterSim/elasticity_MatterSim/structures/B6Zr_dc6ef281/output.json,mp-1001788,cif,https://elagente.ca/grafico/ConceptualAtoms_6e09bd3e-5f31-4c59-a471-cc9f5ebf58ac,mp-1001788
LiMgN,0.6274392697938236,https://elagente.ca/grafico/ConceptualAtoms_6e91c925-8792-4f7a-a854-aa3e9e2233ff,https://elagente.ca/ontomlff/MLFFElasticityResult_9f9b1c5d-aa04-4102-b83b-dafb33d81a95,[],[],0.4936832142092825,eV/Å^3,1.173318568139067,/scratch/kenko/akg4pyscf/.graphchat-workspaces/kenko_room/mlff_elasticity_benchmark/workflow_runs/MatterSim/elasticity_MatterSim/structures/LiMgN_fa5be3e3/output.json,mp-37906,cif,https://elagente.ca/grafico/ConceptualAtoms_6e91c925-8792-4f7a-a854-aa3e9e2233ff,mp-37906
Cd2S8Sc4,0.45610127904820064,https://elagente.ca/grafico/ConceptualAtoms_6ef8012b-c15c-4c89-8b8b-3c13ef4561d9,https://elagente.ca/ontomlff/MLFFElasticityResult_ba53c0eb-2007-4645-9314-7b88baae12c7,[],[],0.25085871896819134,eV/Å^3,0.6359786664708004,/scratch/kenko/akg4pyscf/.graphchat-workspaces/kenko_room/mlff_elasticity_benchmark/workflow_runs/MatterSim/elasticity_MatterSim/structures/Cd2S8Sc4_745b8278/output.json,mp-10953,cif,https://elagente.ca/grafico/ConceptualAtoms_6ef8012b-c15c-4c89-8b8b-3c13ef4561d9,mp-10953
PdZn3,0.7011836434799854,https://elagente.ca/grafico/ConceptualAtoms_6f5c38f4-fb88-4fca-88a0-cd0ef864876a,https://elagente.ca/ontomlff/MLFFElasticityResult_6cd1663b-48ad-42d6-ab42-a0e5b68b7771,[],[],0.1794421978916948,eV/Å^3,0.49601437382920244,/scratch/kenko/akg4pyscf/.graphchat-workspaces/kenko_room/mlff_elasticity_benchmark/workflow_runs/MatterSim/elasticity_MatterSim/structures/PdZn3_c0eaa24f/output.json,mp-865357,cif,https://elagente.ca/grafico/ConceptualAtoms_6f5c38f4-fb88-4fca-88a0-cd0ef864876a,mp-865357
Li8O12Ti4,1.0303284518687867,https://elagente.ca/grafico/ConceptualAtoms_6f61a90a-4abe-439c-97b3-69d597ab2fa2,https://elagente.ca/ontomlff/MLFFElasticityResult_7cfd12c4-8aa7-4017-8ba8-2c5e37f8841d,[],[],0.6645585727691252,eV/Å^3,1.6408867973970775,/scratch/kenko/akg4pyscf/.graphchat-workspaces/kenko_room/mlff_elasticity_benchmark/workflow_runs/MatterSim/elasticity_MatterSim/structures/Li8O12Ti4_1fa3f141/output.json,mp-2931,cif,https://elagente.ca/grafico/ConceptualAtoms_6f61a90a-4abe-439c-97b3-69d597ab2fa2,mp-2931
Sb4Se12Tl12,0.19864747714617514,https://elagente.ca/grafico/ConceptualAtoms_6f9f88aa-f317-44b4-bddb-5980b2d7cebd,https://elagente.ca/ontomlff/MLFFElasticityResult_09d60f77-d8de-4605-a23e-f5a891d1e819,[],[],0.0882885565007855,eV/Å^3,0.23068918811059103,/scratch/kenko/akg4pyscf/.graphchat-workspaces/kenko_room/mlff_elasticity_benchmark/workflow_runs/MatterSim/elasticity_MatterSim/structures/Sb4Se12Tl12_55b648b4/output.json,mp-4876,cif,https://elagente.ca/grafico/ConceptualAtoms_6f9f88aa-f317-44b4-bddb-5980b2d7cebd,mp-4876
Ca2Pb,0.17902792611278773,https://elagente.ca/grafico/ConceptualAtoms_6fda5ee4-b82e-40ff-b6b2-6ca247618a10,https://elagente.ca/ontomlff/MLFFElasticityResult_66d20b74-e57d-4834-8fd4-144456b44c54,[],[],0.0886164700353459,eV/Å^3,0.22819777684265227,/scratch/kenko/akg4pyscf/.graphchat-workspaces/kenko_room/mlff_elasticity_benchmark/workflow_runs/MatterSim/elasticity_MatterSim/structures/Ca2Pb_e24560f2/output.json,mp-1009756,cif,https://elagente.ca/grafico/ConceptualAtoms_6fda5ee4-b82e-40ff-b6b2-6ca247618a10,mp-1009756
Ru4Si4Ti4,1.2471699664533054,https://elagente.ca/grafico/ConceptualAtoms_700b7538-603b-4ac7-b05e-95703a1d4361,https://elagente.ca/ontomlff/MLFFElasticityResult_d952e343-e4a2-4e8f-b6f1-e5e58dce2527,[],[],0.6198037669692351,eV/Å^3,1.5951629076895728,/scratch/kenko/akg4pyscf/.graphchat-workspaces/kenko_room/mlff_elasticity_benchmark/workflow_runs/MatterSim/elasticity_MatterSim/structures/Ru4Si4Ti4_df5558f3/output.json,mp-505822,cif,https://elagente.ca/grafico/ConceptualAtoms_700b7538-603b-4ac7-b05e-95703a1d4361,mp-505822
Ag3Li,0.38851258590031956,https://elagente.ca/grafico/ConceptualAtoms_7022dcce-b7ec-4464-9457-e84e302afd3d,https://elagente.ca/ontomlff/MLFFElasticityResult_5592b5b2-fe8d-4e05-abf2-59cf5906cac3,[],[],0.15160394214779832,eV/Å^3,0.40246266322718494,/scratch/kenko/akg4pyscf/.graphchat-workspaces/kenko_room/mlff_elasticity_benchmark/workflow_runs/MatterSim/elasticity_MatterSim/structures/Ag3Li_b4730ee1/output.json,mp-862716,cif,https://elagente.ca/grafico/ConceptualAtoms_7022dcce-b7ec-4464-9457-e84e302afd3d,mp-862716
Ir4V4,1.6755965066712106,https://elagente.ca/grafico/ConceptualAtoms_7043b1d5-03c3-4204-9d13-8a1cfd44e8f1,https://elagente.ca/ontomlff/MLFFElasticityResult_eabf9e22-492f-40ae-a5dc-0ba120c79c2e,[],[],0.7002732155513908,eV/Å^3,1.8439431643833852,/scratch/kenko/akg4pyscf/.graphchat-workspaces/kenko_room/mlff_elasticity_benchmark/workflow_runs/MatterSim/elasticity_MatterSim/structures/Ir4V4_18f6be39/output.json,mp-982070,cif,https://elagente.ca/grafico/ConceptualAtoms_7043b1d5-03c3-4204-9d13-8a1cfd44e8f1,mp-982070
B2CrW,1.8783553747685118,https://elagente.ca/grafico/ConceptualAtoms_70c6c1ee-40cb-4074-8aa2-7fbdc163d50d,https://elagente.ca/ontomlff/MLFFElasticityResult_3a2f2e43-a8c2-4eb2-97cd-0a372d343389,[],[],1.2381545279995458,eV/Å^3,3.0453333263988127,/scratch/kenko/akg4pyscf/.graphchat-workspaces/kenko_room/mlff_elasticity_benchmark/workflow_runs/MatterSim/elasticity_MatterSim/structures/B2CrW_f4064a10/output.json,mp-1226242,cif,https://elagente.ca/grafico/ConceptualAtoms_70c6c1ee-40cb-4074-8aa2-7fbdc163d50d,mp-1226242
C2H2Na2O4,0.3915910800084394,https://elagente.ca/grafico/ConceptualAtoms_70cc8b31-1cc7-47ae-a508-2723bbea2b87,https://elagente.ca/ontomlff/MLFFElasticityResult_bba5adae-6724-4431-90f2-00182327ada4,[],[],0.2534857388977745,eV/Å^3,0.6254921562117874,/scratch/kenko/akg4pyscf/.graphchat-workspaces/kenko_room/mlff_elasticity_benchmark/workflow_runs/MatterSim/elasticity_MatterSim/structures/C2H2Na2O4_b6bb0b61/output.json,mp-23684,cif,https://elagente.ca/grafico/ConceptualAtoms_70cc8b31-1cc7-47ae-a508-2723bbea2b87,mp-23684
B24Re4Sc8,1.4385643409447022,https://elagente.ca/grafico/ConceptualAtoms_70cf9ac2-4ef3-4d69-8671-ee0e3b033c44,https://elagente.ca/ontomlff/MLFFElasticityResult_086c1654-55d5-4aa3-aa9f-2fd24e3f497e,[],[],1.1468637464027058,eV/Å^3,2.718239138327372,/scratch/kenko/akg4pyscf/.graphchat-workspaces/kenko_room/mlff_elasticity_benchmark/workflow_runs/MatterSim/elasticity_MatterSim/structures/B24Re4Sc8_0a244921/output.json,mp-1196116,cif,https://elagente.ca/grafico/ConceptualAtoms_70cf9ac2-4ef3-4d69-8671-ee0e3b033c44,mp-1196116
BrCu,0.3033060165211122,https://elagente.ca/grafico/ConceptualAtoms_70efd8cc-0e4a-4b3e-9f17-5e5b8ab8aa36,https://elagente.ca/ontomlff/MLFFElasticityResult_7c98656d-c66f-4478-b37f-165fb54ea72d,[],[],0.023819590637841698,eV/Å^3,0.06963586297082,/scratch/kenko/akg4pyscf/.graphchat-workspaces/kenko_room/mlff_elasticity_benchmark/workflow_runs/MatterSim/elasticity_MatterSim/structures/BrCu_9e8bb370/output.json,mp-570354,cif,https://elagente.ca/grafico/ConceptualAtoms_70efd8cc-0e4a-4b3e-9f17-5e5b8ab8aa36,mp-570354
Cu6Li2O6,0.8450563288987254,https://elagente.ca/grafico/ConceptualAtoms_7140f436-8d5b-405a-888c-1a29c0ec608e,https://elagente.ca/ontomlff/MLFFElasticityResult_475fede8-f5e8-41d0-b5ea-1c75b0cf30a5,[],[],0.3148991527200258,eV/Å^3,0.8403194522320135,/scratch/kenko/akg4pyscf/.graphchat-workspaces/kenko_room/mlff_elasticity_benchmark/workflow_runs/MatterSim/elasticity_MatterSim/structures/Cu6Li2O6_e8f4b8f9/output.json,mp-753848,cif,https://elagente.ca/grafico/ConceptualAtoms_7140f436-8d5b-405a-888c-1a29c0ec608e,mp-753848
Mn6Sn6Y,0.5461298576495511,https://elagente.ca/grafico/ConceptualAtoms_719812ff-f77f-4de5-a698-36b9181197d1,https://elagente.ca/ontomlff/MLFFElasticityResult_f36948c0-7785-453a-a35c-e6677a03ea45,[],[],0.3901665930775979,eV/Å^3,0.945369256001607,/scratch/kenko/akg4pyscf/.graphchat-workspaces/kenko_room/mlff_elasticity_benchmark/workflow_runs/MatterSim/elasticity_MatterSim/structures/Mn6Sn6Y_6345aeac/output.json,mp-22260,cif,https://elagente.ca/grafico/ConceptualAtoms_719812ff-f77f-4de5-a698-36b9181197d1,mp-22260
H6Re2,1.5151024842372443,https://elagente.ca/grafico/ConceptualAtoms_71a3aeb2-3bcd-4c31-87db-6bd120cf9681,https://elagente.ca/ontomlff/MLFFElasticityResult_dcffa827-8f30-4111-9f4f-66dba05e888e,[],[],0.22067742076393154,eV/Å^3,0.6313784570482792,/scratch/kenko/akg4pyscf/.graphchat-workspaces/kenko_room/mlff_elasticity_benchmark/workflow_runs/MatterSim/elasticity_MatterSim/structures/H6Re2_31cda8c4/output.json,mp-974464,cif,https://elagente.ca/grafico/ConceptualAtoms_71a3aeb2-3bcd-4c31-87db-6bd120cf9681,mp-974464
Ga2Sm,0.43378676612762107,https://elagente.ca/grafico/ConceptualAtoms_71f19cab-2c60-4651-8c80-afc05a7c098a,https://elagente.ca/ontomlff/MLFFElasticityResult_428642cf-d92a-4277-ba5f-6161a2ad7611,[],[],0.2589629847986676,eV/Å^3,0.6479506217722124,/scratch/kenko/akg4pyscf/.graphchat-workspaces/kenko_room/mlff_elasticity_benchmark/workflow_runs/MatterSim/elasticity_MatterSim/structures/Ga2Sm_9284f6ad/output.json,mp-477,cif,https://elagente.ca/grafico/ConceptualAtoms_71f19cab-2c60-4651-8c80-afc05a7c098a,mp-477
AuCs,0.06074608484757073,https://elagente.ca/grafico/ConceptualAtoms_72c120fc-8cd1-4994-95da-3f4abe43afaf,https://elagente.ca/ontomlff/MLFFElasticityResult_db68e760-d320-4ba3-b959-7d5b9c1206e6,[],[],0.03193567106431114,eV/Å^3,0.08152114132355537,/scratch/kenko/akg4pyscf/.graphchat-workspaces/kenko_room/mlff_elasticity_benchmark/workflow_runs/MatterSim/elasticity_MatterSim/structures/AuCs_ada178b2/output.json,mp-2667,cif,https://elagente.ca/grafico/ConceptualAtoms_72c120fc-8cd1-4994-95da-3f4abe43afaf,mp-2667
Hf3Ni9,1.14455004731942,https://elagente.ca/grafico/ConceptualAtoms_72cc9f4c-9d53-4686-98bb-2b80662b7e6d,https://elagente.ca/ontomlff/MLFFElasticityResult_0d3b2731-b1c2-41cf-abec-c282fd8f2b87,[],[],0.5246983528911551,eV/Å^3,1.3654410996663784,/scratch/kenko/akg4pyscf/.graphchat-workspaces/kenko_room/mlff_elasticity_benchmark/workflow_runs/MatterSim/elasticity_MatterSim/structures/Hf3Ni9_298bc39e/output.json,mp-7285,cif,https://elagente.ca/grafico/ConceptualAtoms_72cc9f4c-9d53-4686-98bb-2b80662b7e6d,mp-7285
Ir4P4Sr4,0.6592111100405145,https://elagente.ca/grafico/ConceptualAtoms_731e3d4b-3af6-4638-8770-8fd4911630be,https://elagente.ca/ontomlff/MLFFElasticityResult_e5cdcf27-d405-4221-a77a-545dfc8908c3,[],[],0.29356848161298915,eV/Å^3,0.7668681984728185,/scratch/kenko/akg4pyscf/.graphchat-workspaces/kenko_room/mlff_elasticity_benchmark/workflow_runs/MatterSim/elasticity_MatterSim/structures/Ir4P4Sr4_c30186e8/output.json,mp-12923,cif,https://elagente.ca/grafico/ConceptualAtoms_731e3d4b-3af6-4638-8770-8fd4911630be,mp-12923
Fe17N3Pr2,0.9343143459142014,https://elagente.ca/grafico/ConceptualAtoms_73290978-838c-41c7-89b4-097c68ab17ea,https://elagente.ca/ontomlff/MLFFElasticityResult_43bb219e-e568-4ba0-b53d-f661ccb5fe46,[],[],0.5359542927641665,eV/Å^3,1.3497713808620526,/scratch/kenko/akg4pyscf/.graphchat-workspaces/kenko_room/mlff_elasticity_benchmark/workflow_runs/MatterSim/elasticity_MatterSim/structures/Fe17N3Pr2_1c389e85/output.json,mp-1190963,cif,https://elagente.ca/grafico/ConceptualAtoms_73290978-838c-41c7-89b4-097c68ab17ea,mp-1190963
La2Mn2N6,1.1477649978874134,https://elagente.ca/grafico/ConceptualAtoms_737dc149-3b37-4fad-a64c-4f8294ad8d7b,https://elagente.ca/ontomlff/MLFFElasticityResult_66d09a28-0395-4cbf-8212-478cc1fc5549,[],[],0.4321132398958661,eV/Å^3,1.1517960942111138,/scratch/kenko/akg4pyscf/.graphchat-workspaces/kenko_room/mlff_elasticity_benchmark/workflow_runs/MatterSim/elasticity_MatterSim/structures/La2Mn2N6_8a61d0e3/output.json,mp-989554,cif,https://elagente.ca/grafico/ConceptualAtoms_737dc149-3b37-4fad-a64c-4f8294ad8d7b,mp-989554
F8Ho2Na2,0.5694302941034243,https://elagente.ca/grafico/ConceptualAtoms_737f6c30-3857-45cd-84bc-b343c8696b35,https://elagente.ca/ontomlff/MLFFElasticityResult_92631b54-c4c4-4393-90ac-6c0d8b4cfd57,[],[],0.31051906983102256,eV/Å^3,0.7882716674937559,/scratch/kenko/akg4pyscf/.graphchat-workspaces/kenko_room/mlff_elasticity_benchmark/workflow_runs/MatterSim/elasticity_MatterSim/structures/F8Ho2Na2_294bdd2b/output.json,mp-675798,cif,https://elagente.ca/grafico/ConceptualAtoms_737f6c30-3857-45cd-84bc-b343c8696b35,mp-675798
O12Rh8,1.5533396708332048,https://elagente.ca/grafico/ConceptualAtoms_73be5d1b-521c-4b66-8244-d030ce3569a2,https://elagente.ca/ontomlff/MLFFElasticityResult_61c082e0-06a8-4507-ba47-5bb411c9d685,[],[],0.8070961618876102,eV/Å^3,2.0638398895995205,/scratch/kenko/akg4pyscf/.graphchat-workspaces/kenko_room/mlff_elasticity_benchmark/workflow_runs/MatterSim/elasticity_MatterSim/structures/O12Rh8_42cd07af/output.json,mp-1716,cif,https://elagente.ca/grafico/ConceptualAtoms_73be5d1b-521c-4b66-8244-d030ce3569a2,mp-1716
Sm2Te4,0.39611751930608946,https://elagente.ca/grafico/ConceptualAtoms_743bd107-f02c-4b94-85ad-edbabfe6c326,https://elagente.ca/ontomlff/MLFFElasticityResult_447d4c0b-278e-4474-bc07-475e2b978da5,[],[],0.15977499160454267,eV/Å^3,0.4225171869646199,/scratch/kenko/akg4pyscf/.graphchat-workspaces/kenko_room/mlff_elasticity_benchmark/workflow_runs/MatterSim/elasticity_MatterSim/structures/Sm2Te4_3a2ceac0/output.json,mp-1019266,cif,https://elagente.ca/grafico/ConceptualAtoms_743bd107-f02c-4b94-85ad-edbabfe6c326,mp-1019266
LaPd3,0.6798892724328107,https://elagente.ca/grafico/ConceptualAtoms_7473afdb-05ad-422e-b27c-f509728f9da5,https://elagente.ca/ontomlff/MLFFElasticityResult_e30dc712-5384-4629-8a94-caf1639b81b8,[],[],0.2947215699636029,eV/Å^3,0.7725370556411184,/scratch/kenko/akg4pyscf/.graphchat-workspaces/kenko_room/mlff_elasticity_benchmark/workflow_runs/MatterSim/elasticity_MatterSim/structures/LaPd3_345fb8d1/output.json,mp-674,cif,https://elagente.ca/grafico/ConceptualAtoms_7473afdb-05ad-422e-b27c-f509728f9da5,mp-674
CaNi2Si2,0.7118266369420132,https://elagente.ca/grafico/ConceptualAtoms_749a3e3b-08d2-4729-a00d-24bc363a2ce2,https://elagente.ca/ontomlff/MLFFElasticityResult_0c4b627f-888e-4605-9c23-3e81b1146e2f,[],[],0.38376289575749895,eV/Å^3,0.9759098475171825,/scratch/kenko/akg4pyscf/.graphchat-workspaces/kenko_room/mlff_elasticity_benchmark/workflow_runs/MatterSim/elasticity_MatterSim/structures/CaNi2Si2_ba8243ea/output.json,mp-5292,cif,https://elagente.ca/grafico/ConceptualAtoms_749a3e3b-08d2-4729-a00d-24bc363a2ce2,mp-5292
Cu4Na4O4,0.373821372833606,https://elagente.ca/grafico/ConceptualAtoms_7523e917-d9da-4f15-b4da-ca45871bf12b,https://elagente.ca/ontomlff/MLFFElasticityResult_1707a8a3-9599-44ee-93e8-a4ef66bf3316,[],[],0.19877598269639574,eV/Å^3,0.5065445262833631,/scratch/kenko/akg4pyscf/.graphchat-workspaces/kenko_room/mlff_elasticity_benchmark/workflow_runs/MatterSim/elasticity_MatterSim/structures/Cu4Na4O4_18b4c90c/output.json,mp-7469,cif,https://elagente.ca/grafico/ConceptualAtoms_7523e917-d9da-4f15-b4da-ca45871bf12b,mp-7469
Ru2SnTh,0.9539201212588461,https://elagente.ca/grafico/ConceptualAtoms_754267f5-66de-431f-b58a-406401109d52,https://elagente.ca/ontomlff/MLFFElasticityResult_d62624db-72e9-4ce0-9c72-2d0b932b20f2,[],[],0.32490802170420907,eV/Å^3,0.875342633035737,/scratch/kenko/akg4pyscf/.graphchat-workspaces/kenko_room/mlff_elasticity_benchmark/workflow_runs/MatterSim/elasticity_MatterSim/structures/Ru2SnTh_9a0b2edd/output.json,mp-865944,cif,https://elagente.ca/grafico/ConceptualAtoms_754267f5-66de-431f-b58a-406401109d52,mp-865944
O3Y2,0.9508077059450621,https://elagente.ca/grafico/ConceptualAtoms_75439c8b-09c4-47f1-8fae-4bff639ff0b4,https://elagente.ca/ontomlff/MLFFElasticityResult_e811591f-fb72-47a8-b51f-312db50eedd8,[],[],0.523613089070752,eV/Å^3,1.3272068086929618,/scratch/kenko/akg4pyscf/.graphchat-workspaces/kenko_room/mlff_elasticity_benchmark/workflow_runs/MatterSim/elasticity_MatterSim/structures/O3Y2_f7006a6e/output.json,mp-13061,cif,https://elagente.ca/grafico/ConceptualAtoms_75439c8b-09c4-47f1-8fae-4bff639ff0b4,mp-13061
CNi3Zn,1.2318217744726772,https://elagente.ca/grafico/ConceptualAtoms_7543d621-7db6-4ed5-8545-b51663fd4221,https://elagente.ca/ontomlff/MLFFElasticityResult_81778e9d-c4bd-4284-b7f0-df7fa3172f82,[],[],0.44272946355821485,eV/Å^3,1.1860906490317717,/scratch/kenko/akg4pyscf/.graphchat-workspaces/kenko_room/mlff_elasticity_benchmark/workflow_runs/MatterSim/elasticity_MatterSim/structures/CNi3Zn_c3eb392f/output.json,mp-16290,cif,https://elagente.ca/grafico/ConceptualAtoms_7543d621-7db6-4ed5-8545-b51663fd4221,mp-16290
AuIrLa2,0.5280758150821545,https://elagente.ca/grafico/ConceptualAtoms_756468ed-3740-4a1d-af3a-244223f4e479,https://elagente.ca/ontomlff/MLFFElasticityResult_bb91adb5-fbc6-4d93-897c-04a213510ad3,[],[],0.12243703831391417,eV/Å^3,0.3409600157734814,/scratch/kenko/akg4pyscf/.graphchat-workspaces/kenko_room/mlff_elasticity_benchmark/workflow_runs/MatterSim/elasticity_MatterSim/structures/AuIrLa2_be1293a8/output.json,mp-972960,cif,https://elagente.ca/grafico/ConceptualAtoms_756468ed-3740-4a1d-af3a-244223f4e479,mp-972960
Cu2Dy2O2Se2,0.6990743288045217,https://elagente.ca/grafico/ConceptualAtoms_75799402-49a5-43d6-931e-9dc573c04b83,https://elagente.ca/ontomlff/MLFFElasticityResult_ef38a8ae-281b-420c-915a-88271d309381,[],[],0.3191586088178288,eV/Å^3,0.8310112592052276,/scratch/kenko/akg4pyscf/.graphchat-workspaces/kenko_room/mlff_elasticity_benchmark/workflow_runs/MatterSim/elasticity_MatterSim/structures/Cu2Dy2O2Se2_da289adc/output.json,mp-9304,cif,https://elagente.ca/grafico/ConceptualAtoms_75799402-49a5-43d6-931e-9dc573c04b83,mp-9304
In2LiRu,0.5834162369889642,https://elagente.ca/grafico/ConceptualAtoms_7595dea4-751a-488c-a6f3-c01d305aa2bc,https://elagente.ca/ontomlff/MLFFElasticityResult_41fa57d6-b6a1-4154-af7e-2323d2e721ba,[],[],0.23252706726594224,eV/Å^3,0.6157734084938012,/scratch/kenko/akg4pyscf/.graphchat-workspaces/kenko_room/mlff_elasticity_benchmark/workflow_runs/MatterSim/elasticity_MatterSim/structures/In2LiRu_8f7c72ad/output.json,mp-672340,cif,https://elagente.ca/grafico/ConceptualAtoms_7595dea4-751a-488c-a6f3-c01d305aa2bc,mp-672340
Ir4Os,2.213672916860233,https://elagente.ca/grafico/ConceptualAtoms_75aa5c72-85be-4d75-ae2e-fa5a4866ef57,https://elagente.ca/ontomlff/MLFFElasticityResult_c63766ca-0f1f-425c-951d-9c99c813d2c2,[],[],1.1479867987790113,eV/Å^3,2.9363704292407014,/scratch/kenko/akg4pyscf/.graphchat-workspaces/kenko_room/mlff_elasticity_benchmark/workflow_runs/MatterSim/elasticity_MatterSim/structures/Ir4Os_f3d3e385/output.json,mp-1223677,cif,https://elagente.ca/grafico/ConceptualAtoms_75aa5c72-85be-4d75-ae2e-fa5a4866ef57,mp-1223677
Ba2F6Zn,0.4339796297030074,https://elagente.ca/grafico/ConceptualAtoms_75b59447-3900-4dd7-87ca-58a34edcf083,https://elagente.ca/ontomlff/MLFFElasticityResult_f32978ce-1a0a-45b5-8c30-2c6c54bd01f8,[],[],0.19274559402334812,eV/Å^3,0.503670816273255,/scratch/kenko/akg4pyscf/.graphchat-workspaces/kenko_room/mlff_elasticity_benchmark/workflow_runs/MatterSim/elasticity_MatterSim/structures/Ba2F6Zn_e8089265/output.json,mp-7739,cif,https://elagente.ca/grafico/ConceptualAtoms_75b59447-3900-4dd7-87ca-58a34edcf083,mp-7739
AgPr2Tl,0.32805717133734125,https://elagente.ca/grafico/ConceptualAtoms_761b586a-458a-4419-b640-dd233c0ffc84,https://elagente.ca/ontomlff/MLFFElasticityResult_8eb981b0-31e7-4b9a-9de2-bf4ac44ff9be,[],[],0.13803807924640488,eV/Å^3,0.3631758619585093,/scratch/kenko/akg4pyscf/.graphchat-workspaces/kenko_room/mlff_elasticity_benchmark/workflow_runs/MatterSim/elasticity_MatterSim/structures/AgPr2Tl_a13af7db/output.json,mp-978085,cif,https://elagente.ca/grafico/ConceptualAtoms_761b586a-458a-4419-b640-dd233c0ffc84,mp-978085
AgNaO2,0.47341632275540885,https://elagente.ca/grafico/ConceptualAtoms_766e21f2-7775-4605-8a41-5cb27e9c8fa2,https://elagente.ca/ontomlff/MLFFElasticityResult_ebd08d2e-5eac-488c-95c0-4a7a8d61366f,[],[],0.26590143151105405,eV/Å^3,0.6719084498286206,/scratch/kenko/akg4pyscf/.graphchat-workspaces/kenko_room/mlff_elasticity_benchmark/workflow_runs/MatterSim/elasticity_MatterSim/structures/AgNaO2_ad35ab32/output.json,mp-754326,cif,https://elagente.ca/grafico/ConceptualAtoms_766e21f2-7775-4605-8a41-5cb27e9c8fa2,mp-754326
Pd3Zr,1.052072594045416,https://elagente.ca/grafico/ConceptualAtoms_767037d1-7e3c-4475-ab15-209963cbb490,https://elagente.ca/ontomlff/MLFFElasticityResult_09609248-322f-4e49-bd0e-ae3bc3e38e66,[],[],0.5242132916210285,eV/Å^3,1.3486447208131422,/scratch/kenko/akg4pyscf/.graphchat-workspaces/kenko_room/mlff_elasticity_benchmark/workflow_runs/MatterSim/elasticity_MatterSim/structures/Pd3Zr_c4fcbb6b/output.json,mp-1017543,cif,https://elagente.ca/grafico/ConceptualAtoms_767037d1-7e3c-4475-ab15-209963cbb490,mp-1017543
Na8Re12S24,0.7045605568960354,https://elagente.ca/grafico/ConceptualAtoms_76b88e9e-5390-494e-bbb4-31d92e9b8329,https://elagente.ca/ontomlff/MLFFElasticityResult_486fc3ab-5ba8-4b68-9bf6-14644f2141d6,[],[],0.49358160470577406,eV/Å^3,1.2004246759826842,/scratch/kenko/akg4pyscf/.graphchat-workspaces/kenko_room/mlff_elasticity_benchmark/workflow_runs/MatterSim/elasticity_MatterSim/structures/Na8Re12S24_460615ad/output.json,mp-541895,cif,https://elagente.ca/grafico/ConceptualAtoms_76b88e9e-5390-494e-bbb4-31d92e9b8329,mp-541895
B6Er2Ni3,1.1730132318897566,https://elagente.ca/grafico/ConceptualAtoms_77e278d7-02e6-4b13-bdad-8aa90528de27,https://elagente.ca/ontomlff/MLFFElasticityResult_f7383af0-ae91-4ccb-8d02-5677eb13bb28,[],[],0.8147399321975388,eV/Å^3,1.9847124744974298,/scratch/kenko/akg4pyscf/.graphchat-workspaces/kenko_room/mlff_elasticity_benchmark/workflow_runs/MatterSim/elasticity_MatterSim/structures/B6Er2Ni3_dbcdcf2f/output.json,mp-4071,cif,https://elagente.ca/grafico/ConceptualAtoms_77e278d7-02e6-4b13-bdad-8aa90528de27,mp-4071
Ga6Sc10,0.44659690041008077,https://elagente.ca/grafico/ConceptualAtoms_781cd943-1315-48f4-8ea3-2d9e81b3a7a3,https://elagente.ca/ontomlff/MLFFElasticityResult_07b0666a-f986-4583-9676-4ff11d240cff,[],[],0.2732016417805022,eV/Å^3,0.6807838006257311,/scratch/kenko/akg4pyscf/.graphchat-workspaces/kenko_room/mlff_elasticity_benchmark/workflow_runs/MatterSim/elasticity_MatterSim/structures/Ga6Sc10_6cc002c6/output.json,mp-17332,cif,https://elagente.ca/grafico/ConceptualAtoms_781cd943-1315-48f4-8ea3-2d9e81b3a7a3,mp-17332
Mn2S16Ta8,0.7950788175285903,https://elagente.ca/grafico/ConceptualAtoms_783f4a41-26fc-49cc-a1c6-c9831890a6a9,https://elagente.ca/ontomlff/MLFFElasticityResult_595c4e87-2303-4937-a624-4c11430d1a48,[],[],0.5053779752998212,eV/Å^3,1.2510620137264832,/scratch/kenko/akg4pyscf/.graphchat-workspaces/kenko_room/mlff_elasticity_benchmark/workflow_runs/MatterSim/elasticity_MatterSim/structures/Mn2S16Ta8_c2e5b017/output.json,mp-3581,cif,https://elagente.ca/grafico/ConceptualAtoms_783f4a41-26fc-49cc-a1c6-c9831890a6a9,mp-3581
SY,0.6008227063194125,https://elagente.ca/grafico/ConceptualAtoms_78a2e4a9-84cf-4c4c-99ba-026f57428170,https://elagente.ca/ontomlff/MLFFElasticityResult_9b6830fd-fe4a-4ea7-9539-da9c02d3b3d7,[],[],0.22183616166359016,eV/Å^3,0.5925778246754383,/scratch/kenko/akg4pyscf/.graphchat-workspaces/kenko_room/mlff_elasticity_benchmark/workflow_runs/MatterSim/elasticity_MatterSim/structures/SY_17498bef/output.json,mp-1534,cif,https://elagente.ca/grafico/ConceptualAtoms_78a2e4a9-84cf-4c4c-99ba-026f57428170,mp-1534
Mo6Se6Tl2,0.6333674931335085,https://elagente.ca/grafico/ConceptualAtoms_78ecdaa1-91d5-45bd-a73b-9f05b7ba9b71,https://elagente.ca/ontomlff/MLFFElasticityResult_ca169915-75b6-4dfb-abda-9a384ece0cd9,[],[],0.3149459712434911,eV/Å^3,0.8104964304455368,/scratch/kenko/akg4pyscf/.graphchat-workspaces/kenko_room/mlff_elasticity_benchmark/workflow_runs/MatterSim/elasticity_MatterSim/structures/Mo6Se6Tl2_c03883c4/output.json,mp-3411,cif,https://elagente.ca/grafico/ConceptualAtoms_78ecdaa1-91d5-45bd-a73b-9f05b7ba9b71,mp-3411
CB2Ni2U,1.4080722839685367,https://elagente.ca/grafico/ConceptualAtoms_78eef1b6-e8e7-410e-b45f-b08719a9a1aa,https://elagente.ca/ontomlff/MLFFElasticityResult_f1aaf33f-c545-4a4a-9f6c-e8f099511c7a,[],[],0.6765058132636028,eV/Å^3,1.7493586877160388,/scratch/kenko/akg4pyscf/.graphchat-workspaces/kenko_room/mlff_elasticity_benchmark/workflow_runs/MatterSim/elasticity_MatterSim/structures/CB2Ni2U_dce3c208/output.json,mp-1025123,cif,https://elagente.ca/grafico/ConceptualAtoms_78eef1b6-e8e7-410e-b45f-b08719a9a1aa,mp-1025123
C4Be4N8,1.9941898503429156,https://elagente.ca/grafico/ConceptualAtoms_7905303e-8cba-484c-8200-51fc5596fb47,https://elagente.ca/ontomlff/MLFFElasticityResult_05465667-1275-426e-830a-da7294769e28,[],[],1.815486621694816,eV/Å^3,4.178454762063361,/scratch/kenko/akg4pyscf/.graphchat-workspaces/kenko_room/mlff_elasticity_benchmark/workflow_runs/MatterSim/elasticity_MatterSim/structures/C4Be4N8_a909d152/output.json,mp-1189451,cif,https://elagente.ca/grafico/ConceptualAtoms_7905303e-8cba-484c-8200-51fc5596fb47,mp-1189451
TcV,1.5833995874147724,https://elagente.ca/grafico/ConceptualAtoms_79201c90-80b6-4a01-92f9-f957960238d3,https://elagente.ca/ontomlff/MLFFElasticityResult_81c517b3-4280-4749-8da0-ae39c4ca5351,[],[],0.7348879933357899,eV/Å^3,1.9092846796528105,/scratch/kenko/akg4pyscf/.graphchat-workspaces/kenko_room/mlff_elasticity_benchmark/workflow_runs/MatterSim/elasticity_MatterSim/structures/TcV_441304e6/output.json,mp-2540,cif,https://elagente.ca/grafico/ConceptualAtoms_79201c90-80b6-4a01-92f9-f957960238d3,mp-2540
Ir2Li12N8,0.7121399489167471,https://elagente.ca/grafico/ConceptualAtoms_7974b2bc-f3ef-4376-8024-e0fe23edb392,https://elagente.ca/ontomlff/MLFFElasticityResult_2f530707-9f9a-45cf-b030-3eb54946eb0e,[],[],0.4276455695920121,eV/Å^3,1.068963150972784,/scratch/kenko/akg4pyscf/.graphchat-workspaces/kenko_room/mlff_elasticity_benchmark/workflow_runs/MatterSim/elasticity_MatterSim/structures/Ir2Li12N8_23183864/output.json,mp-1029726,cif,https://elagente.ca/grafico/ConceptualAtoms_7974b2bc-f3ef-4376-8024-e0fe23edb392,mp-1029726
ClCu,0.2729666210917361,https://elagente.ca/grafico/ConceptualAtoms_799ae2ac-971e-482b-880a-1cb862ba0a23,https://elagente.ca/ontomlff/MLFFElasticityResult_eb61b5da-e1e9-4ed8-821c-d2c2eab886c8,[],[],0.09074179360041185,eV/Å^3,0.24506939126321806,/scratch/kenko/akg4pyscf/.graphchat-workspaces/kenko_room/mlff_elasticity_benchmark/workflow_runs/MatterSim/elasticity_MatterSim/structures/ClCu_ab2f61f5/output.json,mp-22914,cif,https://elagente.ca/grafico/ConceptualAtoms_799ae2ac-971e-482b-880a-1cb862ba0a23,mp-22914
B13N2,1.5106513435799833,https://elagente.ca/grafico/ConceptualAtoms_79f5d498-f90c-4260-82ef-117d61f31238,https://elagente.ca/ontomlff/MLFFElasticityResult_3e8f5c0b-ac34-4cbb-82d8-7a743cdafda6,[],[],1.3523630849927812,eV/Å^3,3.1246687832325133,/scratch/kenko/akg4pyscf/.graphchat-workspaces/kenko_room/mlff_elasticity_benchmark/workflow_runs/MatterSim/elasticity_MatterSim/structures/B13N2_b3ffb8fd/output.json,mp-534,cif,https://elagente.ca/grafico/ConceptualAtoms_79f5d498-f90c-4260-82ef-117d61f31238,mp-534
Pd8Sb4,0.7915663320823478,https://elagente.ca/grafico/ConceptualAtoms_7a988108-51a0-440b-bda8-aa4833ce4ee5,https://elagente.ca/ontomlff/MLFFElasticityResult_7c56ec76-2896-4977-8bbf-068189333918,[],[],0.2424104463792039,eV/Å^3,0.6598713462118322,/scratch/kenko/akg4pyscf/.graphchat-workspaces/kenko_room/mlff_elasticity_benchmark/workflow_runs/MatterSim/elasticity_MatterSim/structures/Pd8Sb4_7be04d72/output.json,mp-542106,cif,https://elagente.ca/grafico/ConceptualAtoms_7a988108-51a0-440b-bda8-aa4833ce4ee5,mp-542106
Ca2Ge2,0.3239501964996815,https://elagente.ca/grafico/ConceptualAtoms_7b56f11b-c4d1-473b-8268-a2ae2a260c09,https://elagente.ca/ontomlff/MLFFElasticityResult_65c8df9f-295d-4906-843b-faa6a81b8497,[],[],0.1862285460956455,eV/Å^3,0.46884444268568226,/scratch/kenko/akg4pyscf/.graphchat-workspaces/kenko_room/mlff_elasticity_benchmark/workflow_runs/MatterSim/elasticity_MatterSim/structures/Ca2Ge2_484b5677/output.json,mp-2360,cif,https://elagente.ca/grafico/ConceptualAtoms_7b56f11b-c4d1-473b-8268-a2ae2a260c09,mp-2360
AlMnTc,0.7876281183251292,https://elagente.ca/grafico/ConceptualAtoms_7bc60ce6-f6df-4a9e-9195-a5b468be6007,https://elagente.ca/ontomlff/MLFFElasticityResult_f31cf4b4-99bc-43b3-8768-1b813bc0cae6,[],[],0.16390341726777263,eV/Å^3,0.4598148186128152,/scratch/kenko/akg4pyscf/.graphchat-workspaces/kenko_room/mlff_elasticity_benchmark/workflow_runs/MatterSim/elasticity_MatterSim/structures/AlMnTc_6c83574c/output.json,mp-631551,cif,https://elagente.ca/grafico/ConceptualAtoms_7bc60ce6-f6df-4a9e-9195-a5b468be6007,mp-631551
Li8Si8,0.3416431132164861,https://elagente.ca/grafico/ConceptualAtoms_7bec6f4b-6387-4823-912b-4e387bdc31b1,https://elagente.ca/ontomlff/MLFFElasticityResult_99fc32df-588d-45e6-bbf0-2f332a17ce68,[],[],0.18795047393725087,eV/Å^3,0.47647578840392085,/scratch/kenko/akg4pyscf/.graphchat-workspaces/kenko_room/mlff_elasticity_benchmark/workflow_runs/MatterSim/elasticity_MatterSim/structures/Li8Si8_e844f342/output.json,mp-795,cif,https://elagente.ca/grafico/ConceptualAtoms_7bec6f4b-6387-4823-912b-4e387bdc31b1,mp-795
SiTc2V,1.6424770337347296,https://elagente.ca/grafico/ConceptualAtoms_7bf5090a-c41b-4b8f-b56b-df4d036c6655,https://elagente.ca/ontomlff/MLFFElasticityResult_98b64fa5-d91d-4406-b8d5-4b595a633ee4,[],[],0.5923862921559089,eV/Å^3,1.586434350205487,/scratch/kenko/akg4pyscf/.graphchat-workspaces/kenko_room/mlff_elasticity_benchmark/workflow_runs/MatterSim/elasticity_MatterSim/structures/SiTc2V_8d3a0947/output.json,mp-865472,cif,https://elagente.ca/grafico/ConceptualAtoms_7bf5090a-c41b-4b8f-b56b-df4d036c6655,mp-865472
In3MgSr,0.24588137602269147,https://elagente.ca/grafico/ConceptualAtoms_7c113660-f35f-4105-9bde-1efeaf52f9b9,https://elagente.ca/ontomlff/MLFFElasticityResult_2ccc8995-eec7-42e5-a383-ade8c0abbd3b,[],[],0.11580406813099035,eV/Å^3,0.30027197166855013,/scratch/kenko/akg4pyscf/.graphchat-workspaces/kenko_room/mlff_elasticity_benchmark/workflow_runs/MatterSim/elasticity_MatterSim/structures/In3MgSr_88e055c0/output.json,mp-571443,cif,https://elagente.ca/grafico/ConceptualAtoms_7c113660-f35f-4105-9bde-1efeaf52f9b9,mp-571443
C2Dy,0.842493158418995,https://elagente.ca/grafico/ConceptualAtoms_7ce3b2ea-a323-4cf7-8895-ee93b3f55e2c,https://elagente.ca/ontomlff/MLFFElasticityResult_8cbf5a5f-0db4-4e2b-9360-1ca24b2b58c9,[],[],0.3651306558855254,eV/Å^3,0.9571219729220257,/scratch/kenko/akg4pyscf/.graphchat-workspaces/kenko_room/mlff_elasticity_benchmark/workflow_runs/MatterSim/elasticity_MatterSim/structures/C2Dy_76f9e32f/output.json,mp-541840,cif,https://elagente.ca/grafico/ConceptualAtoms_7ce3b2ea-a323-4cf7-8895-ee93b3f55e2c,mp-541840
CrN,1.7343929082728784,https://elagente.ca/grafico/ConceptualAtoms_7d4b7f2e-e649-4063-b609-b0a32bb0316c,https://elagente.ca/ontomlff/MLFFElasticityResult_db85195d-172b-4fd4-998d-cc7915cd60c3,[],[],1.1557655880595257,eV/Å^3,2.8371006048079135,/scratch/kenko/akg4pyscf/.graphchat-workspaces/kenko_room/mlff_elasticity_benchmark/workflow_runs/MatterSim/elasticity_MatterSim/structures/CrN_3f6ddfb2/output.json,mp-1009485,cif,https://elagente.ca/grafico/ConceptualAtoms_7d4b7f2e-e649-4063-b609-b0a32bb0316c,mp-1009485
Ga4S4,0.3480706444871009,https://elagente.ca/grafico/ConceptualAtoms_7db0fa1d-e041-47bc-bf89-69b6df2895e1,https://elagente.ca/ontomlff/MLFFElasticityResult_596b061c-7e74-4d76-a168-83d0e8d5f1eb,[],[],0.23176631070555945,eV/Å^3,0.5690061296563848,/scratch/kenko/akg4pyscf/.graphchat-workspaces/kenko_room/mlff_elasticity_benchmark/workflow_runs/MatterSim/elasticity_MatterSim/structures/Ga4S4_ba3d4aca/output.json,mp-2507,cif,https://elagente.ca/grafico/ConceptualAtoms_7db0fa1d-e041-47bc-bf89-69b6df2895e1,mp-2507
Co2Se4V,0.6196325403996852,https://elagente.ca/grafico/ConceptualAtoms_7dfb3cc5-860a-4d81-b519-e9cfab860888,https://elagente.ca/ontomlff/MLFFElasticityResult_c6bb9af0-6e32-4ac7-809e-7109bcb5b794,[],[],0.3291901532552779,eV/Å^3,0.8389939379296503,/scratch/kenko/akg4pyscf/.graphchat-workspaces/kenko_room/mlff_elasticity_benchmark/workflow_runs/MatterSim/elasticity_MatterSim/structures/Co2Se4V_a39151e3/output.json,mp-1025322,cif,https://elagente.ca/grafico/ConceptualAtoms_7dfb3cc5-860a-4d81-b519-e9cfab860888,mp-1025322
O8Si2Zr2,1.5611761876224928,https://elagente.ca/grafico/ConceptualAtoms_7e5b7853-349f-4a4c-8f5a-2a6141291259,https://elagente.ca/ontomlff/MLFFElasticityResult_08470749-c354-46a4-841c-4f93ffc96b4a,[],[],0.8991663426274712,eV/Å^3,2.2630313780821694,/scratch/kenko/akg4pyscf/.graphchat-workspaces/kenko_room/mlff_elasticity_benchmark/workflow_runs/MatterSim/elasticity_MatterSim/structures/O8Si2Zr2_9f7a55a6/output.json,mp-11736,cif,https://elagente.ca/grafico/ConceptualAtoms_7e5b7853-349f-4a4c-8f5a-2a6141291259,mp-11736
La2Tb6,0.2173401219842753,https://elagente.ca/grafico/ConceptualAtoms_7e9b2fe2-f9dd-48f4-ba38-c83c8e08a345,https://elagente.ca/ontomlff/MLFFElasticityResult_bcf02f7f-c358-42e3-a154-872e3e94e3d1,[],[],0.12439188064772226,eV/Å^3,0.31338779068698497,/scratch/kenko/akg4pyscf/.graphchat-workspaces/kenko_room/mlff_elasticity_benchmark/workflow_runs/MatterSim/elasticity_MatterSim/structures/La2Tb6_098c890f/output.json,mp-972257,cif,https://elagente.ca/grafico/ConceptualAtoms_7e9b2fe2-f9dd-48f4-ba38-c83c8e08a345,mp-972257
Ge2S2U2,0.6059692670691627,https://elagente.ca/grafico/ConceptualAtoms_7fb209b8-fe02-4ef2-9795-12bcc905bc87,https://elagente.ca/ontomlff/MLFFElasticityResult_53ba537d-68c8-4dcb-b633-82be0d126f89,[],[],0.3985333057709993,eV/Å^3,0.9806217769391977,/scratch/kenko/akg4pyscf/.graphchat-workspaces/kenko_room/mlff_elasticity_benchmark/workflow_runs/MatterSim/elasticity_MatterSim/structures/Ge2S2U2_1677274c/output.json,mp-20913,cif,https://elagente.ca/grafico/ConceptualAtoms_7fb209b8-fe02-4ef2-9795-12bcc905bc87,mp-20913
Be17Ti2,0.790977540103867,https://elagente.ca/grafico/ConceptualAtoms_7fb67aac-c1f3-4640-aa20-3d5d0213fbce,https://elagente.ca/ontomlff/MLFFElasticityResult_2fa4feda-5855-40fd-8d2a-92328fb47193,[],[],0.816061904058782,eV/Å^3,1.821696366239767,/scratch/kenko/akg4pyscf/.graphchat-workspaces/kenko_room/mlff_elasticity_benchmark/workflow_runs/MatterSim/elasticity_MatterSim/structures/Be17Ti2_b592ded4/output.json,mp-12648,cif,https://elagente.ca/grafico/ConceptualAtoms_7fb67aac-c1f3-4640-aa20-3d5d0213fbce,mp-12648
O4Si2,1.830305126020833,https://elagente.ca/grafico/ConceptualAtoms_7fbd3010-d243-4235-a4f3-a429930531f2,https://elagente.ca/ontomlff/MLFFElasticityResult_46e579d6-4999-4603-ace1-7de227687ee5,[],[],1.3906895716892826,eV/Å^3,3.328943819526548,/scratch/kenko/akg4pyscf/.graphchat-workspaces/kenko_room/mlff_elasticity_benchmark/workflow_runs/MatterSim/elasticity_MatterSim/structures/O4Si2_8ced5e30/output.json,mp-6947,cif,https://elagente.ca/grafico/ConceptualAtoms_7fbd3010-d243-4235-a4f3-a429930531f2,mp-6947
Al2LiPt,0.7552137789422304,https://elagente.ca/grafico/ConceptualAtoms_80081726-5580-465a-8d41-2aea38ca370d,https://elagente.ca/ontomlff/MLFFElasticityResult_2b151a37-0c60-419e-9539-0f7e366fe74a,[],[],0.28232713257121944,eV/Å^3,0.7531317946947612,/scratch/kenko/akg4pyscf/.graphchat-workspaces/kenko_room/mlff_elasticity_benchmark/workflow_runs/MatterSim/elasticity_MatterSim/structures/Al2LiPt_ac39f48e/output.json,mp-30819,cif,https://elagente.ca/grafico/ConceptualAtoms_80081726-5580-465a-8d41-2aea38ca370d,mp-30819
Hf2LiOs,0.8921396292430814,https://elagente.ca/grafico/ConceptualAtoms_80088ce7-4b59-4632-910f-a345e813bc69,https://elagente.ca/ontomlff/MLFFElasticityResult_cbb8ea21-95c4-4261-982a-7a44a5f6e809,[],[],0.4073574624405685,eV/Å^3,1.060640347481772,/scratch/kenko/akg4pyscf/.graphchat-workspaces/kenko_room/mlff_elasticity_benchmark/workflow_runs/MatterSim/elasticity_MatterSim/structures/Hf2LiOs_c3c21946/output.json,mp-862684,cif,https://elagente.ca/grafico/ConceptualAtoms_80088ce7-4b59-4632-910f-a345e813bc69,mp-862684
Ga4Pd4,0.8252346893368165,https://elagente.ca/grafico/ConceptualAtoms_80190b66-da25-4382-ac4b-7bc9e4f2f870,https://elagente.ca/ontomlff/MLFFElasticityResult_c32de4b7-5400-4a06-b4a4-f2b65b466464,[],[],0.27577299919073894,eV/Å^3,0.7443990837675043,/scratch/kenko/akg4pyscf/.graphchat-workspaces/kenko_room/mlff_elasticity_benchmark/workflow_runs/MatterSim/elasticity_MatterSim/structures/Ga4Pd4_041994f3/output.json,mp-1078526,cif,https://elagente.ca/grafico/ConceptualAtoms_80190b66-da25-4382-ac4b-7bc9e4f2f870,mp-1078526
InLi3,0.1408191581747698,https://elagente.ca/grafico/ConceptualAtoms_80dc863c-af8b-4c72-8092-6426f03e3d94,https://elagente.ca/ontomlff/MLFFElasticityResult_ae5139ac-caff-4bbe-a3f4-06e6b75503fa,[],[],0.04668918937643069,eV/Å^3,0.12612812932030534,/scratch/kenko/akg4pyscf/.graphchat-workspaces/kenko_room/mlff_elasticity_benchmark/workflow_runs/MatterSim/elasticity_MatterSim/structures/InLi3_73b9db3d/output.json,mp-976055,cif,https://elagente.ca/grafico/ConceptualAtoms_80dc863c-af8b-4c72-8092-6426f03e3d94,mp-976055
Cl2V,0.25406446302995467,https://elagente.ca/grafico/ConceptualAtoms_8105e3c4-0fec-4964-b435-407ba9bcd5cb,https://elagente.ca/ontomlff/MLFFElasticityResult_78d15121-28db-49e2-9059-174766b0fd36,[],[],0.14358265822870153,eV/Å^3,0.3624662626501623,/scratch/kenko/akg4pyscf/.graphchat-workspaces/kenko_room/mlff_elasticity_benchmark/workflow_runs/MatterSim/elasticity_MatterSim/structures/Cl2V_97eeb087/output.json,mp-22877,cif,https://elagente.ca/grafico/ConceptualAtoms_8105e3c4-0fec-4964-b435-407ba9bcd5cb,mp-22877
B28Cl4Mg12O52,1.2114713047868144,https://elagente.ca/grafico/ConceptualAtoms_8129210d-010b-48fd-9590-3d82883cf155,https://elagente.ca/ontomlff/MLFFElasticityResult_56b1352a-c3ff-4b52-9bbf-5f1e5691e8cb,[],[],0.8432078573323306,eV/Å^3,2.0532549592022233,/scratch/kenko/akg4pyscf/.graphchat-workspaces/kenko_room/mlff_elasticity_benchmark/workflow_runs/MatterSim/elasticity_MatterSim/structures/B28Cl4Mg12O52_4f4b44de/output.json,mp-23087,cif,https://elagente.ca/grafico/ConceptualAtoms_8129210d-010b-48fd-9590-3d82883cf155,mp-23087
Ni2Se2Tl,0.3781922708246137,https://elagente.ca/grafico/ConceptualAtoms_815d6f58-ea66-4a63-8e86-0a746feb996a,https://elagente.ca/ontomlff/MLFFElasticityResult_57fb29ab-4eb9-4166-bf9e-bdccd5f47cef,[],[],0.11437244405040872,eV/Å^3,0.31169638556817364,/scratch/kenko/akg4pyscf/.graphchat-workspaces/kenko_room/mlff_elasticity_benchmark/workflow_runs/MatterSim/elasticity_MatterSim/structures/Ni2Se2Tl_9613ff23/output.json,mp-4354,cif,https://elagente.ca/grafico/ConceptualAtoms_815d6f58-ea66-4a63-8e86-0a746feb996a,mp-4354
CuLiO2,0.8118782956101052,https://elagente.ca/grafico/ConceptualAtoms_82057b1e-1c05-4cbc-a9a8-9208d61ca2c4,https://elagente.ca/ontomlff/MLFFElasticityResult_59cefb06-123e-43ea-9f8a-780298e7e9f8,[],[],0.282477029526379,eV/Å^3,0.7593626705020033,/scratch/kenko/akg4pyscf/.graphchat-workspaces/kenko_room/mlff_elasticity_benchmark/workflow_runs/MatterSim/elasticity_MatterSim/structures/CuLiO2_ee3d1b22/output.json,mp-754912,cif,https://elagente.ca/grafico/ConceptualAtoms_82057b1e-1c05-4cbc-a9a8-9208d61ca2c4,mp-754912
As2Pb4Pd6,0.5771857925896916,https://elagente.ca/grafico/ConceptualAtoms_8237a4e9-a096-4fd5-942d-dbf3ec4c03f2,https://elagente.ca/ontomlff/MLFFElasticityResult_5f8166b0-6a02-4731-a93a-ccd1f5cf52e4,[],[],0.20063090910298179,eV/Å^3,0.5393945298594837,/scratch/kenko/akg4pyscf/.graphchat-workspaces/kenko_room/mlff_elasticity_benchmark/workflow_runs/MatterSim/elasticity_MatterSim/structures/As2Pb4Pd6_5527b1c2/output.json,mp-20257,cif,https://elagente.ca/grafico/ConceptualAtoms_8237a4e9-a096-4fd5-942d-dbf3ec4c03f2,mp-20257
H4Mg3O9Si2,0.8981218216764875,https://elagente.ca/grafico/ConceptualAtoms_828ac995-da7a-408b-9a2a-da4d4fca7513,https://elagente.ca/ontomlff/MLFFElasticityResult_06c3a8c5-1329-4281-b17c-eaf86accaf5c,[],[],0.599487682722244,eV/Å^3,1.4711392735950035,/scratch/kenko/akg4pyscf/.graphchat-workspaces/kenko_room/mlff_elasticity_benchmark/workflow_runs/MatterSim/elasticity_MatterSim/structures/H4Mg3O9Si2_7ff91b27/output.json,mp-23764,cif,https://elagente.ca/grafico/ConceptualAtoms_828ac995-da7a-408b-9a2a-da4d4fca7513,mp-23764
Ag3Na,0.3249949115126469,https://elagente.ca/grafico/ConceptualAtoms_82d340a3-b57d-4e67-998f-440cf446f8d8,https://elagente.ca/ontomlff/MLFFElasticityResult_4d386732-71b9-4dfc-b1ce-59e895fbb461,[],[],0.11227910537721456,eV/Å^3,0.3020529417006185,/scratch/kenko/akg4pyscf/.graphchat-workspaces/kenko_room/mlff_elasticity_benchmark/workflow_runs/MatterSim/elasticity_MatterSim/structures/Ag3Na_3688eeef/output.json,mp-973174,cif,https://elagente.ca/grafico/ConceptualAtoms_82d340a3-b57d-4e67-998f-440cf446f8d8,mp-973174
CBe2,1.2357456819159016,https://elagente.ca/grafico/ConceptualAtoms_8340e3ca-a489-4616-ac80-e4051acb2eda,https://elagente.ca/ontomlff/MLFFElasticityResult_81277498-8aa1-4e1b-a241-0293641bbdd5,[],[],1.1076526208010473,eV/Å^3,2.558520203390168,/scratch/kenko/akg4pyscf/.graphchat-workspaces/kenko_room/mlff_elasticity_benchmark/workflow_runs/MatterSim/elasticity_MatterSim/structures/CBe2_0ebe3520/output.json,mp-1569,cif,https://elagente.ca/grafico/ConceptualAtoms_8340e3ca-a489-4616-ac80-e4051acb2eda,mp-1569
H8O12P4Sr2,0.678885548177011,https://elagente.ca/grafico/ConceptualAtoms_839af47e-27c9-4db1-ac85-2d3d205c4ac8,https://elagente.ca/ontomlff/MLFFElasticityResult_6957c020-8946-40a0-ba93-1e3566e26600,[],[],0.45842993277440414,eV/Å^3,1.1226035727127515,/scratch/kenko/akg4pyscf/.graphchat-workspaces/kenko_room/mlff_elasticity_benchmark/workflow_runs/MatterSim/elasticity_MatterSim/structures/H8O12P4Sr2_8f015d48/output.json,mp-765294,cif,https://elagente.ca/grafico/ConceptualAtoms_839af47e-27c9-4db1-ac85-2d3d205c4ac8,mp-765294
Li4N4Ru4,1.1231549200959394,https://elagente.ca/grafico/ConceptualAtoms_83d294f7-961a-47fc-bf19-d6892efb87c9,https://elagente.ca/ontomlff/MLFFElasticityResult_5da81736-18da-47b4-8fac-87814022356a,[],[],0.5179281198937737,eV/Å^3,1.3467693661022555,/scratch/kenko/akg4pyscf/.graphchat-workspaces/kenko_room/mlff_elasticity_benchmark/workflow_runs/MatterSim/elasticity_MatterSim/structures/Li4N4Ru4_3d4123db/output.json,mp-1029251,cif,https://elagente.ca/grafico/ConceptualAtoms_83d294f7-961a-47fc-bf19-d6892efb87c9,mp-1029251
CNNaO,0.38470638137427254,https://elagente.ca/grafico/ConceptualAtoms_8402ef1a-9c01-4af8-9ae3-602f38568165,https://elagente.ca/ontomlff/MLFFElasticityResult_d79f8d72-7f88-4d31-a8d7-d03b3d55f7b9,[],[],0.22910840975443608,eV/Å^3,0.5734813502723077,/scratch/kenko/akg4pyscf/.graphchat-workspaces/kenko_room/mlff_elasticity_benchmark/workflow_runs/MatterSim/elasticity_MatterSim/structures/CNNaO_84756ee7/output.json,mp-546500,cif,https://elagente.ca/grafico/ConceptualAtoms_8402ef1a-9c01-4af8-9ae3-602f38568165,mp-546500
AuClTi,0.3753527921798586,https://elagente.ca/grafico/ConceptualAtoms_8432a033-0ce0-445f-85f7-21187009373b,https://elagente.ca/ontomlff/MLFFElasticityResult_b225304a-43fb-41b1-b3d1-d75daba9d442,[],[],-0.07086511018814207,eV/Å^3,-0.22687289658607565,/scratch/kenko/akg4pyscf/.graphchat-workspaces/kenko_room/mlff_elasticity_benchmark/workflow_runs/MatterSim/elasticity_MatterSim/structures/AuClTi_30609cb2/output.json,mp-962077,cif,https://elagente.ca/grafico/ConceptualAtoms_8432a033-0ce0-445f-85f7-21187009373b,mp-962077
EuN,0.6640585188345042,https://elagente.ca/grafico/ConceptualAtoms_84fd621d-6a70-413d-9eda-6bf8d140a4d8,https://elagente.ca/ontomlff/MLFFElasticityResult_bb55529c-c344-4763-a94e-fb2248aac421,[],[],0.40692769816256014,eV/Å^3,1.0137180364792522,/scratch/kenko/akg4pyscf/.graphchat-workspaces/kenko_room/mlff_elasticity_benchmark/workflow_runs/MatterSim/elasticity_MatterSim/structures/EuN_420d6a58/output.json,mp-20340,cif,https://elagente.ca/grafico/ConceptualAtoms_84fd621d-6a70-413d-9eda-6bf8d140a4d8,mp-20340
Be2O2,1.3039864191520776,https://elagente.ca/grafico/ConceptualAtoms_856134e7-3bb1-4782-9612-3d5de276c259,https://elagente.ca/ontomlff/MLFFElasticityResult_04d10b41-22bc-4f8f-8958-226308f99f0d,[],[],1.0082944158891545,eV/Å^3,2.405002020026205,/scratch/kenko/akg4pyscf/.graphchat-workspaces/kenko_room/mlff_elasticity_benchmark/workflow_runs/MatterSim/elasticity_MatterSim/structures/Be2O2_bbcd9c19/output.json,mp-2542,cif,https://elagente.ca/grafico/ConceptualAtoms_856134e7-3bb1-4782-9612-3d5de276c259,mp-2542
Al3NdPd2,0.670913086683288,https://elagente.ca/grafico/ConceptualAtoms_85e7cae4-ac3d-49df-adc9-336d06c243b3,https://elagente.ca/ontomlff/MLFFElasticityResult_c597e411-0954-4367-9e8a-0d6a2418fdad,[],[],0.3261595087944356,eV/Å^3,0.8420296643024666,/scratch/kenko/akg4pyscf/.graphchat-workspaces/kenko_room/mlff_elasticity_benchmark/workflow_runs/MatterSim/elasticity_MatterSim/structures/Al3NdPd2_b6920d89/output.json,mp-12734,cif,https://elagente.ca/grafico/ConceptualAtoms_85e7cae4-ac3d-49df-adc9-336d06c243b3,mp-12734
HfNi2Si2,1.1451454622420831,https://elagente.ca/grafico/ConceptualAtoms_85f392d5-5d59-4d02-9744-c2df07446560,https://elagente.ca/ontomlff/MLFFElasticityResult_0b662380-5cde-479a-8d4e-5f1d72090116,[],[],0.5374314271260029,eV/Å^3,1.394190468921212,/scratch/kenko/akg4pyscf/.graphchat-workspaces/kenko_room/mlff_elasticity_benchmark/workflow_runs/MatterSim/elasticity_MatterSim/structures/HfNi2Si2_20824a88/output.json,mp-571147,cif,https://elagente.ca/grafico/ConceptualAtoms_85f392d5-5d59-4d02-9744-c2df07446560,mp-571147
Pa,0.5847498140767595,https://elagente.ca/grafico/ConceptualAtoms_8601f81b-3fea-40f3-a2fa-6b2ebdadacd8,https://elagente.ca/ontomlff/MLFFElasticityResult_ef6f7f53-9c0d-41e1-a9f2-88d2ef2fe845,[],[],0.1401964408587823,eV/Å^3,0.3894640597146481,/scratch/kenko/akg4pyscf/.graphchat-workspaces/kenko_room/mlff_elasticity_benchmark/workflow_runs/MatterSim/elasticity_MatterSim/structures/Pa_e5516401/output.json,mp-10740,cif,https://elagente.ca/grafico/ConceptualAtoms_8601f81b-3fea-40f3-a2fa-6b2ebdadacd8,mp-10740
Hg2Ti6,0.7058688828773634,https://elagente.ca/grafico/ConceptualAtoms_86d83b31-7252-4795-986a-45c73d49061c,https://elagente.ca/ontomlff/MLFFElasticityResult_c34e3a30-2ab0-496c-a54b-06b60e4103e9,[],[],0.36150219057613525,eV/Å^3,0.9263644622842532,/scratch/kenko/akg4pyscf/.graphchat-workspaces/kenko_room/mlff_elasticity_benchmark/workflow_runs/MatterSim/elasticity_MatterSim/structures/Hg2Ti6_4bff9827/output.json,mp-2354,cif,https://elagente.ca/grafico/ConceptualAtoms_86d83b31-7252-4795-986a-45c73d49061c,mp-2354
La2Pt2Si4,0.7687356034641027,https://elagente.ca/grafico/ConceptualAtoms_8716be79-710f-40e3-8b12-252617d5f0be,https://elagente.ca/ontomlff/MLFFElasticityResult_0adbf222-a7f1-4f01-9ec1-414cb6057b31,[],[],0.3468154628171532,eV/Å^3,0.9044343770216786,/scratch/kenko/akg4pyscf/.graphchat-workspaces/kenko_room/mlff_elasticity_benchmark/workflow_runs/MatterSim/elasticity_MatterSim/structures/La2Pt2Si4_88746c8e/output.json,mp-4283,cif,https://elagente.ca/grafico/ConceptualAtoms_8716be79-710f-40e3-8b12-252617d5f0be,mp-4283
BaS,0.27447328977403385,https://elagente.ca/grafico/ConceptualAtoms_87222f31-014e-413b-bebc-26344073ee0b,https://elagente.ca/ontomlff/MLFFElasticityResult_7e4eafd3-2160-492e-8aa9-afad70a78618,[],[],0.1373944767076016,eV/Å^3,0.3532420467813905,/scratch/kenko/akg4pyscf/.graphchat-workspaces/kenko_room/mlff_elasticity_benchmark/workflow_runs/MatterSim/elasticity_MatterSim/structures/BaS_9053d36b/output.json,mp-1500,cif,https://elagente.ca/grafico/ConceptualAtoms_87222f31-014e-413b-bebc-26344073ee0b,mp-1500
Sm6Y2,0.23651340474341082,https://elagente.ca/grafico/ConceptualAtoms_878c11fe-ade3-4c4e-831a-b01f2e60c724,https://elagente.ca/ontomlff/MLFFElasticityResult_85ff4e21-7b0b-498b-bbde-c8c3513c43ce,[],[],0.12730186989896797,eV/Å^3,0.3238094656795874,/scratch/kenko/akg4pyscf/.graphchat-workspaces/kenko_room/mlff_elasticity_benchmark/workflow_runs/MatterSim/elasticity_MatterSim/structures/Sm6Y2_08982fd3/output.json,mp-979234,cif,https://elagente.ca/grafico/ConceptualAtoms_878c11fe-ade3-4c4e-831a-b01f2e60c724,mp-979234
IrNb,1.5744604793396373,https://elagente.ca/grafico/ConceptualAtoms_87936c65-5252-4bef-9afa-82e833b38c69,https://elagente.ca/ontomlff/MLFFElasticityResult_7c2159e1-5bbc-4358-b1dc-1b424f48efd8,[],[],0.6149626640622363,eV/Å^3,1.6323619330049355,/scratch/kenko/akg4pyscf/.graphchat-workspaces/kenko_room/mlff_elasticity_benchmark/workflow_runs/MatterSim/elasticity_MatterSim/structures/IrNb_4ec857f5/output.json,mp-1359,cif,https://elagente.ca/grafico/ConceptualAtoms_87936c65-5252-4bef-9afa-82e833b38c69,mp-1359
Dy8O16Sr4,0.8571294703906707,https://elagente.ca/grafico/ConceptualAtoms_87deac69-6921-4458-ac3f-8ac2dca2ceb3,https://elagente.ca/ontomlff/MLFFElasticityResult_cd118875-1c32-4085-9b36-731dad4fa5ae,[],[],0.5130998827186863,eV/Å^3,1.283239519640695,/scratch/kenko/akg4pyscf/.graphchat-workspaces/kenko_room/mlff_elasticity_benchmark/workflow_runs/MatterSim/elasticity_MatterSim/structures/Dy8O16Sr4_3b5e94b7/output.json,mp-556075,cif,https://elagente.ca/grafico/ConceptualAtoms_87deac69-6921-4458-ac3f-8ac2dca2ceb3,mp-556075
Cd6Er2,0.3633560239281066,https://elagente.ca/grafico/ConceptualAtoms_888b97d6-6df3-4c77-afca-aebe5ee62788,https://elagente.ca/ontomlff/MLFFElasticityResult_b22f1b8f-56dc-4940-8586-73e4ddf5ee57,[],[],0.14842967322922776,eV/Å^3,0.39192267005086334,/scratch/kenko/akg4pyscf/.graphchat-workspaces/kenko_room/mlff_elasticity_benchmark/workflow_runs/MatterSim/elasticity_MatterSim/structures/Cd6Er2_78791bf5/output.json,mp-7303,cif,https://elagente.ca/grafico/ConceptualAtoms_888b97d6-6df3-4c77-afca-aebe5ee62788,mp-7303
CdNpPt2,0.8231462711844216,https://elagente.ca/grafico/ConceptualAtoms_891e62fe-2b31-4367-8d4f-52edb2cfd876,https://elagente.ca/ontomlff/MLFFElasticityResult_eb3a6430-3826-4d23-8afa-2dc01359b89a,[],[],0.19078635635376534,eV/Å^3,0.5313105508578335,/scratch/kenko/akg4pyscf/.graphchat-workspaces/kenko_room/mlff_elasticity_benchmark/workflow_runs/MatterSim/elasticity_MatterSim/structures/CdNpPt2_be84565f/output.json,mp-864787,cif,https://elagente.ca/grafico/ConceptualAtoms_891e62fe-2b31-4367-8d4f-52edb2cfd876,mp-864787
LiTbTl2,0.27124831496246143,https://elagente.ca/grafico/ConceptualAtoms_892ded9d-dca7-4f52-ba0a-fdbef678f47a,https://elagente.ca/ontomlff/MLFFElasticityResult_ac97ae51-e496-4817-8bae-4ca65b74d14e,[],[],0.11714856090961281,eV/Å^3,0.3072178997298257,/scratch/kenko/akg4pyscf/.graphchat-workspaces/kenko_room/mlff_elasticity_benchmark/workflow_runs/MatterSim/elasticity_MatterSim/structures/LiTbTl2_50bf0927/output.json,mp-977542,cif,https://elagente.ca/grafico/ConceptualAtoms_892ded9d-dca7-4f52-ba0a-fdbef678f47a,mp-977542
O2Zr,1.4413118745266673,https://elagente.ca/grafico/ConceptualAtoms_899a5c95-5a38-4a1d-9444-aa408d3f35c3,https://elagente.ca/ontomlff/MLFFElasticityResult_9efa0156-d61d-4597-94c6-ddb241d44ed7,[],[],0.6988810279083388,eV/Å^3,1.8049135273462351,/scratch/kenko/akg4pyscf/.graphchat-workspaces/kenko_room/mlff_elasticity_benchmark/workflow_runs/MatterSim/elasticity_MatterSim/structures/O2Zr_80da912d/output.json,mp-1565,cif,https://elagente.ca/grafico/ConceptualAtoms_899a5c95-5a38-4a1d-9444-aa408d3f35c3,mp-1565
Al13Pd13,0.9724846537843439,https://elagente.ca/grafico/ConceptualAtoms_8a99a964-00ca-452b-ac50-96fd5aba65b9,https://elagente.ca/ontomlff/MLFFElasticityResult_a41622fc-c431-458e-8d45-0ce8c1b46968,[],[],0.3603387992131971,eV/Å^3,0.962176623709547,/scratch/kenko/akg4pyscf/.graphchat-workspaces/kenko_room/mlff_elasticity_benchmark/workflow_runs/MatterSim/elasticity_MatterSim/structures/Al13Pd13_19d5364d/output.json,mp-669546,cif,https://elagente.ca/grafico/ConceptualAtoms_8a99a964-00ca-452b-ac50-96fd5aba65b9,mp-669546
Nb8Ni2Si2,1.240003346745373,https://elagente.ca/grafico/ConceptualAtoms_8ae4a42f-4fd0-45bb-a02a-8aa03b0e43d1,https://elagente.ca/ontomlff/MLFFElasticityResult_ba57ee00-357d-4f00-9288-7b1fc6007b9d,[],[],0.5361121055196387,eV/Å^3,1.4057461324604774,/scratch/kenko/akg4pyscf/.graphchat-workspaces/kenko_room/mlff_elasticity_benchmark/workflow_runs/MatterSim/elasticity_MatterSim/structures/Nb8Ni2Si2_496e8366/output.json,mp-22396,cif,https://elagente.ca/grafico/ConceptualAtoms_8ae4a42f-4fd0-45bb-a02a-8aa03b0e43d1,mp-22396
H16B4Mg2,0.2202031856451922,https://elagente.ca/grafico/ConceptualAtoms_8bb781d5-368e-4006-95e7-57cb8b782978,https://elagente.ca/ontomlff/MLFFElasticityResult_3aac2f98-ca75-498d-adf5-a28123ff16d5,[],[],0.17617567273118867,eV/Å^3,0.4172516279432607,/scratch/kenko/akg4pyscf/.graphchat-workspaces/kenko_room/mlff_elasticity_benchmark/workflow_runs/MatterSim/elasticity_MatterSim/structures/H16B4Mg2_c362da6f/output.json,mp-1190680,cif,https://elagente.ca/grafico/ConceptualAtoms_8bb781d5-368e-4006-95e7-57cb8b782978,mp-1190680
Ir2Li2Sn8,0.47992514016118193,https://elagente.ca/grafico/ConceptualAtoms_8bd39a87-a312-45a7-a683-3fd79f3af0bc,https://elagente.ca/ontomlff/MLFFElasticityResult_8a066684-f060-414a-92ce-87d3aa488ad5,[],[],0.2184105247064571,eV/Å^3,0.5689267345911051,/scratch/kenko/akg4pyscf/.graphchat-workspaces/kenko_room/mlff_elasticity_benchmark/workflow_runs/MatterSim/elasticity_MatterSim/structures/Ir2Li2Sn8_b56ee628/output.json,mp-21894,cif,https://elagente.ca/grafico/ConceptualAtoms_8bd39a87-a312-45a7-a683-3fd79f3af0bc,mp-21894
Cu5Ho,0.6542737238801957,https://elagente.ca/grafico/ConceptualAtoms_8bf04ca5-3efd-4905-a97c-baa3ab8f5870,https://elagente.ca/ontomlff/MLFFElasticityResult_d42b10f8-d3a6-47f2-ad54-d9299874ef56,[],[],0.2948640282261723,eV/Å^3,0.7690603066251868,/scratch/kenko/akg4pyscf/.graphchat-workspaces/kenko_room/mlff_elasticity_benchmark/workflow_runs/MatterSim/elasticity_MatterSim/structures/Cu5Ho_923d733c/output.json,mp-580364,cif,https://elagente.ca/grafico/ConceptualAtoms_8bf04ca5-3efd-4905-a97c-baa3ab8f5870,mp-580364
Cu10Zn16,0.681536657412146,https://elagente.ca/grafico/ConceptualAtoms_8bfce78b-bd03-4ea6-9820-f3da74cf99df,https://elagente.ca/ontomlff/MLFFElasticityResult_d9b1d4fc-f303-48ad-a036-ef9cc36be23b,[],[],0.24988817541262864,eV/Å^3,0.6680203981634754,/scratch/kenko/akg4pyscf/.graphchat-workspaces/kenko_room/mlff_elasticity_benchmark/workflow_runs/MatterSim/elasticity_MatterSim/structures/Cu10Zn16_a1b6c375/output.json,mp-1368,cif,https://elagente.ca/grafico/ConceptualAtoms_8bfce78b-bd03-4ea6-9820-f3da74cf99df,mp-1368
O6Sm2,0.5884980250613085,https://elagente.ca/grafico/ConceptualAtoms_8c1abb99-a85f-4e58-ad7e-05183847ca98,https://elagente.ca/ontomlff/MLFFElasticityResult_adcd81be-ba73-438b-bdfc-d633cf6ca8ca,[],[],0.1976895561452064,eV/Å^3,0.5333475705435748,/scratch/kenko/akg4pyscf/.graphchat-workspaces/kenko_room/mlff_elasticity_benchmark/workflow_runs/MatterSim/elasticity_MatterSim/structures/O6Sm2_e13f4251/output.json,mp-1025421,cif,https://elagente.ca/grafico/ConceptualAtoms_8c1abb99-a85f-4e58-ad7e-05183847ca98,mp-1025421
Er2OsPd,0.7347735804033138,https://elagente.ca/grafico/ConceptualAtoms_8cc682d8-ee54-40da-ba22-3ff6a7c01122,https://elagente.ca/ontomlff/MLFFElasticityResult_47655b49-d997-4d5a-af09-839978720d90,[],[],0.2944552648930213,eV/Å^3,0.7792701460757612,/scratch/kenko/akg4pyscf/.graphchat-workspaces/kenko_room/mlff_elasticity_benchmark/workflow_runs/MatterSim/elasticity_MatterSim/structures/Er2OsPd_e3adebd6/output.json,mp-867213,cif,https://elagente.ca/grafico/ConceptualAtoms_8cc682d8-ee54-40da-ba22-3ff6a7c01122,mp-867213
Lu2Te4,0.39487117778657477,https://elagente.ca/grafico/ConceptualAtoms_8d0556e5-9012-46c9-8f24-e341442c483a,https://elagente.ca/ontomlff/MLFFElasticityResult_9d865b33-9e18-4192-bc4a-ff97a5fc0baf,[],[],0.1626806182336196,eV/Å^3,0.4291126664811047,/scratch/kenko/akg4pyscf/.graphchat-workspaces/kenko_room/mlff_elasticity_benchmark/workflow_runs/MatterSim/elasticity_MatterSim/structures/Lu2Te4_28d871ad/output.json,mp-973750,cif,https://elagente.ca/grafico/ConceptualAtoms_8d0556e5-9012-46c9-8f24-e341442c483a,mp-973750
Bi2FeTb6,0.33516703700015277,https://elagente.ca/grafico/ConceptualAtoms_8d590165-e8fe-4ede-9f4b-152bf21c446a,https://elagente.ca/ontomlff/MLFFElasticityResult_9e305ab4-8687-40c9-955d-cb562f737005,[],[],0.17285017745798242,eV/Å^3,0.44248531106033795,/scratch/kenko/akg4pyscf/.graphchat-workspaces/kenko_room/mlff_elasticity_benchmark/workflow_runs/MatterSim/elasticity_MatterSim/structures/Bi2FeTb6_db8b9f92/output.json,mp-22972,cif,https://elagente.ca/grafico/ConceptualAtoms_8d590165-e8fe-4ede-9f4b-152bf21c446a,mp-22972
Pd3Sn,0.9532289025889197,https://elagente.ca/grafico/ConceptualAtoms_8dd93a01-5c93-454b-864c-bcd142d832c1,https://elagente.ca/ontomlff/MLFFElasticityResult_4c43df31-04cd-4ba4-813b-eb4c3057c92c,[],[],0.3042096333220563,eV/Å^3,0.8248793427470229,/scratch/kenko/akg4pyscf/.graphchat-workspaces/kenko_room/mlff_elasticity_benchmark/workflow_runs/MatterSim/elasticity_MatterSim/structures/Pd3Sn_119fefc7/output.json,mp-718,cif,https://elagente.ca/grafico/ConceptualAtoms_8dd93a01-5c93-454b-864c-bcd142d832c1,mp-718
Mg4Si2,0.29621083413093063,https://elagente.ca/grafico/ConceptualAtoms_8ded4c8a-644a-454c-95b0-ba704a202387,https://elagente.ca/ontomlff/MLFFElasticityResult_209d24a9-d42b-48e6-81c5-51d2d230116f,[],[],0.1210605605297632,eV/Å^3,0.31963678704472476,/scratch/kenko/akg4pyscf/.graphchat-workspaces/kenko_room/mlff_elasticity_benchmark/workflow_runs/MatterSim/elasticity_MatterSim/structures/Mg4Si2_be628eab/output.json,mp-570657,cif,https://elagente.ca/grafico/ConceptualAtoms_8ded4c8a-644a-454c-95b0-ba704a202387,mp-570657
PSbSr3,0.18284694957810377,https://elagente.ca/grafico/ConceptualAtoms_8e235b3b-a600-43cf-a190-bd4a5975f9c3,https://elagente.ca/ontomlff/MLFFElasticityResult_36e026d4-f182-43d9-9d2d-e0f124c2dd6c,[],[],0.11586779068420155,eV/Å^3,0.2869839996293875,/scratch/kenko/akg4pyscf/.graphchat-workspaces/kenko_room/mlff_elasticity_benchmark/workflow_runs/MatterSim/elasticity_MatterSim/structures/PSbSr3_0b38dfd0/output.json,mp-1013588,cif,https://elagente.ca/grafico/ConceptualAtoms_8e235b3b-a600-43cf-a190-bd4a5975f9c3,mp-1013588
Pt4Y12,0.41584077757582166,https://elagente.ca/grafico/ConceptualAtoms_8e5f138b-10c0-45df-bdc4-623ba119eb15,https://elagente.ca/ontomlff/MLFFElasticityResult_09eb1f99-0fb4-4a79-b075-0da8190e6820,[],[],0.17910635627772906,eV/Å^3,0.46986124934663115,/scratch/kenko/akg4pyscf/.graphchat-workspaces/kenko_room/mlff_elasticity_benchmark/workflow_runs/MatterSim/elasticity_MatterSim/structures/Pt4Y12_2a924626/output.json,mp-7343,cif,https://elagente.ca/grafico/ConceptualAtoms_8e5f138b-10c0-45df-bdc4-623ba119eb15,mp-7343
B8Co8Sm2,1.3217316860540356,https://elagente.ca/grafico/ConceptualAtoms_8e7a661e-7273-4921-aa04-9ed8382cccc8,https://elagente.ca/ontomlff/MLFFElasticityResult_b5c53c85-dbb9-4ef2-bf01-24f1b9aff96f,[],[],0.7800985800961155,eV/Å^3,1.9555647787974066,/scratch/kenko/akg4pyscf/.graphchat-workspaces/kenko_room/mlff_elasticity_benchmark/workflow_runs/MatterSim/elasticity_MatterSim/structures/B8Co8Sm2_62bc481e/output.json,mp-1105839,cif,https://elagente.ca/grafico/ConceptualAtoms_8e7a661e-7273-4921-aa04-9ed8382cccc8,mp-1105839
CaPd,0.3289539610549308,https://elagente.ca/grafico/ConceptualAtoms_8ead51ed-b30c-4e18-9a90-6695740237e9,https://elagente.ca/ontomlff/MLFFElasticityResult_77957962-38af-4d39-85e8-aaac20c0bdda,[],[],0.1474494452187456,eV/Å^3,0.38484735241304224,/scratch/kenko/akg4pyscf/.graphchat-workspaces/kenko_room/mlff_elasticity_benchmark/workflow_runs/MatterSim/elasticity_MatterSim/structures/CaPd_5009206f/output.json,mp-213,cif,https://elagente.ca/grafico/ConceptualAtoms_8ead51ed-b30c-4e18-9a90-6695740237e9,mp-213
GeMnSc2,0.47425444151329355,https://elagente.ca/grafico/ConceptualAtoms_8eef84b5-1ee4-49f2-83bf-3e1f842d61d3,https://elagente.ca/ontomlff/MLFFElasticityResult_ffb80d7b-8a69-4522-a422-c1fcaaeb1fde,[],[],0.15225524573542482,eV/Å^3,0.4126107152437667,/scratch/kenko/akg4pyscf/.graphchat-workspaces/kenko_room/mlff_elasticity_benchmark/workflow_runs/MatterSim/elasticity_MatterSim/structures/GeMnSc2_fbef075c/output.json,mp-999258,cif,https://elagente.ca/grafico/ConceptualAtoms_8eef84b5-1ee4-49f2-83bf-3e1f842d61d3,mp-999258
ErGaRh2,0.8947198382668893,https://elagente.ca/grafico/ConceptualAtoms_8ff9710c-8578-4a67-a797-8655c3fe71c4,https://elagente.ca/ontomlff/MLFFElasticityResult_f0626e60-7fe2-4c6e-b28e-aeb6616ef17f,[],[],0.3962176838110846,eV/Å^3,1.0357609448736693,/scratch/kenko/akg4pyscf/.graphchat-workspaces/kenko_room/mlff_elasticity_benchmark/workflow_runs/MatterSim/elasticity_MatterSim/structures/ErGaRh2_e8704745/output.json,mp-863711,cif,https://elagente.ca/grafico/ConceptualAtoms_8ff9710c-8578-4a67-a797-8655c3fe71c4,mp-863711
LuMg2Pr,0.2602185919715398,https://elagente.ca/grafico/ConceptualAtoms_902f0224-8e11-4338-81f9-e9a060f8410a,https://elagente.ca/ontomlff/MLFFElasticityResult_79d504a8-0986-48ed-9705-063fa593851e,[],[],0.14285558351832112,eV/Å^3,0.36227286840426337,/scratch/kenko/akg4pyscf/.graphchat-workspaces/kenko_room/mlff_elasticity_benchmark/workflow_runs/MatterSim/elasticity_MatterSim/structures/LuMg2Pr_2c41844c/output.json,mp-975972,cif,https://elagente.ca/grafico/ConceptualAtoms_902f0224-8e11-4338-81f9-e9a060f8410a,mp-975972
As8S16Tl8,0.2434484965101278,https://elagente.ca/grafico/ConceptualAtoms_905374bd-461e-41bd-8631-cfb500916a9d,https://elagente.ca/ontomlff/MLFFElasticityResult_73bbb674-b0c6-47c4-92cf-008d2f6f96b3,[],[],0.10977226450238695,eV/Å^3,0.2862872896210474,/scratch/kenko/akg4pyscf/.graphchat-workspaces/kenko_room/mlff_elasticity_benchmark/workflow_runs/MatterSim/elasticity_MatterSim/structures/As8S16Tl8_8f3443ce/output.json,mp-4988,cif,https://elagente.ca/grafico/ConceptualAtoms_905374bd-461e-41bd-8631-cfb500916a9d,mp-4988
LiPt,0.689490229221847,https://elagente.ca/grafico/ConceptualAtoms_90609c66-8d56-45e7-b652-abbd3b57e936,https://elagente.ca/ontomlff/MLFFElasticityResult_a439f8b7-6645-491a-b4d2-0e8d3e8c4703,[],[],0.3135885476524394,eV/Å^3,0.8169176179870586,/scratch/kenko/akg4pyscf/.graphchat-workspaces/kenko_room/mlff_elasticity_benchmark/workflow_runs/MatterSim/elasticity_MatterSim/structures/LiPt_13f49cc8/output.json,mp-11807,cif,https://elagente.ca/grafico/ConceptualAtoms_90609c66-8d56-45e7-b652-abbd3b57e936,mp-11807
I8Sr4,0.12318215844345176,https://elagente.ca/grafico/ConceptualAtoms_90614c71-cfd2-4f0e-9cbb-34781d5ca9da,https://elagente.ca/ontomlff/MLFFElasticityResult_c78e75f4-ca2d-400d-82ac-7bbbc38d8701,[],[],0.05523006046251662,eV/Å^3,0.14414690400524657,/scratch/kenko/akg4pyscf/.graphchat-workspaces/kenko_room/mlff_elasticity_benchmark/workflow_runs/MatterSim/elasticity_MatterSim/structures/I8Sr4_d1d3908a/output.json,mp-568284,cif,https://elagente.ca/grafico/ConceptualAtoms_90614c71-cfd2-4f0e-9cbb-34781d5ca9da,mp-568284
AuPm2Ru,0.5357507114903598,https://elagente.ca/grafico/ConceptualAtoms_90620594-42ff-4fc1-8287-c436e04e3ff0,https://elagente.ca/ontomlff/MLFFElasticityResult_6b5f611d-f0de-419a-a5aa-d32575b37f22,[],[],0.1946684434682538,eV/Å^3,0.520912977701253,/scratch/kenko/akg4pyscf/.graphchat-workspaces/kenko_room/mlff_elasticity_benchmark/workflow_runs/MatterSim/elasticity_MatterSim/structures/AuPm2Ru_245108bb/output.json,mp-863733,cif,https://elagente.ca/grafico/ConceptualAtoms_90620594-42ff-4fc1-8287-c436e04e3ff0,mp-863733
CsMn2P2,0.4562968140910262,https://elagente.ca/grafico/ConceptualAtoms_90703a69-5660-4703-9a5f-3f51169ab0b7,https://elagente.ca/ontomlff/MLFFElasticityResult_b1ac9737-8115-4a50-8b81-8f37394eb804,[],[],0.25830574761381875,eV/Å^3,0.651904677426763,/scratch/kenko/akg4pyscf/.graphchat-workspaces/kenko_room/mlff_elasticity_benchmark/workflow_runs/MatterSim/elasticity_MatterSim/structures/CsMn2P2_4af94834/output.json,mp-11181,cif,https://elagente.ca/grafico/ConceptualAtoms_90703a69-5660-4703-9a5f-3f51169ab0b7,mp-11181
MnSc2Si,0.5268731885908458,https://elagente.ca/grafico/ConceptualAtoms_90bbc256-a7e3-4900-9ba0-b5ab6875ba88,https://elagente.ca/ontomlff/MLFFElasticityResult_ceb5c923-e9fd-43d5-a097-44e6377a78e0,[],[],0.1841658239897202,eV/Å^3,0.49484108339766125,/scratch/kenko/akg4pyscf/.graphchat-workspaces/kenko_room/mlff_elasticity_benchmark/workflow_runs/MatterSim/elasticity_MatterSim/structures/MnSc2Si_fba1f39d/output.json,mp-999201,cif,https://elagente.ca/grafico/ConceptualAtoms_90bbc256-a7e3-4900-9ba0-b5ab6875ba88,mp-999201
TcYb3,0.16384946254292798,https://elagente.ca/grafico/ConceptualAtoms_90df34c7-b4fd-460c-a31b-f173cc1a1d63,https://elagente.ca/ontomlff/MLFFElasticityResult_58c4ddad-7166-41b0-a35b-c45a99797629,[],[],0.08907722686150846,eV/Å^3,0.22623407999312412,/scratch/kenko/akg4pyscf/.graphchat-workspaces/kenko_room/mlff_elasticity_benchmark/workflow_runs/MatterSim/elasticity_MatterSim/structures/TcYb3_078bcff8/output.json,mp-979938,cif,https://elagente.ca/grafico/ConceptualAtoms_90df34c7-b4fd-460c-a31b-f173cc1a1d63,mp-979938
Cu2DySi2,0.7497456890978329,https://elagente.ca/grafico/ConceptualAtoms_912b9872-5649-4a5f-8e5e-09f645efaf14,https://elagente.ca/ontomlff/MLFFElasticityResult_52ea3812-7c54-4a7c-937a-2ba1c5774fb7,[],[],0.4058514295013773,eV/Å^3,1.0314414153997329,/scratch/kenko/akg4pyscf/.graphchat-workspaces/kenko_room/mlff_elasticity_benchmark/workflow_runs/MatterSim/elasticity_MatterSim/structures/Cu2DySi2_41dc9f62/output.json,mp-2917,cif,https://elagente.ca/grafico/ConceptualAtoms_912b9872-5649-4a5f-8e5e-09f645efaf14,mp-2917
B24UZr,1.3914660549586695,https://elagente.ca/grafico/ConceptualAtoms_91a162f8-2d9c-45df-8554-e67561fae53d,https://elagente.ca/ontomlff/MLFFElasticityResult_9ddb764e-7d3a-49e5-a60c-6fc3da7f455f,[],[],1.1700580382887638,eV/Å^3,2.741694164284905,/scratch/kenko/akg4pyscf/.graphchat-workspaces/kenko_room/mlff_elasticity_benchmark/workflow_runs/MatterSim/elasticity_MatterSim/structures/B24UZr_15424a55/output.json,mp-1215198,cif,https://elagente.ca/grafico/ConceptualAtoms_91a162f8-2d9c-45df-8554-e67561fae53d,mp-1215198
CoLiS2,0.6016203274252523,https://elagente.ca/grafico/ConceptualAtoms_91b7f039-5318-4f79-a1d6-752696809eeb,https://elagente.ca/ontomlff/MLFFElasticityResult_422c3b96-881d-4609-b654-e1c0ec66a930,[],[],0.32093396882739467,eV/Å^3,0.817446477501811,/scratch/kenko/akg4pyscf/.graphchat-workspaces/kenko_room/mlff_elasticity_benchmark/workflow_runs/MatterSim/elasticity_MatterSim/structures/CoLiS2_87540799/output.json,mp-757100,cif,https://elagente.ca/grafico/ConceptualAtoms_91b7f039-5318-4f79-a1d6-752696809eeb,mp-757100
O3PbZr,0.923825558524445,https://elagente.ca/grafico/ConceptualAtoms_91dc02d0-9b7c-4469-b4e6-a9b76f460505,https://elagente.ca/ontomlff/MLFFElasticityResult_17a40c32-287b-4d98-bee5-d697c11d4ae9,[],[],0.4365786284698612,eV/Å^3,1.1314962223373115,/scratch/kenko/akg4pyscf/.graphchat-workspaces/kenko_room/mlff_elasticity_benchmark/workflow_runs/MatterSim/elasticity_MatterSim/structures/O3PbZr_aa5ce306/output.json,mp-20337,cif,https://elagente.ca/grafico/ConceptualAtoms_91dc02d0-9b7c-4469-b4e6-a9b76f460505,mp-20337
Cl4K4O12,0.35207227399402563,https://elagente.ca/grafico/ConceptualAtoms_9209876f-eb0a-42bc-bd44-f5da7ccbfdd5,https://elagente.ca/ontomlff/MLFFElasticityResult_4bbf6a8d-f325-4ecf-880f-ed817ff315ce,[],[],0.24544940358365713,eV/Å^3,0.5974983077505559,/scratch/kenko/akg4pyscf/.graphchat-workspaces/kenko_room/mlff_elasticity_benchmark/workflow_runs/MatterSim/elasticity_MatterSim/structures/Cl4K4O12_d7ec1fc5/output.json,mp-556084,cif,https://elagente.ca/grafico/ConceptualAtoms_9209876f-eb0a-42bc-bd44-f5da7ccbfdd5,mp-556084
Ba2Tl4,0.15714328502358635,https://elagente.ca/grafico/ConceptualAtoms_9291f499-8b66-4aa1-b6a4-a5c1649d820f,https://elagente.ca/ontomlff/MLFFElasticityResult_c0411584-eb34-473a-b932-5541485ee0a1,[],[],0.06818012165595688,eV/Å^3,0.17869653781764366,/scratch/kenko/akg4pyscf/.graphchat-workspaces/kenko_room/mlff_elasticity_benchmark/workflow_runs/MatterSim/elasticity_MatterSim/structures/Ba2Tl4_a72a7504/output.json,mp-30434,cif,https://elagente.ca/grafico/ConceptualAtoms_9291f499-8b66-4aa1-b6a4-a5c1649d820f,mp-30434
Hg2LiTb,0.3176022724113078,https://elagente.ca/grafico/ConceptualAtoms_92a02af8-3e51-42ba-ad5b-0c1958c485cc,https://elagente.ca/ontomlff/MLFFElasticityResult_16ca509c-e639-424c-ab22-48a66ad9b341,[],[],0.11981688910403288,eV/Å^3,0.31929841215568067,/scratch/kenko/akg4pyscf/.graphchat-workspaces/kenko_room/mlff_elasticity_benchmark/workflow_runs/MatterSim/elasticity_MatterSim/structures/Hg2LiTb_fa9c4904/output.json,mp-864804,cif,https://elagente.ca/grafico/ConceptualAtoms_92a02af8-3e51-42ba-ad5b-0c1958c485cc,mp-864804
F2Pb,0.4090182568792019,https://elagente.ca/grafico/ConceptualAtoms_92b2b5ac-9330-4a4f-a266-a7f58ecceb69,https://elagente.ca/ontomlff/MLFFElasticityResult_2f45a7e9-b447-48d0-966d-251749fab1ae,[],[],0.16533993194537494,eV/Å^3,0.43711991699073255,/scratch/kenko/akg4pyscf/.graphchat-workspaces/kenko_room/mlff_elasticity_benchmark/workflow_runs/MatterSim/elasticity_MatterSim/structures/F2Pb_f8bb5367/output.json,mp-315,cif,https://elagente.ca/grafico/ConceptualAtoms_92b2b5ac-9330-4a4f-a266-a7f58ecceb69,mp-315
CeLi2Pb,0.23092210408234076,https://elagente.ca/grafico/ConceptualAtoms_92b622ea-9ed8-4afe-bdee-a9ea52c61971,https://elagente.ca/ontomlff/MLFFElasticityResult_2d0c1cc7-da73-414d-978e-d53429ed720d,[],[],0.15592591783522194,eV/Å^3,0.3818353199909854,/scratch/kenko/akg4pyscf/.graphchat-workspaces/kenko_room/mlff_elasticity_benchmark/workflow_runs/MatterSim/elasticity_MatterSim/structures/CeLi2Pb_75e53f80/output.json,mp-865932,cif,https://elagente.ca/grafico/ConceptualAtoms_92b622ea-9ed8-4afe-bdee-a9ea52c61971,mp-865932
O3RbSb,0.7641980332684795,https://elagente.ca/grafico/ConceptualAtoms_92ebd9dc-6b71-4bf7-84ec-fbb2271c0ca8,https://elagente.ca/ontomlff/MLFFElasticityResult_b0dec038-edc3-4568-a2c2-37bbbe801d97,[],[],0.6198546675563343,eV/Å^3,1.4637941475589844,/scratch/kenko/akg4pyscf/.graphchat-workspaces/kenko_room/mlff_elasticity_benchmark/workflow_runs/MatterSim/elasticity_MatterSim/structures/O3RbSb_d6cfefdb/output.json,mp-975206,cif,https://elagente.ca/grafico/ConceptualAtoms_92ebd9dc-6b71-4bf7-84ec-fbb2271c0ca8,mp-975206
B2Gd,0.881314825630511,https://elagente.ca/grafico/ConceptualAtoms_9320b519-cbd8-415f-a9a4-ee6b83cde71f,https://elagente.ca/ontomlff/MLFFElasticityResult_ed95da46-fcc0-4ff3-bb99-46a8fda772fd,[],[],0.7284991122391407,eV/Å^3,1.7133966691981595,/scratch/kenko/akg4pyscf/.graphchat-workspaces/kenko_room/mlff_elasticity_benchmark/workflow_runs/MatterSim/elasticity_MatterSim/structures/B2Gd_3391a85e/output.json,mp-425,cif,https://elagente.ca/grafico/ConceptualAtoms_9320b519-cbd8-415f-a9a4-ee6b83cde71f,mp-425
Cl4Rh2,0.4574159588992559,https://elagente.ca/grafico/ConceptualAtoms_93253eb3-490e-4edc-a01d-a75fd46c6e63,https://elagente.ca/ontomlff/MLFFElasticityResult_1e4d0b85-be44-4b7e-9344-c8a16adf740c,[],[],0.1898921283863263,eV/Å^3,0.5004271111392385,/scratch/kenko/akg4pyscf/.graphchat-workspaces/kenko_room/mlff_elasticity_benchmark/workflow_runs/MatterSim/elasticity_MatterSim/structures/Cl4Rh2_6dffd928/output.json,mp-867259,cif,https://elagente.ca/grafico/ConceptualAtoms_93253eb3-490e-4edc-a01d-a75fd46c6e63,mp-867259
Cu2Ge2Ti2,0.8301574861612357,https://elagente.ca/grafico/ConceptualAtoms_9346ef7f-6d5e-49ec-860e-686b9f187f9d,https://elagente.ca/ontomlff/MLFFElasticityResult_a919e581-2891-4c84-a5c3-9473e1960567,[],[],0.411192025505612,eV/Å^3,1.0587672216967723,/scratch/kenko/akg4pyscf/.graphchat-workspaces/kenko_room/mlff_elasticity_benchmark/workflow_runs/MatterSim/elasticity_MatterSim/structures/Cu2Ge2Ti2_bdc0d97d/output.json,mp-753490,cif,https://elagente.ca/grafico/ConceptualAtoms_9346ef7f-6d5e-49ec-860e-686b9f187f9d,mp-753490
AgO3Sr,0.6905581268558485,https://elagente.ca/grafico/ConceptualAtoms_934b82b1-ac55-48a2-9ae8-8b89252358d1,https://elagente.ca/ontomlff/MLFFElasticityResult_66b858bc-b092-4f9d-aa6b-5336cdf26294,[],[],0.3264090676918439,eV/Å^3,0.8459421672080879,/scratch/kenko/akg4pyscf/.graphchat-workspaces/kenko_room/mlff_elasticity_benchmark/workflow_runs/MatterSim/elasticity_MatterSim/structures/AgO3Sr_5810a783/output.json,mp-979294,cif,https://elagente.ca/grafico/ConceptualAtoms_934b82b1-ac55-48a2-9ae8-8b89252358d1,mp-979294
C2,0.7409208178376514,https://elagente.ca/grafico/ConceptualAtoms_935724e9-8c89-4c7e-bb4d-deb79c7aa94f,https://elagente.ca/ontomlff/MLFFElasticityResult_9659d5bb-4af7-48d9-bd80-3cd71b579701,[],[],0.36044030247815617,eV/Å^3,0.9304416804563691,/scratch/kenko/akg4pyscf/.graphchat-workspaces/kenko_room/mlff_elasticity_benchmark/workflow_runs/MatterSim/elasticity_MatterSim/structures/C2_2adce581/output.json,mp-169,cif,https://elagente.ca/grafico/ConceptualAtoms_935724e9-8c89-4c7e-bb4d-deb79c7aa94f,mp-169
Se4Ta2,0.574144630474499,https://elagente.ca/grafico/ConceptualAtoms_9357e0b7-5e14-49c5-9dc7-df6308d018d5,https://elagente.ca/ontomlff/MLFFElasticityResult_b3aa3e5e-ffee-4316-95bf-ee69b8af7a3c,[],[],0.3186991376923799,eV/Å^3,0.8068139431851333,/scratch/kenko/akg4pyscf/.graphchat-workspaces/kenko_room/mlff_elasticity_benchmark/workflow_runs/MatterSim/elasticity_MatterSim/structures/Se4Ta2_f02b77c2/output.json,mp-500,cif,https://elagente.ca/grafico/ConceptualAtoms_9357e0b7-5e14-49c5-9dc7-df6308d018d5,mp-500
CdO6Sb2,0.964577099973938,https://elagente.ca/grafico/ConceptualAtoms_9383523f-a31d-464f-8944-104a1db1762f,https://elagente.ca/ontomlff/MLFFElasticityResult_5b8b6a93-1896-4373-88f9-dc8767108b70,[],[],0.5789844054481744,eV/Å^3,1.4473617523207263,/scratch/kenko/akg4pyscf/.graphchat-workspaces/kenko_room/mlff_elasticity_benchmark/workflow_runs/MatterSim/elasticity_MatterSim/structures/CdO6Sb2_1dc924a8/output.json,mp-8922,cif,https://elagente.ca/grafico/ConceptualAtoms_9383523f-a31d-464f-8944-104a1db1762f,mp-8922
Gd2O2S,0.73356130427972,https://elagente.ca/grafico/ConceptualAtoms_93aac984-d489-49c1-abdb-54db920edb79,https://elagente.ca/ontomlff/MLFFElasticityResult_062d125b-fec9-4ac2-9176-dbfa969daf27,[],[],0.39177536256988926,eV/Å^3,0.9977094869329206,/scratch/kenko/akg4pyscf/.graphchat-workspaces/kenko_room/mlff_elasticity_benchmark/workflow_runs/MatterSim/elasticity_MatterSim/structures/Gd2O2S_94d355fe/output.json,mp-4805,cif,https://elagente.ca/grafico/ConceptualAtoms_93aac984-d489-49c1-abdb-54db920edb79,mp-4805
As2Ge2Te5,0.3444246447468282,https://elagente.ca/grafico/ConceptualAtoms_93cb9f3a-9423-4c87-b6d7-3976ef114509,https://elagente.ca/ontomlff/MLFFElasticityResult_206cad33-0f81-4a71-b896-d7599003f662,[],[],0.18710969098052116,eV/Å^3,0.4752658816582014,/scratch/kenko/akg4pyscf/.graphchat-workspaces/kenko_room/mlff_elasticity_benchmark/workflow_runs/MatterSim/elasticity_MatterSim/structures/As2Ge2Te5_79b40687/output.json,mp-14791,cif,https://elagente.ca/grafico/ConceptualAtoms_93cb9f3a-9423-4c87-b6d7-3976ef114509,mp-14791
AlHfIr2,1.3286466858860753,https://elagente.ca/grafico/ConceptualAtoms_94145e4d-e4b1-4de5-b583-7a251af8fb9b,https://elagente.ca/ontomlff/MLFFElasticityResult_d3871c50-e784-4a37-bb11-15a68a376882,[],[],0.40721381308239635,eV/Å^3,1.1084040514086775,/scratch/kenko/akg4pyscf/.graphchat-workspaces/kenko_room/mlff_elasticity_benchmark/workflow_runs/MatterSim/elasticity_MatterSim/structures/AlHfIr2_b90fd7ce/output.json,mp-982870,cif,https://elagente.ca/grafico/ConceptualAtoms_94145e4d-e4b1-4de5-b583-7a251af8fb9b,mp-982870
N2Re2,2.610941615575088,https://elagente.ca/grafico/ConceptualAtoms_9424fd80-ce38-42a3-b328-bb1045dc5800,https://elagente.ca/ontomlff/MLFFElasticityResult_ad41957c-2a85-49fa-8a77-7e363f8ad5a2,[],[],1.0014309731630284,eV/Å^3,2.6637331662546817,/scratch/kenko/akg4pyscf/.graphchat-workspaces/kenko_room/mlff_elasticity_benchmark/workflow_runs/MatterSim/elasticity_MatterSim/structures/N2Re2_3b39c199/output.json,mp-999266,cif,https://elagente.ca/grafico/ConceptualAtoms_9424fd80-ce38-42a3-b328-bb1045dc5800,mp-999266
As4V4,1.0279889307668195,https://elagente.ca/grafico/ConceptualAtoms_943179ec-6caf-4f4c-afb2-88ccdc919308,https://elagente.ca/ontomlff/MLFFElasticityResult_a8839a3c-8f88-41d2-a07a-ce453ab1b2b4,[],[],0.5960632055876145,eV/Å^3,1.498552294301385,/scratch/kenko/akg4pyscf/.graphchat-workspaces/kenko_room/mlff_elasticity_benchmark/workflow_runs/MatterSim/elasticity_MatterSim/structures/As4V4_1b215c9b/output.json,mp-19940,cif,https://elagente.ca/grafico/ConceptualAtoms_943179ec-6caf-4f4c-afb2-88ccdc919308,mp-19940
LaN3Os,1.5078164161117251,https://elagente.ca/grafico/ConceptualAtoms_948ad45f-1272-48e3-9cc6-25428713e27f,https://elagente.ca/ontomlff/MLFFElasticityResult_a438bd2e-41d4-42bc-a601-8ee11a71ee9b,[],[],0.5790798179090499,eV/Å^3,1.54008226099621,/scratch/kenko/akg4pyscf/.graphchat-workspaces/kenko_room/mlff_elasticity_benchmark/workflow_runs/MatterSim/elasticity_MatterSim/structures/LaN3Os_d8e89db7/output.json,mp-989564,cif,https://elagente.ca/grafico/ConceptualAtoms_948ad45f-1272-48e3-9cc6-25428713e27f,mp-989564
LiRh,0.6524188465654999,https://elagente.ca/grafico/ConceptualAtoms_95449aa4-8d13-477b-992b-03032db3c3d4,https://elagente.ca/ontomlff/MLFFElasticityResult_56da052b-bcef-4858-946a-39d8557b49bb,[],[],0.28914890275245364,eV/Å^3,0.7557922138596768,/scratch/kenko/akg4pyscf/.graphchat-workspaces/kenko_room/mlff_elasticity_benchmark/workflow_runs/MatterSim/elasticity_MatterSim/structures/LiRh_48e51e1a/output.json,mp-600561,cif,https://elagente.ca/grafico/ConceptualAtoms_95449aa4-8d13-477b-992b-03032db3c3d4,mp-600561
Pd3Tl3Y3,0.5189151295145313,https://elagente.ca/grafico/ConceptualAtoms_95d65a89-d86f-4efd-a0a4-fa1ab271ca39,https://elagente.ca/ontomlff/MLFFElasticityResult_af94a812-6e50-46ff-9d99-e43fe17b7a3a,[],[],0.20666865981393098,eV/Å^3,0.5473424975061654,/scratch/kenko/akg4pyscf/.graphchat-workspaces/kenko_room/mlff_elasticity_benchmark/workflow_runs/MatterSim/elasticity_MatterSim/structures/Pd3Tl3Y3_f46b5697/output.json,mp-11547,cif,https://elagente.ca/grafico/ConceptualAtoms_95d65a89-d86f-4efd-a0a4-fa1ab271ca39,mp-11547
Cs2Pt4Se6,0.3718088645086026,https://elagente.ca/grafico/ConceptualAtoms_96199446-fc11-4af3-b65b-51ec0ea1ef56,https://elagente.ca/ontomlff/MLFFElasticityResult_6be75db1-3adc-41af-9025-9dae5036e075,[],[],0.1813861048042711,eV/Å^3,0.46804650800060066,/scratch/kenko/akg4pyscf/.graphchat-workspaces/kenko_room/mlff_elasticity_benchmark/workflow_runs/MatterSim/elasticity_MatterSim/structures/Cs2Pt4Se6_96aebcda/output.json,mp-573316,cif,https://elagente.ca/grafico/ConceptualAtoms_96199446-fc11-4af3-b65b-51ec0ea1ef56,mp-573316
Ce2Os4,1.2287877434066317,https://elagente.ca/grafico/ConceptualAtoms_9640f195-8ceb-44ca-b26d-64929b9c4e14,https://elagente.ca/ontomlff/MLFFElasticityResult_78cc15f0-3923-46d0-a491-d5a4ad6d423c,[],[],0.2899819967589522,eV/Å^3,0.8065036428616157,/scratch/kenko/akg4pyscf/.graphchat-workspaces/kenko_room/mlff_elasticity_benchmark/workflow_runs/MatterSim/elasticity_MatterSim/structures/Ce2Os4_c5656498/output.json,mp-2098,cif,https://elagente.ca/grafico/ConceptualAtoms_9640f195-8ceb-44ca-b26d-64929b9c4e14,mp-2098
F3La,0.768900661874341,https://elagente.ca/grafico/ConceptualAtoms_966dd10a-636b-429b-87a7-a352c61651d9,https://elagente.ca/ontomlff/MLFFElasticityResult_89814688-47fb-4229-9d51-941db1eee626,[],[],0.07278888134241782,eV/Å^3,0.2116867849187744,/scratch/kenko/akg4pyscf/.graphchat-workspaces/kenko_room/mlff_elasticity_benchmark/workflow_runs/MatterSim/elasticity_MatterSim/structures/F3La_38389ace/output.json,mp-13181,cif,https://elagente.ca/grafico/ConceptualAtoms_966dd10a-636b-429b-87a7-a352c61651d9,mp-13181
CuSb3Ti2,0.6165413293871955,https://elagente.ca/grafico/ConceptualAtoms_968c83c0-065d-4351-805f-eeb417e7b5be,https://elagente.ca/ontomlff/MLFFElasticityResult_efdaeb91-7ab7-4877-8d4f-4edb0215b964,[],[],0.3190808847200624,eV/Å^3,0.8164038351947623,/scratch/kenko/akg4pyscf/.graphchat-workspaces/kenko_room/mlff_elasticity_benchmark/workflow_runs/MatterSim/elasticity_MatterSim/structures/CuSb3Ti2_72c1d0b7/output.json,mp-505804,cif,https://elagente.ca/grafico/ConceptualAtoms_968c83c0-065d-4351-805f-eeb417e7b5be,mp-505804
Ni3Sn,1.04085303321309,https://elagente.ca/grafico/ConceptualAtoms_972d7a23-2901-4f20-9728-bec17189bc7a,https://elagente.ca/ontomlff/MLFFElasticityResult_6e88092b-6a78-4acb-b6fb-fddaf24f8f51,[],[],0.12592376614555068,eV/Å^3,0.3631274210925906,/scratch/kenko/akg4pyscf/.graphchat-workspaces/kenko_room/mlff_elasticity_benchmark/workflow_runs/MatterSim/elasticity_MatterSim/structures/Ni3Sn_a13eae6c/output.json,mp-11523,cif,https://elagente.ca/grafico/ConceptualAtoms_972d7a23-2901-4f20-9728-bec17189bc7a,mp-11523
B2Ni4,1.6171297577477102,https://elagente.ca/grafico/ConceptualAtoms_976614a1-244d-44e3-ad98-adebd6ce9105,https://elagente.ca/ontomlff/MLFFElasticityResult_9bdc46d1-4cba-413d-8397-1f9ea01ddbf5,[],[],0.6918163760025952,eV/Å^3,1.8164239744828627,/scratch/kenko/akg4pyscf/.graphchat-workspaces/kenko_room/mlff_elasticity_benchmark/workflow_runs/MatterSim/elasticity_MatterSim/structures/B2Ni4_fbd7afb7/output.json,mp-2536,cif,https://elagente.ca/grafico/ConceptualAtoms_976614a1-244d-44e3-ad98-adebd6ce9105,mp-2536
DyHoMg2,0.2708895077677208,https://elagente.ca/grafico/ConceptualAtoms_97ccfe02-197f-47e1-8b15-02faa7f4acf3,https://elagente.ca/ontomlff/MLFFElasticityResult_8eaceb93-8be5-45c3-9545-10d9be45b294,[],[],0.15656805620963002,eV/Å^3,0.3938293304002788,/scratch/kenko/akg4pyscf/.graphchat-workspaces/kenko_room/mlff_elasticity_benchmark/workflow_runs/MatterSim/elasticity_MatterSim/structures/DyHoMg2_8a31d8c0/output.json,mp-862692,cif,https://elagente.ca/grafico/ConceptualAtoms_97ccfe02-197f-47e1-8b15-02faa7f4acf3,mp-862692
BPrRh3,1.0519100958470322,https://elagente.ca/grafico/ConceptualAtoms_982955d2-a104-4e3d-9e9c-d474ea638eac,https://elagente.ca/ontomlff/MLFFElasticityResult_648c25d1-60db-4081-9d2c-6508ed13c9fa,[],[],0.44391679773898873,eV/Å^3,1.1675158569031054,/scratch/kenko/akg4pyscf/.graphchat-workspaces/kenko_room/mlff_elasticity_benchmark/workflow_runs/MatterSim/elasticity_MatterSim/structures/BPrRh3_4e7bfefb/output.json,mp-5200,cif,https://elagente.ca/grafico/ConceptualAtoms_982955d2-a104-4e3d-9e9c-d474ea638eac,mp-5200
Ni3Se2,0.7755875797717471,https://elagente.ca/grafico/ConceptualAtoms_9849ac87-ced2-4253-87c3-da423b52538a,https://elagente.ca/ontomlff/MLFFElasticityResult_5313ddd3-be34-4f17-9c31-52eeec147661,[],[],0.33118106782376583,eV/Å^3,0.8697472457949578,/scratch/kenko/akg4pyscf/.graphchat-workspaces/kenko_room/mlff_elasticity_benchmark/workflow_runs/MatterSim/elasticity_MatterSim/structures/Ni3Se2_c785fbfc/output.json,mp-2056,cif,https://elagente.ca/grafico/ConceptualAtoms_9849ac87-ced2-4253-87c3-da423b52538a,mp-2056
Au2Ni6,1.154048265506586,https://elagente.ca/grafico/ConceptualAtoms_98dcf3d2-ee8f-4f2c-b9a1-e12f4931bdba,https://elagente.ca/ontomlff/MLFFElasticityResult_121a5262-30b9-4945-a004-9161330b1f8c,[],[],0.44697986441539284,eV/Å^3,1.187612940973333,/scratch/kenko/akg4pyscf/.graphchat-workspaces/kenko_room/mlff_elasticity_benchmark/workflow_runs/MatterSim/elasticity_MatterSim/structures/Au2Ni6_5f47784b/output.json,mp-976838,cif,https://elagente.ca/grafico/ConceptualAtoms_98dcf3d2-ee8f-4f2c-b9a1-e12f4931bdba,mp-976838
CrNaS2,0.47727416063168665,https://elagente.ca/grafico/ConceptualAtoms_98fbb28f-c4eb-4980-b2fb-0bdf2dae4025,https://elagente.ca/ontomlff/MLFFElasticityResult_ff54beee-ffcd-4f9d-b04e-8e3a3657357d,[],[],0.2686534803970523,eV/Å^3,0.6786289867103242,/scratch/kenko/akg4pyscf/.graphchat-workspaces/kenko_room/mlff_elasticity_benchmark/workflow_runs/MatterSim/elasticity_MatterSim/structures/CrNaS2_fc4c49d3/output.json,mp-5693,cif,https://elagente.ca/grafico/ConceptualAtoms_98fbb28f-c4eb-4980-b2fb-0bdf2dae4025,mp-5693
Nb2S4,0.5985836699243486,https://elagente.ca/grafico/ConceptualAtoms_991d1ca0-f4d1-43c4-a88b-f2ea162f9215,https://elagente.ca/ontomlff/MLFFElasticityResult_495479af-8715-4b89-8cb2-62d8ace91659,[],[],0.36359674310742984,eV/Å^3,0.9071200565740912,/scratch/kenko/akg4pyscf/.graphchat-workspaces/kenko_room/mlff_elasticity_benchmark/workflow_runs/MatterSim/elasticity_MatterSim/structures/Nb2S4_7c79299b/output.json,mp-774873,cif,https://elagente.ca/grafico/ConceptualAtoms_991d1ca0-f4d1-43c4-a88b-f2ea162f9215,mp-774873
B2Nb2,1.6623735138359992,https://elagente.ca/grafico/ConceptualAtoms_993dd5ae-4baa-42d9-bd05-ad2679fa7672,https://elagente.ca/ontomlff/MLFFElasticityResult_fb97a09a-e8e9-490a-bce9-31e6f289957c,[],[],1.1756441231319046,eV/Å^3,2.8541146425474606,/scratch/kenko/akg4pyscf/.graphchat-workspaces/kenko_room/mlff_elasticity_benchmark/workflow_runs/MatterSim/elasticity_MatterSim/structures/B2Nb2_b917e8c5/output.json,mp-2580,cif,https://elagente.ca/grafico/ConceptualAtoms_993dd5ae-4baa-42d9-bd05-ad2679fa7672,mp-2580
Mo2Ni6,1.5382149182827338,https://elagente.ca/grafico/ConceptualAtoms_99593d63-1f59-4f6d-96e0-d904f4fe693d,https://elagente.ca/ontomlff/MLFFElasticityResult_2a08ba20-6876-4141-91df-3af7d3bd75df,[],[],0.6822806404385098,eV/Å^3,1.7831945197126682,/scratch/kenko/akg4pyscf/.graphchat-workspaces/kenko_room/mlff_elasticity_benchmark/workflow_runs/MatterSim/elasticity_MatterSim/structures/Mo2Ni6_8adae1f5/output.json,mp-11506,cif,https://elagente.ca/grafico/ConceptualAtoms_99593d63-1f59-4f6d-96e0-d904f4fe693d,mp-11506
Er2Fe8Ge4,0.7415334682018853,https://elagente.ca/grafico/ConceptualAtoms_99e6f19d-d9bd-4174-aee3-ef3802f70bb7,https://elagente.ca/ontomlff/MLFFElasticityResult_5462531e-60b4-4666-a88a-9027955c7027,[],[],0.48236886994309525,eV/Å^3,1.1892391908550166,/scratch/kenko/akg4pyscf/.graphchat-workspaces/kenko_room/mlff_elasticity_benchmark/workflow_runs/MatterSim/elasticity_MatterSim/structures/Er2Fe8Ge4_c9aaf87b/output.json,mp-3501,cif,https://elagente.ca/grafico/ConceptualAtoms_99e6f19d-d9bd-4174-aee3-ef3802f70bb7,mp-3501
Ge2Pr2Sc2,0.39238557369655436,https://elagente.ca/grafico/ConceptualAtoms_9a1b6cc9-50bc-4bd6-b598-a99aeb9f9683,https://elagente.ca/ontomlff/MLFFElasticityResult_3aeb2b81-6e6a-4114-a63f-fa370fb2b2f6,[],[],0.1999858647769317,eV/Å^3,0.5128329642720783,/scratch/kenko/akg4pyscf/.graphchat-workspaces/kenko_room/mlff_elasticity_benchmark/workflow_runs/MatterSim/elasticity_MatterSim/structures/Ge2Pr2Sc2_08463173/output.json,mp-4738,cif,https://elagente.ca/grafico/ConceptualAtoms_9a1b6cc9-50bc-4bd6-b598-a99aeb9f9683,mp-4738
RuSi3,1.1666812140102816,https://elagente.ca/grafico/ConceptualAtoms_9a3cb10c-18c6-49b6-ab73-e541f22de75e,https://elagente.ca/ontomlff/MLFFElasticityResult_f5fbddb3-70a0-4886-b39c-c3fb00065408,[],[],-0.6693580059201385,eV/Å^3,-2.4829131885681432,/scratch/kenko/akg4pyscf/.graphchat-workspaces/kenko_room/mlff_elasticity_benchmark/workflow_runs/MatterSim/elasticity_MatterSim/structures/RuSi3_9911e049/output.json,mp-978509,cif,https://elagente.ca/grafico/ConceptualAtoms_9a3cb10c-18c6-49b6-ab73-e541f22de75e,mp-978509
As2K2Mn2,0.12497406392882246,https://elagente.ca/grafico/ConceptualAtoms_9b23efb0-0969-4aeb-a02e-bbaef5c97587,https://elagente.ca/ontomlff/MLFFElasticityResult_8835b934-f2fc-4095-9469-a9579bfc4b59,[],[],0.10471155561276295,eV/Å^3,0.24555415136185213,/scratch/kenko/akg4pyscf/.graphchat-workspaces/kenko_room/mlff_elasticity_benchmark/workflow_runs/MatterSim/elasticity_MatterSim/structures/As2K2Mn2_c5af8525/output.json,mp-21847,cif,https://elagente.ca/grafico/ConceptualAtoms_9b23efb0-0969-4aeb-a02e-bbaef5c97587,mp-21847
B4Li4,0.36961710191397923,https://elagente.ca/grafico/ConceptualAtoms_9b435ca9-13e3-45c2-a0d9-0b85701dea56,https://elagente.ca/ontomlff/MLFFElasticityResult_aaeff39d-88d6-4d7c-a251-7c48e36084b8,[],[],0.25404715499546604,eV/Å^3,0.6200766843283351,/scratch/kenko/akg4pyscf/.graphchat-workspaces/kenko_room/mlff_elasticity_benchmark/workflow_runs/MatterSim/elasticity_MatterSim/structures/B4Li4_261cc4c4/output.json,mp-1205309,cif,https://elagente.ca/grafico/ConceptualAtoms_9b435ca9-13e3-45c2-a0d9-0b85701dea56,mp-1205309
Ge4Sm2,0.398601151306075,https://elagente.ca/grafico/ConceptualAtoms_9b53ec9d-0b0c-4b05-a979-4c4f7db82c47,https://elagente.ca/ontomlff/MLFFElasticityResult_3be88b97-c31a-43e7-9cad-59049e414e6a,[],[],0.16282079015752204,eV/Å^3,0.42992386766772045,/scratch/kenko/akg4pyscf/.graphchat-workspaces/kenko_room/mlff_elasticity_benchmark/workflow_runs/MatterSim/elasticity_MatterSim/structures/Ge4Sm2_9046f8a8/output.json,mp-12750,cif,https://elagente.ca/grafico/ConceptualAtoms_9b53ec9d-0b0c-4b05-a979-4c4f7db82c47,mp-12750
Nb2Se4Ti,0.7131152194654382,https://elagente.ca/grafico/ConceptualAtoms_9b6a050c-08b8-4c03-9443-2991b4133587,https://elagente.ca/ontomlff/MLFFElasticityResult_663691b5-8e8d-47da-9a75-fc08b0c3dbc7,[],[],0.3927012485586542,eV/Å^3,0.995388800471827,/scratch/kenko/akg4pyscf/.graphchat-workspaces/kenko_room/mlff_elasticity_benchmark/workflow_runs/MatterSim/elasticity_MatterSim/structures/Nb2Se4Ti_1af95bdd/output.json,mp-1025291,cif,https://elagente.ca/grafico/ConceptualAtoms_9b6a050c-08b8-4c03-9443-2991b4133587,mp-1025291
AlNi2Ta,1.099087870842666,https://elagente.ca/grafico/ConceptualAtoms_9c1028cf-7aef-4e17-8f91-4d2f741a8bb3,https://elagente.ca/ontomlff/MLFFElasticityResult_98ec1e30-6601-4ede-81e2-1cc7ad6558a0,[],[],0.2700874928208321,eV/Å^3,0.7489167474503173,/scratch/kenko/akg4pyscf/.graphchat-workspaces/kenko_room/mlff_elasticity_benchmark/workflow_runs/MatterSim/elasticity_MatterSim/structures/AlNi2Ta_3562644f/output.json,mp-5921,cif,https://elagente.ca/grafico/ConceptualAtoms_9c1028cf-7aef-4e17-8f91-4d2f741a8bb3,mp-5921
S6,0.1429963293518012,https://elagente.ca/grafico/ConceptualAtoms_9c359057-01e5-440e-a1f3-e8db0769cc3a,https://elagente.ca/ontomlff/MLFFElasticityResult_6b5b92ea-aa3b-4a28-ac47-686c2f6d946a,[],[],0.08548083501154072,eV/Å^3,0.21383374844685565,/scratch/kenko/akg4pyscf/.graphchat-workspaces/kenko_room/mlff_elasticity_benchmark/workflow_runs/MatterSim/elasticity_MatterSim/structures/S6_5dcb0692/output.json,mp-7,cif,https://elagente.ca/grafico/ConceptualAtoms_9c359057-01e5-440e-a1f3-e8db0769cc3a,mp-7
AgBiTe2,0.30655207333747136,https://elagente.ca/grafico/ConceptualAtoms_9c62fdb2-3182-45af-a25e-2d5660fda8f0,https://elagente.ca/ontomlff/MLFFElasticityResult_0fa5f9fe-e550-45aa-a01d-76755a7c4519,[],[],0.14560663306085825,eV/Å^3,0.3771126873986833,/scratch/kenko/akg4pyscf/.graphchat-workspaces/kenko_room/mlff_elasticity_benchmark/workflow_runs/MatterSim/elasticity_MatterSim/structures/AgBiTe2_8ef86e0b/output.json,mp-29656,cif,https://elagente.ca/grafico/ConceptualAtoms_9c62fdb2-3182-45af-a25e-2d5660fda8f0,mp-29656
Ni6P3,1.2536962423541724,https://elagente.ca/grafico/ConceptualAtoms_9cc84619-3131-49bb-8c92-bd43af17c5c3,https://elagente.ca/ontomlff/MLFFElasticityResult_178ef659-8e77-45e5-a45c-551eb0d43ea9,[],[],0.41475680935570247,eV/Å^3,1.1206859639819198,/scratch/kenko/akg4pyscf/.graphchat-workspaces/kenko_room/mlff_elasticity_benchmark/workflow_runs/MatterSim/elasticity_MatterSim/structures/Ni6P3_e3435eab/output.json,mp-21167,cif,https://elagente.ca/grafico/ConceptualAtoms_9cc84619-3131-49bb-8c92-bd43af17c5c3,mp-21167
MgPm2Sn,0.301272606071884,https://elagente.ca/grafico/ConceptualAtoms_9cdbfcd4-535a-4bd9-8707-ed4a1ee8aca5,https://elagente.ca/ontomlff/MLFFElasticityResult_01055e75-6c9e-4fa6-8f08-6df4b56763e9,[],[],0.21838949395046547,eV/Å^3,0.5276680533185969,/scratch/kenko/akg4pyscf/.graphchat-workspaces/kenko_room/mlff_elasticity_benchmark/workflow_runs/MatterSim/elasticity_MatterSim/structures/MgPm2Sn_f93b126b/output.json,mp-863703,cif,https://elagente.ca/grafico/ConceptualAtoms_9cdbfcd4-535a-4bd9-8707-ed4a1ee8aca5,mp-863703
As2Sr4,0.17004210023697522,https://elagente.ca/grafico/ConceptualAtoms_9d066911-130f-4b18-890f-9f8bb51c21ec,https://elagente.ca/ontomlff/MLFFElasticityResult_c435b2d9-435c-4bcc-974e-b138e6f3c140,[],[],0.11159719412715388,eV/Å^3,0.274697663587398,/scratch/kenko/akg4pyscf/.graphchat-workspaces/kenko_room/mlff_elasticity_benchmark/workflow_runs/MatterSim/elasticity_MatterSim/structures/As2Sr4_c5564c2e/output.json,mp-15697,cif,https://elagente.ca/grafico/ConceptualAtoms_9d066911-130f-4b18-890f-9f8bb51c21ec,mp-15697
Co3Zn,1.058753729339438,https://elagente.ca/grafico/ConceptualAtoms_9d2f249c-c2de-456e-a743-7ec425461446,https://elagente.ca/ontomlff/MLFFElasticityResult_40541395-5e01-4e6b-a952-a80e00d14990,[],[],0.3270518457002222,eV/Å^3,0.8895597458484177,/scratch/kenko/akg4pyscf/.graphchat-workspaces/kenko_room/mlff_elasticity_benchmark/workflow_runs/MatterSim/elasticity_MatterSim/structures/Co3Zn_8b24f339/output.json,mp-971744,cif,https://elagente.ca/grafico/ConceptualAtoms_9d2f249c-c2de-456e-a743-7ec425461446,mp-971744
ScTc2W,1.3747151448885537,https://elagente.ca/grafico/ConceptualAtoms_9d810e1f-d654-4d2b-8f30-02ecf0b41288,https://elagente.ca/ontomlff/MLFFElasticityResult_aab5803d-9cb3-4b8e-a72b-daf845214c88,[],[],0.6133187001184366,eV/Å^3,1.601752822897393,/scratch/kenko/akg4pyscf/.graphchat-workspaces/kenko_room/mlff_elasticity_benchmark/workflow_runs/MatterSim/elasticity_MatterSim/structures/ScTc2W_0a378b99/output.json,mp-862725,cif,https://elagente.ca/grafico/ConceptualAtoms_9d810e1f-d654-4d2b-8f30-02ecf0b41288,mp-862725
CdGeLi2,0.24210659330638162,https://elagente.ca/grafico/ConceptualAtoms_9dae9a3a-5990-4250-a456-e47da9c33392,https://elagente.ca/ontomlff/MLFFElasticityResult_04b4cbd4-8615-49ba-a325-e2ac6142bb17,[],[],0.10308788319507733,eV/Å^3,0.27082497051007237,/scratch/kenko/akg4pyscf/.graphchat-workspaces/kenko_room/mlff_elasticity_benchmark/workflow_runs/MatterSim/elasticity_MatterSim/structures/CdGeLi2_84d6f711/output.json,mp-10686,cif,https://elagente.ca/grafico/ConceptualAtoms_9dae9a3a-5990-4250-a456-e47da9c33392,mp-10686
InLi2Rh,0.4262660389725804,https://elagente.ca/grafico/ConceptualAtoms_9ea76cc8-dd56-4074-afe1-ad1bf8856d94,https://elagente.ca/ontomlff/MLFFElasticityResult_e9b0c00e-9f07-4f27-aacc-b6532ca5b45d,[],[],0.16559989073376363,eV/Å^3,0.43984170701628694,/scratch/kenko/akg4pyscf/.graphchat-workspaces/kenko_room/mlff_elasticity_benchmark/workflow_runs/MatterSim/elasticity_MatterSim/structures/InLi2Rh_39b28909/output.json,mp-31442,cif,https://elagente.ca/grafico/ConceptualAtoms_9ea76cc8-dd56-4074-afe1-ad1bf8856d94,mp-31442
Pt12Si10,1.1780419018075268,https://elagente.ca/grafico/ConceptualAtoms_9ea96ed0-8765-4fba-ae95-0ddb78430ee3,https://elagente.ca/ontomlff/MLFFElasticityResult_6af15322-5f8c-46e0-a377-cc32561b9b3b,[],[],0.4393540562391084,eV/Å^3,1.1723219120816408,/scratch/kenko/akg4pyscf/.graphchat-workspaces/kenko_room/mlff_elasticity_benchmark/workflow_runs/MatterSim/elasticity_MatterSim/structures/Pt12Si10_33240f59/output.json,mp-29661,cif,https://elagente.ca/grafico/ConceptualAtoms_9ea96ed0-8765-4fba-ae95-0ddb78430ee3,mp-29661
Pd4Sn12,0.444613110142583,https://elagente.ca/grafico/ConceptualAtoms_9eb23860-fc76-4e60-87c6-f4a3604d016d,https://elagente.ca/ontomlff/MLFFElasticityResult_ddcf0d3c-e6d1-47c5-a232-76d068f4f924,[],[],0.17122407919265623,eV/Å^3,0.4552341310344698,/scratch/kenko/akg4pyscf/.graphchat-workspaces/kenko_room/mlff_elasticity_benchmark/workflow_runs/MatterSim/elasticity_MatterSim/structures/Pd4Sn12_6aca9ec8/output.json,mp-1371,cif,https://elagente.ca/grafico/ConceptualAtoms_9eb23860-fc76-4e60-87c6-f4a3604d016d,mp-1371
ErSmTl2,0.35044265933799756,https://elagente.ca/grafico/ConceptualAtoms_9ed7cc26-cb4e-4753-8f2f-dd1f42c5a9f1,https://elagente.ca/ontomlff/MLFFElasticityResult_29588524-1145-410b-805a-e1a75ad6d8ae,[],[],0.17387294993826563,eV/Å^3,0.4475939237055033,/scratch/kenko/akg4pyscf/.graphchat-workspaces/kenko_room/mlff_elasticity_benchmark/workflow_runs/MatterSim/elasticity_MatterSim/structures/ErSmTl2_e5f187f4/output.json,mp-978543,cif,https://elagente.ca/grafico/ConceptualAtoms_9ed7cc26-cb4e-4753-8f2f-dd1f42c5a9f1,mp-978543
OsSi2Tc,1.5828585457696591,https://elagente.ca/grafico/ConceptualAtoms_9f13b185-106c-4da7-9564-fe444fed920e,https://elagente.ca/ontomlff/MLFFElasticityResult_ecfd76a5-ea07-4452-a650-9004f0c27db6,[],[],0.8629186256397395,eV/Å^3,2.190664823315597,/scratch/kenko/akg4pyscf/.graphchat-workspaces/kenko_room/mlff_elasticity_benchmark/workflow_runs/MatterSim/elasticity_MatterSim/structures/OsSi2Tc_267e569e/output.json,mp-978500,cif,https://elagente.ca/grafico/ConceptualAtoms_9f13b185-106c-4da7-9564-fe444fed920e,mp-978500
Mg8O16Si4,0.9868008142528275,https://elagente.ca/grafico/ConceptualAtoms_9f4bb606-e559-46aa-8969-e6972cc6fbdc,https://elagente.ca/ontomlff/MLFFElasticityResult_3d90c427-95f9-4b87-8c27-885766214b99,[],[],0.6824049746439997,eV/Å^3,1.6637113542448618,/scratch/kenko/akg4pyscf/.graphchat-workspaces/kenko_room/mlff_elasticity_benchmark/workflow_runs/MatterSim/elasticity_MatterSim/structures/Mg8O16Si4_62e18ba9/output.json,mp-5392,cif,https://elagente.ca/grafico/ConceptualAtoms_9f4bb606-e559-46aa-8969-e6972cc6fbdc,mp-5392
HfHgO3,1.0187922948453045,https://elagente.ca/grafico/ConceptualAtoms_9f7c87d1-1727-434b-aa0f-081b19162555,https://elagente.ca/ontomlff/MLFFElasticityResult_ae3d6265-faf3-4c2e-b62d-d65dc923c914,[],[],0.24658705085933308,eV/Å^3,0.6845333255346255,/scratch/kenko/akg4pyscf/.graphchat-workspaces/kenko_room/mlff_elasticity_benchmark/workflow_runs/MatterSim/elasticity_MatterSim/structures/HfHgO3_6d9f7193/output.json,mp-1016841,cif,https://elagente.ca/grafico/ConceptualAtoms_9f7c87d1-1727-434b-aa0f-081b19162555,mp-1016841
Hf4Pd4Si4,1.0737266627657798,https://elagente.ca/grafico/ConceptualAtoms_9fcb7ddd-7b5e-482b-983d-166b286fa833,https://elagente.ca/ontomlff/MLFFElasticityResult_5cdef014-b3c4-4f4a-a06d-c4fbb4836b5c,[],[],0.5302302768796627,eV/Å^3,1.365860065689355,/scratch/kenko/akg4pyscf/.graphchat-workspaces/kenko_room/mlff_elasticity_benchmark/workflow_runs/MatterSim/elasticity_MatterSim/structures/Hf4Pd4Si4_b0d87172/output.json,mp-10457,cif,https://elagente.ca/grafico/ConceptualAtoms_9fcb7ddd-7b5e-482b-983d-166b286fa833,mp-10457
O14Sn4Y4,1.063809046805584,https://elagente.ca/grafico/ConceptualAtoms_a0230294-53ba-4ebb-a210-604de7774391,https://elagente.ca/ontomlff/MLFFElasticityResult_a99303c3-e38f-470a-b08f-46b5cec11fcb,[],[],0.6224946152780866,eV/Å^3,1.5626798376201874,/scratch/kenko/akg4pyscf/.graphchat-workspaces/kenko_room/mlff_elasticity_benchmark/workflow_runs/MatterSim/elasticity_MatterSim/structures/O14Sn4Y4_5521d7d8/output.json,mp-3370,cif,https://elagente.ca/grafico/ConceptualAtoms_a0230294-53ba-4ebb-a210-604de7774391,mp-3370
DyPd2Si2,0.8638292912273723,https://elagente.ca/grafico/ConceptualAtoms_a02d6521-f843-457c-8e34-51dc4c4e4952,https://elagente.ca/ontomlff/MLFFElasticityResult_ff2790df-3091-49ae-a219-54b26a912ec8,[],[],0.3923620011433052,eV/Å^3,1.022304818317324,/scratch/kenko/akg4pyscf/.graphchat-workspaces/kenko_room/mlff_elasticity_benchmark/workflow_runs/MatterSim/elasticity_MatterSim/structures/DyPd2Si2_aa30f9a9/output.json,mp-3301,cif,https://elagente.ca/grafico/ConceptualAtoms_a02d6521-f843-457c-8e34-51dc4c4e4952,mp-3301
ErRu2Si2,1.049864469630558,https://elagente.ca/grafico/ConceptualAtoms_a05c4172-8e32-42df-84be-d21b88737fe2,https://elagente.ca/ontomlff/MLFFElasticityResult_391d4dab-62b0-487e-8042-59c227e3efb3,[],[],0.5889390252633764,eV/Å^3,1.488486595913016,/scratch/kenko/akg4pyscf/.graphchat-workspaces/kenko_room/mlff_elasticity_benchmark/workflow_runs/MatterSim/elasticity_MatterSim/structures/ErRu2Si2_ac9f490c/output.json,mp-5022,cif,https://elagente.ca/grafico/ConceptualAtoms_a05c4172-8e32-42df-84be-d21b88737fe2,mp-5022
Al8CaMn4,0.6309346365757507,https://elagente.ca/grafico/ConceptualAtoms_a09abe37-37eb-46e1-8867-046ca26ee8ab,https://elagente.ca/ontomlff/MLFFElasticityResult_d178de8f-82d7-425c-bd89-9a2fb7848962,[],[],0.45560895316887495,eV/Å^3,1.1016526371788966,/scratch/kenko/akg4pyscf/.graphchat-workspaces/kenko_room/mlff_elasticity_benchmark/workflow_runs/MatterSim/elasticity_MatterSim/structures/Al8CaMn4_894c2236/output.json,mp-10878,cif,https://elagente.ca/grafico/ConceptualAtoms_a09abe37-37eb-46e1-8867-046ca26ee8ab,mp-10878
CN2Na2,0.4342708872412465,https://elagente.ca/grafico/ConceptualAtoms_a0dba5e1-fd6e-42b1-9d5e-44a83028af50,https://elagente.ca/ontomlff/MLFFElasticityResult_06e86639-0b1f-44e3-8dcb-20be08068bf7,[],[],0.26112249425962736,eV/Å^3,0.6525725004917245,/scratch/kenko/akg4pyscf/.graphchat-workspaces/kenko_room/mlff_elasticity_benchmark/workflow_runs/MatterSim/elasticity_MatterSim/structures/CN2Na2_73a78fb4/output.json,mp-541989,cif,https://elagente.ca/grafico/ConceptualAtoms_a0dba5e1-fd6e-42b1-9d5e-44a83028af50,mp-541989
Ba2Rh4,0.5956584537170295,https://elagente.ca/grafico/ConceptualAtoms_a0dc89ab-5aca-4172-8f7e-f4dc30aff190,https://elagente.ca/ontomlff/MLFFElasticityResult_c3b4a26b-7cfb-4c0d-93b7-1da958dab44d,[],[],0.28082306521665756,eV/Å^3,0.7280553442531431,/scratch/kenko/akg4pyscf/.graphchat-workspaces/kenko_room/mlff_elasticity_benchmark/workflow_runs/MatterSim/elasticity_MatterSim/structures/Ba2Rh4_2850d79f/output.json,mp-568430,cif,https://elagente.ca/grafico/ConceptualAtoms_a0dc89ab-5aca-4172-8f7e-f4dc30aff190,mp-568430
NRe,2.6836925776317084,https://elagente.ca/grafico/ConceptualAtoms_a1016370-f4bc-4478-b325-322ebec0e5f4,https://elagente.ca/ontomlff/MLFFElasticityResult_ae26d2be-ed34-4b90-86bd-7bc8ed4548ee,[],[],0.25275778143877853,eV/Å^3,0.7351925055999711,/scratch/kenko/akg4pyscf/.graphchat-workspaces/kenko_room/mlff_elasticity_benchmark/workflow_runs/MatterSim/elasticity_MatterSim/structures/NRe_ac528a89/output.json,mp-1002207,cif,https://elagente.ca/grafico/ConceptualAtoms_a1016370-f4bc-4478-b325-322ebec0e5f4,mp-1002207
Cu2K2Se2,0.21848480451191762,https://elagente.ca/grafico/ConceptualAtoms_a19bff74-d1e8-43e4-94c4-43b7850094ed,https://elagente.ca/ontomlff/MLFFElasticityResult_1462231c-2a79-46c8-b08c-2626aa622a23,[],[],0.14524272802255067,eV/Å^3,0.35668912317237894,/scratch/kenko/akg4pyscf/.graphchat-workspaces/kenko_room/mlff_elasticity_benchmark/workflow_runs/MatterSim/elasticity_MatterSim/structures/Cu2K2Se2_1a170db7/output.json,mp-7435,cif,https://elagente.ca/grafico/ConceptualAtoms_a19bff74-d1e8-43e4-94c4-43b7850094ed,mp-7435
P2Sn2Sr2,0.3047014472279457,https://elagente.ca/grafico/ConceptualAtoms_a1d154f7-f515-45a6-85d9-d0a551fc73a6,https://elagente.ca/ontomlff/MLFFElasticityResult_f21c17d8-0a2d-4a95-9bbd-ebee43b38a34,[],[],0.13281037564155282,eV/Å^3,0.34788662052079594,/scratch/kenko/akg4pyscf/.graphchat-workspaces/kenko_room/mlff_elasticity_benchmark/workflow_runs/MatterSim/elasticity_MatterSim/structures/P2Sn2Sr2_9c839ccf/output.json,mp-8539,cif,https://elagente.ca/grafico/ConceptualAtoms_a1d154f7-f515-45a6-85d9-d0a551fc73a6,mp-8539
Fe5Nd,0.6682775717539033,https://elagente.ca/grafico/ConceptualAtoms_a1e24a0b-21d3-41e5-94ac-576b2d1c78e0,https://elagente.ca/ontomlff/MLFFElasticityResult_c496dd4a-d37c-49d1-88b6-714639c684d7,[],[],0.4135745861793442,eV/Å^3,1.0285461759221979,/scratch/kenko/akg4pyscf/.graphchat-workspaces/kenko_room/mlff_elasticity_benchmark/workflow_runs/MatterSim/elasticity_MatterSim/structures/Fe5Nd_24241f79/output.json,mp-11382,cif,https://elagente.ca/grafico/ConceptualAtoms_a1e24a0b-21d3-41e5-94ac-576b2d1c78e0,mp-11382
FeLiRh2,0.9149218102910712,https://elagente.ca/grafico/ConceptualAtoms_a2b2b2b5-938e-42b4-820d-49b2f0206683,https://elagente.ca/ontomlff/MLFFElasticityResult_83b72277-c7fe-4f72-85d8-e3b55db5f6e7,[],[],0.39253724387141065,eV/Å^3,1.0302697275418589,/scratch/kenko/akg4pyscf/.graphchat-workspaces/kenko_room/mlff_elasticity_benchmark/workflow_runs/MatterSim/elasticity_MatterSim/structures/FeLiRh2_a73d2704/output.json,mp-862290,cif,https://elagente.ca/grafico/ConceptualAtoms_a2b2b2b5-938e-42b4-820d-49b2f0206683,mp-862290
Lu16O24,1.0049866346273004,https://elagente.ca/grafico/ConceptualAtoms_a2f90f66-9964-462a-9ca3-31098e6e821c,https://elagente.ca/ontomlff/MLFFElasticityResult_481b12d0-86ca-4978-a6f9-f488520f57c6,[],[],0.5895707648400943,eV/Å^3,1.479414975090865,/scratch/kenko/akg4pyscf/.graphchat-workspaces/kenko_room/mlff_elasticity_benchmark/workflow_runs/MatterSim/elasticity_MatterSim/structures/Lu16O24_10563f1a/output.json,mp-1427,cif,https://elagente.ca/grafico/ConceptualAtoms_a2f90f66-9964-462a-9ca3-31098e6e821c,mp-1427
Co2Si4Zr4,1.0184204576428484,https://elagente.ca/grafico/ConceptualAtoms_a2ffbc84-38c3-49d0-826f-2f7221f40a37,https://elagente.ca/ontomlff/MLFFElasticityResult_7c8b470f-d191-40a3-93cf-a0dd23d1a9da,[],[],0.6108302789033332,eV/Å^3,1.5271681674537476,/scratch/kenko/akg4pyscf/.graphchat-workspaces/kenko_room/mlff_elasticity_benchmark/workflow_runs/MatterSim/elasticity_MatterSim/structures/Co2Si4Zr4_2cd256d9/output.json,mp-4022,cif,https://elagente.ca/grafico/ConceptualAtoms_a2ffbc84-38c3-49d0-826f-2f7221f40a37,mp-4022
Ba2Cu3O7Y,0.7604778575198803,https://elagente.ca/grafico/ConceptualAtoms_a3275118-03a7-4670-916d-7af848b9dbc8,https://elagente.ca/ontomlff/MLFFElasticityResult_d9fd2bd3-1afb-4ebe-9622-559bcdb2247b,[],[],0.4032465862786989,eV/Å^3,1.0280334105285376,/scratch/kenko/akg4pyscf/.graphchat-workspaces/kenko_room/mlff_elasticity_benchmark/workflow_runs/MatterSim/elasticity_MatterSim/structures/Ba2Cu3O7Y_1463bb3e/output.json,mp-20674,cif,https://elagente.ca/grafico/ConceptualAtoms_a3275118-03a7-4670-916d-7af848b9dbc8,mp-20674
LuPd2Zn,0.678451671084382,https://elagente.ca/grafico/ConceptualAtoms_a33b1682-13dc-4c0b-9af7-38cc2aaa86ef,https://elagente.ca/ontomlff/MLFFElasticityResult_aedef53c-bbab-4f57-a333-8f70cbf4c6b9,[],[],0.1714190633727256,eV/Å^3,0.47431042492981046,/scratch/kenko/akg4pyscf/.graphchat-workspaces/kenko_room/mlff_elasticity_benchmark/workflow_runs/MatterSim/elasticity_MatterSim/structures/LuPd2Zn_9f266b96/output.json,mp-865563,cif,https://elagente.ca/grafico/ConceptualAtoms_a33b1682-13dc-4c0b-9af7-38cc2aaa86ef,mp-865563
NV,1.9479671442185174,https://elagente.ca/grafico/ConceptualAtoms_a34875b6-0f8c-4e94-9b31-39a1c90a6269,https://elagente.ca/ontomlff/MLFFElasticityResult_274a18ab-3aa4-4607-847f-daa4c3a14c15,[],[],0.6256661460046611,eV/Å^3,1.6954755828168853,/scratch/kenko/akg4pyscf/.graphchat-workspaces/kenko_room/mlff_elasticity_benchmark/workflow_runs/MatterSim/elasticity_MatterSim/structures/NV_54a9a55b/output.json,mp-925,cif,https://elagente.ca/grafico/ConceptualAtoms_a34875b6-0f8c-4e94-9b31-39a1c90a6269,mp-925
Na2SbTl,0.15430360534486953,https://elagente.ca/grafico/ConceptualAtoms_a3b34cc9-aa41-4194-8f04-ee429240c006,https://elagente.ca/ontomlff/MLFFElasticityResult_532b02f9-20bc-407f-9674-aadd68a19521,[],[],0.02594544583494454,eV/Å^3,0.07370526946655409,/scratch/kenko/akg4pyscf/.graphchat-workspaces/kenko_room/mlff_elasticity_benchmark/workflow_runs/MatterSim/elasticity_MatterSim/structures/Na2SbTl_0b8ef7a0/output.json,mp-866132,cif,https://elagente.ca/grafico/ConceptualAtoms_a3b34cc9-aa41-4194-8f04-ee429240c006,mp-866132
AlNNd2O3,1.12039347777617,https://elagente.ca/grafico/ConceptualAtoms_a4de395f-e1e7-4ebb-b2b0-87802bc028f9,https://elagente.ca/ontomlff/MLFFElasticityResult_74f2b61c-03a0-420f-9ad7-6941a2e492d2,[],[],0.6792043779195135,eV/Å^3,1.6950824527446162,/scratch/kenko/akg4pyscf/.graphchat-workspaces/kenko_room/mlff_elasticity_benchmark/workflow_runs/MatterSim/elasticity_MatterSim/structures/AlNNd2O3_ba51a579/output.json,mp-546679,cif,https://elagente.ca/grafico/ConceptualAtoms_a4de395f-e1e7-4ebb-b2b0-87802bc028f9,mp-546679
Al6W3,1.0292206129900356,https://elagente.ca/grafico/ConceptualAtoms_a514fa65-bec0-4969-8548-0950c7779453,https://elagente.ca/ontomlff/MLFFElasticityResult_0916cc56-1679-4a86-8896-dd4f1da5579a,[],[],0.4567222322653124,eV/Å^3,1.193609760595141,/scratch/kenko/akg4pyscf/.graphchat-workspaces/kenko_room/mlff_elasticity_benchmark/workflow_runs/MatterSim/elasticity_MatterSim/structures/Al6W3_b39ff658/output.json,mp-12524,cif,https://elagente.ca/grafico/ConceptualAtoms_a514fa65-bec0-4969-8548-0950c7779453,mp-12524
IrV,1.7133492784218693,https://elagente.ca/grafico/ConceptualAtoms_a52762d4-6f5f-4897-b903-4e696147b67a,https://elagente.ca/ontomlff/MLFFElasticityResult_7cf82fb6-e5b7-42c2-90b6-bc5a4ddfafb7,[],[],0.8069231144343858,eV/Å^3,2.0923038514843335,/scratch/kenko/akg4pyscf/.graphchat-workspaces/kenko_room/mlff_elasticity_benchmark/workflow_runs/MatterSim/elasticity_MatterSim/structures/IrV_e6a76eb9/output.json,mp-1281,cif,https://elagente.ca/grafico/ConceptualAtoms_a52762d4-6f5f-4897-b903-4e696147b67a,mp-1281
BN,0.6529811170118479,https://elagente.ca/grafico/ConceptualAtoms_a59595ee-24af-4a7d-a036-ec471aa70bf6,https://elagente.ca/ontomlff/MLFFElasticityResult_88d172e6-bdd3-46e8-aa4f-c00a800ef924,[],[],0.4393984770976766,eV/Å^3,1.0766897967613123,/scratch/kenko/akg4pyscf/.graphchat-workspaces/kenko_room/mlff_elasticity_benchmark/workflow_runs/MatterSim/elasticity_MatterSim/structures/BN_e95ab199/output.json,mp-13150,cif,https://elagente.ca/grafico/ConceptualAtoms_a59595ee-24af-4a7d-a036-ec471aa70bf6,mp-13150
MgO3Si,1.4401965422717051,https://elagente.ca/grafico/ConceptualAtoms_a5b6793d-c88c-453c-9f93-7b9177e43596,https://elagente.ca/ontomlff/MLFFElasticityResult_1b13fb70-01a6-4843-84bd-243de4ed7123,[],[],0.8046122594155587,eV/Å^3,2.0348853326024887,/scratch/kenko/akg4pyscf/.graphchat-workspaces/kenko_room/mlff_elasticity_benchmark/workflow_runs/MatterSim/elasticity_MatterSim/structures/MgO3Si_0ce1e4ef/output.json,mp-1016928,cif,https://elagente.ca/grafico/ConceptualAtoms_a5b6793d-c88c-453c-9f93-7b9177e43596,mp-1016928
MnRuTi2,1.2106366165216467,https://elagente.ca/grafico/ConceptualAtoms_a5ca7ceb-59b2-406d-8a42-88d119edb8ad,https://elagente.ca/ontomlff/MLFFElasticityResult_809e0bcd-9e73-4cdb-b364-0cd5cf69cd66,[],[],0.4944759730219843,eV/Å^3,1.3056647395607817,/scratch/kenko/akg4pyscf/.graphchat-workspaces/kenko_room/mlff_elasticity_benchmark/workflow_runs/MatterSim/elasticity_MatterSim/structures/MnRuTi2_2b3c7afa/output.json,mp-865469,cif,https://elagente.ca/grafico/ConceptualAtoms_a5ca7ceb-59b2-406d-8a42-88d119edb8ad,mp-865469
Pd2Ta2,1.2940593195268968,https://elagente.ca/grafico/ConceptualAtoms_a61c20a1-9e7d-4610-be19-580870e81933,https://elagente.ca/ontomlff/MLFFElasticityResult_1e6d6cdd-a579-4794-9612-707f40163689,[],[],0.32115481766635906,eV/Å^3,0.8898511401347067,/scratch/kenko/akg4pyscf/.graphchat-workspaces/kenko_room/mlff_elasticity_benchmark/workflow_runs/MatterSim/elasticity_MatterSim/structures/Pd2Ta2_f259f958/output.json,mp-999133,cif,https://elagente.ca/grafico/ConceptualAtoms_a61c20a1-9e7d-4610-be19-580870e81933,mp-999133
ClILiNa,0.13687684807847866,https://elagente.ca/grafico/ConceptualAtoms_a6c83256-f3f6-4018-ad83-f2b125210031,https://elagente.ca/ontomlff/MLFFElasticityResult_92990765-5696-4696-bdcb-83e76b138e29,[],[],0.07357597635183999,eV/Å^3,0.1871879575807816,/scratch/kenko/akg4pyscf/.graphchat-workspaces/kenko_room/mlff_elasticity_benchmark/workflow_runs/MatterSim/elasticity_MatterSim/structures/ClILiNa_0a857c3a/output.json,mp-1002069,cif,https://elagente.ca/grafico/ConceptualAtoms_a6c83256-f3f6-4018-ad83-f2b125210031,mp-1002069
Br2Li5N,0.20212156192843622,https://elagente.ca/grafico/ConceptualAtoms_a6fe938d-aa2f-4c31-a6a2-d337919ab839,https://elagente.ca/ontomlff/MLFFElasticityResult_e0b29b9a-a8e4-4f4c-a69c-a8f58e3a2c05,[],[],0.14417403355421737,eV/Å^3,0.34943717213457665,/scratch/kenko/akg4pyscf/.graphchat-workspaces/kenko_room/mlff_elasticity_benchmark/workflow_runs/MatterSim/elasticity_MatterSim/structures/Br2Li5N_fb3224e8/output.json,mp-29025,cif,https://elagente.ca/grafico/ConceptualAtoms_a6fe938d-aa2f-4c31-a6a2-d337919ab839,mp-29025
Ir3Ti,1.8725192712388665,https://elagente.ca/grafico/ConceptualAtoms_a7069850-d1e6-4be2-8e27-390bae5d45c6,https://elagente.ca/ontomlff/MLFFElasticityResult_ee1a9487-da9a-4dba-8215-c3d89a75dde2,[],[],1.1598768075425114,eV/Å^3,2.8841333279945167,/scratch/kenko/akg4pyscf/.graphchat-workspaces/kenko_room/mlff_elasticity_benchmark/workflow_runs/MatterSim/elasticity_MatterSim/structures/Ir3Ti_47d7561f/output.json,mp-1089,cif,https://elagente.ca/grafico/ConceptualAtoms_a7069850-d1e6-4be2-8e27-390bae5d45c6,mp-1089
Bi2IO4Tm,0.6454996338436052,https://elagente.ca/grafico/ConceptualAtoms_a74c6fd9-8e1d-4c65-ad34-5813839c5b25,https://elagente.ca/ontomlff/MLFFElasticityResult_5d036860-408c-4fdb-b6b6-c009699d25ac,[],[],0.3413588151267915,eV/Å^3,0.8706087729099227,/scratch/kenko/akg4pyscf/.graphchat-workspaces/kenko_room/mlff_elasticity_benchmark/workflow_runs/MatterSim/elasticity_MatterSim/structures/Bi2IO4Tm_7a6da180/output.json,mp-552738,cif,https://elagente.ca/grafico/ConceptualAtoms_a74c6fd9-8e1d-4c65-ad34-5813839c5b25,mp-552738
Mg8Tm4,0.2972962623142776,https://elagente.ca/grafico/ConceptualAtoms_a7632621-908d-4680-80e4-1efa8300dee0,https://elagente.ca/ontomlff/MLFFElasticityResult_6e4495cd-8fe3-41ab-9544-dfd949c83deb,[],[],0.14963765408968943,eV/Å^3,0.38441696877532355,/scratch/kenko/akg4pyscf/.graphchat-workspaces/kenko_room/mlff_elasticity_benchmark/workflow_runs/MatterSim/elasticity_MatterSim/structures/Mg8Tm4_eda1183a/output.json,mp-2214,cif,https://elagente.ca/grafico/ConceptualAtoms_a7632621-908d-4680-80e4-1efa8300dee0,mp-2214
Mn2S2,0.415763543215973,https://elagente.ca/grafico/ConceptualAtoms_a78063b8-1333-470d-a9fe-343d6006620c,https://elagente.ca/ontomlff/MLFFElasticityResult_d3188069-0089-46a7-bf1c-41fc00946de6,[],[],0.24163004438428523,eV/Å^3,0.6072510687605868,/scratch/kenko/akg4pyscf/.graphchat-workspaces/kenko_room/mlff_elasticity_benchmark/workflow_runs/MatterSim/elasticity_MatterSim/structures/Mn2S2_40fd68fb/output.json,mp-2065,cif,https://elagente.ca/grafico/ConceptualAtoms_a78063b8-1333-470d-a9fe-343d6006620c,mp-2065
FKNb4O5,1.1625662560885206,https://elagente.ca/grafico/ConceptualAtoms_a7d22100-02e2-46be-9dd6-dd85a927a194,https://elagente.ca/ontomlff/MLFFElasticityResult_089f5265-977a-4cf7-9bca-c7f7723a6587,[],[],0.6413404171207999,eV/Å^3,1.625173859391577,/scratch/kenko/akg4pyscf/.graphchat-workspaces/kenko_room/mlff_elasticity_benchmark/workflow_runs/MatterSim/elasticity_MatterSim/structures/FKNb4O5_f8c8fc23/output.json,mp-549490,cif,https://elagente.ca/grafico/ConceptualAtoms_a7d22100-02e2-46be-9dd6-dd85a927a194,mp-549490
Eu2Ge2Zn2,0.3023683018657425,https://elagente.ca/grafico/ConceptualAtoms_a7f55dda-2045-48c0-b315-e642840e24e8,https://elagente.ca/ontomlff/MLFFElasticityResult_7f34ebb3-d7c3-442f-91dd-70801cda841e,[],[],0.18380534620588357,eV/Å^3,0.4585090229267884,/scratch/kenko/akg4pyscf/.graphchat-workspaces/kenko_room/mlff_elasticity_benchmark/workflow_runs/MatterSim/elasticity_MatterSim/structures/Eu2Ge2Zn2_6b97d2a3/output.json,mp-1018699,cif,https://elagente.ca/grafico/ConceptualAtoms_a7f55dda-2045-48c0-b315-e642840e24e8,mp-1018699
Sb2,0.3608451591078773,https://elagente.ca/grafico/ConceptualAtoms_a82c4ec3-d4ab-4f64-8cbb-971695aa4883,https://elagente.ca/ontomlff/MLFFElasticityResult_7bf19daf-c9b7-43c3-8f31-b4083bf701f6,[],[],0.1931037207780271,eV/Å^3,0.4916161925484008,/scratch/kenko/akg4pyscf/.graphchat-workspaces/kenko_room/mlff_elasticity_benchmark/workflow_runs/MatterSim/elasticity_MatterSim/structures/Sb2_770850e4/output.json,mp-104,cif,https://elagente.ca/grafico/ConceptualAtoms_a82c4ec3-d4ab-4f64-8cbb-971695aa4883,mp-104
CaMg6Mo,0.30368814082498685,https://elagente.ca/grafico/ConceptualAtoms_a85a10db-5529-41e4-bee7-336145a08316,https://elagente.ca/ontomlff/MLFFElasticityResult_0f1411e0-6b2d-47a4-b5b3-7783393950ba,[],[],0.1523160507724945,eV/Å^3,0.3914960025744716,/scratch/kenko/akg4pyscf/.graphchat-workspaces/kenko_room/mlff_elasticity_benchmark/workflow_runs/MatterSim/elasticity_MatterSim/structures/CaMg6Mo_d4aa9e3f/output.json,mp-1023161,cif,https://elagente.ca/grafico/ConceptualAtoms_a85a10db-5529-41e4-bee7-336145a08316,mp-1023161
BIn2Re,0.709633630873928,https://elagente.ca/grafico/ConceptualAtoms_a89a2c47-d1db-4c99-8f2a-b0645653ee2e,https://elagente.ca/ontomlff/MLFFElasticityResult_409554cf-328a-446b-9527-4123f264ef29,[],[],-1.5009833035826345,eV/Å^3,-15.266866626704267,/scratch/kenko/akg4pyscf/.graphchat-workspaces/kenko_room/mlff_elasticity_benchmark/workflow_runs/MatterSim/elasticity_MatterSim/structures/BIn2Re_8016eed0/output.json,mp-631547,cif,https://elagente.ca/grafico/ConceptualAtoms_a89a2c47-d1db-4c99-8f2a-b0645653ee2e,mp-631547
Cs2F6GaLi,0.3106209795317514,https://elagente.ca/grafico/ConceptualAtoms_a8c7a6b8-2d93-495f-8ad3-bc75392d47af,https://elagente.ca/ontomlff/MLFFElasticityResult_d444a444-76ac-40e1-a160-bbd4e576104c,[],[],0.17290980950965712,eV/Å^3,0.4375422279686257,/scratch/kenko/akg4pyscf/.graphchat-workspaces/kenko_room/mlff_elasticity_benchmark/workflow_runs/MatterSim/elasticity_MatterSim/structures/Cs2F6GaLi_4a66f173/output.json,mp-6654,cif,https://elagente.ca/grafico/ConceptualAtoms_a8c7a6b8-2d93-495f-8ad3-bc75392d47af,mp-6654
Ge3O6,0.85480130506004,https://elagente.ca/grafico/ConceptualAtoms_a8cd21cf-662d-4cf8-94ea-c228112500f3,https://elagente.ca/ontomlff/MLFFElasticityResult_acf75634-4b3d-4121-af72-1cce62d1a9b3,[],[],0.5967350605114046,eV/Å^3,1.4522642667103236,/scratch/kenko/akg4pyscf/.graphchat-workspaces/kenko_room/mlff_elasticity_benchmark/workflow_runs/MatterSim/elasticity_MatterSim/structures/Ge3O6_ccfa3a1c/output.json,mp-733,cif,https://elagente.ca/grafico/ConceptualAtoms_a8cd21cf-662d-4cf8-94ea-c228112500f3,mp-733
Pt5SiSn,1.2788897934812358,https://elagente.ca/grafico/ConceptualAtoms_a8d083cb-01e0-4cba-9250-e6924345e032,https://elagente.ca/ontomlff/MLFFElasticityResult_38062849-ced1-4b29-be0b-54aac7a8d29b,[],[],0.39487489491115724,eV/Å^3,1.0740790972471954,/scratch/kenko/akg4pyscf/.graphchat-workspaces/kenko_room/mlff_elasticity_benchmark/workflow_runs/MatterSim/elasticity_MatterSim/structures/Pt5SiSn_f97074a2/output.json,mp-1025324,cif,https://elagente.ca/grafico/ConceptualAtoms_a8d083cb-01e0-4cba-9250-e6924345e032,mp-1025324
IrSc,1.070393942183295,https://elagente.ca/grafico/ConceptualAtoms_a8e2f87e-7cfc-45ab-a6db-93dff3248d14,https://elagente.ca/ontomlff/MLFFElasticityResult_859dcc3e-d38d-4551-a4aa-4fc9de055059,[],[],0.519342640872928,eV/Å^3,1.3411280354976594,/scratch/kenko/akg4pyscf/.graphchat-workspaces/kenko_room/mlff_elasticity_benchmark/workflow_runs/MatterSim/elasticity_MatterSim/structures/IrSc_5ca95f33/output.json,mp-1129,cif,https://elagente.ca/grafico/ConceptualAtoms_a8e2f87e-7cfc-45ab-a6db-93dff3248d14,mp-1129
PtSbTm,0.6445995414660384,https://elagente.ca/grafico/ConceptualAtoms_a981d9d3-1d7f-4db4-9605-d28551afaa8c,https://elagente.ca/ontomlff/MLFFElasticityResult_2379fec7-b0a6-460c-b22f-e0132f720b2a,[],[],0.33288823762790387,eV/Å^3,0.8519996653985512,/scratch/kenko/akg4pyscf/.graphchat-workspaces/kenko_room/mlff_elasticity_benchmark/workflow_runs/MatterSim/elasticity_MatterSim/structures/PtSbTm_f96ab6db/output.json,mp-16314,cif,https://elagente.ca/grafico/ConceptualAtoms_a981d9d3-1d7f-4db4-9605-d28551afaa8c,mp-16314
As4Rh4Ti4,1.1395859836373512,https://elagente.ca/grafico/ConceptualAtoms_a9d46898-7ad4-4705-8ddc-2cb418e3ae0a,https://elagente.ca/ontomlff/MLFFElasticityResult_29f63019-1164-4a88-af1d-116d59f9e29b,[],[],0.5445592283215226,eV/Å^3,1.4092105986279568,/scratch/kenko/akg4pyscf/.graphchat-workspaces/kenko_room/mlff_elasticity_benchmark/workflow_runs/MatterSim/elasticity_MatterSim/structures/As4Rh4Ti4_86fbb612/output.json,mp-505540,cif,https://elagente.ca/grafico/ConceptualAtoms_a9d46898-7ad4-4705-8ddc-2cb418e3ae0a,mp-505540
Cu2Fe2S4,0.3690586208094804,https://elagente.ca/grafico/ConceptualAtoms_aa0a85dd-d90c-40f8-b5ab-0c5aa57fb356,https://elagente.ca/ontomlff/MLFFElasticityResult_a92c7fd4-3528-42dc-9b6d-54cb7bff6218,[],[],0.182210538885596,eV/Å^3,0.4693839883729534,/scratch/kenko/akg4pyscf/.graphchat-workspaces/kenko_room/mlff_elasticity_benchmark/workflow_runs/MatterSim/elasticity_MatterSim/structures/Cu2Fe2S4_416cf64f/output.json,mp-3497,cif,https://elagente.ca/grafico/ConceptualAtoms_aa0a85dd-d90c-40f8-b5ab-0c5aa57fb356,mp-3497
CuY,0.4215227637945809,https://elagente.ca/grafico/ConceptualAtoms_aa16acce-be7f-41d3-b476-5780c77369ee,https://elagente.ca/ontomlff/MLFFElasticityResult_abff1ee3-7b08-491b-8247-eb00c3c9d731,[],[],0.1945106526366488,eV/Å^3,0.5057409772145119,/scratch/kenko/akg4pyscf/.graphchat-workspaces/kenko_room/mlff_elasticity_benchmark/workflow_runs/MatterSim/elasticity_MatterSim/structures/CuY_c2319f31/output.json,mp-712,cif,https://elagente.ca/grafico/ConceptualAtoms_aa16acce-be7f-41d3-b476-5780c77369ee,mp-712
Ca2O8Sn3,0.8342118944558838,https://elagente.ca/grafico/ConceptualAtoms_aac08097-3f1f-47ae-bffc-889d24bc2210,https://elagente.ca/ontomlff/MLFFElasticityResult_62cf8f53-a368-422f-997c-a815560a5525,[],[],0.4874829831903811,eV/Å^3,1.2240239717687635,/scratch/kenko/akg4pyscf/.graphchat-workspaces/kenko_room/mlff_elasticity_benchmark/workflow_runs/MatterSim/elasticity_MatterSim/structures/Ca2O8Sn3_14898e23/output.json,mp-1386610,cif,https://elagente.ca/grafico/ConceptualAtoms_aac08097-3f1f-47ae-bffc-889d24bc2210,mp-1386610
LuTh3,0.3446897206916421,https://elagente.ca/grafico/ConceptualAtoms_ab0a93cd-98bb-4bdb-b13c-dff149b9ac71,https://elagente.ca/ontomlff/MLFFElasticityResult_ab9529d4-c440-4343-80a7-197e52be99ec,[],[],0.18296087818851017,eV/Å^3,0.46636696484484325,/scratch/kenko/akg4pyscf/.graphchat-workspaces/kenko_room/mlff_elasticity_benchmark/workflow_runs/MatterSim/elasticity_MatterSim/structures/LuTh3_b16e3839/output.json,mp-973556,cif,https://elagente.ca/grafico/ConceptualAtoms_ab0a93cd-98bb-4bdb-b13c-dff149b9ac71,mp-973556
Ce2,0.2260137596034482,https://elagente.ca/grafico/ConceptualAtoms_ab213a05-5a53-41f4-837e-75208ff1cd9f,https://elagente.ca/ontomlff/MLFFElasticityResult_ffcb91d3-2e30-48e3-877a-3db318487e63,[],[],0.16886294410045977,eV/Å^3,0.40558085600766036,/scratch/kenko/akg4pyscf/.graphchat-workspaces/kenko_room/mlff_elasticity_benchmark/workflow_runs/MatterSim/elasticity_MatterSim/structures/Ce2_200a8091/output.json,mp-28,cif,https://elagente.ca/grafico/ConceptualAtoms_ab213a05-5a53-41f4-837e-75208ff1cd9f,mp-28
Cd2PdRh,0.7606394406823622,https://elagente.ca/grafico/ConceptualAtoms_ab406a04-2792-4b87-8e55-b892ca8eb565,https://elagente.ca/ontomlff/MLFFElasticityResult_ac69f662-3eff-4f38-8860-db65bee181a0,[],[],0.22170032305961518,eV/Å^3,0.6062049787601733,/scratch/kenko/akg4pyscf/.graphchat-workspaces/kenko_room/mlff_elasticity_benchmark/workflow_runs/MatterSim/elasticity_MatterSim/structures/Cd2PdRh_705d3c00/output.json,mp-865926,cif,https://elagente.ca/grafico/ConceptualAtoms_ab406a04-2792-4b87-8e55-b892ca8eb565,mp-865926
B2Pd4,1.1769102078120057,https://elagente.ca/grafico/ConceptualAtoms_aba54bb4-e9a1-4152-b4c2-9a2a3cd6f4e5,https://elagente.ca/ontomlff/MLFFElasticityResult_bcdf9df8-39c8-4384-b75b-0666b3e39509,[],[],0.3576692775922279,eV/Å^3,0.9743086387203954,/scratch/kenko/akg4pyscf/.graphchat-workspaces/kenko_room/mlff_elasticity_benchmark/workflow_runs/MatterSim/elasticity_MatterSim/structures/B2Pd4_908ffcce/output.json,mp-7424,cif,https://elagente.ca/grafico/ConceptualAtoms_aba54bb4-e9a1-4152-b4c2-9a2a3cd6f4e5,mp-7424
HfIr2Li,1.0899014493560935,https://elagente.ca/grafico/ConceptualAtoms_aba84139-0583-44e7-8821-938c015eab38,https://elagente.ca/ontomlff/MLFFElasticityResult_de2743bc-08ec-4a26-a84e-8fed6b914236,[],[],0.49298955728192523,eV/Å^3,1.2851936454663113,/scratch/kenko/akg4pyscf/.graphchat-workspaces/kenko_room/mlff_elasticity_benchmark/workflow_runs/MatterSim/elasticity_MatterSim/structures/HfIr2Li_59d6e53a/output.json,mp-862610,cif,https://elagente.ca/grafico/ConceptualAtoms_aba84139-0583-44e7-8821-938c015eab38,mp-862610
DyNaS2,0.39021876789628746,https://elagente.ca/grafico/ConceptualAtoms_abced906-dd33-4b86-aa35-2e569b69958e,https://elagente.ca/ontomlff/MLFFElasticityResult_2461ae2d-e133-492f-98fc-3ef85aed0e6e,[],[],0.22601393525332364,eV/Å^3,0.5683187712789417,/scratch/kenko/akg4pyscf/.graphchat-workspaces/kenko_room/mlff_elasticity_benchmark/workflow_runs/MatterSim/elasticity_MatterSim/structures/DyNaS2_4cd69fcf/output.json,mp-999490,cif,https://elagente.ca/grafico/ConceptualAtoms_abced906-dd33-4b86-aa35-2e569b69958e,mp-999490
Cu2Ge2Tb2,0.5518656435843518,https://elagente.ca/grafico/ConceptualAtoms_abe9a610-fc1a-4398-80ae-17045be90e6b,https://elagente.ca/ontomlff/MLFFElasticityResult_a4da8009-c9e7-457b-a359-8e870b7fb0bc,[],[],0.31097820794192177,eV/Å^3,0.7854079253865522,/scratch/kenko/akg4pyscf/.graphchat-workspaces/kenko_room/mlff_elasticity_benchmark/workflow_runs/MatterSim/elasticity_MatterSim/structures/Cu2Ge2Tb2_e259bbea/output.json,mp-9387,cif,https://elagente.ca/grafico/ConceptualAtoms_abe9a610-fc1a-4398-80ae-17045be90e6b,mp-9387
Co2LuSn,0.8083485657457725,https://elagente.ca/grafico/ConceptualAtoms_ac079d27-3f46-4ebd-832b-046309d148e0,https://elagente.ca/ontomlff/MLFFElasticityResult_494a9f23-ef46-4e8c-8c7a-459b1aed9afe,[],[],0.4167679316554362,eV/Å^3,1.0669397202531894,/scratch/kenko/akg4pyscf/.graphchat-workspaces/kenko_room/mlff_elasticity_benchmark/workflow_runs/MatterSim/elasticity_MatterSim/structures/Co2LuSn_30e20607/output.json,mp-865797,cif,https://elagente.ca/grafico/ConceptualAtoms_ac079d27-3f46-4ebd-832b-046309d148e0,mp-865797
Ba2Cu2O4,0.5039302769572922,https://elagente.ca/grafico/ConceptualAtoms_ac7a2da1-2216-4569-adb3-bb6d9e563e5b,https://elagente.ca/ontomlff/MLFFElasticityResult_ce8e7623-b68b-45a4-83f9-1646e7efe427,[],[],0.26651001382938627,eV/Å^3,0.6797062428047506,/scratch/kenko/akg4pyscf/.graphchat-workspaces/kenko_room/mlff_elasticity_benchmark/workflow_runs/MatterSim/elasticity_MatterSim/structures/Ba2Cu2O4_e699f2b0/output.json,mp-997034,cif,https://elagente.ca/grafico/ConceptualAtoms_ac7a2da1-2216-4569-adb3-bb6d9e563e5b,mp-997034
CB2Rh2Y,1.2680702105848776,https://elagente.ca/grafico/ConceptualAtoms_acc1ad3c-194e-4e7a-b682-110f8a1ed2a7,https://elagente.ca/ontomlff/MLFFElasticityResult_76d7176a-1769-4095-9dce-94a965a73bb5,[],[],0.5675793456689942,eV/Å^3,1.4816755097856564,/scratch/kenko/akg4pyscf/.graphchat-workspaces/kenko_room/mlff_elasticity_benchmark/workflow_runs/MatterSim/elasticity_MatterSim/structures/CB2Rh2Y_dfdc0488/output.json,mp-12737,cif,https://elagente.ca/grafico/ConceptualAtoms_acc1ad3c-194e-4e7a-b682-110f8a1ed2a7,mp-12737
CPd3Y,0.9911316007167401,https://elagente.ca/grafico/ConceptualAtoms_acc62b3e-0747-4afc-94a5-7093a77bfb39,https://elagente.ca/ontomlff/MLFFElasticityResult_a609b537-7da1-4b7e-a7eb-7f30943f6092,[],[],0.2844483480509864,eV/Å^3,0.7788379003354877,/scratch/kenko/akg4pyscf/.graphchat-workspaces/kenko_room/mlff_elasticity_benchmark/workflow_runs/MatterSim/elasticity_MatterSim/structures/CPd3Y_bd0be0cc/output.json,mp-1018629,cif,https://elagente.ca/grafico/ConceptualAtoms_acc62b3e-0747-4afc-94a5-7093a77bfb39,mp-1018629
As2Ba2Cu2,0.3484651852463857,https://elagente.ca/grafico/ConceptualAtoms_aceef382-aa5a-4b4e-a13d-25d19f3ed0a3,https://elagente.ca/ontomlff/MLFFElasticityResult_20c344c8-16ba-4d4a-aa51-c15dff342975,[],[],0.19782820931676695,eV/Å^3,0.4990462778282259,/scratch/kenko/akg4pyscf/.graphchat-workspaces/kenko_room/mlff_elasticity_benchmark/workflow_runs/MatterSim/elasticity_MatterSim/structures/As2Ba2Cu2_5ceda14a/output.json,mp-9898,cif,https://elagente.ca/grafico/ConceptualAtoms_aceef382-aa5a-4b4e-a13d-25d19f3ed0a3,mp-9898
FeMn3,1.5998933727690554,https://elagente.ca/grafico/ConceptualAtoms_ad036fb7-e6e4-4e12-b1ce-9f03a9ea633e,https://elagente.ca/ontomlff/MLFFElasticityResult_99aac103-7b63-4d9d-a612-0a5355c1c9a1,[],[],0.6788481057426407,eV/Å^3,1.7841947453224318,/scratch/kenko/akg4pyscf/.graphchat-workspaces/kenko_room/mlff_elasticity_benchmark/workflow_runs/MatterSim/elasticity_MatterSim/structures/FeMn3_07daa469/output.json,mp-999545,cif,https://elagente.ca/grafico/ConceptualAtoms_ad036fb7-e6e4-4e12-b1ce-9f03a9ea633e,mp-999545
Hg6Mg10,0.26585228255085613,https://elagente.ca/grafico/ConceptualAtoms_ad71cab8-89aa-41d6-9f99-47f5f28141e0,https://elagente.ca/ontomlff/MLFFElasticityResult_067dd863-b15d-4ffa-b908-e26e226d9a29,[],[],0.11678322131716663,eV/Å^3,0.30560158418097716,/scratch/kenko/akg4pyscf/.graphchat-workspaces/kenko_room/mlff_elasticity_benchmark/workflow_runs/MatterSim/elasticity_MatterSim/structures/Hg6Mg10_3c7ac212/output.json,mp-11465,cif,https://elagente.ca/grafico/ConceptualAtoms_ad71cab8-89aa-41d6-9f99-47f5f28141e0,mp-11465
CdInNd2,0.3135582925103082,https://elagente.ca/grafico/ConceptualAtoms_add4d5ac-d96e-4560-bd9a-bddd563bb5d1,https://elagente.ca/ontomlff/MLFFElasticityResult_6308574f-8832-4a68-8670-ce8bd48e77b0,[],[],0.1700213648113078,eV/Å^3,0.431985327106845,/scratch/kenko/akg4pyscf/.graphchat-workspaces/kenko_room/mlff_elasticity_benchmark/workflow_runs/MatterSim/elasticity_MatterSim/structures/CdInNd2_f4e32d96/output.json,mp-866067,cif,https://elagente.ca/grafico/ConceptualAtoms_add4d5ac-d96e-4560-bd9a-bddd563bb5d1,mp-866067
CuZr,0.7514850163984141,https://elagente.ca/grafico/ConceptualAtoms_ae392e76-c33a-46a0-832a-0f46bcf99a29,https://elagente.ca/ontomlff/MLFFElasticityResult_39f286be-c6ed-464c-afb2-1eecdb71a3d2,[],[],0.19520439494239106,eV/Å^3,0.5389478135699379,/scratch/kenko/akg4pyscf/.graphchat-workspaces/kenko_room/mlff_elasticity_benchmark/workflow_runs/MatterSim/elasticity_MatterSim/structures/CuZr_65c7f8ec/output.json,mp-2210,cif,https://elagente.ca/grafico/ConceptualAtoms_ae392e76-c33a-46a0-832a-0f46bcf99a29,mp-2210
Mg2Ni3P,0.8343657148640589,https://elagente.ca/grafico/ConceptualAtoms_ae46f1b7-d42c-42de-ad62-ead0516491a6,https://elagente.ca/ontomlff/MLFFElasticityResult_1454ffe4-766c-4405-96c2-1c88f09eb95e,[],[],0.4495991981828991,eV/Å^3,1.143419781654406,/scratch/kenko/akg4pyscf/.graphchat-workspaces/kenko_room/mlff_elasticity_benchmark/workflow_runs/MatterSim/elasticity_MatterSim/structures/Mg2Ni3P_03b0df3d/output.json,mp-8969,cif,https://elagente.ca/grafico/ConceptualAtoms_ae46f1b7-d42c-42de-ad62-ead0516491a6,mp-8969
PdSn3Sr,0.36116960013577365,https://elagente.ca/grafico/ConceptualAtoms_ae8b59de-8813-4eaf-ad5f-b8ff9be31c03,https://elagente.ca/ontomlff/MLFFElasticityResult_9f5e26bc-6252-4536-9684-b2702bbedcdd,[],[],0.154460014093177,eV/Å^3,0.40556462154950856,/scratch/kenko/akg4pyscf/.graphchat-workspaces/kenko_room/mlff_elasticity_benchmark/workflow_runs/MatterSim/elasticity_MatterSim/structures/PdSn3Sr_b156bc72/output.json,mp-30834,cif,https://elagente.ca/grafico/ConceptualAtoms_ae8b59de-8813-4eaf-ad5f-b8ff9be31c03,mp-30834
CoSbTa,0.992619308411752,https://elagente.ca/grafico/ConceptualAtoms_aea31dcc-6216-4a30-897e-b489c9899156,https://elagente.ca/ontomlff/MLFFElasticityResult_a2f447eb-0b78-4676-acc8-a8083c8996f3,[],[],0.37141826943486095,eV/Å^3,0.9906894262472448,/scratch/kenko/akg4pyscf/.graphchat-workspaces/kenko_room/mlff_elasticity_benchmark/workflow_runs/MatterSim/elasticity_MatterSim/structures/CoSbTa_47da1abf/output.json,mp-31459,cif,https://elagente.ca/grafico/ConceptualAtoms_aea31dcc-6216-4a30-897e-b489c9899156,mp-31459
Al15Er5,0.502033989518976,https://elagente.ca/grafico/ConceptualAtoms_aecf96f7-c5a9-4b63-9008-6e10770f860d,https://elagente.ca/ontomlff/MLFFElasticityResult_f291551b-4f0e-41e8-b06a-30ec41b4689c,[],[],0.3520978037270637,eV/Å^3,0.8561434619046798,/scratch/kenko/akg4pyscf/.graphchat-workspaces/kenko_room/mlff_elasticity_benchmark/workflow_runs/MatterSim/elasticity_MatterSim/structures/Al15Er5_3762b1db/output.json,mp-862656,cif,https://elagente.ca/grafico/ConceptualAtoms_aecf96f7-c5a9-4b63-9008-6e10770f860d,mp-862656
Ag2KPS4,0.28739018938704497,https://elagente.ca/grafico/ConceptualAtoms_aefa38db-2997-4a36-80f4-637074b07b6a,https://elagente.ca/ontomlff/MLFFElasticityResult_bd564ad0-b2ea-489c-b803-2089eb66cfac,[],[],0.12757676436905444,eV/Å^3,0.3333970028665024,/scratch/kenko/akg4pyscf/.graphchat-workspaces/kenko_room/mlff_elasticity_benchmark/workflow_runs/MatterSim/elasticity_MatterSim/structures/Ag2KPS4_cd520bf2/output.json,mp-12532,cif,https://elagente.ca/grafico/ConceptualAtoms_aefa38db-2997-4a36-80f4-637074b07b6a,mp-12532
Ce3Mg3Pt3,0.4968414851437501,https://elagente.ca/grafico/ConceptualAtoms_af3bb8c3-a46c-48fc-82fa-47f04e8d09b4,https://elagente.ca/ontomlff/MLFFElasticityResult_749eef7c-53b2-4046-9261-0b231e10f788,[],[],0.21209930221186424,eV/Å^3,0.557032983078378,/scratch/kenko/akg4pyscf/.graphchat-workspaces/kenko_room/mlff_elasticity_benchmark/workflow_runs/MatterSim/elasticity_MatterSim/structures/Ce3Mg3Pt3_2c6416ff/output.json,mp-19934,cif,https://elagente.ca/grafico/ConceptualAtoms_af3bb8c3-a46c-48fc-82fa-47f04e8d09b4,mp-19934
C4,0.7482970930796624,https://elagente.ca/grafico/ConceptualAtoms_af7ad2e2-49b5-4142-9924-a87b7ffba69c,https://elagente.ca/ontomlff/MLFFElasticityResult_db25b436-f367-4be5-a4fe-9a7e2189cf8f,[],[],0.6079591256759803,eV/Å^3,1.435198428574225,/scratch/kenko/akg4pyscf/.graphchat-workspaces/kenko_room/mlff_elasticity_benchmark/workflow_runs/MatterSim/elasticity_MatterSim/structures/C4_58895a72/output.json,mp-568286,cif,https://elagente.ca/grafico/ConceptualAtoms_af7ad2e2-49b5-4142-9924-a87b7ffba69c,mp-568286
ErFe2Si2,0.9364493591694467,https://elagente.ca/grafico/ConceptualAtoms_afbab976-d988-48da-843e-bdb0268caac7,https://elagente.ca/ontomlff/MLFFElasticityResult_49e11d6f-23e7-4bc3-91db-fc268fa34418,[],[],0.6119104721399953,eV/Å^3,1.5074009902207621,/scratch/kenko/akg4pyscf/.graphchat-workspaces/kenko_room/mlff_elasticity_benchmark/workflow_runs/MatterSim/elasticity_MatterSim/structures/ErFe2Si2_136c2c60/output.json,mp-5688,cif,https://elagente.ca/grafico/ConceptualAtoms_afbab976-d988-48da-843e-bdb0268caac7,mp-5688
Al18Co4,0.7268224677840354,https://elagente.ca/grafico/ConceptualAtoms_b0004ec4-1054-435e-8ce1-c98b69bf22fd,https://elagente.ca/ontomlff/MLFFElasticityResult_b6349998-57b9-48cb-932c-b0a7f4c290a1,[],[],0.3727778058834684,eV/Å^3,0.9550549843178338,/scratch/kenko/akg4pyscf/.graphchat-workspaces/kenko_room/mlff_elasticity_benchmark/workflow_runs/MatterSim/elasticity_MatterSim/structures/Al18Co4_54be11b7/output.json,mp-16488,cif,https://elagente.ca/grafico/ConceptualAtoms_b0004ec4-1054-435e-8ce1-c98b69bf22fd,mp-16488
O2U,1.2653475258898865,https://elagente.ca/grafico/ConceptualAtoms_b00c1ace-95ba-4f19-a638-5744e5d1199b,https://elagente.ca/ontomlff/MLFFElasticityResult_4faeb799-65f0-46d9-870a-997f58bd4802,[],[],0.48997203860373395,eV/Å^3,1.3018770724757145,/scratch/kenko/akg4pyscf/.graphchat-workspaces/kenko_room/mlff_elasticity_benchmark/workflow_runs/MatterSim/elasticity_MatterSim/structures/O2U_e882ccac/output.json,mp-1597,cif,https://elagente.ca/grafico/ConceptualAtoms_b00c1ace-95ba-4f19-a638-5744e5d1199b,mp-1597
PbRb3,0.16948017177259872,https://elagente.ca/grafico/ConceptualAtoms_b018c507-f2f7-45e1-9698-efc1fa22c70e,https://elagente.ca/ontomlff/MLFFElasticityResult_5f66eba4-21f0-4f74-ac99-d5edfed5fc61,[],[],0.04830969119987347,eV/Å^3,0.13235345403178247,/scratch/kenko/akg4pyscf/.graphchat-workspaces/kenko_room/mlff_elasticity_benchmark/workflow_runs/MatterSim/elasticity_MatterSim/structures/PbRb3_74db7bcb/output.json,mp-974832,cif,https://elagente.ca/grafico/ConceptualAtoms_b018c507-f2f7-45e1-9698-efc1fa22c70e,mp-974832
BiSc,0.31697644574644707,https://elagente.ca/grafico/ConceptualAtoms_b0534ff5-3c67-47a2-81b0-5455ba5299fe,https://elagente.ca/ontomlff/MLFFElasticityResult_ac7588fb-bae5-4129-ad7c-3954293ebbb7,[],[],0.15798119631778948,eV/Å^3,0.4064231056463692,/scratch/kenko/akg4pyscf/.graphchat-workspaces/kenko_room/mlff_elasticity_benchmark/workflow_runs/MatterSim/elasticity_MatterSim/structures/BiSc_065acc64/output.json,mp-570632,cif,https://elagente.ca/grafico/ConceptualAtoms_b0534ff5-3c67-47a2-81b0-5455ba5299fe,mp-570632
I2N2Zr2,0.6265905409743167,https://elagente.ca/grafico/ConceptualAtoms_b0657782-a3bb-4491-ac30-1ddc9081c9d7,https://elagente.ca/ontomlff/MLFFElasticityResult_19473bbc-230d-4555-9b02-5dadf632fe30,[],[],0.31339680116359336,eV/Å^3,0.8058401813634294,/scratch/kenko/akg4pyscf/.graphchat-workspaces/kenko_room/mlff_elasticity_benchmark/workflow_runs/MatterSim/elasticity_MatterSim/structures/I2N2Zr2_4381101e/output.json,mp-580886,cif,https://elagente.ca/grafico/ConceptualAtoms_b0657782-a3bb-4491-ac30-1ddc9081c9d7,mp-580886
CaNdRh2,0.5143357737149244,https://elagente.ca/grafico/ConceptualAtoms_b0b6fb65-248f-400e-b81a-ce7122831ccc,https://elagente.ca/ontomlff/MLFFElasticityResult_64d5ef29-88f3-4abe-853a-f38b30c6574b,[],[],0.18575221215687307,eV/Å^3,0.49738037781836714,/scratch/kenko/akg4pyscf/.graphchat-workspaces/kenko_room/mlff_elasticity_benchmark/workflow_runs/MatterSim/elasticity_MatterSim/structures/CaNdRh2_76e51e90/output.json,mp-866227,cif,https://elagente.ca/grafico/ConceptualAtoms_b0b6fb65-248f-400e-b81a-ce7122831ccc,mp-866227
LaO3Ti,1.2287603530818634,https://elagente.ca/grafico/ConceptualAtoms_b0f6aeaf-35ac-4a41-8df3-77e0e013af48,https://elagente.ca/ontomlff/MLFFElasticityResult_6abe28b6-94ca-419d-a98c-3b86def02646,[],[],0.5721372355386551,eV/Å^3,1.4858042413812245,/scratch/kenko/akg4pyscf/.graphchat-workspaces/kenko_room/mlff_elasticity_benchmark/workflow_runs/MatterSim/elasticity_MatterSim/structures/LaO3Ti_86885615/output.json,mp-8020,cif,https://elagente.ca/grafico/ConceptualAtoms_b0f6aeaf-35ac-4a41-8df3-77e0e013af48,mp-8020
Al2Dy4Ge4,0.49084998924803613,https://elagente.ca/grafico/ConceptualAtoms_b13d5b91-3ade-4fc9-bc94-51f01dffd96a,https://elagente.ca/ontomlff/MLFFElasticityResult_708e7c1b-7181-479b-8cfd-c0bdda59b134,[],[],0.32191641363096357,eV/Å^3,0.7924996691417421,/scratch/kenko/akg4pyscf/.graphchat-workspaces/kenko_room/mlff_elasticity_benchmark/workflow_runs/MatterSim/elasticity_MatterSim/structures/Al2Dy4Ge4_72e0690d/output.json,mp-21382,cif,https://elagente.ca/grafico/ConceptualAtoms_b13d5b91-3ade-4fc9-bc94-51f01dffd96a,mp-21382
DyLuMg2,0.27411224851539345,https://elagente.ca/grafico/ConceptualAtoms_b189b751-95d2-4a86-bf22-1292a8070d82,https://elagente.ca/ontomlff/MLFFElasticityResult_287c8104-45a9-4667-87f4-97d01a516e35,[],[],0.15229406596913864,eV/Å^3,0.38549060350455067,/scratch/kenko/akg4pyscf/.graphchat-workspaces/kenko_room/mlff_elasticity_benchmark/workflow_runs/MatterSim/elasticity_MatterSim/structures/DyLuMg2_a35cc136/output.json,mp-866295,cif,https://elagente.ca/grafico/ConceptualAtoms_b189b751-95d2-4a86-bf22-1292a8070d82,mp-866295
GeO3Sm,0.8932339573547612,https://elagente.ca/grafico/ConceptualAtoms_b1fbcf13-21ff-446d-9620-60706ec55013,https://elagente.ca/ontomlff/MLFFElasticityResult_406934dd-c00d-4ceb-8970-556c8519f350,[],[],0.3673517312960384,eV/Å^3,0.969191799882796,/scratch/kenko/akg4pyscf/.graphchat-workspaces/kenko_room/mlff_elasticity_benchmark/workflow_runs/MatterSim/elasticity_MatterSim/structures/GeO3Sm_04d4cb02/output.json,mp-978926,cif,https://elagente.ca/grafico/ConceptualAtoms_b1fbcf13-21ff-446d-9620-60706ec55013,mp-978926
AgInLi2,0.26439020074435926,https://elagente.ca/grafico/ConceptualAtoms_b2127365-0070-4217-83c2-b3c4634e89f2,https://elagente.ca/ontomlff/MLFFElasticityResult_5d7578b3-61a2-4476-b270-e51d55b26aca,[],[],0.09270018799350266,eV/Å^3,0.24899928324463633,/scratch/kenko/akg4pyscf/.graphchat-workspaces/kenko_room/mlff_elasticity_benchmark/workflow_runs/MatterSim/elasticity_MatterSim/structures/AgInLi2_e26c169c/output.json,mp-30344,cif,https://elagente.ca/grafico/ConceptualAtoms_b2127365-0070-4217-83c2-b3c4634e89f2,mp-30344
CeGe2Rh2,0.8443347556571544,https://elagente.ca/grafico/ConceptualAtoms_b248edfe-aebd-4977-bced-876e9ce3443a,https://elagente.ca/ontomlff/MLFFElasticityResult_eafc4dbd-680b-4783-b28a-7108e4f410da,[],[],0.4267243317248196,eV/Å^3,1.0956016915425615,/scratch/kenko/akg4pyscf/.graphchat-workspaces/kenko_room/mlff_elasticity_benchmark/workflow_runs/MatterSim/elasticity_MatterSim/structures/CeGe2Rh2_9bacedf7/output.json,mp-5577,cif,https://elagente.ca/grafico/ConceptualAtoms_b248edfe-aebd-4977-bced-876e9ce3443a,mp-5577
Cl6Na3Y,0.19569592402170216,https://elagente.ca/grafico/ConceptualAtoms_b24b231c-1659-4491-814a-bd833ae3f23f,https://elagente.ca/ontomlff/MLFFElasticityResult_5a6a2e59-2f19-43f7-a664-6dccb485e9bd,[],[],0.09879040979008165,eV/Å^3,0.25368342273921485,/scratch/kenko/akg4pyscf/.graphchat-workspaces/kenko_room/mlff_elasticity_benchmark/workflow_runs/MatterSim/elasticity_MatterSim/structures/Cl6Na3Y_9983faea/output.json,mp-675104,cif,https://elagente.ca/grafico/ConceptualAtoms_b24b231c-1659-4491-814a-bd833ae3f23f,mp-675104
As4Rh4V4,1.0748091159719313,https://elagente.ca/grafico/ConceptualAtoms_b2c0dc37-d197-4bea-9d9a-e9d76c03637e,https://elagente.ca/ontomlff/MLFFElasticityResult_df376b58-d046-4d3f-aa25-80525829c131,[],[],0.49064837237990394,eV/Å^3,1.2775459903569975,/scratch/kenko/akg4pyscf/.graphchat-workspaces/kenko_room/mlff_elasticity_benchmark/workflow_runs/MatterSim/elasticity_MatterSim/structures/As4Rh4V4_e27a3910/output.json,mp-20395,cif,https://elagente.ca/grafico/ConceptualAtoms_b2c0dc37-d197-4bea-9d9a-e9d76c03637e,mp-20395
Ge6N8,1.141307121745835,https://elagente.ca/grafico/ConceptualAtoms_b33054b2-8080-49d2-99ce-d45dbc07503c,https://elagente.ca/ontomlff/MLFFElasticityResult_2bf64a20-954f-473f-89c1-ee88a2596eb1,[],[],0.7764176676400585,eV/Å^3,1.8986989048544445,/scratch/kenko/akg4pyscf/.graphchat-workspaces/kenko_room/mlff_elasticity_benchmark/workflow_runs/MatterSim/elasticity_MatterSim/structures/Ge6N8_a324b65f/output.json,mp-13852,cif,https://elagente.ca/grafico/ConceptualAtoms_b33054b2-8080-49d2-99ce-d45dbc07503c,mp-13852
Mn2Si2Th,0.9181390991663461,https://elagente.ca/grafico/ConceptualAtoms_b3b263d4-e401-4124-94a2-fc0d87d5e9bb,https://elagente.ca/ontomlff/MLFFElasticityResult_349a7ea1-db4c-435f-8753-d7c2baceca0a,[],[],0.5051237164590647,eV/Å^3,1.280537501476947,/scratch/kenko/akg4pyscf/.graphchat-workspaces/kenko_room/mlff_elasticity_benchmark/workflow_runs/MatterSim/elasticity_MatterSim/structures/Mn2Si2Th_4da3d509/output.json,mp-4458,cif,https://elagente.ca/grafico/ConceptualAtoms_b3b263d4-e401-4124-94a2-fc0d87d5e9bb,mp-4458
ClCsINa,0.07333841234592038,https://elagente.ca/grafico/ConceptualAtoms_b4163ba4-68db-4f21-a273-73f739ad488a,https://elagente.ca/ontomlff/MLFFElasticityResult_c3239587-98d1-4827-8e9d-246d8d495005,[],[],0.03737632352155769,eV/Å^3,0.09584650710372139,/scratch/kenko/akg4pyscf/.graphchat-workspaces/kenko_room/mlff_elasticity_benchmark/workflow_runs/MatterSim/elasticity_MatterSim/structures/ClCsINa_e748e0f1/output.json,mp-1021431,cif,https://elagente.ca/grafico/ConceptualAtoms_b4163ba4-68db-4f21-a273-73f739ad488a,mp-1021431
B2Ta4,1.620771653040399,https://elagente.ca/grafico/ConceptualAtoms_b42ba66c-2f5a-4d19-ba6e-f75ebb58b038,https://elagente.ca/ontomlff/MLFFElasticityResult_e6ed4d6a-3395-4765-9501-3ff2aecb8e5a,[],[],0.9745957959175477,eV/Å^3,2.435599197826899,/scratch/kenko/akg4pyscf/.graphchat-workspaces/kenko_room/mlff_elasticity_benchmark/workflow_runs/MatterSim/elasticity_MatterSim/structures/B2Ta4_c462327c/output.json,mp-1032,cif,https://elagente.ca/grafico/ConceptualAtoms_b42ba66c-2f5a-4d19-ba6e-f75ebb58b038,mp-1032
GaLi2Rh,0.5115585532374842,https://elagente.ca/grafico/ConceptualAtoms_b4404923-c9f2-4950-899d-2113ff77bb17,https://elagente.ca/ontomlff/MLFFElasticityResult_c8efe96b-f69f-4643-8c10-4731a115d482,[],[],0.21286754298555505,eV/Å^3,0.5608146965265833,/scratch/kenko/akg4pyscf/.graphchat-workspaces/kenko_room/mlff_elasticity_benchmark/workflow_runs/MatterSim/elasticity_MatterSim/structures/GaLi2Rh_7830afec/output.json,mp-2988,cif,https://elagente.ca/grafico/ConceptualAtoms_b4404923-c9f2-4950-899d-2113ff77bb17,mp-2988
Al2F12Na6,0.46441256579607015,https://elagente.ca/grafico/ConceptualAtoms_b4dc17ec-babd-4094-bfa8-2876631e878c,https://elagente.ca/ontomlff/MLFFElasticityResult_b380679b-318a-4761-b545-3ca640da4796,[],[],0.2888664026783926,eV/Å^3,0.717778813519075,/scratch/kenko/akg4pyscf/.graphchat-workspaces/kenko_room/mlff_elasticity_benchmark/workflow_runs/MatterSim/elasticity_MatterSim/structures/Al2F12Na6_7776e2cf/output.json,mp-3416,cif,https://elagente.ca/grafico/ConceptualAtoms_b4dc17ec-babd-4094-bfa8-2876631e878c,mp-3416
Li3Nb,0.17821905260965476,https://elagente.ca/grafico/ConceptualAtoms_b4f37769-96e3-42d0-9d61-c90a9d2d73f8,https://elagente.ca/ontomlff/MLFFElasticityResult_4aa18b35-9a20-4f20-b0c9-8b2d7d7da0b9,[],[],0.1339232752760846,eV/Å^3,0.3212913548503758,/scratch/kenko/akg4pyscf/.graphchat-workspaces/kenko_room/mlff_elasticity_benchmark/workflow_runs/MatterSim/elasticity_MatterSim/structures/Li3Nb_da536cd1/output.json,mp-976263,cif,https://elagente.ca/grafico/ConceptualAtoms_b4f37769-96e3-42d0-9d61-c90a9d2d73f8,mp-976263
Er2Sn4,0.40775970641809006,https://elagente.ca/grafico/ConceptualAtoms_b505f136-ac10-422c-aacc-e7db973c8e5a,https://elagente.ca/ontomlff/MLFFElasticityResult_5a1d3055-1775-4fba-a9b7-d836611ed181,[],[],0.16512670111797434,eV/Å^3,0.4364632642957412,/scratch/kenko/akg4pyscf/.graphchat-workspaces/kenko_room/mlff_elasticity_benchmark/workflow_runs/MatterSim/elasticity_MatterSim/structures/Er2Sn4_6209f99d/output.json,mp-30613,cif,https://elagente.ca/grafico/ConceptualAtoms_b505f136-ac10-422c-aacc-e7db973c8e5a,mp-30613
LuRbSe2,0.2811566147601358,https://elagente.ca/grafico/ConceptualAtoms_b52505a0-15b3-49e7-b1dd-35e89e82279b,https://elagente.ca/ontomlff/MLFFElasticityResult_aab58e0b-4191-489b-8ea1-e49b3e95e7c1,[],[],0.16084196951300184,eV/Å^3,0.40524869601939956,/scratch/kenko/akg4pyscf/.graphchat-workspaces/kenko_room/mlff_elasticity_benchmark/workflow_runs/MatterSim/elasticity_MatterSim/structures/LuRbSe2_bd94ba3b/output.json,mp-10785,cif,https://elagente.ca/grafico/ConceptualAtoms_b52505a0-15b3-49e7-b1dd-35e89e82279b,mp-10785
CdHgO2,0.5170305831242924,https://elagente.ca/grafico/ConceptualAtoms_b53f7cd9-a28d-4d5f-a318-73921b4909d8,https://elagente.ca/ontomlff/MLFFElasticityResult_36294bf3-e1b4-435a-afb9-ca8ece0bc223,[],[],0.17357481971075328,eV/Å^3,0.46831742827012296,/scratch/kenko/akg4pyscf/.graphchat-workspaces/kenko_room/mlff_elasticity_benchmark/workflow_runs/MatterSim/elasticity_MatterSim/structures/CdHgO2_93b45b7e/output.json,mp-2695851,cif,https://elagente.ca/grafico/ConceptualAtoms_b53f7cd9-a28d-4d5f-a318-73921b4909d8,mp-2695851
Li4S4Ti,0.29580972069753,https://elagente.ca/grafico/ConceptualAtoms_b5617fed-4e3c-4211-afc1-07d6e5465266,https://elagente.ca/ontomlff/MLFFElasticityResult_4a50374e-27cc-4d8f-af4a-0aff45a15fd5,[],[],0.16999304051423614,eV/Å^3,0.42799398707503483,/scratch/kenko/akg4pyscf/.graphchat-workspaces/kenko_room/mlff_elasticity_benchmark/workflow_runs/MatterSim/elasticity_MatterSim/structures/Li4S4Ti_0a28dd7e/output.json,mp-861182,cif,https://elagente.ca/grafico/ConceptualAtoms_b5617fed-4e3c-4211-afc1-07d6e5465266,mp-861182
Fe2Se2,0.3759866189448712,https://elagente.ca/grafico/ConceptualAtoms_b5abfd65-9213-4711-886f-d2c2d461edb7,https://elagente.ca/ontomlff/MLFFElasticityResult_d73a6869-d96e-41fc-8b62-b73d52e6135e,[],[],0.20573176202862525,eV/Å^3,0.5219883642410521,/scratch/kenko/akg4pyscf/.graphchat-workspaces/kenko_room/mlff_elasticity_benchmark/workflow_runs/MatterSim/elasticity_MatterSim/structures/Fe2Se2_a31c79ba/output.json,mp-1090,cif,https://elagente.ca/grafico/ConceptualAtoms_b5abfd65-9213-4711-886f-d2c2d461edb7,mp-1090
CdLi2Sb,0.22550088534357227,https://elagente.ca/grafico/ConceptualAtoms_b6547ee6-d3ba-440f-8de4-ba578927555b,https://elagente.ca/ontomlff/MLFFElasticityResult_92b4e854-4726-4560-bb3b-097c0ae24f3d,[],[],0.06178065674905636,eV/Å^3,0.16983227573447485,/scratch/kenko/akg4pyscf/.graphchat-workspaces/kenko_room/mlff_elasticity_benchmark/workflow_runs/MatterSim/elasticity_MatterSim/structures/CdLi2Sb_b26579c8/output.json,mp-16271,cif,https://elagente.ca/grafico/ConceptualAtoms_b6547ee6-d3ba-440f-8de4-ba578927555b,mp-16271
HfOs3,1.8404628336417947,https://elagente.ca/grafico/ConceptualAtoms_b7290956-de83-4b29-bc9c-42a1e8032e2e,https://elagente.ca/ontomlff/MLFFElasticityResult_260fa589-c2d0-40f9-a3fe-21a7fa0d9e92,[],[],0.5542587613215054,eV/Å^3,1.511087371865936,/scratch/kenko/akg4pyscf/.graphchat-workspaces/kenko_room/mlff_elasticity_benchmark/workflow_runs/MatterSim/elasticity_MatterSim/structures/HfOs3_37a52023/output.json,mp-1007693,cif,https://elagente.ca/grafico/ConceptualAtoms_b7290956-de83-4b29-bc9c-42a1e8032e2e,mp-1007693
GaGeRu2,1.249425257159896,https://elagente.ca/grafico/ConceptualAtoms_b75ce6ca-8c6a-4fea-b6d0-df2451065b0b,https://elagente.ca/ontomlff/MLFFElasticityResult_158f0e3f-62fb-4888-9db2-0d6044e910f1,[],[],0.5135111170134237,eV/Å^3,1.3549114458190004,/scratch/kenko/akg4pyscf/.graphchat-workspaces/kenko_room/mlff_elasticity_benchmark/workflow_runs/MatterSim/elasticity_MatterSim/structures/GaGeRu2_c4650001/output.json,mp-865895,cif,https://elagente.ca/grafico/ConceptualAtoms_b75ce6ca-8c6a-4fea-b6d0-df2451065b0b,mp-865895
TbTe,0.36359841425249106,https://elagente.ca/grafico/ConceptualAtoms_b794c77d-439e-4e02-8bb9-a577d64847b7,https://elagente.ca/ontomlff/MLFFElasticityResult_c66e30d1-c1d4-46a4-8309-55a4b7927f1a,[],[],0.21196843785400074,eV/Å^3,0.5324392299239249,/scratch/kenko/akg4pyscf/.graphchat-workspaces/kenko_room/mlff_elasticity_benchmark/workflow_runs/MatterSim/elasticity_MatterSim/structures/TbTe_e6d67e98/output.json,mp-867290,cif,https://elagente.ca/grafico/ConceptualAtoms_b794c77d-439e-4e02-8bb9-a577d64847b7,mp-867290
Au2LiMg,0.42729365773842254,https://elagente.ca/grafico/ConceptualAtoms_b7f5f0e6-f206-4a03-a359-a385b834e6a0,https://elagente.ca/ontomlff/MLFFElasticityResult_5c4644fd-250c-4d94-b5b9-c4eb30c98383,[],[],0.12368991996150511,eV/Å^3,0.3384157051349067,/scratch/kenko/akg4pyscf/.graphchat-workspaces/kenko_room/mlff_elasticity_benchmark/workflow_runs/MatterSim/elasticity_MatterSim/structures/Au2LiMg_792e04ba/output.json,mp-977418,cif,https://elagente.ca/grafico/ConceptualAtoms_b7f5f0e6-f206-4a03-a359-a385b834e6a0,mp-977418
C16B16Mg8,0.930675081262361,https://elagente.ca/grafico/ConceptualAtoms_b8462473-7cd5-4382-ae00-c087a68217a3,https://elagente.ca/ontomlff/MLFFElasticityResult_82144c5a-3ad0-478a-a625-df313f82ae70,[],[],0.7359416544779751,eV/Å^3,1.7472678201153817,/scratch/kenko/akg4pyscf/.graphchat-workspaces/kenko_room/mlff_elasticity_benchmark/workflow_runs/MatterSim/elasticity_MatterSim/structures/C16B16Mg8_0c6feb88/output.json,mp-3582,cif,https://elagente.ca/grafico/ConceptualAtoms_b8462473-7cd5-4382-ae00-c087a68217a3,mp-3582
N3Os3,2.214124019567211,https://elagente.ca/grafico/ConceptualAtoms_b91cda90-474f-4c6d-a0b4-9204e091edcf,https://elagente.ca/ontomlff/MLFFElasticityResult_02583cef-8b8a-4da0-aa5e-bcddc00cd28e,[],[],0.6834849817356875,eV/Å^3,1.8591523913844945,/scratch/kenko/akg4pyscf/.graphchat-workspaces/kenko_room/mlff_elasticity_benchmark/workflow_runs/MatterSim/elasticity_MatterSim/structures/N3Os3_b376444d/output.json,mp-1018849,cif,https://elagente.ca/grafico/ConceptualAtoms_b91cda90-474f-4c6d-a0b4-9204e091edcf,mp-1018849
Na2Te,0.11091427186899147,https://elagente.ca/grafico/ConceptualAtoms_b990a205-d19b-4b6b-b775-c5b51ec03c79,https://elagente.ca/ontomlff/MLFFElasticityResult_19aeb247-bb1d-48c9-a0b3-e2b5823e6e98,[],[],0.055111855984311314,eV/Å^3,0.14184236114760657,/scratch/kenko/akg4pyscf/.graphchat-workspaces/kenko_room/mlff_elasticity_benchmark/workflow_runs/MatterSim/elasticity_MatterSim/structures/Na2Te_071eb378/output.json,mp-2784,cif,https://elagente.ca/grafico/ConceptualAtoms_b990a205-d19b-4b6b-b775-c5b51ec03c79,mp-2784
AgBaO2,0.5250472728115554,https://elagente.ca/grafico/ConceptualAtoms_b9be7993-3afb-472c-b342-90c91f4f88f6,https://elagente.ca/ontomlff/MLFFElasticityResult_0004aa99-28a8-4987-9312-82d073035026,[],[],0.2747910643836974,eV/Å^3,0.701919892656072,/scratch/kenko/akg4pyscf/.graphchat-workspaces/kenko_room/mlff_elasticity_benchmark/workflow_runs/MatterSim/elasticity_MatterSim/structures/AgBaO2_42eaedcc/output.json,mp-996990,cif,https://elagente.ca/grafico/ConceptualAtoms_b9be7993-3afb-472c-b342-90c91f4f88f6,mp-996990
AuGe2In3Yb3,0.32488461259646906,https://elagente.ca/grafico/ConceptualAtoms_b9cff865-bce4-4058-af08-64929d81c7ea,https://elagente.ca/ontomlff/MLFFElasticityResult_b9b8d76f-55af-4ebd-8149-83e7e81b33f8,[],[],0.15924528800923643,eV/Å^3,0.4106424308214263,/scratch/kenko/akg4pyscf/.graphchat-workspaces/kenko_room/mlff_elasticity_benchmark/workflow_runs/MatterSim/elasticity_MatterSim/structures/AuGe2In3Yb3_4799c698/output.json,mp-981207,cif,https://elagente.ca/grafico/ConceptualAtoms_b9cff865-bce4-4058-af08-64929d81c7ea,mp-981207
Br4FeLi2,0.20971321556869715,https://elagente.ca/grafico/ConceptualAtoms_b9d6c4a3-3f33-4125-8283-fdce4749efd0,https://elagente.ca/ontomlff/MLFFElasticityResult_5e596587-516f-403c-9c5f-4d11e690af8b,[],[],0.09832269680631855,eV/Å^3,0.2551006548321582,/scratch/kenko/akg4pyscf/.graphchat-workspaces/kenko_room/mlff_elasticity_benchmark/workflow_runs/MatterSim/elasticity_MatterSim/structures/Br4FeLi2_838de044/output.json,mp-22967,cif,https://elagente.ca/grafico/ConceptualAtoms_b9d6c4a3-3f33-4125-8283-fdce4749efd0,mp-22967
AuGa2,0.40782720725574295,https://elagente.ca/grafico/ConceptualAtoms_ba3fa98e-7fb2-45b9-b02c-e2fb2c96e031,https://elagente.ca/ontomlff/MLFFElasticityResult_e743712b-93f6-42e4-86cf-17a902bebab0,[],[],0.1532358795456956,eV/Å^3,0.40853976703434386,/scratch/kenko/akg4pyscf/.graphchat-workspaces/kenko_room/mlff_elasticity_benchmark/workflow_runs/MatterSim/elasticity_MatterSim/structures/AuGa2_bd43a017/output.json,mp-2776,cif,https://elagente.ca/grafico/ConceptualAtoms_ba3fa98e-7fb2-45b9-b02c-e2fb2c96e031,mp-2776
Ca2Zn2,0.2149635540573273,https://elagente.ca/grafico/ConceptualAtoms_ba580359-c00e-47e2-a24d-2df7d21a4f41,https://elagente.ca/ontomlff/MLFFElasticityResult_72692e11-baf0-43e5-ab0d-1654943bb248,[],[],0.09925464508790943,eV/Å^3,0.2580479638986643,/scratch/kenko/akg4pyscf/.graphchat-workspaces/kenko_room/mlff_elasticity_benchmark/workflow_runs/MatterSim/elasticity_MatterSim/structures/Ca2Zn2_c2196fb6/output.json,mp-30483,cif,https://elagente.ca/grafico/ConceptualAtoms_ba580359-c00e-47e2-a24d-2df7d21a4f41,mp-30483
Au4Sb8,0.47910457295819,https://elagente.ca/grafico/ConceptualAtoms_ba86d8ea-f669-4bac-9bca-2c642683b052,https://elagente.ca/ontomlff/MLFFElasticityResult_43fd30e2-baef-4f1f-9102-db825fa85897,[],[],0.16527527778264373,eV/Å^3,0.4446912302093085,/scratch/kenko/akg4pyscf/.graphchat-workspaces/kenko_room/mlff_elasticity_benchmark/workflow_runs/MatterSim/elasticity_MatterSim/structures/Au4Sb8_1779eb32/output.json,mp-738,cif,https://elagente.ca/grafico/ConceptualAtoms_ba86d8ea-f669-4bac-9bca-2c642683b052,mp-738
PbSn,0.256625973660258,https://elagente.ca/grafico/ConceptualAtoms_baa6173f-eadc-4a5c-b8f5-6f49028289e9,https://elagente.ca/ontomlff/MLFFElasticityResult_ee7c69cb-0f08-4739-8253-c8b1955674d0,[],[],0.052138650349285776,eV/Å^3,0.1464948413462128,/scratch/kenko/akg4pyscf/.graphchat-workspaces/kenko_room/mlff_elasticity_benchmark/workflow_runs/MatterSim/elasticity_MatterSim/structures/PbSn_41e6ce27/output.json,mp-972692,cif,https://elagente.ca/grafico/ConceptualAtoms_baa6173f-eadc-4a5c-b8f5-6f49028289e9,mp-972692
GaLa3,0.20789177466193942,https://elagente.ca/grafico/ConceptualAtoms_babdeac8-a68f-491e-9b70-9881c738d9ed,https://elagente.ca/ontomlff/MLFFElasticityResult_5aad5900-767b-4763-8126-aa00a954c1e8,[],[],0.006734445804740599,eV/Å^3,0.01998751226776798,/scratch/kenko/akg4pyscf/.graphchat-workspaces/kenko_room/mlff_elasticity_benchmark/workflow_runs/MatterSim/elasticity_MatterSim/structures/GaLa3_073dffc0/output.json,mp-20487,cif,https://elagente.ca/grafico/ConceptualAtoms_babdeac8-a68f-491e-9b70-9881c738d9ed,mp-20487
BPd3Tm,0.927302428624746,https://elagente.ca/grafico/ConceptualAtoms_bac10f1f-f6a7-4b4d-9781-a6dfc5dffd52,https://elagente.ca/ontomlff/MLFFElasticityResult_74109ee3-f2a1-491e-832e-f15291232b57,[],[],0.2803812185065361,eV/Å^3,0.7641290689657135,/scratch/kenko/akg4pyscf/.graphchat-workspaces/kenko_room/mlff_elasticity_benchmark/workflow_runs/MatterSim/elasticity_MatterSim/structures/BPd3Tm_6472889c/output.json,mp-10134,cif,https://elagente.ca/grafico/ConceptualAtoms_bac10f1f-f6a7-4b4d-9781-a6dfc5dffd52,mp-10134
As8O20,0.9444685070465937,https://elagente.ca/grafico/ConceptualAtoms_bb178cc0-4478-4c54-b7c2-309efca1c201,https://elagente.ca/ontomlff/MLFFElasticityResult_3b2e4557-fe2b-477a-98e3-667e512c4d18,[],[],0.7245985080611153,eV/Å^3,1.7310953527597215,/scratch/kenko/akg4pyscf/.graphchat-workspaces/kenko_room/mlff_elasticity_benchmark/workflow_runs/MatterSim/elasticity_MatterSim/structures/As8O20_aea45e30/output.json,mp-555434,cif,https://elagente.ca/grafico/ConceptualAtoms_bb178cc0-4478-4c54-b7c2-309efca1c201,mp-555434
CeIr5,1.5182828966629471,https://elagente.ca/grafico/ConceptualAtoms_bb478aae-de5b-425d-98b9-ffaabf128984,https://elagente.ca/ontomlff/MLFFElasticityResult_9925f667-1a9b-48e4-8c82-4f9536031935,[],[],0.532333490816971,eV/Å^3,1.429886969116247,/scratch/kenko/akg4pyscf/.graphchat-workspaces/kenko_room/mlff_elasticity_benchmark/workflow_runs/MatterSim/elasticity_MatterSim/structures/CeIr5_915868ba/output.json,mp-30507,cif,https://elagente.ca/grafico/ConceptualAtoms_bb478aae-de5b-425d-98b9-ffaabf128984,mp-30507
Os3Ti,1.913978122177473,https://elagente.ca/grafico/ConceptualAtoms_bb70bc0f-ea60-4ac2-9d1d-2882b40ee40c,https://elagente.ca/ontomlff/MLFFElasticityResult_2efad1ce-6110-4598-adf1-12d720f677a4,[],[],0.6392063159315549,eV/Å^3,1.725528817835789,/scratch/kenko/akg4pyscf/.graphchat-workspaces/kenko_room/mlff_elasticity_benchmark/workflow_runs/MatterSim/elasticity_MatterSim/structures/Os3Ti_e8fe6b56/output.json,mp-980203,cif,https://elagente.ca/grafico/ConceptualAtoms_bb70bc0f-ea60-4ac2-9d1d-2882b40ee40c,mp-980203
C2Na2Pd,0.3176944631583031,https://elagente.ca/grafico/ConceptualAtoms_bc01a0f3-7b1a-4940-80ac-77cc0b44bbd0,https://elagente.ca/ontomlff/MLFFElasticityResult_ef0d2fad-312b-4834-bdf7-039476f60c13,[],[],0.16117294537148966,eV/Å^3,0.4135796735339786,/scratch/kenko/akg4pyscf/.graphchat-workspaces/kenko_room/mlff_elasticity_benchmark/workflow_runs/MatterSim/elasticity_MatterSim/structures/C2Na2Pd_60fc9874/output.json,mp-4823,cif,https://elagente.ca/grafico/ConceptualAtoms_bc01a0f3-7b1a-4940-80ac-77cc0b44bbd0,mp-4823
H4Cl2Hg2N2,0.40248551881529576,https://elagente.ca/grafico/ConceptualAtoms_bc1479a8-9673-4b09-88d2-dd766a9bf397,https://elagente.ca/ontomlff/MLFFElasticityResult_f4680df5-b9f2-419f-8d7d-1be7a857a9a4,[],[],0.17762181272105154,eV/Å^3,0.4645310195700293,/scratch/kenko/akg4pyscf/.graphchat-workspaces/kenko_room/mlff_elasticity_benchmark/workflow_runs/MatterSim/elasticity_MatterSim/structures/H4Cl2Hg2N2_65ffc1d5/output.json,mp-643754,cif,https://elagente.ca/grafico/ConceptualAtoms_bc1479a8-9673-4b09-88d2-dd766a9bf397,mp-643754
CrN2,1.6718239201266343,https://elagente.ca/grafico/ConceptualAtoms_bc1f9b0d-c80e-4101-bf22-5b17a355df31,https://elagente.ca/ontomlff/MLFFElasticityResult_15073bde-06e4-46f1-bfa9-c58c9d799b27,[],[],0.5220613242046646,eV/Å^3,1.4185290392345167,/scratch/kenko/akg4pyscf/.graphchat-workspaces/kenko_room/mlff_elasticity_benchmark/workflow_runs/MatterSim/elasticity_MatterSim/structures/CrN2_3d8638b2/output.json,mp-1014264,cif,https://elagente.ca/grafico/ConceptualAtoms_bc1f9b0d-c80e-4101-bf22-5b17a355df31,mp-1014264
Cu2Si2Sr,0.5546296950686105,https://elagente.ca/grafico/ConceptualAtoms_bc7a3304-525b-4486-bc45-f4c0ca128170,https://elagente.ca/ontomlff/MLFFElasticityResult_a8e99aed-9a41-4535-862d-28a1c420fd4c,[],[],0.31237971355401106,eV/Å^3,0.789009869732916,/scratch/kenko/akg4pyscf/.graphchat-workspaces/kenko_room/mlff_elasticity_benchmark/workflow_runs/MatterSim/elasticity_MatterSim/structures/Cu2Si2Sr_10c431e3/output.json,mp-7877,cif,https://elagente.ca/grafico/ConceptualAtoms_bc7a3304-525b-4486-bc45-f4c0ca128170,mp-7877
F6KRu,0.5302043745234641,https://elagente.ca/grafico/ConceptualAtoms_bcc18e69-82f6-4801-837c-747566954123,https://elagente.ca/ontomlff/MLFFElasticityResult_161f9d75-dd8e-4135-85b5-4fc1fa969ebe,[],[],0.25855735344314107,eV/Å^3,0.6672149345253883,/scratch/kenko/akg4pyscf/.graphchat-workspaces/kenko_room/mlff_elasticity_benchmark/workflow_runs/MatterSim/elasticity_MatterSim/structures/F6KRu_85349e82/output.json,mp-8013,cif,https://elagente.ca/grafico/ConceptualAtoms_bcc18e69-82f6-4801-837c-747566954123,mp-8013
Fe4Sb12,0.5408941405531721,https://elagente.ca/grafico/ConceptualAtoms_bce23967-2991-458b-8748-56718ce4498e,https://elagente.ca/ontomlff/MLFFElasticityResult_fc495f94-f652-4794-84a8-567ee08c8883,[],[],0.3480043256330835,eV/Å^3,0.8596503264287202,/scratch/kenko/akg4pyscf/.graphchat-workspaces/kenko_room/mlff_elasticity_benchmark/workflow_runs/MatterSim/elasticity_MatterSim/structures/Fe4Sb12_1c8cc6f5/output.json,mp-971669,cif,https://elagente.ca/grafico/ConceptualAtoms_bce23967-2991-458b-8748-56718ce4498e,mp-971669
FeSb2Sc6,0.5202488937832075,https://elagente.ca/grafico/ConceptualAtoms_bd42c916-1965-40a8-9dfe-05cf400ca0a3,https://elagente.ca/ontomlff/MLFFElasticityResult_17ad13eb-0235-4de3-a7a9-31d502ffe616,[],[],0.2893778615808248,eV/Å^3,0.732348866205979,/scratch/kenko/akg4pyscf/.graphchat-workspaces/kenko_room/mlff_elasticity_benchmark/workflow_runs/MatterSim/elasticity_MatterSim/structures/FeSb2Sc6_8a95774e/output.json,mp-11201,cif,https://elagente.ca/grafico/ConceptualAtoms_bd42c916-1965-40a8-9dfe-05cf400ca0a3,mp-11201
Al8Li24N16,0.7736206609015353,https://elagente.ca/grafico/ConceptualAtoms_bd660260-e18c-4230-9e13-924234612e32,https://elagente.ca/ontomlff/MLFFElasticityResult_72f97c1a-ceb6-4a67-948f-b339e9fa1ebc,[],[],0.619708873240099,eV/Å^3,1.4673260751463073,/scratch/kenko/akg4pyscf/.graphchat-workspaces/kenko_room/mlff_elasticity_benchmark/workflow_runs/MatterSim/elasticity_MatterSim/structures/Al8Li24N16_d2cfdb80/output.json,mp-13944,cif,https://elagente.ca/grafico/ConceptualAtoms_bd660260-e18c-4230-9e13-924234612e32,mp-13944
O4Ru2,1.56949056761803,https://elagente.ca/grafico/ConceptualAtoms_bd67bc2d-5db0-4359-9286-e00ee488c6eb,https://elagente.ca/ontomlff/MLFFElasticityResult_02923ac4-56c9-4599-9d14-323618fabb07,[],[],0.8127467550167513,eV/Å^3,2.0793209651725646,/scratch/kenko/akg4pyscf/.graphchat-workspaces/kenko_room/mlff_elasticity_benchmark/workflow_runs/MatterSim/elasticity_MatterSim/structures/O4Ru2_aa50cca4/output.json,mp-825,cif,https://elagente.ca/grafico/ConceptualAtoms_bd67bc2d-5db0-4359-9286-e00ee488c6eb,mp-825
Pd2Ta,1.2547812286922828,https://elagente.ca/grafico/ConceptualAtoms_bd6ac260-f9d1-42b6-98f3-c357bfa49f7d,https://elagente.ca/ontomlff/MLFFElasticityResult_70901219-7e5f-4dcc-a6c6-9ade43569bab,[],[],0.4429494095634178,eV/Å^3,1.1889453208306413,/scratch/kenko/akg4pyscf/.graphchat-workspaces/kenko_room/mlff_elasticity_benchmark/workflow_runs/MatterSim/elasticity_MatterSim/structures/Pd2Ta_911fbaec/output.json,mp-30835,cif,https://elagente.ca/grafico/ConceptualAtoms_bd6ac260-f9d1-42b6-98f3-c357bfa49f7d,mp-30835
Mg2Ni3Si,0.8191747256808808,https://elagente.ca/grafico/ConceptualAtoms_bd6e9db4-ab88-4a5f-b640-860525059d80,https://elagente.ca/ontomlff/MLFFElasticityResult_4812dcd7-5797-437f-b39e-f8ddb6072796,[],[],0.46709185187221336,eV/Å^3,1.1774771534383226,/scratch/kenko/akg4pyscf/.graphchat-workspaces/kenko_room/mlff_elasticity_benchmark/workflow_runs/MatterSim/elasticity_MatterSim/structures/Mg2Ni3Si_263d31d0/output.json,mp-15779,cif,https://elagente.ca/grafico/ConceptualAtoms_bd6e9db4-ab88-4a5f-b640-860525059d80,mp-15779
C21Si21,1.3444247465522832,https://elagente.ca/grafico/ConceptualAtoms_bd987e11-4c18-4b73-b7ec-9634546aa02b,https://elagente.ca/ontomlff/MLFFElasticityResult_6985628f-ab71-47c2-9a75-105db3b9d1e6,[],[],1.1391422669268407,eV/Å^3,2.6647930351232985,/scratch/kenko/akg4pyscf/.graphchat-workspaces/kenko_room/mlff_elasticity_benchmark/workflow_runs/MatterSim/elasticity_MatterSim/structures/C21Si21_eaf2d515/output.json,mp-582034,cif,https://elagente.ca/grafico/ConceptualAtoms_bd987e11-4c18-4b73-b7ec-9634546aa02b,mp-582034
Ga2N2,0.30999774932481855,https://elagente.ca/grafico/ConceptualAtoms_bd99baf3-e2b5-40e7-8033-9c5261bfda7e,https://elagente.ca/ontomlff/MLFFElasticityResult_904a6e86-0671-41ba-8968-9b66349e3cb5,[],[],0.19918795744708284,eV/Å^3,0.49215339738440755,/scratch/kenko/akg4pyscf/.graphchat-workspaces/kenko_room/mlff_elasticity_benchmark/workflow_runs/MatterSim/elasticity_MatterSim/structures/Ga2N2_cbdac4f4/output.json,mp-1007824,cif,https://elagente.ca/grafico/ConceptualAtoms_bd99baf3-e2b5-40e7-8033-9c5261bfda7e,mp-1007824
CuNi2Zn,0.9784509472728724,https://elagente.ca/grafico/ConceptualAtoms_be5f6422-387c-456c-b1ed-c850ce617c14,https://elagente.ca/ontomlff/MLFFElasticityResult_11705956-92af-4f12-be2e-3fba7641994a,[],[],0.23264601522807593,eV/Å^3,0.6466840798428779,/scratch/kenko/akg4pyscf/.graphchat-workspaces/kenko_room/mlff_elasticity_benchmark/workflow_runs/MatterSim/elasticity_MatterSim/structures/CuNi2Zn_fbcf8f2c/output.json,mp-971738,cif,https://elagente.ca/grafico/ConceptualAtoms_be5f6422-387c-456c-b1ed-c850ce617c14,mp-971738
Si2Yb2,0.3581415863603924,https://elagente.ca/grafico/ConceptualAtoms_be78dbd0-c961-4b20-aab3-2cf0c087f025,https://elagente.ca/ontomlff/MLFFElasticityResult_d37e6924-25b0-4a66-a9be-14150bcc308b,[],[],0.2387017612649755,eV/Å^3,0.5859307805429902,/scratch/kenko/akg4pyscf/.graphchat-workspaces/kenko_room/mlff_elasticity_benchmark/workflow_runs/MatterSim/elasticity_MatterSim/structures/Si2Yb2_04b3b9b3/output.json,mp-10651,cif,https://elagente.ca/grafico/ConceptualAtoms_be78dbd0-c961-4b20-aab3-2cf0c087f025,mp-10651
C4CoSc3,1.1778031367431718,https://elagente.ca/grafico/ConceptualAtoms_bf448ad8-eb39-4a4c-9ca7-d60dfe5c9f9d,https://elagente.ca/ontomlff/MLFFElasticityResult_8869395e-4b92-462a-bc7e-1334c8aaf2fb,[],[],0.7646655782812002,eV/Å^3,1.8858744139177444,/scratch/kenko/akg4pyscf/.graphchat-workspaces/kenko_room/mlff_elasticity_benchmark/workflow_runs/MatterSim/elasticity_MatterSim/structures/C4CoSc3_95ebc7e0/output.json,mp-5075,cif,https://elagente.ca/grafico/ConceptualAtoms_bf448ad8-eb39-4a4c-9ca7-d60dfe5c9f9d,mp-5075
P4Ti4,0.9020031922599264,https://elagente.ca/grafico/ConceptualAtoms_bf4acb08-51eb-4e6e-b80a-8965e32a6019,https://elagente.ca/ontomlff/MLFFElasticityResult_aeb9daf3-aaaf-4d78-b7a0-593686a4cae9,[],[],0.6452522373884637,eV/Å^3,1.5630459486303554,/scratch/kenko/akg4pyscf/.graphchat-workspaces/kenko_room/mlff_elasticity_benchmark/workflow_runs/MatterSim/elasticity_MatterSim/structures/P4Ti4_2999b053/output.json,mp-739,cif,https://elagente.ca/grafico/ConceptualAtoms_bf4acb08-51eb-4e6e-b80a-8965e32a6019,mp-739
Ag4S2,0.27114817719450907,https://elagente.ca/grafico/ConceptualAtoms_bf69e604-5982-4a15-b7d2-75595bf14195,https://elagente.ca/ontomlff/MLFFElasticityResult_fc1b4f2e-bfa5-4c13-aae3-be29d32cf173,[],[],0.13326038812615099,eV/Å^3,0.3435070371171995,/scratch/kenko/akg4pyscf/.graphchat-workspaces/kenko_room/mlff_elasticity_benchmark/workflow_runs/MatterSim/elasticity_MatterSim/structures/Ag4S2_3b45b114/output.json,mp-2025704,cif,https://elagente.ca/grafico/ConceptualAtoms_bf69e604-5982-4a15-b7d2-75595bf14195,mp-2025704
BaO4Sr3,0.497682733306074,https://elagente.ca/grafico/ConceptualAtoms_bfa88b43-75ed-4553-9a58-2de6e1878ee0,https://elagente.ca/ontomlff/MLFFElasticityResult_45a9712a-41e8-414d-a06f-7d8147eb1df1,[],[],0.307326982293081,eV/Å^3,0.764597294329616,/scratch/kenko/akg4pyscf/.graphchat-workspaces/kenko_room/mlff_elasticity_benchmark/workflow_runs/MatterSim/elasticity_MatterSim/structures/BaO4Sr3_d1557535/output.json,mp-984729,cif,https://elagente.ca/grafico/ConceptualAtoms_bfa88b43-75ed-4553-9a58-2de6e1878ee0,mp-984729
AlSm2Zn,0.35155231359964706,https://elagente.ca/grafico/ConceptualAtoms_c098159d-086f-4739-bc5d-cb56b23c2d09,https://elagente.ca/ontomlff/MLFFElasticityResult_2105d2f9-702e-46b1-bd4b-6a7c339d72d4,[],[],0.22903147312925326,eV/Å^3,0.5645052884555005,/scratch/kenko/akg4pyscf/.graphchat-workspaces/kenko_room/mlff_elasticity_benchmark/workflow_runs/MatterSim/elasticity_MatterSim/structures/AlSm2Zn_5cf1814f/output.json,mp-972504,cif,https://elagente.ca/grafico/ConceptualAtoms_c098159d-086f-4739-bc5d-cb56b23c2d09,mp-972504
Ca2,0.10722122605079643,https://elagente.ca/grafico/ConceptualAtoms_c0c47a7f-c3ce-4d06-91ca-35895f4a6968,https://elagente.ca/ontomlff/MLFFElasticityResult_247c6ffd-b498-446d-964a-c0135da6b65a,[],[],0.06923483803825325,eV/Å^3,0.17091647886026903,/scratch/kenko/akg4pyscf/.graphchat-workspaces/kenko_room/mlff_elasticity_benchmark/workflow_runs/MatterSim/elasticity_MatterSim/structures/Ca2_57977c88/output.json,mp-132,cif,https://elagente.ca/grafico/ConceptualAtoms_c0c47a7f-c3ce-4d06-91ca-35895f4a6968,mp-132
I6Sb2,0.14429332984390292,https://elagente.ca/grafico/ConceptualAtoms_c13af4b2-3df9-4f82-8756-fc3303cda0cf,https://elagente.ca/ontomlff/MLFFElasticityResult_18ce8ef7-8dc7-4bde-a3f6-e3dc9f1f8adb,[],[],0.062097053775507574,eV/Å^3,0.1629201132764925,/scratch/kenko/akg4pyscf/.graphchat-workspaces/kenko_room/mlff_elasticity_benchmark/workflow_runs/MatterSim/elasticity_MatterSim/structures/I6Sb2_7d1c16f8/output.json,mp-23281,cif,https://elagente.ca/grafico/ConceptualAtoms_c13af4b2-3df9-4f82-8756-fc3303cda0cf,mp-23281
Li3Th,0.16460826097187256,https://elagente.ca/grafico/ConceptualAtoms_c13d5059-c00d-427a-b64c-8008fbc100c4,https://elagente.ca/ontomlff/MLFFElasticityResult_e31c8bdb-6314-4472-b122-cc6460ed5f8a,[],[],0.06318821296874286,eV/Å^3,0.16806020209226888,/scratch/kenko/akg4pyscf/.graphchat-workspaces/kenko_room/mlff_elasticity_benchmark/workflow_runs/MatterSim/elasticity_MatterSim/structures/Li3Th_0d4dd5bb/output.json,mp-977239,cif,https://elagente.ca/grafico/ConceptualAtoms_c13d5059-c00d-427a-b64c-8008fbc100c4,mp-977239
Al5Ba5Pb,0.20257895687186278,https://elagente.ca/grafico/ConceptualAtoms_c14fd1a0-5ad9-4133-927c-f0c0b9c0c52b,https://elagente.ca/ontomlff/MLFFElasticityResult_4b5c8874-39c1-4406-9928-253561ea31af,[],[],0.13186052387588823,eV/Å^3,0.325054561041945,/scratch/kenko/akg4pyscf/.graphchat-workspaces/kenko_room/mlff_elasticity_benchmark/workflow_runs/MatterSim/elasticity_MatterSim/structures/Al5Ba5Pb_8631ac6a/output.json,mp-568809,cif,https://elagente.ca/grafico/ConceptualAtoms_c14fd1a0-5ad9-4133-927c-f0c0b9c0c52b,mp-568809
Ag3In,0.46414500438661516,https://elagente.ca/grafico/ConceptualAtoms_c19b6cb7-d81d-4d1e-8a6d-2d43ce951f46,https://elagente.ca/ontomlff/MLFFElasticityResult_4ec50ff0-b40b-4665-b507-4657a4396694,[],[],0.12822582357334503,eV/Å^3,0.35224052994949934,/scratch/kenko/akg4pyscf/.graphchat-workspaces/kenko_room/mlff_elasticity_benchmark/workflow_runs/MatterSim/elasticity_MatterSim/structures/Ag3In_6b5b4cc9/output.json,mp-30343,cif,https://elagente.ca/grafico/ConceptualAtoms_c19b6cb7-d81d-4d1e-8a6d-2d43ce951f46,mp-30343
Al2Si2Y,0.5041805559175565,https://elagente.ca/grafico/ConceptualAtoms_c1d15f1f-2ea1-40ce-9b9d-9f6aae58115f,https://elagente.ca/ontomlff/MLFFElasticityResult_1d3ed577-ddd5-4616-9347-c35c3dcb5342,[],[],0.23871541916682282,eV/Å^3,0.6185277208956057,/scratch/kenko/akg4pyscf/.graphchat-workspaces/kenko_room/mlff_elasticity_benchmark/workflow_runs/MatterSim/elasticity_MatterSim/structures/Al2Si2Y_77d6cf79/output.json,mp-10435,cif,https://elagente.ca/grafico/ConceptualAtoms_c1d15f1f-2ea1-40ce-9b9d-9f6aae58115f,mp-10435
Pt2V2,1.535405913316231,https://elagente.ca/grafico/ConceptualAtoms_c1dfa9b2-bf7a-4c34-b4f1-e8c5c4816929,https://elagente.ca/ontomlff/MLFFElasticityResult_f6ce95d5-86fa-484d-ab3c-bc4376f7a325,[],[],0.733668398177113,eV/Å^3,1.8986002529873833,/scratch/kenko/akg4pyscf/.graphchat-workspaces/kenko_room/mlff_elasticity_benchmark/workflow_runs/MatterSim/elasticity_MatterSim/structures/Pt2V2_122d8c2c/output.json,mp-1017531,cif,https://elagente.ca/grafico/ConceptualAtoms_c1dfa9b2-bf7a-4c34-b4f1-e8c5c4816929,mp-1017531
Ga2MnSe4,0.32133046466005527,https://elagente.ca/grafico/ConceptualAtoms_c2943afa-a0f0-4d36-a15c-6edd1de46380,https://elagente.ca/ontomlff/MLFFElasticityResult_c4b06817-4640-4be3-93d4-04a7233d6ae6,[],[],0.149986403770656,eV/Å^3,0.389376528170146,/scratch/kenko/akg4pyscf/.graphchat-workspaces/kenko_room/mlff_elasticity_benchmark/workflow_runs/MatterSim/elasticity_MatterSim/structures/Ga2MnSe4_86eeddc9/output.json,mp-20261,cif,https://elagente.ca/grafico/ConceptualAtoms_c2943afa-a0f0-4d36-a15c-6edd1de46380,mp-20261
CaIrO3,1.1755020708651887,https://elagente.ca/grafico/ConceptualAtoms_c2963ad5-5406-4475-97fb-420520ab94ff,https://elagente.ca/ontomlff/MLFFElasticityResult_baad3e4f-2f5d-475a-b282-f9c6280cca63,[],[],0.27199174034138873,eV/Å^3,0.7575472520765426,/scratch/kenko/akg4pyscf/.graphchat-workspaces/kenko_room/mlff_elasticity_benchmark/workflow_runs/MatterSim/elasticity_MatterSim/structures/CaIrO3_86ac3799/output.json,mp-1016872,cif,https://elagente.ca/grafico/ConceptualAtoms_c2963ad5-5406-4475-97fb-420520ab94ff,mp-1016872
FeMnTe,0.7710542253925601,https://elagente.ca/grafico/ConceptualAtoms_c2bc9b60-8ad3-4e56-81a3-a4872f3c57d5,https://elagente.ca/ontomlff/MLFFElasticityResult_bbb29a31-dfb4-41d5-a78e-691debd103dc,[],[],0.42196926919071587,eV/Å^3,1.0706067387046665,/scratch/kenko/akg4pyscf/.graphchat-workspaces/kenko_room/mlff_elasticity_benchmark/workflow_runs/MatterSim/elasticity_MatterSim/structures/FeMnTe_73fe6833/output.json,mp-1008872,cif,https://elagente.ca/grafico/ConceptualAtoms_c2bc9b60-8ad3-4e56-81a3-a4872f3c57d5,mp-1008872
Sr4,0.05025928232755508,https://elagente.ca/grafico/ConceptualAtoms_c2e07730-6b65-412c-bb78-34c48aee26f9,https://elagente.ca/ontomlff/MLFFElasticityResult_808e35a2-248b-4313-ab56-93c5b8285376,[],[],0.05273391914443779,eV/Å^3,0.11720855667760893,/scratch/kenko/akg4pyscf/.graphchat-workspaces/kenko_room/mlff_elasticity_benchmark/workflow_runs/MatterSim/elasticity_MatterSim/structures/Sr4_a10dda4d/output.json,mp-867202,cif,https://elagente.ca/grafico/ConceptualAtoms_c2e07730-6b65-412c-bb78-34c48aee26f9,mp-867202
Al22Na2O34,1.102695393511588,https://elagente.ca/grafico/ConceptualAtoms_c31c58ad-94fe-4050-b0a4-91e01bfc2442,https://elagente.ca/ontomlff/MLFFElasticityResult_61a85695-bf21-4b01-88db-b4d7da0fcfa4,[],[],0.7584506559987163,eV/Å^3,1.8509755853083782,/scratch/kenko/akg4pyscf/.graphchat-workspaces/kenko_room/mlff_elasticity_benchmark/workflow_runs/MatterSim/elasticity_MatterSim/structures/Al22Na2O34_1ca2094d/output.json,mp-3405,cif,https://elagente.ca/grafico/ConceptualAtoms_c31c58ad-94fe-4050-b0a4-91e01bfc2442,mp-3405
NbRu2Tm,1.1133407732794902,https://elagente.ca/grafico/ConceptualAtoms_c32c1b2b-0732-49ab-8387-e1cbe861a1d3,https://elagente.ca/ontomlff/MLFFElasticityResult_5616374a-2e05-4f26-8b2d-97e4784b837b,[],[],0.5073530727992454,eV/Å^3,1.321345395952902,/scratch/kenko/akg4pyscf/.graphchat-workspaces/kenko_room/mlff_elasticity_benchmark/workflow_runs/MatterSim/elasticity_MatterSim/structures/NbRu2Tm_386a1596/output.json,mp-865248,cif,https://elagente.ca/grafico/ConceptualAtoms_c32c1b2b-0732-49ab-8387-e1cbe861a1d3,mp-865248
Be2IrTi,1.2033970043878268,https://elagente.ca/grafico/ConceptualAtoms_c342e201-49e9-46e3-87f1-1d3f43fefc4d,https://elagente.ca/ontomlff/MLFFElasticityResult_b6cff3be-90de-47a5-8d80-08f40795dd49,[],[],0.3374630691713276,eV/Å^3,0.9258456649345039,/scratch/kenko/akg4pyscf/.graphchat-workspaces/kenko_room/mlff_elasticity_benchmark/workflow_runs/MatterSim/elasticity_MatterSim/structures/Be2IrTi_c383c494/output.json,mp-866139,cif,https://elagente.ca/grafico/ConceptualAtoms_c342e201-49e9-46e3-87f1-1d3f43fefc4d,mp-866139
RuSc,0.9019754671805686,https://elagente.ca/grafico/ConceptualAtoms_c36aea32-0218-40c8-bfbf-fc0a393110a9,https://elagente.ca/ontomlff/MLFFElasticityResult_8c9b316c-8694-4669-8490-f556bdf327b8,[],[],0.281270182510832,eV/Å^3,0.764358546289562,/scratch/kenko/akg4pyscf/.graphchat-workspaces/kenko_room/mlff_elasticity_benchmark/workflow_runs/MatterSim/elasticity_MatterSim/structures/RuSc_fcf42ed7/output.json,mp-30867,cif,https://elagente.ca/grafico/ConceptualAtoms_c36aea32-0218-40c8-bfbf-fc0a393110a9,mp-30867
DyHg2Yb,0.33474153059454925,https://elagente.ca/grafico/ConceptualAtoms_c3b3f5b6-c834-4e6f-8221-a8a44c6b0b5b,https://elagente.ca/ontomlff/MLFFElasticityResult_65ff307e-d19d-4f56-aad2-d9bd7b5ebcb7,[],[],0.15591430066719658,eV/Å^3,0.4048816291555776,/scratch/kenko/akg4pyscf/.graphchat-workspaces/kenko_room/mlff_elasticity_benchmark/workflow_runs/MatterSim/elasticity_MatterSim/structures/DyHg2Yb_dcc9a8f1/output.json,mp-980199,cif,https://elagente.ca/grafico/ConceptualAtoms_c3b3f5b6-c834-4e6f-8221-a8a44c6b0b5b,mp-980199
AgTe2Tm,0.34255731764478176,https://elagente.ca/grafico/ConceptualAtoms_c3bbbc85-0a3a-48a8-bced-5f7df06f3f04,https://elagente.ca/ontomlff/MLFFElasticityResult_d4672772-3bcc-4f83-a0c1-d2b49ae2b5d3,[],[],0.12274273210052966,eV/Å^3,0.3289403330306703,/scratch/kenko/akg4pyscf/.graphchat-workspaces/kenko_room/mlff_elasticity_benchmark/workflow_runs/MatterSim/elasticity_MatterSim/structures/AgTe2Tm_1971b78d/output.json,mp-12953,cif,https://elagente.ca/grafico/ConceptualAtoms_c3bbbc85-0a3a-48a8-bced-5f7df06f3f04,mp-12953
Mg3Sb2,0.2861236009566746,https://elagente.ca/grafico/ConceptualAtoms_c3e7dbef-e634-456b-84bf-beb26976f1fd,https://elagente.ca/ontomlff/MLFFElasticityResult_738ce6b1-5ceb-49c1-8ea4-21472fbfdc2e,[],[],0.14417585509331382,eV/Å^3,0.3703259399687081,/scratch/kenko/akg4pyscf/.graphchat-workspaces/kenko_room/mlff_elasticity_benchmark/workflow_runs/MatterSim/elasticity_MatterSim/structures/Mg3Sb2_2b3d24c4/output.json,mp-2646,cif,https://elagente.ca/grafico/ConceptualAtoms_c3e7dbef-e634-456b-84bf-beb26976f1fd,mp-2646
H2Gd,0.9145535287252747,https://elagente.ca/grafico/ConceptualAtoms_c3e86e90-459d-4d17-93ba-eef2ebb55f41,https://elagente.ca/ontomlff/MLFFElasticityResult_952699ca-2435-43df-9960-4a139866e391,[],[],0.3974657283748037,eV/Å^3,1.04151595073975,/scratch/kenko/akg4pyscf/.graphchat-workspaces/kenko_room/mlff_elasticity_benchmark/workflow_runs/MatterSim/elasticity_MatterSim/structures/H2Gd_0e360183/output.json,mp-24092,cif,https://elagente.ca/grafico/ConceptualAtoms_c3e86e90-459d-4d17-93ba-eef2ebb55f41,mp-24092
As2NdNi2,0.7346637084540508,https://elagente.ca/grafico/ConceptualAtoms_c43cfaf0-1a25-45fa-959d-db999f28e101,https://elagente.ca/ontomlff/MLFFElasticityResult_ddd3602e-9b0b-4de0-bf95-6ac41298ae6d,[],[],0.28107499559645255,eV/Å^3,0.7478514844709517,/scratch/kenko/akg4pyscf/.graphchat-workspaces/kenko_room/mlff_elasticity_benchmark/workflow_runs/MatterSim/elasticity_MatterSim/structures/As2NdNi2_3bc384c8/output.json,mp-567723,cif,https://elagente.ca/grafico/ConceptualAtoms_c43cfaf0-1a25-45fa-959d-db999f28e101,mp-567723
Mo12N4Ni8,1.7138793519954854,https://elagente.ca/grafico/ConceptualAtoms_c4aed5ce-67ba-40ac-9664-a6c7fab28b25,https://elagente.ca/ontomlff/MLFFElasticityResult_6bf80386-3617-47c1-b3c0-ce5a358ddc1f,[],[],0.8674581225319788,eV/Å^3,2.2267021007565164,/scratch/kenko/akg4pyscf/.graphchat-workspaces/kenko_room/mlff_elasticity_benchmark/workflow_runs/MatterSim/elasticity_MatterSim/structures/Mo12N4Ni8_f79c9dab/output.json,mp-4091,cif,https://elagente.ca/grafico/ConceptualAtoms_c4aed5ce-67ba-40ac-9664-a6c7fab28b25,mp-4091
S2Sn2,0.08410274967886171,https://elagente.ca/grafico/ConceptualAtoms_c5003dcd-7f7a-45a2-a01b-03317a5bda00,https://elagente.ca/ontomlff/MLFFElasticityResult_8e7ebbdd-2d39-41bb-b612-0b9bde73e77c,[],[],0.03621625462419352,eV/Å^3,0.09501092290209749,/scratch/kenko/akg4pyscf/.graphchat-workspaces/kenko_room/mlff_elasticity_benchmark/workflow_runs/MatterSim/elasticity_MatterSim/structures/S2Sn2_0ee63697/output.json,mp-554134,cif,https://elagente.ca/grafico/ConceptualAtoms_c5003dcd-7f7a-45a2-a01b-03317a5bda00,mp-554134
CRu,1.5763528404938691,https://elagente.ca/grafico/ConceptualAtoms_c551732f-2ebd-4fb7-b9d5-41f13dff2ce2,https://elagente.ca/ontomlff/MLFFElasticityResult_11a6614e-c752-469e-a9fb-985c61bf6907,[],[],0.46561529836098026,eV/Å^3,1.2716421112151284,/scratch/kenko/akg4pyscf/.graphchat-workspaces/kenko_room/mlff_elasticity_benchmark/workflow_runs/MatterSim/elasticity_MatterSim/structures/CRu_b3ffbc3b/output.json,mp-1009792,cif,https://elagente.ca/grafico/ConceptualAtoms_c551732f-2ebd-4fb7-b9d5-41f13dff2ce2,mp-1009792
Cu4Se8,0.4927984542334124,https://elagente.ca/grafico/ConceptualAtoms_c56b2430-dd27-4445-b608-f944fed67589,https://elagente.ca/ontomlff/MLFFElasticityResult_b877842e-90b0-405b-9fc1-086cb4602044,[],[],0.15328148926350565,eV/Å^3,0.41664618084559624,/scratch/kenko/akg4pyscf/.graphchat-workspaces/kenko_room/mlff_elasticity_benchmark/workflow_runs/MatterSim/elasticity_MatterSim/structures/Cu4Se8_eef285b1/output.json,mp-2280,cif,https://elagente.ca/grafico/ConceptualAtoms_c56b2430-dd27-4445-b608-f944fed67589,mp-2280
C5B,2.470227096622412,https://elagente.ca/grafico/ConceptualAtoms_c597116d-9c5b-4075-930d-56d916b0853b,https://elagente.ca/ontomlff/MLFFElasticityResult_61056b07-ff7a-4a42-819c-8fa170c47297,[],[],2.2038966382229868,eV/Å^3,5.096128723642645,/scratch/kenko/akg4pyscf/.graphchat-workspaces/kenko_room/mlff_elasticity_benchmark/workflow_runs/MatterSim/elasticity_MatterSim/structures/C5B_ed6d9f76/output.json,mp-1018649,cif,https://elagente.ca/grafico/ConceptualAtoms_c597116d-9c5b-4075-930d-56d916b0853b,mp-1018649
Au2Cs2Te2,0.1125157316316697,https://elagente.ca/grafico/ConceptualAtoms_c59b7033-07ce-4605-b02a-68718547ca8e,https://elagente.ca/ontomlff/MLFFElasticityResult_f53b6744-b05e-4708-ad55-74ea63b743ec,[],[],0.053386530772093085,eV/Å^3,0.13828794389544194,/scratch/kenko/akg4pyscf/.graphchat-workspaces/kenko_room/mlff_elasticity_benchmark/workflow_runs/MatterSim/elasticity_MatterSim/structures/Au2Cs2Te2_c2c296af/output.json,mp-573755,cif,https://elagente.ca/grafico/ConceptualAtoms_c59b7033-07ce-4605-b02a-68718547ca8e,mp-573755
Br6Cs2Ti2,0.14280419420945084,https://elagente.ca/grafico/ConceptualAtoms_c5c47f79-fc16-4893-accc-0468568d948c,https://elagente.ca/ontomlff/MLFFElasticityResult_b6532bc8-db70-4a8e-ad7c-72a15f52dca9,[],[],0.08743304780503965,eV/Å^3,0.21784085552351234,/scratch/kenko/akg4pyscf/.graphchat-workspaces/kenko_room/mlff_elasticity_benchmark/workflow_runs/MatterSim/elasticity_MatterSim/structures/Br6Cs2Ti2_df680e0a/output.json,mp-22962,cif,https://elagente.ca/grafico/ConceptualAtoms_c5c47f79-fc16-4893-accc-0468568d948c,mp-22962
Be2PdRh,1.228572737066748,https://elagente.ca/grafico/ConceptualAtoms_c5cd4032-13ee-46ea-95b8-797899895c3d,https://elagente.ca/ontomlff/MLFFElasticityResult_6238a1d4-2101-44ce-8f4e-65e8207b37ef,[],[],0.5364096508595666,eV/Å^3,1.4047808712302772,/scratch/kenko/akg4pyscf/.graphchat-workspaces/kenko_room/mlff_elasticity_benchmark/workflow_runs/MatterSim/elasticity_MatterSim/structures/Be2PdRh_2061e234/output.json,mp-866115,cif,https://elagente.ca/grafico/ConceptualAtoms_c5cd4032-13ee-46ea-95b8-797899895c3d,mp-866115
Cu4O12Y4,1.0501553282199083,https://elagente.ca/grafico/ConceptualAtoms_c5e4ef09-6441-4322-9d5a-f5a32991a7d1,https://elagente.ca/ontomlff/MLFFElasticityResult_e2ea526f-9f61-4823-ae1d-ccd584c70c17,[],[],0.5120181216432543,eV/Å^3,1.321312772107627,/scratch/kenko/akg4pyscf/.graphchat-workspaces/kenko_room/mlff_elasticity_benchmark/workflow_runs/MatterSim/elasticity_MatterSim/structures/Cu4O12Y4_3e6c1333/output.json,mp-1340758,cif,https://elagente.ca/grafico/ConceptualAtoms_c5e4ef09-6441-4322-9d5a-f5a32991a7d1,mp-1340758
O10Si2Zn4,0.7738998184161389,https://elagente.ca/grafico/ConceptualAtoms_c600a349-7a51-4702-b502-9d608dcf1999,https://elagente.ca/ontomlff/MLFFElasticityResult_45d3a5ef-4617-4bff-8dec-98f85a2ca5df,[],[],0.46970229486125126,eV/Å^3,1.171999940960259,/scratch/kenko/akg4pyscf/.graphchat-workspaces/kenko_room/mlff_elasticity_benchmark/workflow_runs/MatterSim/elasticity_MatterSim/structures/O10Si2Zn4_8e3b3101/output.json,mp-1189355,cif,https://elagente.ca/grafico/ConceptualAtoms_c600a349-7a51-4702-b502-9d608dcf1999,mp-1189355
P3Ru3Ti3,1.385238831784572,https://elagente.ca/grafico/ConceptualAtoms_c62fd9a7-abd6-49d7-95ae-32e9a5ebb6c7,https://elagente.ca/ontomlff/MLFFElasticityResult_d01b76c1-9781-4e27-b45d-d873418ff776,[],[],0.7110065368956288,eV/Å^3,1.8213949555595546,/scratch/kenko/akg4pyscf/.graphchat-workspaces/kenko_room/mlff_elasticity_benchmark/workflow_runs/MatterSim/elasticity_MatterSim/structures/P3Ru3Ti3_7a046a43/output.json,mp-10739,cif,https://elagente.ca/grafico/ConceptualAtoms_c62fd9a7-abd6-49d7-95ae-32e9a5ebb6c7,mp-10739
Mg3Y,0.2559143066513676,https://elagente.ca/grafico/ConceptualAtoms_c6aae05d-735e-4e0e-8ef3-1dc34798ed06,https://elagente.ca/ontomlff/MLFFElasticityResult_bf04d414-81e5-4e12-985a-aab88328b214,[],[],0.11100075789148948,eV/Å^3,0.29093823874669716,/scratch/kenko/akg4pyscf/.graphchat-workspaces/kenko_room/mlff_elasticity_benchmark/workflow_runs/MatterSim/elasticity_MatterSim/structures/Mg3Y_056b011d/output.json,mp-865376,cif,https://elagente.ca/grafico/ConceptualAtoms_c6aae05d-735e-4e0e-8ef3-1dc34798ed06,mp-865376
FeNi3,1.22006746960522,https://elagente.ca/grafico/ConceptualAtoms_c6ec9c9c-1b24-4db9-b2eb-1716c17423f4,https://elagente.ca/ontomlff/MLFFElasticityResult_b9139020-91e4-488a-8800-b61671c9cfbe,[],[],0.5573235228202051,eV/Å^3,1.4510285891175887,/scratch/kenko/akg4pyscf/.graphchat-workspaces/kenko_room/mlff_elasticity_benchmark/workflow_runs/MatterSim/elasticity_MatterSim/structures/FeNi3_b50f3d00/output.json,mp-1007855,cif,https://elagente.ca/grafico/ConceptualAtoms_c6ec9c9c-1b24-4db9-b2eb-1716c17423f4,mp-1007855
Mn8P32,0.7773673332792251,https://elagente.ca/grafico/ConceptualAtoms_c7053963-9815-435e-80b5-912aa32d1d6f,https://elagente.ca/ontomlff/MLFFElasticityResult_910a881b-f5cb-423b-96aa-87694de4a612,[],[],0.6834138936224805,eV/Å^3,1.5855902913564575,/scratch/kenko/akg4pyscf/.graphchat-workspaces/kenko_room/mlff_elasticity_benchmark/workflow_runs/MatterSim/elasticity_MatterSim/structures/Mn8P32_7dd10012/output.json,mp-571193,cif,https://elagente.ca/grafico/ConceptualAtoms_c7053963-9815-435e-80b5-912aa32d1d6f,mp-571193
Au2Ba2P2,0.3690367835449597,https://elagente.ca/grafico/ConceptualAtoms_c7b3ba1a-97a5-468a-84c5-dadef25cf8ab,https://elagente.ca/ontomlff/MLFFElasticityResult_e1ca4a23-02d6-4f2a-b8e5-63c3ca097287,[],[],0.1965782023096712,eV/Å^3,0.5008107848949356,/scratch/kenko/akg4pyscf/.graphchat-workspaces/kenko_room/mlff_elasticity_benchmark/workflow_runs/MatterSim/elasticity_MatterSim/structures/Au2Ba2P2_98e650e4/output.json,mp-985439,cif,https://elagente.ca/grafico/ConceptualAtoms_c7b3ba1a-97a5-468a-84c5-dadef25cf8ab,mp-985439
Hg2SmYb,0.32001890274228495,https://elagente.ca/grafico/ConceptualAtoms_c7b5e479-ebd0-43b6-8345-fa924d698820,https://elagente.ca/ontomlff/MLFFElasticityResult_f3e683e7-badc-4e97-8baf-7ba31c09016a,[],[],0.1459094019198281,eV/Å^3,0.3799790033925737,/scratch/kenko/akg4pyscf/.graphchat-workspaces/kenko_room/mlff_elasticity_benchmark/workflow_runs/MatterSim/elasticity_MatterSim/structures/Hg2SmYb_e6a2dbb0/output.json,mp-866020,cif,https://elagente.ca/grafico/ConceptualAtoms_c7b5e479-ebd0-43b6-8345-fa924d698820,mp-866020
AsInPt5,1.1792885307618683,https://elagente.ca/grafico/ConceptualAtoms_c7c179e9-f3dc-4169-939d-27ed1c0c3d05,https://elagente.ca/ontomlff/MLFFElasticityResult_bee8c1e7-85be-4381-a396-425fe33dbd78,[],[],0.3437664088181944,eV/Å^3,0.9399649548403604,/scratch/kenko/akg4pyscf/.graphchat-workspaces/kenko_room/mlff_elasticity_benchmark/workflow_runs/MatterSim/elasticity_MatterSim/structures/AsInPt5_3b01cf03/output.json,mp-1025212,cif,https://elagente.ca/grafico/ConceptualAtoms_c7c179e9-f3dc-4169-939d-27ed1c0c3d05,mp-1025212
CaCd2Sb2,0.25373085408004437,https://elagente.ca/grafico/ConceptualAtoms_c801e7cf-6db2-44e7-8d79-f25108805261,https://elagente.ca/ontomlff/MLFFElasticityResult_cbe7f1ad-d44f-42b4-8f46-81a153732631,[],[],0.1065477090727028,eV/Å^3,0.28039492812922956,/scratch/kenko/akg4pyscf/.graphchat-workspaces/kenko_room/mlff_elasticity_benchmark/workflow_runs/MatterSim/elasticity_MatterSim/structures/CaCd2Sb2_b557ddac/output.json,mp-7430,cif,https://elagente.ca/grafico/ConceptualAtoms_c801e7cf-6db2-44e7-8d79-f25108805261,mp-7430
Ge2Tb2Ti2,0.563505678403355,https://elagente.ca/grafico/ConceptualAtoms_c868fe0b-3ea1-42da-8256-17ee170b8d44,https://elagente.ca/ontomlff/MLFFElasticityResult_6ea2f584-1c03-49e9-97b0-1613f0581166,[],[],0.2911986326258459,eV/Å^3,0.7452273659744275,/scratch/kenko/akg4pyscf/.graphchat-workspaces/kenko_room/mlff_elasticity_benchmark/workflow_runs/MatterSim/elasticity_MatterSim/structures/Ge2Tb2Ti2_586e3c78/output.json,mp-21433,cif,https://elagente.ca/grafico/ConceptualAtoms_c868fe0b-3ea1-42da-8256-17ee170b8d44,mp-21433
ITl,0.10116669957386193,https://elagente.ca/grafico/ConceptualAtoms_c89dd9a4-2240-40ad-b328-0b088c6a1cf5,https://elagente.ca/ontomlff/MLFFElasticityResult_65d7aa6b-7556-4893-ba7c-84e3e062fffd,[],[],0.018453832417064962,eV/Å^3,0.05218827371260301,/scratch/kenko/akg4pyscf/.graphchat-workspaces/kenko_room/mlff_elasticity_benchmark/workflow_runs/MatterSim/elasticity_MatterSim/structures/ITl_09e41dcf/output.json,mp-23197,cif,https://elagente.ca/grafico/ConceptualAtoms_c89dd9a4-2240-40ad-b328-0b088c6a1cf5,mp-23197
CdZr2,0.5248342591565233,https://elagente.ca/grafico/ConceptualAtoms_c959376c-4509-4e68-931b-c413a473044c,https://elagente.ca/ontomlff/MLFFElasticityResult_f43147cf-f3e9-4285-bfb7-ff261fdb28be,[],[],0.16749132074573247,eV/Å^3,0.4541614979976959,/scratch/kenko/akg4pyscf/.graphchat-workspaces/kenko_room/mlff_elasticity_benchmark/workflow_runs/MatterSim/elasticity_MatterSim/structures/CdZr2_1d00adce/output.json,mp-1018104,cif,https://elagente.ca/grafico/ConceptualAtoms_c959376c-4509-4e68-931b-c413a473044c,mp-1018104
Ir4Lu4Si4,1.0164944170074406,https://elagente.ca/grafico/ConceptualAtoms_c97b02ea-502f-4c0d-b41e-f528f7d515b4,https://elagente.ca/ontomlff/MLFFElasticityResult_cb0b520f-9ede-4100-9cc7-3f88260ecbb0,[],[],0.5358918222663793,eV/Å^3,1.3673825775183268,/scratch/kenko/akg4pyscf/.graphchat-workspaces/kenko_room/mlff_elasticity_benchmark/workflow_runs/MatterSim/elasticity_MatterSim/structures/Ir4Lu4Si4_bad3955b/output.json,mp-22440,cif,https://elagente.ca/grafico/ConceptualAtoms_c97b02ea-502f-4c0d-b41e-f528f7d515b4,mp-22440
Ge2Sb2Te5,0.29877932324193035,https://elagente.ca/grafico/ConceptualAtoms_c97c0f73-4146-4a40-a67a-630f1f8588d2,https://elagente.ca/ontomlff/MLFFElasticityResult_566938cf-0deb-4497-b65a-53582fdf9800,[],[],0.14919609340751142,eV/Å^3,0.383718125036902,/scratch/kenko/akg4pyscf/.graphchat-workspaces/kenko_room/mlff_elasticity_benchmark/workflow_runs/MatterSim/elasticity_MatterSim/structures/Ge2Sb2Te5_cb7e3c1f/output.json,mp-3534,cif,https://elagente.ca/grafico/ConceptualAtoms_c97c0f73-4146-4a40-a67a-630f1f8588d2,mp-3534
CaO4U,1.0795781475602149,https://elagente.ca/grafico/ConceptualAtoms_c9b189ca-366b-4f83-b4e5-33f9a0adedbe,https://elagente.ca/ontomlff/MLFFElasticityResult_e21739b4-b924-4efb-897a-f6c55245d087,[],[],0.45607971088496574,eV/Å^3,1.1993467115190364,/scratch/kenko/akg4pyscf/.graphchat-workspaces/kenko_room/mlff_elasticity_benchmark/workflow_runs/MatterSim/elasticity_MatterSim/structures/CaO4U_0b267888/output.json,mp-3960,cif,https://elagente.ca/grafico/ConceptualAtoms_c9b189ca-366b-4f83-b4e5-33f9a0adedbe,mp-3960
Au4V2,0.888562893503499,https://elagente.ca/grafico/ConceptualAtoms_ca4573a1-78d4-45fa-9075-d3aef9c93fe7,https://elagente.ca/ontomlff/MLFFElasticityResult_72733229-e999-4ed5-98cb-04afa99330d2,[],[],0.15078303225758125,eV/Å^3,0.42813207086008587,/scratch/kenko/akg4pyscf/.graphchat-workspaces/kenko_room/mlff_elasticity_benchmark/workflow_runs/MatterSim/elasticity_MatterSim/structures/Au4V2_7ca7d723/output.json,mp-30423,cif,https://elagente.ca/grafico/ConceptualAtoms_ca4573a1-78d4-45fa-9075-d3aef9c93fe7,mp-30423
MnRh2Zn,1.0598805489583047,https://elagente.ca/grafico/ConceptualAtoms_ca89288f-1dc3-4a6c-a8e5-53cdc827137a,https://elagente.ca/ontomlff/MLFFElasticityResult_95c39e5e-9ae5-45e0-9d1b-9b7861f3192e,[],[],0.3933543935450806,eV/Å^3,1.0501489485699045,/scratch/kenko/akg4pyscf/.graphchat-workspaces/kenko_room/mlff_elasticity_benchmark/workflow_runs/MatterSim/elasticity_MatterSim/structures/MnRh2Zn_527e3493/output.json,mp-864987,cif,https://elagente.ca/grafico/ConceptualAtoms_ca89288f-1dc3-4a6c-a8e5-53cdc827137a,mp-864987
O4Ta2,1.6747007108409,https://elagente.ca/grafico/ConceptualAtoms_caf2d080-3ded-44c7-a9b2-67fb293983a9,https://elagente.ca/ontomlff/MLFFElasticityResult_f03edc6e-7fde-488b-beca-dd6c767252a1,[],[],0.828746767906501,eV/Å^3,2.134195743711245,/scratch/kenko/akg4pyscf/.graphchat-workspaces/kenko_room/mlff_elasticity_benchmark/workflow_runs/MatterSim/elasticity_MatterSim/structures/O4Ta2_7500623e/output.json,mp-20994,cif,https://elagente.ca/grafico/ConceptualAtoms_caf2d080-3ded-44c7-a9b2-67fb293983a9,mp-20994
Ta2TcW,1.5742082142213958,https://elagente.ca/grafico/ConceptualAtoms_cb6d10f8-8731-4ab5-9a86-40ca29fa6848,https://elagente.ca/ontomlff/MLFFElasticityResult_ba1b79db-fd27-4192-a474-70011d7e5061,[],[],0.7350821510461327,eV/Å^3,1.9082284256716284,/scratch/kenko/akg4pyscf/.graphchat-workspaces/kenko_room/mlff_elasticity_benchmark/workflow_runs/MatterSim/elasticity_MatterSim/structures/Ta2TcW_6757f604/output.json,mp-972209,cif,https://elagente.ca/grafico/ConceptualAtoms_cb6d10f8-8731-4ab5-9a86-40ca29fa6848,mp-972209
Ca3NSb,0.37942470736918965,https://elagente.ca/grafico/ConceptualAtoms_cba96cb4-e18c-4201-98f6-aebee0ca87cb,https://elagente.ca/ontomlff/MLFFElasticityResult_90a1f32d-d225-45c1-9a92-61dbe54958f6,[],[],0.27117579289681004,eV/Å^3,0.657006079415347,/scratch/kenko/akg4pyscf/.graphchat-workspaces/kenko_room/mlff_elasticity_benchmark/workflow_runs/MatterSim/elasticity_MatterSim/structures/Ca3NSb_9628f561/output.json,mp-1013548,cif,https://elagente.ca/grafico/ConceptualAtoms_cba96cb4-e18c-4201-98f6-aebee0ca87cb,mp-1013548
Cd2Ti2,0.579733073539849,https://elagente.ca/grafico/ConceptualAtoms_cbbac5e7-1f1e-4efb-a6ac-5f9754eb4008,https://elagente.ca/ontomlff/MLFFElasticityResult_b437d575-cc27-49f7-9381-e4b4a7b13fe5,[],[],0.2282423760410961,eV/Å^3,0.605292116213447,/scratch/kenko/akg4pyscf/.graphchat-workspaces/kenko_room/mlff_elasticity_benchmark/workflow_runs/MatterSim/elasticity_MatterSim/structures/Cd2Ti2_9d754600/output.json,mp-30500,cif,https://elagente.ca/grafico/ConceptualAtoms_cbbac5e7-1f1e-4efb-a6ac-5f9754eb4008,mp-30500
Ca2Zn2,0.09177717296182676,https://elagente.ca/grafico/ConceptualAtoms_cc92ac14-6484-49ed-a5f0-2f0620e97c3b,https://elagente.ca/ontomlff/MLFFElasticityResult_01dc4970-0e1d-4da7-a728-71d84502be70,[],[],0.01933378640050084,eV/Å^3,0.05419573339614265,/scratch/kenko/akg4pyscf/.graphchat-workspaces/kenko_room/mlff_elasticity_benchmark/workflow_runs/MatterSim/elasticity_MatterSim/structures/Ca2Zn2_0b396b7d/output.json,mp-1039123,cif,https://elagente.ca/grafico/ConceptualAtoms_cc92ac14-6484-49ed-a5f0-2f0620e97c3b,mp-1039123
Nd8S12,0.4825686407276365,https://elagente.ca/grafico/ConceptualAtoms_ccb1312b-c41f-4023-8ca3-c9093a484324,https://elagente.ca/ontomlff/MLFFElasticityResult_3d64ee79-38ba-4055-a602-f17ce3a5394d,[],[],0.26608332054781636,eV/Å^3,0.6743134850188091,/scratch/kenko/akg4pyscf/.graphchat-workspaces/kenko_room/mlff_elasticity_benchmark/workflow_runs/MatterSim/elasticity_MatterSim/structures/Nd8S12_fa4a2e94/output.json,mp-438,cif,https://elagente.ca/grafico/ConceptualAtoms_ccb1312b-c41f-4023-8ca3-c9093a484324,mp-438
C2Br2N2,0.16267697731026537,https://elagente.ca/grafico/ConceptualAtoms_ccd07449-94a0-4fa5-8439-daca5998c99e,https://elagente.ca/ontomlff/MLFFElasticityResult_8c386c7f-6caf-4f43-9366-eb7b5eb3f8d3,[],[],0.09848148309815885,eV/Å^3,0.24583627938352517,/scratch/kenko/akg4pyscf/.graphchat-workspaces/kenko_room/mlff_elasticity_benchmark/workflow_runs/MatterSim/elasticity_MatterSim/structures/C2Br2N2_76f0ee0c/output.json,mp-27989,cif,https://elagente.ca/grafico/ConceptualAtoms_ccd07449-94a0-4fa5-8439-daca5998c99e,mp-27989
AgHgSc2,0.47424666797076104,https://elagente.ca/grafico/ConceptualAtoms_cd02a6bc-6647-47a5-9c0b-f4a6fe1a05f9,https://elagente.ca/ontomlff/MLFFElasticityResult_ed52dd8d-8afa-4f9b-910c-2c559a5434ed,[],[],0.15429821848867334,eV/Å^3,0.4176048079076037,/scratch/kenko/akg4pyscf/.graphchat-workspaces/kenko_room/mlff_elasticity_benchmark/workflow_runs/MatterSim/elasticity_MatterSim/structures/AgHgSc2_cb91e3e8/output.json,mp-862702,cif,https://elagente.ca/grafico/ConceptualAtoms_cd02a6bc-6647-47a5-9c0b-f4a6fe1a05f9,mp-862702
Br2O2Ti2,0.5528715453559512,https://elagente.ca/grafico/ConceptualAtoms_cd38a07b-a67c-486c-a6e3-4737196bed7c,https://elagente.ca/ontomlff/MLFFElasticityResult_d2991eb2-4e1a-4286-a0c7-26403fc22635,[],[],0.22886904026499016,eV/Å^3,0.6033517714926848,/scratch/kenko/akg4pyscf/.graphchat-workspaces/kenko_room/mlff_elasticity_benchmark/workflow_runs/MatterSim/elasticity_MatterSim/structures/Br2O2Ti2_e9b3b8e8/output.json,mp-23002,cif,https://elagente.ca/grafico/ConceptualAtoms_cd38a07b-a67c-486c-a6e3-4737196bed7c,mp-23002
Hf4O14Y4,1.1936099823433577,https://elagente.ca/grafico/ConceptualAtoms_cd3bfd7a-c924-4fcc-9600-f0dd7462a325,https://elagente.ca/ontomlff/MLFFElasticityResult_3c5eb33a-5bb5-4693-9faf-6d76fe537f90,[],[],0.6552434403850482,eV/Å^3,1.6616676242411828,/scratch/kenko/akg4pyscf/.graphchat-workspaces/kenko_room/mlff_elasticity_benchmark/workflow_runs/MatterSim/elasticity_MatterSim/structures/Hf4O14Y4_5ace1b87/output.json,mp-561442,cif,https://elagente.ca/grafico/ConceptualAtoms_cd3bfd7a-c924-4fcc-9600-f0dd7462a325,mp-561442
BeO,1.3111398322393186,https://elagente.ca/grafico/ConceptualAtoms_cd941344-a0da-4f1d-893d-1bef96c47aa9,https://elagente.ca/ontomlff/MLFFElasticityResult_43e60671-ce06-4e01-a790-836585027966,[],[],0.9441081139006378,eV/Å^3,2.284091588210657,/scratch/kenko/akg4pyscf/.graphchat-workspaces/kenko_room/mlff_elasticity_benchmark/workflow_runs/MatterSim/elasticity_MatterSim/structures/BeO_e643d30d/output.json,mp-1778,cif,https://elagente.ca/grafico/ConceptualAtoms_cd941344-a0da-4f1d-893d-1bef96c47aa9,mp-1778
BiHoPt,0.553678814935797,https://elagente.ca/grafico/ConceptualAtoms_cdacfbb2-d202-41de-9780-7ab0af5d708d,https://elagente.ca/ontomlff/MLFFElasticityResult_57134674-5b70-400d-9d8d-7dc3aa4785c4,[],[],0.27586643600866667,eV/Å^3,0.7097271762791666,/scratch/kenko/akg4pyscf/.graphchat-workspaces/kenko_room/mlff_elasticity_benchmark/workflow_runs/MatterSim/elasticity_MatterSim/structures/BiHoPt_b8252a63/output.json,mp-30455,cif,https://elagente.ca/grafico/ConceptualAtoms_cdacfbb2-d202-41de-9780-7ab0af5d708d,mp-30455
CuF6Zr,0.610572182330308,https://elagente.ca/grafico/ConceptualAtoms_cdf288ec-5ef4-4694-8a53-ad4df79e8c9a,https://elagente.ca/ontomlff/MLFFElasticityResult_d19e23ca-69cb-44f8-ab68-4942d3c646b8,[],[],0.22155007468339555,eV/Å^3,0.5929336212367741,/scratch/kenko/akg4pyscf/.graphchat-workspaces/kenko_room/mlff_elasticity_benchmark/workflow_runs/MatterSim/elasticity_MatterSim/structures/CuF6Zr_d6dd3a5c/output.json,mp-8096,cif,https://elagente.ca/grafico/ConceptualAtoms_cdf288ec-5ef4-4694-8a53-ad4df79e8c9a,mp-8096
Hf2IrMo,1.2033039998309616,https://elagente.ca/grafico/ConceptualAtoms_cdf75acb-e53f-46c5-aca4-b96361e710cb,https://elagente.ca/ontomlff/MLFFElasticityResult_e71b60cd-7946-4779-b86e-44a47f561b31,[],[],0.5359057388031103,eV/Å^3,1.39989696548811,/scratch/kenko/akg4pyscf/.graphchat-workspaces/kenko_room/mlff_elasticity_benchmark/workflow_runs/MatterSim/elasticity_MatterSim/structures/Hf2IrMo_59818db2/output.json,mp-864684,cif,https://elagente.ca/grafico/ConceptualAtoms_cdf75acb-e53f-46c5-aca4-b96361e710cb,mp-864684
H30Th8,0.5957895276240741,https://elagente.ca/grafico/ConceptualAtoms_ce23eff7-987f-42ad-8f65-1b69e23e74db,https://elagente.ca/ontomlff/MLFFElasticityResult_56d87970-6093-481b-9994-24b1b9a479cd,[],[],0.3821694985454591,eV/Å^3,0.9445481886897725,/scratch/kenko/akg4pyscf/.graphchat-workspaces/kenko_room/mlff_elasticity_benchmark/workflow_runs/MatterSim/elasticity_MatterSim/structures/H30Th8_dba47375/output.json,mp-24202,cif,https://elagente.ca/grafico/ConceptualAtoms_ce23eff7-987f-42ad-8f65-1b69e23e74db,mp-24202
Br4Na4O12,0.4904314474616289,https://elagente.ca/grafico/ConceptualAtoms_ce4427c9-c3fe-4dd5-9ba3-b8cb18c0b44c,https://elagente.ca/ontomlff/MLFFElasticityResult_4eab73db-1001-4deb-9185-670f2f528ab2,[],[],0.3038689133992045,eV/Å^3,0.7555597125855618,/scratch/kenko/akg4pyscf/.graphchat-workspaces/kenko_room/mlff_elasticity_benchmark/workflow_runs/MatterSim/elasticity_MatterSim/structures/Br4Na4O12_e6c3b19e/output.json,mp-23339,cif,https://elagente.ca/grafico/ConceptualAtoms_ce4427c9-c3fe-4dd5-9ba3-b8cb18c0b44c,mp-23339
MnZn3,0.5404064962116536,https://elagente.ca/grafico/ConceptualAtoms_cec9229c-bd7a-4a8a-9000-cd738b4456e3,https://elagente.ca/ontomlff/MLFFElasticityResult_08ff7908-13b5-4db5-b210-8d7a984802da,[],[],0.28943369388331164,eV/Å^3,0.7367672209973295,/scratch/kenko/akg4pyscf/.graphchat-workspaces/kenko_room/mlff_elasticity_benchmark/workflow_runs/MatterSim/elasticity_MatterSim/structures/MnZn3_8465e5a5/output.json,mp-11504,cif,https://elagente.ca/grafico/ConceptualAtoms_cec9229c-bd7a-4a8a-9000-cd738b4456e3,mp-11504
CsI,0.04349404039464691,https://elagente.ca/grafico/ConceptualAtoms_cefdf549-2f2a-4270-9086-6bb02f5baede,https://elagente.ca/ontomlff/MLFFElasticityResult_052ec17c-1ca4-48a3-8279-8a598869fc3e,[],[],0.008277982926603486,eV/Å^3,0.023352435016779235,/scratch/kenko/akg4pyscf/.graphchat-workspaces/kenko_room/mlff_elasticity_benchmark/workflow_runs/MatterSim/elasticity_MatterSim/structures/CsI_947367bd/output.json,mp-614603,cif,https://elagente.ca/grafico/ConceptualAtoms_cefdf549-2f2a-4270-9086-6bb02f5baede,mp-614603
Hf2Hg,0.661373866200897,https://elagente.ca/grafico/ConceptualAtoms_cf083aba-19e5-4410-a94f-f49f1e3e3f30,https://elagente.ca/ontomlff/MLFFElasticityResult_2de44e5f-b97f-45e5-9719-6785cd214253,[],[],0.14953943247988946,eV/Å^3,0.4171765057858254,/scratch/kenko/akg4pyscf/.graphchat-workspaces/kenko_room/mlff_elasticity_benchmark/workflow_runs/MatterSim/elasticity_MatterSim/structures/Hf2Hg_1efc9b4f/output.json,mp-1018154,cif,https://elagente.ca/grafico/ConceptualAtoms_cf083aba-19e5-4410-a94f-f49f1e3e3f30,mp-1018154
Te,0.49515482097590413,https://elagente.ca/grafico/ConceptualAtoms_cf196c35-3371-4c96-b625-0707b751a314,https://elagente.ca/ontomlff/MLFFElasticityResult_d91f5846-f9ac-46b8-b774-11893d32bb5d,[],[],0.11677597773478382,eV/Å^3,0.32479500700331965,/scratch/kenko/akg4pyscf/.graphchat-workspaces/kenko_room/mlff_elasticity_benchmark/workflow_runs/MatterSim/elasticity_MatterSim/structures/Te_0c714da3/output.json,mp-10654,cif,https://elagente.ca/grafico/ConceptualAtoms_cf196c35-3371-4c96-b625-0707b751a314,mp-10654
Bi2Cl2O4Pb2,0.4852099356832241,https://elagente.ca/grafico/ConceptualAtoms_d0317931-5997-4196-be73-880aaad3f606,https://elagente.ca/ontomlff/MLFFElasticityResult_88e60b04-ff8a-447d-a6c7-843b2ffdabbf,[],[],0.22861133095987604,eV/Å^3,0.5927419656209701,/scratch/kenko/akg4pyscf/.graphchat-workspaces/kenko_room/mlff_elasticity_benchmark/workflow_runs/MatterSim/elasticity_MatterSim/structures/Bi2Cl2O4Pb2_055bd58a/output.json,mp-23084,cif,https://elagente.ca/grafico/ConceptualAtoms_d0317931-5997-4196-be73-880aaad3f606,mp-23084
B3GaN4,1.880477274664507,https://elagente.ca/grafico/ConceptualAtoms_d03d7801-5c2b-4d2e-9409-782dc4f8d01f,https://elagente.ca/ontomlff/MLFFElasticityResult_368bbab8-8328-42bf-83cc-9f7790bfda7e,[],[],1.4674516744876622,eV/Å^3,3.493598641078866,/scratch/kenko/akg4pyscf/.graphchat-workspaces/kenko_room/mlff_elasticity_benchmark/workflow_runs/MatterSim/elasticity_MatterSim/structures/B3GaN4_be8ee19a/output.json,mp-1019740,cif,https://elagente.ca/grafico/ConceptualAtoms_d03d7801-5c2b-4d2e-9409-782dc4f8d01f,mp-1019740
B6Cr10,1.92198240818629,https://elagente.ca/grafico/ConceptualAtoms_d043449b-dbf5-442a-a7c1-2bd85d8b0d09,https://elagente.ca/ontomlff/MLFFElasticityResult_a8091c63-0939-45e6-8d5d-730c8794dd2a,[],[],1.1782546762985207,eV/Å^3,2.93500435800469,/scratch/kenko/akg4pyscf/.graphchat-workspaces/kenko_room/mlff_elasticity_benchmark/workflow_runs/MatterSim/elasticity_MatterSim/structures/B6Cr10_95f75b64/output.json,mp-15617,cif,https://elagente.ca/grafico/ConceptualAtoms_d043449b-dbf5-442a-a7c1-2bd85d8b0d09,mp-15617
Ga2Pd2Ti2,0.8701476273753601,https://elagente.ca/grafico/ConceptualAtoms_d0961646-d5df-4017-9782-20fc27e93a78,https://elagente.ca/ontomlff/MLFFElasticityResult_04701fbf-c488-4dd8-845a-f79d5bd3f627,[],[],0.35154840765283557,eV/Å^3,0.9294730625780463,/scratch/kenko/akg4pyscf/.graphchat-workspaces/kenko_room/mlff_elasticity_benchmark/workflow_runs/MatterSim/elasticity_MatterSim/structures/Ga2Pd2Ti2_a46a826b/output.json,mp-1025045,cif,https://elagente.ca/grafico/ConceptualAtoms_d0961646-d5df-4017-9782-20fc27e93a78,mp-1025045
Os4U2,1.53076663379438,https://elagente.ca/grafico/ConceptualAtoms_d10c0aa9-fcad-40bf-bfb9-ba453585528c,https://elagente.ca/ontomlff/MLFFElasticityResult_60bac5f9-901c-415a-bf16-aba2be6f7451,[],[],0.27038165845673345,eV/Å^3,0.7660425517402512,/scratch/kenko/akg4pyscf/.graphchat-workspaces/kenko_room/mlff_elasticity_benchmark/workflow_runs/MatterSim/elasticity_MatterSim/structures/Os4U2_93e67396/output.json,mp-1085,cif,https://elagente.ca/grafico/ConceptualAtoms_d10c0aa9-fcad-40bf-bfb9-ba453585528c,mp-1085
AsLiZn,0.3513881349737049,https://elagente.ca/grafico/ConceptualAtoms_d14a6dc2-9426-4b61-9686-460eb479f524,https://elagente.ca/ontomlff/MLFFElasticityResult_a4f4589f-9318-4912-aa89-2373de1a1f72,[],[],0.19151832694985643,eV/Å^3,0.4862196400298861,/scratch/kenko/akg4pyscf/.graphchat-workspaces/kenko_room/mlff_elasticity_benchmark/workflow_runs/MatterSim/elasticity_MatterSim/structures/AsLiZn_5f0f0cf4/output.json,mp-9124,cif,https://elagente.ca/grafico/ConceptualAtoms_d14a6dc2-9426-4b61-9686-460eb479f524,mp-9124
Ho3In3Ir3,0.6889374357540139,https://elagente.ca/grafico/ConceptualAtoms_d167a9b8-d497-4b2d-a075-76d3c6a830b1,https://elagente.ca/ontomlff/MLFFElasticityResult_716ed9d1-5972-4887-a1ca-ea2264a32ded,[],[],0.2629396659046384,eV/Å^3,0.6997915792989811,/scratch/kenko/akg4pyscf/.graphchat-workspaces/kenko_room/mlff_elasticity_benchmark/workflow_runs/MatterSim/elasticity_MatterSim/structures/Ho3In3Ir3_8efd155b/output.json,mp-13525,cif,https://elagente.ca/grafico/ConceptualAtoms_d167a9b8-d497-4b2d-a075-76d3c6a830b1,mp-13525
IrO3,1.2185175978220673,https://elagente.ca/grafico/ConceptualAtoms_d1c05327-5e87-4c5c-b012-b1ec0aef311e,https://elagente.ca/ontomlff/MLFFElasticityResult_7a362e98-484e-40a8-9327-0efd156b8c47,[],[],0.5905259175087314,eV/Å^3,1.5251945248567338,/scratch/kenko/akg4pyscf/.graphchat-workspaces/kenko_room/mlff_elasticity_benchmark/workflow_runs/MatterSim/elasticity_MatterSim/structures/IrO3_4d9807d9/output.json,mp-1021489,cif,https://elagente.ca/grafico/ConceptualAtoms_d1c05327-5e87-4c5c-b012-b1ec0aef311e,mp-1021489
H4BRb,0.20104974926210148,https://elagente.ca/grafico/ConceptualAtoms_d1cf0b6a-7b58-41bf-814a-00ef6fb06c81,https://elagente.ca/ontomlff/MLFFElasticityResult_f78520d5-1782-4a46-9c79-8a5f1376983a,[],[],0.14979641017480633,eV/Å^3,0.35998451347476795,/scratch/kenko/akg4pyscf/.graphchat-workspaces/kenko_room/mlff_elasticity_benchmark/workflow_runs/MatterSim/elasticity_MatterSim/structures/H4BRb_fe15ca7e/output.json,mp-1219553,cif,https://elagente.ca/grafico/ConceptualAtoms_d1cf0b6a-7b58-41bf-814a-00ef6fb06c81,mp-1219553
C3W6,2.099509530128838,https://elagente.ca/grafico/ConceptualAtoms_d2345bdf-60b7-4fb5-8590-9d4176582677,https://elagente.ca/ontomlff/MLFFElasticityResult_ba7bce1b-d068-452b-b1c6-30d88e8f9433,[],[],0.8516232266389898,eV/Å^3,2.250570356471534,/scratch/kenko/akg4pyscf/.graphchat-workspaces/kenko_room/mlff_elasticity_benchmark/workflow_runs/MatterSim/elasticity_MatterSim/structures/C3W6_13e3d8d8/output.json,mp-567397,cif,https://elagente.ca/grafico/ConceptualAtoms_d2345bdf-60b7-4fb5-8590-9d4176582677,mp-567397
B4HfTi,1.5397747058937394,https://elagente.ca/grafico/ConceptualAtoms_d265635b-4114-4e29-a3eb-23df7b88f9a1,https://elagente.ca/ontomlff/MLFFElasticityResult_6391881e-c0c1-4040-a66a-e0774fe54e69,[],[],1.355479120831339,eV/Å^3,3.143901385827894,/scratch/kenko/akg4pyscf/.graphchat-workspaces/kenko_room/mlff_elasticity_benchmark/workflow_runs/MatterSim/elasticity_MatterSim/structures/B4HfTi_3b7d7541/output.json,mp-1224263,cif,https://elagente.ca/grafico/ConceptualAtoms_d265635b-4114-4e29-a3eb-23df7b88f9a1,mp-1224263
EuMg,0.14161877424851613,https://elagente.ca/grafico/ConceptualAtoms_d2aa5df7-ddbb-4192-a640-55605bd99878,https://elagente.ca/ontomlff/MLFFElasticityResult_c1a30a5f-4e0e-4e87-a962-2ce78ddb5a06,[],[],0.06203527029706128,eV/Å^3,0.16239391188232583,/scratch/kenko/akg4pyscf/.graphchat-workspaces/kenko_room/mlff_elasticity_benchmark/workflow_runs/MatterSim/elasticity_MatterSim/structures/EuMg_9c8f44f2/output.json,mp-21253,cif,https://elagente.ca/grafico/ConceptualAtoms_d2aa5df7-ddbb-4192-a640-55605bd99878,mp-21253
Cu2GeTe3,0.35371733607403044,https://elagente.ca/grafico/ConceptualAtoms_d2d39447-71f3-42a0-8cb5-82c01c9f53f0,https://elagente.ca/ontomlff/MLFFElasticityResult_58818af1-67d8-4ce5-a0b2-265971a7c086,[],[],0.14496444376118928,eV/Å^3,0.38262303038409307,/scratch/kenko/akg4pyscf/.graphchat-workspaces/kenko_room/mlff_elasticity_benchmark/workflow_runs/MatterSim/elasticity_MatterSim/structures/Cu2GeTe3_d7fa280b/output.json,mp-12806,cif,https://elagente.ca/grafico/ConceptualAtoms_d2d39447-71f3-42a0-8cb5-82c01c9f53f0,mp-12806
O8Re2Zn,0.8873121121687964,https://elagente.ca/grafico/ConceptualAtoms_d2da22fd-49ad-455d-88c8-85570f72b499,https://elagente.ca/ontomlff/MLFFElasticityResult_ab26e667-3d3e-4c29-aca3-fa07dcce40e4,[],[],0.40402464879154615,eV/Å^3,1.0523498817692278,/scratch/kenko/akg4pyscf/.graphchat-workspaces/kenko_room/mlff_elasticity_benchmark/workflow_runs/MatterSim/elasticity_MatterSim/structures/O8Re2Zn_2973a637/output.json,mp-10326,cif,https://elagente.ca/grafico/ConceptualAtoms_d2da22fd-49ad-455d-88c8-85570f72b499,mp-10326
Li3Sm,0.1514335760894331,https://elagente.ca/grafico/ConceptualAtoms_d30e28ac-5983-488c-a3bf-feab1a97cdb8,https://elagente.ca/ontomlff/MLFFElasticityResult_ec6f15a4-abaa-46c9-9e6a-a13de5ea6a3e,[],[],0.05546450130052259,eV/Å^3,0.14828922338531286,/scratch/kenko/akg4pyscf/.graphchat-workspaces/kenko_room/mlff_elasticity_benchmark/workflow_runs/MatterSim/elasticity_MatterSim/structures/Li3Sm_ad8818d9/output.json,mp-977286,cif,https://elagente.ca/grafico/ConceptualAtoms_d30e28ac-5983-488c-a3bf-feab1a97cdb8,mp-977286
Hg2TbY,0.3981410767965859,https://elagente.ca/grafico/ConceptualAtoms_d327acf2-4641-40f3-b58c-8e35e09a14d4,https://elagente.ca/ontomlff/MLFFElasticityResult_25a2fe12-a59d-4218-bf7d-f6322a0faa10,[],[],0.15036828007074737,eV/Å^3,0.4006644125127275,/scratch/kenko/akg4pyscf/.graphchat-workspaces/kenko_room/mlff_elasticity_benchmark/workflow_runs/MatterSim/elasticity_MatterSim/structures/Hg2TbY_51d4cc0c/output.json,mp-978911,cif,https://elagente.ca/grafico/ConceptualAtoms_d327acf2-4641-40f3-b58c-8e35e09a14d4,mp-978911
C4N4Na4S4,0.28729840121288736,https://elagente.ca/grafico/ConceptualAtoms_d3a93a9d-83ab-4fc8-b370-ea3e1465ddc4,https://elagente.ca/ontomlff/MLFFElasticityResult_008dbf19-aa1e-46dc-a8da-b112209a45ff,[],[],0.18033676319812136,eV/Å^3,0.44739960830002923,/scratch/kenko/akg4pyscf/.graphchat-workspaces/kenko_room/mlff_elasticity_benchmark/workflow_runs/MatterSim/elasticity_MatterSim/structures/C4N4Na4S4_e26b42c6/output.json,mp-6633,cif,https://elagente.ca/grafico/ConceptualAtoms_d3a93a9d-83ab-4fc8-b370-ea3e1465ddc4,mp-6633
In2Pt4Y2,0.7542243080194948,https://elagente.ca/grafico/ConceptualAtoms_d405eb71-e418-4f13-9b3e-43489dd3271f,https://elagente.ca/ontomlff/MLFFElasticityResult_d43f1e83-0c92-451f-8eec-b68e80544b69,[],[],0.32520303015617336,eV/Å^3,0.8530100795106889,/scratch/kenko/akg4pyscf/.graphchat-workspaces/kenko_room/mlff_elasticity_benchmark/workflow_runs/MatterSim/elasticity_MatterSim/structures/In2Pt4Y2_6551e128/output.json,mp-510441,cif,https://elagente.ca/grafico/ConceptualAtoms_d405eb71-e418-4f13-9b3e-43489dd3271f,mp-510441
Si2Sr4,0.24209492461012927,https://elagente.ca/grafico/ConceptualAtoms_d4589a24-6c0a-4c70-9b2c-944da7885e82,https://elagente.ca/ontomlff/MLFFElasticityResult_44cb8bc7-d130-4792-aaae-5d578cdfbcfe,[],[],0.1397783127653156,eV/Å^3,0.35165634644075855,/scratch/kenko/akg4pyscf/.graphchat-workspaces/kenko_room/mlff_elasticity_benchmark/workflow_runs/MatterSim/elasticity_MatterSim/structures/Si2Sr4_2a9744c0/output.json,mp-13051,cif,https://elagente.ca/grafico/ConceptualAtoms_d4589a24-6c0a-4c70-9b2c-944da7885e82,mp-13051
Ag2InPr,0.42523910195525827,https://elagente.ca/grafico/ConceptualAtoms_d47339bf-c831-4201-acc3-b40fdc4e0d59,https://elagente.ca/ontomlff/MLFFElasticityResult_6b54e406-7a53-4092-9d20-3f93793856e8,[],[],0.131419998031282,eV/Å^3,0.3574379671998613,/scratch/kenko/akg4pyscf/.graphchat-workspaces/kenko_room/mlff_elasticity_benchmark/workflow_runs/MatterSim/elasticity_MatterSim/structures/Ag2InPr_38939d52/output.json,mp-570683,cif,https://elagente.ca/grafico/ConceptualAtoms_d47339bf-c831-4201-acc3-b40fdc4e0d59,mp-570683
Ba2CeO6Pt,0.9102923515693018,https://elagente.ca/grafico/ConceptualAtoms_d48a9a96-b857-4ac1-b2c0-68a0364f5f4c,https://elagente.ca/ontomlff/MLFFElasticityResult_d7fad38b-c3d1-40e9-b5ba-803035545285,[],[],0.4324536178267676,eV/Å^3,1.120000832415913,/scratch/kenko/akg4pyscf/.graphchat-workspaces/kenko_room/mlff_elasticity_benchmark/workflow_runs/MatterSim/elasticity_MatterSim/structures/Ba2CeO6Pt_e3c92cff/output.json,mp-21879,cif,https://elagente.ca/grafico/ConceptualAtoms_d48a9a96-b857-4ac1-b2c0-68a0364f5f4c,mp-21879
BaIr2P2,0.8229414217555743,https://elagente.ca/grafico/ConceptualAtoms_d4976c05-0a8d-400b-99de-0139cb878d8c,https://elagente.ca/ontomlff/MLFFElasticityResult_c051b44e-128d-4879-bc07-f881b9cfd1a8,[],[],0.3829075552408064,eV/Å^3,0.9944814483616675,/scratch/kenko/akg4pyscf/.graphchat-workspaces/kenko_room/mlff_elasticity_benchmark/workflow_runs/MatterSim/elasticity_MatterSim/structures/BaIr2P2_4d99356f/output.json,mp-11169,cif,https://elagente.ca/grafico/ConceptualAtoms_d4976c05-0a8d-400b-99de-0139cb878d8c,mp-11169
P2Pd3S8,0.36836666268882756,https://elagente.ca/grafico/ConceptualAtoms_d541256b-8944-4a5f-a76f-fd7a707f25e5,https://elagente.ca/ontomlff/MLFFElasticityResult_f9d97d08-03f1-4fba-a9e7-4dd6f5ac6c39,[],[],0.2167479258232679,eV/Å^3,0.5436210801344266,/scratch/kenko/akg4pyscf/.graphchat-workspaces/kenko_room/mlff_elasticity_benchmark/workflow_runs/MatterSim/elasticity_MatterSim/structures/P2Pd3S8_6fba8b3f/output.json,mp-3006,cif,https://elagente.ca/grafico/ConceptualAtoms_d541256b-8944-4a5f-a76f-fd7a707f25e5,mp-3006
Ga3Tb,0.41138777632177526,https://elagente.ca/grafico/ConceptualAtoms_d552b30a-f004-46c1-9d6f-6eba089b2b7d,https://elagente.ca/ontomlff/MLFFElasticityResult_3fb0ec13-da7e-4070-afb3-2af1214301d4,[],[],0.23599141186571784,eV/Å^3,0.5943291649233817,/scratch/kenko/akg4pyscf/.graphchat-workspaces/kenko_room/mlff_elasticity_benchmark/workflow_runs/MatterSim/elasticity_MatterSim/structures/Ga3Tb_990dfd0e/output.json,mp-11418,cif,https://elagente.ca/grafico/ConceptualAtoms_d552b30a-f004-46c1-9d6f-6eba089b2b7d,mp-11418
CoFe,1.0909531629597482,https://elagente.ca/grafico/ConceptualAtoms_d5dd4f96-ce02-4ae4-96ce-8d3afa201ef8,https://elagente.ca/ontomlff/MLFFElasticityResult_2722b932-0944-4c88-abcb-9426bd37c4f5,[],[],0.6667995744315048,eV/Å^3,1.661825005124807,/scratch/kenko/akg4pyscf/.graphchat-workspaces/kenko_room/mlff_elasticity_benchmark/workflow_runs/MatterSim/elasticity_MatterSim/structures/CoFe_e9fe5054/output.json,mp-2090,cif,https://elagente.ca/grafico/ConceptualAtoms_d5dd4f96-ce02-4ae4-96ce-8d3afa201ef8,mp-2090
B4Ti4,1.3686674356180495,https://elagente.ca/grafico/ConceptualAtoms_d5f3149b-eea6-4d94-9186-ca4364c5ce39,https://elagente.ca/ontomlff/MLFFElasticityResult_e56c8789-3874-4dbd-8c4d-d19e13cf5cd5,[],[],1.102980614609091,eV/Å^3,2.608287078081733,/scratch/kenko/akg4pyscf/.graphchat-workspaces/kenko_room/mlff_elasticity_benchmark/workflow_runs/MatterSim/elasticity_MatterSim/structures/B4Ti4_4d57297e/output.json,mp-7857,cif,https://elagente.ca/grafico/ConceptualAtoms_d5f3149b-eea6-4d94-9186-ca4364c5ce39,mp-7857
Ge4Ni4,0.9504983628085399,https://elagente.ca/grafico/ConceptualAtoms_d657ee23-6915-4007-9375-3819404d55b6,https://elagente.ca/ontomlff/MLFFElasticityResult_806efaf1-fcb8-4975-99bb-097542d4a9c6,[],[],0.44467927670609886,eV/Å^3,1.1540658651425082,/scratch/kenko/akg4pyscf/.graphchat-workspaces/kenko_room/mlff_elasticity_benchmark/workflow_runs/MatterSim/elasticity_MatterSim/structures/Ge4Ni4_5c36c770/output.json,mp-1099,cif,https://elagente.ca/grafico/ConceptualAtoms_d657ee23-6915-4007-9375-3819404d55b6,mp-1099
Ga2Zr4,0.6629462837155755,https://elagente.ca/grafico/ConceptualAtoms_d6984f3d-b5b7-4687-a647-af61a1739707,https://elagente.ca/ontomlff/MLFFElasticityResult_b5a4fdef-565e-4d8b-ad8e-734df40f74c1,[],[],0.37313394498624697,eV/Å^3,0.9425637175228262,/scratch/kenko/akg4pyscf/.graphchat-workspaces/kenko_room/mlff_elasticity_benchmark/workflow_runs/MatterSim/elasticity_MatterSim/structures/Ga2Zr4_f52ee55f/output.json,mp-569833,cif,https://elagente.ca/grafico/ConceptualAtoms_d6984f3d-b5b7-4687-a647-af61a1739707,mp-569833
RuYb3,0.24927914491091668,https://elagente.ca/grafico/ConceptualAtoms_d6a73e5d-ade2-4691-805b-7b8bf18ddce0,https://elagente.ca/ontomlff/MLFFElasticityResult_5ea3bdbe-076c-40d4-8f3e-69423d4125e6,[],[],0.103116861867379,eV/Å^3,0.2718641286542404,/scratch/kenko/akg4pyscf/.graphchat-workspaces/kenko_room/mlff_elasticity_benchmark/workflow_runs/MatterSim/elasticity_MatterSim/structures/RuYb3_27ac992f/output.json,mp-979937,cif,https://elagente.ca/grafico/ConceptualAtoms_d6a73e5d-ade2-4691-805b-7b8bf18ddce0,mp-979937
InTe,0.24942097812730668,https://elagente.ca/grafico/ConceptualAtoms_d742de7e-0e5b-4c7b-9d37-3e0cd85bbf71,https://elagente.ca/ontomlff/MLFFElasticityResult_03458f7f-2f60-4cf3-981b-5e7b79bc25f1,[],[],0.050793323218384416,eV/Å^3,0.14269368664681298,/scratch/kenko/akg4pyscf/.graphchat-workspaces/kenko_room/mlff_elasticity_benchmark/workflow_runs/MatterSim/elasticity_MatterSim/structures/InTe_8c6ffa59/output.json,mp-2819,cif,https://elagente.ca/grafico/ConceptualAtoms_d742de7e-0e5b-4c7b-9d37-3e0cd85bbf71,mp-2819
PdSc,0.706886795563045,https://elagente.ca/grafico/ConceptualAtoms_d7649271-32bc-447f-b6d3-83dcadad724e,https://elagente.ca/ontomlff/MLFFElasticityResult_25ee96a3-55e5-4026-ab4d-e3042fcb72e1,[],[],0.21652296416937022,eV/Å^3,0.5893910797633775,/scratch/kenko/akg4pyscf/.graphchat-workspaces/kenko_room/mlff_elasticity_benchmark/workflow_runs/MatterSim/elasticity_MatterSim/structures/PdSc_ab4ecb23/output.json,mp-2781,cif,https://elagente.ca/grafico/ConceptualAtoms_d7649271-32bc-447f-b6d3-83dcadad724e,mp-2781
MgRh2Si,1.1255231781632402,https://elagente.ca/grafico/ConceptualAtoms_d766accc-d9a2-431f-af1e-5c4cb2756879,https://elagente.ca/ontomlff/MLFFElasticityResult_5152af0b-cea4-48e3-981e-afe21ac72470,[],[],0.5616851440083965,eV/Å^3,1.4447280077560858,/scratch/kenko/akg4pyscf/.graphchat-workspaces/kenko_room/mlff_elasticity_benchmark/workflow_runs/MatterSim/elasticity_MatterSim/structures/MgRh2Si_7f9157a2/output.json,mp-866087,cif,https://elagente.ca/grafico/ConceptualAtoms_d766accc-d9a2-431f-af1e-5c4cb2756879,mp-866087
BiNa,0.16925355133862457,https://elagente.ca/grafico/ConceptualAtoms_d7741d76-2ae5-4efd-999d-eff494470ed9,https://elagente.ca/ontomlff/MLFFElasticityResult_4f9263bc-f80b-4224-a038-5519846a47fb,[],[],0.0802800473712846,eV/Å^3,0.2079603465959626,/scratch/kenko/akg4pyscf/.graphchat-workspaces/kenko_room/mlff_elasticity_benchmark/workflow_runs/MatterSim/elasticity_MatterSim/structures/BiNa_684975a1/output.json,mp-22924,cif,https://elagente.ca/grafico/ConceptualAtoms_d7741d76-2ae5-4efd-999d-eff494470ed9,mp-22924
CB2Rh2Tb,1.2637534309151721,https://elagente.ca/grafico/ConceptualAtoms_d787cde9-7186-4bff-bd2b-c43935ecc0fe,https://elagente.ca/ontomlff/MLFFElasticityResult_64afd170-b221-4c3e-b200-cf4c92281b58,[],[],0.5685404108991622,eV/Å^3,1.483199461063405,/scratch/kenko/akg4pyscf/.graphchat-workspaces/kenko_room/mlff_elasticity_benchmark/workflow_runs/MatterSim/elasticity_MatterSim/structures/CB2Rh2Tb_93baa307/output.json,mp-12736,cif,https://elagente.ca/grafico/ConceptualAtoms_d787cde9-7186-4bff-bd2b-c43935ecc0fe,mp-12736
Mo,1.657918115917044,https://elagente.ca/grafico/ConceptualAtoms_d82ebc9b-b720-406c-828c-388cf11cb42d,https://elagente.ca/ontomlff/MLFFElasticityResult_0c05bc23-d963-4c32-aed4-37dc4a300b63,[],[],0.4777848746042102,eV/Å^3,1.307732275468634,/scratch/kenko/akg4pyscf/.graphchat-workspaces/kenko_room/mlff_elasticity_benchmark/workflow_runs/MatterSim/elasticity_MatterSim/structures/Mo_3f6b17ff/output.json,mp-129,cif,https://elagente.ca/grafico/ConceptualAtoms_d82ebc9b-b720-406c-828c-388cf11cb42d,mp-129
Br4S4Sb4,0.2899192012473789,https://elagente.ca/grafico/ConceptualAtoms_d899594e-3588-4328-b62e-eefc4a6956a4,https://elagente.ca/ontomlff/MLFFElasticityResult_31a34639-8fe2-49ca-befa-76079ff4b9ee,[],[],0.1600487223139258,eV/Å^3,0.40552361064299536,/scratch/kenko/akg4pyscf/.graphchat-workspaces/kenko_room/mlff_elasticity_benchmark/workflow_runs/MatterSim/elasticity_MatterSim/structures/Br4S4Sb4_300a9709/output.json,mp-22971,cif,https://elagente.ca/grafico/ConceptualAtoms_d899594e-3588-4328-b62e-eefc4a6956a4,mp-22971
AuMg,0.5276474765397092,https://elagente.ca/grafico/ConceptualAtoms_d8d6ae99-ef2e-4dae-a5b3-45f38218b335,https://elagente.ca/ontomlff/MLFFElasticityResult_a147afb6-8ac7-4e6a-b7b9-d7d75cebdeff,[],[],0.14673890640443166,eV/Å^3,0.40287058000663023,/scratch/kenko/akg4pyscf/.graphchat-workspaces/kenko_room/mlff_elasticity_benchmark/workflow_runs/MatterSim/elasticity_MatterSim/structures/AuMg_94f7f7b3/output.json,mp-437,cif,https://elagente.ca/grafico/ConceptualAtoms_d8d6ae99-ef2e-4dae-a5b3-45f38218b335,mp-437
GaHfNi2,0.9242951066899785,https://elagente.ca/grafico/ConceptualAtoms_d8fc0074-994c-42eb-b6ec-e1918b0da4fa,https://elagente.ca/ontomlff/MLFFElasticityResult_aae00f3a-bb2a-4367-aaf6-e4408cb1eac2,[],[],0.2677041948804875,eV/Å^3,0.7324037280816729,/scratch/kenko/akg4pyscf/.graphchat-workspaces/kenko_room/mlff_elasticity_benchmark/workflow_runs/MatterSim/elasticity_MatterSim/structures/GaHfNi2_b3e90552/output.json,mp-3498,cif,https://elagente.ca/grafico/ConceptualAtoms_d8fc0074-994c-42eb-b6ec-e1918b0da4fa,mp-3498
KNi2S2,0.4091024406469579,https://elagente.ca/grafico/ConceptualAtoms_d91bcb83-cf28-43cb-8b02-6811622ee6f9,https://elagente.ca/ontomlff/MLFFElasticityResult_f0b1c4d9-5b43-49c6-882a-0544743b342e,[],[],0.1771988876118091,eV/Å^3,0.4645280114674931,/scratch/kenko/akg4pyscf/.graphchat-workspaces/kenko_room/mlff_elasticity_benchmark/workflow_runs/MatterSim/elasticity_MatterSim/structures/KNi2S2_9dfcaf7f/output.json,mp-558518,cif,https://elagente.ca/grafico/ConceptualAtoms_d91bcb83-cf28-43cb-8b02-6811622ee6f9,mp-558518
Fe2N2,1.8755189309973155,https://elagente.ca/grafico/ConceptualAtoms_d92ba120-a7f7-4617-8e25-313a4c8a3125,https://elagente.ca/ontomlff/MLFFElasticityResult_6dd376b8-2170-482b-a9a7-385bdb978246,[],[],0.8469946740868382,eV/Å^3,2.208523556820576,/scratch/kenko/akg4pyscf/.graphchat-workspaces/kenko_room/mlff_elasticity_benchmark/workflow_runs/MatterSim/elasticity_MatterSim/structures/Fe2N2_1ba7d01f/output.json,mp-12120,cif,https://elagente.ca/grafico/ConceptualAtoms_d92ba120-a7f7-4617-8e25-313a4c8a3125,mp-12120
Ho3,0.26893339989896936,https://elagente.ca/grafico/ConceptualAtoms_d97b3a61-50bd-4ab0-902b-e320a8782310,https://elagente.ca/ontomlff/MLFFElasticityResult_d0e76f1d-f584-438c-9837-184e2c691124,[],[],0.1456477142397506,eV/Å^3,0.37012608211301234,/scratch/kenko/akg4pyscf/.graphchat-workspaces/kenko_room/mlff_elasticity_benchmark/workflow_runs/MatterSim/elasticity_MatterSim/structures/Ho3_351ca43d/output.json,mp-10659,cif,https://elagente.ca/grafico/ConceptualAtoms_d97b3a61-50bd-4ab0-902b-e320a8782310,mp-10659
Ag2As2Sr2,0.29760989530759696,https://elagente.ca/grafico/ConceptualAtoms_d99361ad-0f51-4224-8025-c38e5a43bfdb,https://elagente.ca/ontomlff/MLFFElasticityResult_e1f68918-51bc-4a73-a846-f28d97fbf204,[],[],0.17211696628176348,eV/Å^3,0.43289812676310496,/scratch/kenko/akg4pyscf/.graphchat-workspaces/kenko_room/mlff_elasticity_benchmark/workflow_runs/MatterSim/elasticity_MatterSim/structures/Ag2As2Sr2_4501e266/output.json,mp-6954,cif,https://elagente.ca/grafico/ConceptualAtoms_d99361ad-0f51-4224-8025-c38e5a43bfdb,mp-6954
BaO4S,0.645474572444859,https://elagente.ca/grafico/ConceptualAtoms_da4081d1-81fa-49ce-8246-1150a162a8fa,https://elagente.ca/ontomlff/MLFFElasticityResult_a1537465-1646-414a-9e0a-f4b482fbb5e2,[],[],0.38531510250011325,eV/Å^3,0.9641049588621016,/scratch/kenko/akg4pyscf/.graphchat-workspaces/kenko_room/mlff_elasticity_benchmark/workflow_runs/MatterSim/elasticity_MatterSim/structures/BaO4S_2f39da99/output.json,mp-3307,cif,https://elagente.ca/grafico/ConceptualAtoms_da4081d1-81fa-49ce-8246-1150a162a8fa,mp-3307
Li3NbO4,1.0429527853470446,https://elagente.ca/grafico/ConceptualAtoms_da683678-cfef-4783-876b-ad7268835e2c,https://elagente.ca/ontomlff/MLFFElasticityResult_f3689669-ec14-40e5-ba13-d4d0b7e4f650,[],[],0.6797629722341372,eV/Å^3,1.6753165036482847,/scratch/kenko/akg4pyscf/.graphchat-workspaces/kenko_room/mlff_elasticity_benchmark/workflow_runs/MatterSim/elasticity_MatterSim/structures/Li3NbO4_fa993551/output.json,mp-36086,cif,https://elagente.ca/grafico/ConceptualAtoms_da683678-cfef-4783-876b-ad7268835e2c,mp-36086
Hg3,0.03417017443079021,https://elagente.ca/grafico/ConceptualAtoms_da7b6b46-14de-4eb1-a67b-74bdf37b764a,https://elagente.ca/ontomlff/MLFFElasticityResult_c4c304d9-0180-4227-8336-7cd886269a75,[],[],-0.006182259438375091,eV/Å^3,-0.019737093500956142,/scratch/kenko/akg4pyscf/.graphchat-workspaces/kenko_room/mlff_elasticity_benchmark/workflow_runs/MatterSim/elasticity_MatterSim/structures/Hg3_ea593851/output.json,mp-10861,cif,https://elagente.ca/grafico/ConceptualAtoms_da7b6b46-14de-4eb1-a67b-74bdf37b764a,mp-10861
LiMnPd2,0.6341260354645779,https://elagente.ca/grafico/ConceptualAtoms_dabd7fe8-a670-40b0-aba1-fc4ed2bf28aa,https://elagente.ca/ontomlff/MLFFElasticityResult_dfd0f592-cbf3-424a-a58d-860f797d5e8b,[],[],0.25485098105297893,eV/Å^3,0.6742300985594244,/scratch/kenko/akg4pyscf/.graphchat-workspaces/kenko_room/mlff_elasticity_benchmark/workflow_runs/MatterSim/elasticity_MatterSim/structures/LiMnPd2_90d6840c/output.json,mp-861629,cif,https://elagente.ca/grafico/ConceptualAtoms_dabd7fe8-a670-40b0-aba1-fc4ed2bf28aa,mp-861629
Mn2NdSi2,0.7697452508450076,https://elagente.ca/grafico/ConceptualAtoms_dafbd54e-6e6c-4c70-a760-d79d6dc8097d,https://elagente.ca/ontomlff/MLFFElasticityResult_83c11326-855c-4f4d-b161-bb27b2774808,[],[],0.4946150649634268,eV/Å^3,1.222086551068735,/scratch/kenko/akg4pyscf/.graphchat-workspaces/kenko_room/mlff_elasticity_benchmark/workflow_runs/MatterSim/elasticity_MatterSim/structures/Mn2NdSi2_a085126c/output.json,mp-3018,cif,https://elagente.ca/grafico/ConceptualAtoms_dafbd54e-6e6c-4c70-a760-d79d6dc8097d,mp-3018
Ca2Ir2Sn4,0.5244004896683174,https://elagente.ca/grafico/ConceptualAtoms_db68efad-6a79-4b7b-bd53-869e58df395f,https://elagente.ca/ontomlff/MLFFElasticityResult_b12d9d95-149a-4641-983a-e36d01de95f9,[],[],0.23290992498575486,eV/Å^3,0.6086239819192039,/scratch/kenko/akg4pyscf/.graphchat-workspaces/kenko_room/mlff_elasticity_benchmark/workflow_runs/MatterSim/elasticity_MatterSim/structures/Ca2Ir2Sn4_be040ff8/output.json,mp-11957,cif,https://elagente.ca/grafico/ConceptualAtoms_db68efad-6a79-4b7b-bd53-869e58df395f,mp-11957
Bi4I4,0.16606214958652835,https://elagente.ca/grafico/ConceptualAtoms_db6c587a-1f40-4fa1-8992-6866786128be,https://elagente.ca/ontomlff/MLFFElasticityResult_79bcb683-4e51-430a-86c5-c9cbca5576e7,[],[],0.05414515287840054,eV/Å^3,0.14651188534228574,/scratch/kenko/akg4pyscf/.graphchat-workspaces/kenko_room/mlff_elasticity_benchmark/workflow_runs/MatterSim/elasticity_MatterSim/structures/Bi4I4_6b9f5882/output.json,mp-568388,cif,https://elagente.ca/grafico/ConceptualAtoms_db6c587a-1f40-4fa1-8992-6866786128be,mp-568388
HoYZn2,0.37362787809369,https://elagente.ca/grafico/ConceptualAtoms_dbf28b7a-2961-4143-b08f-c293dc0de257,https://elagente.ca/ontomlff/MLFFElasticityResult_786e4c9b-5b43-46dc-b79b-2b308ca9f199,[],[],0.2090232283020087,eV/Å^3,0.5285123095009551,/scratch/kenko/akg4pyscf/.graphchat-workspaces/kenko_room/mlff_elasticity_benchmark/workflow_runs/MatterSim/elasticity_MatterSim/structures/HoYZn2_36b386aa/output.json,mp-979427,cif,https://elagente.ca/grafico/ConceptualAtoms_dbf28b7a-2961-4143-b08f-c293dc0de257,mp-979427
Ag2Nb2O6,1.0408181902279168,https://elagente.ca/grafico/ConceptualAtoms_dc450974-15f3-40c2-a141-7c1084d792d3,https://elagente.ca/ontomlff/MLFFElasticityResult_bc075f89-5745-46d2-9566-a9f0d3042cc8,[],[],0.4488463499688391,eV/Å^3,1.1773040425326193,/scratch/kenko/akg4pyscf/.graphchat-workspaces/kenko_room/mlff_elasticity_benchmark/workflow_runs/MatterSim/elasticity_MatterSim/structures/Ag2Nb2O6_1cf049ce/output.json,mp-2349989,cif,https://elagente.ca/grafico/ConceptualAtoms_dc450974-15f3-40c2-a141-7c1084d792d3,mp-2349989
Si3U,0.9172287422951985,https://elagente.ca/grafico/ConceptualAtoms_dcbf0d03-f969-49ee-b7d5-789b9180603e,https://elagente.ca/ontomlff/MLFFElasticityResult_783f88dc-033a-45f2-8085-b72d947c5094,[],[],0.5108727859825238,eV/Å^3,1.292630971578635,/scratch/kenko/akg4pyscf/.graphchat-workspaces/kenko_room/mlff_elasticity_benchmark/workflow_runs/MatterSim/elasticity_MatterSim/structures/Si3U_9719f682/output.json,mp-2800,cif,https://elagente.ca/grafico/ConceptualAtoms_dcbf0d03-f969-49ee-b7d5-789b9180603e,mp-2800
CFe2Si2Tb2,0.891178651235255,https://elagente.ca/grafico/ConceptualAtoms_dcff2ac9-94f4-4cc0-96ab-31649281b4dc,https://elagente.ca/ontomlff/MLFFElasticityResult_c266d0a1-eb50-4edc-8d0d-e1eeb9a37df7,[],[],0.5520130629802513,eV/Å^3,1.372628439213027,/scratch/kenko/akg4pyscf/.graphchat-workspaces/kenko_room/mlff_elasticity_benchmark/workflow_runs/MatterSim/elasticity_MatterSim/structures/CFe2Si2Tb2_8165b0d5/output.json,mp-6624,cif,https://elagente.ca/grafico/ConceptualAtoms_dcff2ac9-94f4-4cc0-96ab-31649281b4dc,mp-6624
Ga12Nd2,0.39223392192800705,https://elagente.ca/grafico/ConceptualAtoms_dd3ab492-c818-4284-8941-940439243126,https://elagente.ca/ontomlff/MLFFElasticityResult_fdfeae14-6fb2-4565-87c4-bd31af3b75a7,[],[],0.15804068959255754,eV/Å^3,0.4179834643608882,/scratch/kenko/akg4pyscf/.graphchat-workspaces/kenko_room/mlff_elasticity_benchmark/workflow_runs/MatterSim/elasticity_MatterSim/structures/Ga12Nd2_4d6e0e81/output.json,mp-1104008,cif,https://elagente.ca/grafico/ConceptualAtoms_dd3ab492-c818-4284-8941-940439243126,mp-1104008
Hf2OsRe,1.3221309949483282,https://elagente.ca/grafico/ConceptualAtoms_dd45fc15-03e1-42f6-bd8b-fb8de893fb18,https://elagente.ca/ontomlff/MLFFElasticityResult_70e6a7e5-aa2a-4aba-8867-01048bff315a,[],[],0.5742404923347538,eV/Å^3,1.5048539847077849,/scratch/kenko/akg4pyscf/.graphchat-workspaces/kenko_room/mlff_elasticity_benchmark/workflow_runs/MatterSim/elasticity_MatterSim/structures/Hf2OsRe_e65936c3/output.json,mp-864927,cif,https://elagente.ca/grafico/ConceptualAtoms_dd45fc15-03e1-42f6-bd8b-fb8de893fb18,mp-864927
AcInTe2,0.27895344444634684,https://elagente.ca/grafico/ConceptualAtoms_dda59644-dfb2-46f6-a638-cd31f8eff055,https://elagente.ca/ontomlff/MLFFElasticityResult_971f0fae-838a-4f95-a87e-5c644988689c,[],[],0.11327287761289385,eV/Å^3,0.2993061720969381,/scratch/kenko/akg4pyscf/.graphchat-workspaces/kenko_room/mlff_elasticity_benchmark/workflow_runs/MatterSim/elasticity_MatterSim/structures/AcInTe2_80ef48ee/output.json,mp-861460,cif,https://elagente.ca/grafico/ConceptualAtoms_dda59644-dfb2-46f6-a638-cd31f8eff055,mp-861460
Cr4Se8Zn2,0.483204606603191,https://elagente.ca/grafico/ConceptualAtoms_ddd56ee6-f3ce-4970-8f47-09387f9ce8ff,https://elagente.ca/ontomlff/MLFFElasticityResult_4f038771-e536-44ed-8e76-a40b9644d826,[],[],0.2825787381280418,eV/Å^3,0.7094419880128233,/scratch/kenko/akg4pyscf/.graphchat-workspaces/kenko_room/mlff_elasticity_benchmark/workflow_runs/MatterSim/elasticity_MatterSim/structures/Cr4Se8Zn2_0679818f/output.json,mp-4697,cif,https://elagente.ca/grafico/ConceptualAtoms_ddd56ee6-f3ce-4970-8f47-09387f9ce8ff,mp-4697
AlNNd3,0.186384577094857,https://elagente.ca/grafico/ConceptualAtoms_ddd578dd-9ff2-445c-89ab-d3e592bb56f6,https://elagente.ca/ontomlff/MLFFElasticityResult_8c874cd7-6916-4eee-af08-79770c36fabc,[],[],0.07327154309000453,eV/Å^3,0.19434734051198754,/scratch/kenko/akg4pyscf/.graphchat-workspaces/kenko_room/mlff_elasticity_benchmark/workflow_runs/MatterSim/elasticity_MatterSim/structures/AlNNd3_4ea770b5/output.json,mp-21910,cif,https://elagente.ca/grafico/ConceptualAtoms_ddd578dd-9ff2-445c-89ab-d3e592bb56f6,mp-21910
RhTm,0.7408712995750334,https://elagente.ca/grafico/ConceptualAtoms_de06eab8-d117-4d56-a50f-84a4aff2e65d,https://elagente.ca/ontomlff/MLFFElasticityResult_2c1d0f4d-3289-4c72-a0f7-827c3cd66b84,[],[],0.3067761640971589,eV/Å^3,0.808706782091716,/scratch/kenko/akg4pyscf/.graphchat-workspaces/kenko_room/mlff_elasticity_benchmark/workflow_runs/MatterSim/elasticity_MatterSim/structures/RhTm_080acaa0/output.json,mp-11564,cif,https://elagente.ca/grafico/ConceptualAtoms_de06eab8-d117-4d56-a50f-84a4aff2e65d,mp-11564
DyNi2Si2,0.8561804086221126,https://elagente.ca/grafico/ConceptualAtoms_de37da81-33da-4df7-a238-93ce434bbadd,https://elagente.ca/ontomlff/MLFFElasticityResult_4432e281-a4f4-4905-9b44-e42fd6eb5750,[],[],0.47865271973804646,eV/Å^3,1.210398089652646,/scratch/kenko/akg4pyscf/.graphchat-workspaces/kenko_room/mlff_elasticity_benchmark/workflow_runs/MatterSim/elasticity_MatterSim/structures/DyNi2Si2_876545e5/output.json,mp-4692,cif,https://elagente.ca/grafico/ConceptualAtoms_de37da81-33da-4df7-a238-93ce434bbadd,mp-4692
CdCsF3,0.3280735982117685,https://elagente.ca/grafico/ConceptualAtoms_de900d61-f99c-45d8-9aaf-a0d3690c5d2a,https://elagente.ca/ontomlff/MLFFElasticityResult_21e8c144-0449-4ee8-ae96-fc4f54a94ec1,[],[],0.15520430129425575,eV/Å^3,0.40219045893322947,/scratch/kenko/akg4pyscf/.graphchat-workspaces/kenko_room/mlff_elasticity_benchmark/workflow_runs/MatterSim/elasticity_MatterSim/structures/CdCsF3_6ed3a2e8/output.json,mp-8399,cif,https://elagente.ca/grafico/ConceptualAtoms_de900d61-f99c-45d8-9aaf-a0d3690c5d2a,mp-8399
Be26Hf2,0.7872423170224805,https://elagente.ca/grafico/ConceptualAtoms_de970195-6d63-4659-a9b0-f2f23c1603d6,https://elagente.ca/ontomlff/MLFFElasticityResult_cc9cdb2d-bb5c-410d-b505-ba155639c3dc,[],[],0.8516345262615161,eV/Å^3,1.8777796030621974,/scratch/kenko/akg4pyscf/.graphchat-workspaces/kenko_room/mlff_elasticity_benchmark/workflow_runs/MatterSim/elasticity_MatterSim/structures/Be26Hf2_6552ec39/output.json,mp-1878,cif,https://elagente.ca/grafico/ConceptualAtoms_de970195-6d63-4659-a9b0-f2f23c1603d6,mp-1878
As2YbZn2,0.4064499529205474,https://elagente.ca/grafico/ConceptualAtoms_de98e491-84f2-4b44-b28f-5a76cf03354d,https://elagente.ca/ontomlff/MLFFElasticityResult_a199b69a-ac9d-432a-a21b-3abb79015f81,[],[],0.2052115617193801,eV/Å^3,0.5269510009213019,/scratch/kenko/akg4pyscf/.graphchat-workspaces/kenko_room/mlff_elasticity_benchmark/workflow_runs/MatterSim/elasticity_MatterSim/structures/As2YbZn2_eab9f483/output.json,mp-10314,cif,https://elagente.ca/grafico/ConceptualAtoms_de98e491-84f2-4b44-b28f-5a76cf03354d,mp-10314
C2BaMgO6,0.6504533146675429,https://elagente.ca/grafico/ConceptualAtoms_deb7d349-6044-4dd3-aa05-3fd945d5e744,https://elagente.ca/ontomlff/MLFFElasticityResult_0f3a8d7d-19c2-4c7d-916e-1a1a6a36bd83,[],[],0.4067621507216587,eV/Å^3,1.0097942376653009,/scratch/kenko/akg4pyscf/.graphchat-workspaces/kenko_room/mlff_elasticity_benchmark/workflow_runs/MatterSim/elasticity_MatterSim/structures/C2BaMgO6_baddabb8/output.json,mp-6504,cif,https://elagente.ca/grafico/ConceptualAtoms_deb7d349-6044-4dd3-aa05-3fd945d5e744,mp-6504
ErTe,0.43688550664925135,https://elagente.ca/grafico/ConceptualAtoms_debd7187-df0e-42c1-b5ba-f84aabfc19e3,https://elagente.ca/ontomlff/MLFFElasticityResult_f19ae95d-0c2e-4753-89ca-c342dd0fe143,[],[],0.12859303027362334,eV/Å^3,0.3513107789862556,/scratch/kenko/akg4pyscf/.graphchat-workspaces/kenko_room/mlff_elasticity_benchmark/workflow_runs/MatterSim/elasticity_MatterSim/structures/ErTe_cfae2e0d/output.json,mp-1280,cif,https://elagente.ca/grafico/ConceptualAtoms_debd7187-df0e-42c1-b5ba-f84aabfc19e3,mp-1280
MoOsTa2,1.6560607147418456,https://elagente.ca/grafico/ConceptualAtoms_dee866c5-79f2-4ab7-8f75-8e81e9162ad8,https://elagente.ca/ontomlff/MLFFElasticityResult_88defd5d-d49c-4e1e-91bd-b4ad47a33ab0,[],[],0.7911472309276075,eV/Å^3,2.047406888954064,/scratch/kenko/akg4pyscf/.graphchat-workspaces/kenko_room/mlff_elasticity_benchmark/workflow_runs/MatterSim/elasticity_MatterSim/structures/MoOsTa2_23127bf6/output.json,mp-864770,cif,https://elagente.ca/grafico/ConceptualAtoms_dee866c5-79f2-4ab7-8f75-8e81e9162ad8,mp-864770
Hf2RhTc,1.192867574589036,https://elagente.ca/grafico/ConceptualAtoms_defaba3c-6b1c-47ae-8754-d4725d9d84d1,https://elagente.ca/ontomlff/MLFFElasticityResult_6d8ddf2e-8779-4e9b-80b9-4c01bb275ccc,[],[],0.5205947351780431,eV/Å^3,1.3634388847662648,/scratch/kenko/akg4pyscf/.graphchat-workspaces/kenko_room/mlff_elasticity_benchmark/workflow_runs/MatterSim/elasticity_MatterSim/structures/Hf2RhTc_949e6d62/output.json,mp-864916,cif,https://elagente.ca/grafico/ConceptualAtoms_defaba3c-6b1c-47ae-8754-d4725d9d84d1,mp-864916
Gd4O12Sc4,1.000928648937332,https://elagente.ca/grafico/ConceptualAtoms_df5344e4-e58a-42c1-8f95-55b157fc9bb1,https://elagente.ca/ontomlff/MLFFElasticityResult_c9c5cbcd-acae-424d-b20d-78ed7bb08657,[],[],0.5907903009631977,eV/Å^3,1.480989986793873,/scratch/kenko/akg4pyscf/.graphchat-workspaces/kenko_room/mlff_elasticity_benchmark/workflow_runs/MatterSim/elasticity_MatterSim/structures/Gd4O12Sc4_6a02afcf/output.json,mp-5690,cif,https://elagente.ca/grafico/ConceptualAtoms_df5344e4-e58a-42c1-8f95-55b157fc9bb1,mp-5690
ErRu2Ta,1.1567496890001614,https://elagente.ca/grafico/ConceptualAtoms_df5830a7-078f-4dc2-87c8-92bddf4e18ad,https://elagente.ca/ontomlff/MLFFElasticityResult_9e77c64c-78b2-47ec-ab66-7761789d2959,[],[],0.5259972788816121,eV/Å^3,1.3702920753356094,/scratch/kenko/akg4pyscf/.graphchat-workspaces/kenko_room/mlff_elasticity_benchmark/workflow_runs/MatterSim/elasticity_MatterSim/structures/ErRu2Ta_84418b2b/output.json,mp-863679,cif,https://elagente.ca/grafico/ConceptualAtoms_df5830a7-078f-4dc2-87c8-92bddf4e18ad,mp-863679
AuHgLu2,0.5216125900654844,https://elagente.ca/grafico/ConceptualAtoms_df5ae1bf-e37d-46de-bae3-a8c6802d258f,https://elagente.ca/ontomlff/MLFFElasticityResult_427210c1-072c-4674-b5dd-fc38c377dbf3,[],[],0.19172854192443126,eV/Å^3,0.5124043344525845,/scratch/kenko/akg4pyscf/.graphchat-workspaces/kenko_room/mlff_elasticity_benchmark/workflow_runs/MatterSim/elasticity_MatterSim/structures/AuHgLu2_2c42339c/output.json,mp-981393,cif,https://elagente.ca/grafico/ConceptualAtoms_df5ae1bf-e37d-46de-bae3-a8c6802d258f,mp-981393
Al2Ni3Pr,0.7075597303713916,https://elagente.ca/grafico/ConceptualAtoms_df6c872f-fffa-45db-9ec5-4898d909ddc3,https://elagente.ca/ontomlff/MLFFElasticityResult_2cd056c9-3e5c-45ef-83c3-d75f746352ee,[],[],0.4072993192887206,eV/Å^3,1.0251855334590823,/scratch/kenko/akg4pyscf/.graphchat-workspaces/kenko_room/mlff_elasticity_benchmark/workflow_runs/MatterSim/elasticity_MatterSim/structures/Al2Ni3Pr_7a6da9b8/output.json,mp-10897,cif,https://elagente.ca/grafico/ConceptualAtoms_df6c872f-fffa-45db-9ec5-4898d909ddc3,mp-10897
I6Zr2,0.1905761069242184,https://elagente.ca/grafico/ConceptualAtoms_dfa7d487-0ac4-45cc-8ca5-e54089df4d84,https://elagente.ca/ontomlff/MLFFElasticityResult_a26b44e9-e106-4fa7-9095-ba8f31592a64,[],[],0.11068465220626378,eV/Å^3,0.2781961342189231,/scratch/kenko/akg4pyscf/.graphchat-workspaces/kenko_room/mlff_elasticity_benchmark/workflow_runs/MatterSim/elasticity_MatterSim/structures/I6Zr2_30a5b2b4/output.json,mp-23282,cif,https://elagente.ca/grafico/ConceptualAtoms_dfa7d487-0ac4-45cc-8ca5-e54089df4d84,mp-23282
LiMgPtSn,0.5438228077956072,https://elagente.ca/grafico/ConceptualAtoms_dfbcacfe-ade5-4adf-b385-74b705f1a4ca,https://elagente.ca/ontomlff/MLFFElasticityResult_baceddb7-1263-4a75-a87e-b2777d78ee4e,[],[],0.21486485225842605,eV/Å^3,0.5695806272561326,/scratch/kenko/akg4pyscf/.graphchat-workspaces/kenko_room/mlff_elasticity_benchmark/workflow_runs/MatterSim/elasticity_MatterSim/structures/LiMgPtSn_c5488a51/output.json,mp-11806,cif,https://elagente.ca/grafico/ConceptualAtoms_dfbcacfe-ade5-4adf-b385-74b705f1a4ca,mp-11806
Co2EuSi2,0.7804275305697564,https://elagente.ca/grafico/ConceptualAtoms_dfc459c7-4153-4a8f-827d-92860ac04dd5,https://elagente.ca/ontomlff/MLFFElasticityResult_20a35647-68c4-475b-bf04-796fa7c94d7e,[],[],0.4797892751279462,eV/Å^3,1.194569650015962,/scratch/kenko/akg4pyscf/.graphchat-workspaces/kenko_room/mlff_elasticity_benchmark/workflow_runs/MatterSim/elasticity_MatterSim/structures/Co2EuSi2_b4e3c1e5/output.json,mp-672294,cif,https://elagente.ca/grafico/ConceptualAtoms_dfc459c7-4153-4a8f-827d-92860ac04dd5,mp-672294
Fe3NPt,1.2223188700764518,https://elagente.ca/grafico/ConceptualAtoms_e0a488bb-ab51-49cf-a746-23f9673bba0a,https://elagente.ca/ontomlff/MLFFElasticityResult_4e545a62-cc5c-4eb9-ac9a-3aa8b26ad316,[],[],0.49584337143491686,eV/Å^3,1.310346019407894,/scratch/kenko/akg4pyscf/.graphchat-workspaces/kenko_room/mlff_elasticity_benchmark/workflow_runs/MatterSim/elasticity_MatterSim/structures/Fe3NPt_46f27308/output.json,mp-579496,cif,https://elagente.ca/grafico/ConceptualAtoms_e0a488bb-ab51-49cf-a746-23f9673bba0a,mp-579496
Ru6Tc2,1.9413854139733364,https://elagente.ca/grafico/ConceptualAtoms_e157874c-3e89-4fb0-9148-b1b7b08a76f3,https://elagente.ca/ontomlff/MLFFElasticityResult_69a8dfea-cced-4979-b3d6-783e4582098c,[],[],0.8809056127584709,eV/Å^3,2.2955188338090147,/scratch/kenko/akg4pyscf/.graphchat-workspaces/kenko_room/mlff_elasticity_benchmark/workflow_runs/MatterSim/elasticity_MatterSim/structures/Ru6Tc2_1f637da9/output.json,mp-867356,cif,https://elagente.ca/grafico/ConceptualAtoms_e157874c-3e89-4fb0-9148-b1b7b08a76f3,mp-867356
AsPr,0.4535303426695288,https://elagente.ca/grafico/ConceptualAtoms_e244ed4e-5e73-480f-8316-c97a49a3b420,https://elagente.ca/ontomlff/MLFFElasticityResult_dd6f4359-db6f-4135-8ec0-f9d0074a2b89,[],[],0.2735866828518059,eV/Å^3,0.6833520924872009,/scratch/kenko/akg4pyscf/.graphchat-workspaces/kenko_room/mlff_elasticity_benchmark/workflow_runs/MatterSim/elasticity_MatterSim/structures/AsPr_12949432/output.json,mp-10622,cif,https://elagente.ca/grafico/ConceptualAtoms_e244ed4e-5e73-480f-8316-c97a49a3b420,mp-10622
Co2Ga4Sm2,0.6314387104565137,https://elagente.ca/grafico/ConceptualAtoms_e2bbce91-2a23-4e5f-9236-004c61c4e014,https://elagente.ca/ontomlff/MLFFElasticityResult_13fc8595-ebee-4765-88fb-a4f4e7c4526b,[],[],0.3041349838416288,eV/Å^3,0.7861823290298717,/scratch/kenko/akg4pyscf/.graphchat-workspaces/kenko_room/mlff_elasticity_benchmark/workflow_runs/MatterSim/elasticity_MatterSim/structures/Co2Ga4Sm2_1c978088/output.json,mp-980004,cif,https://elagente.ca/grafico/ConceptualAtoms_e2bbce91-2a23-4e5f-9236-004c61c4e014,mp-980004
AlCo2Zr,1.0063468535147972,https://elagente.ca/grafico/ConceptualAtoms_e3284f3d-35e2-47f0-a3f0-bd79aa74429b,https://elagente.ca/ontomlff/MLFFElasticityResult_e41d0193-ff7e-4eac-9323-cc0587b20964,[],[],0.5206529015093713,eV/Å^3,1.3322104677758464,/scratch/kenko/akg4pyscf/.graphchat-workspaces/kenko_room/mlff_elasticity_benchmark/workflow_runs/MatterSim/elasticity_MatterSim/structures/AlCo2Zr_6cc5ef8a/output.json,mp-3909,cif,https://elagente.ca/grafico/ConceptualAtoms_e3284f3d-35e2-47f0-a3f0-bd79aa74429b,mp-3909
Au2CdHo,0.5571013609653153,https://elagente.ca/grafico/ConceptualAtoms_e37d150f-61ca-481b-a905-55f154efc3e1,https://elagente.ca/ontomlff/MLFFElasticityResult_546df940-1ed3-443a-bb58-472d4b7e8eae,[],[],0.11538991018494732,eV/Å^3,0.32381307951545935,/scratch/kenko/akg4pyscf/.graphchat-workspaces/kenko_room/mlff_elasticity_benchmark/workflow_runs/MatterSim/elasticity_MatterSim/structures/Au2CdHo_a7cab1cc/output.json,mp-977415,cif,https://elagente.ca/grafico/ConceptualAtoms_e37d150f-61ca-481b-a905-55f154efc3e1,mp-977415
C4K4N4S4,0.2672039670152758,https://elagente.ca/grafico/ConceptualAtoms_e38ef5f6-1029-4620-9e98-7c15ced2b062,https://elagente.ca/ontomlff/MLFFElasticityResult_58361d46-0cfa-4320-86b6-bebaa019c564,[],[],0.1515133180316321,eV/Å^3,0.38228412113149784,/scratch/kenko/akg4pyscf/.graphchat-workspaces/kenko_room/mlff_elasticity_benchmark/workflow_runs/MatterSim/elasticity_MatterSim/structures/C4K4N4S4_d1786058/output.json,mp-6511,cif,https://elagente.ca/grafico/ConceptualAtoms_e38ef5f6-1029-4620-9e98-7c15ced2b062,mp-6511
Sb4V2,0.6539056211649987,https://elagente.ca/grafico/ConceptualAtoms_e3a5e7db-51de-48d8-8e6a-b7dcf3d8152a,https://elagente.ca/ontomlff/MLFFElasticityResult_1939561b-e670-48ed-94fb-31d32ebea935,[],[],0.3469704830244691,eV/Å^3,0.8844738314743041,/scratch/kenko/akg4pyscf/.graphchat-workspaces/kenko_room/mlff_elasticity_benchmark/workflow_runs/MatterSim/elasticity_MatterSim/structures/Sb4V2_5c4d8f85/output.json,mp-2851,cif,https://elagente.ca/grafico/ConceptualAtoms_e3a5e7db-51de-48d8-8e6a-b7dcf3d8152a,mp-2851
I6Sn3,0.1453561344293579,https://elagente.ca/grafico/ConceptualAtoms_e3ac24e6-c933-488b-8976-94279360360c,https://elagente.ca/ontomlff/MLFFElasticityResult_36d4c762-cdb3-46e3-9171-27ac12ddf004,[],[],0.07893435088403483,eV/Å^3,0.20050830452303886,/scratch/kenko/akg4pyscf/.graphchat-workspaces/kenko_room/mlff_elasticity_benchmark/workflow_runs/MatterSim/elasticity_MatterSim/structures/I6Sn3_caabdf75/output.json,mp-27194,cif,https://elagente.ca/grafico/ConceptualAtoms_e3ac24e6-c933-488b-8976-94279360360c,mp-27194
AuPtYb2,0.4060117037636061,https://elagente.ca/grafico/ConceptualAtoms_e3cbfaf7-9bd5-4f9a-94d2-3f1fc52296a1,https://elagente.ca/ontomlff/MLFFElasticityResult_71e8b160-6f97-4384-bfe6-f49c5a2fb939,[],[],0.17719095904529492,eV/Å^3,0.46406417019244034,/scratch/kenko/akg4pyscf/.graphchat-workspaces/kenko_room/mlff_elasticity_benchmark/workflow_runs/MatterSim/elasticity_MatterSim/structures/AuPtYb2_4f025ed4/output.json,mp-977553,cif,https://elagente.ca/grafico/ConceptualAtoms_e3cbfaf7-9bd5-4f9a-94d2-3f1fc52296a1,mp-977553
N5Nb4,1.7591982913373956,https://elagente.ca/grafico/ConceptualAtoms_e3d0749f-85d2-458a-b0b2-72b035e805f8,https://elagente.ca/ontomlff/MLFFElasticityResult_5d90e362-b375-4a93-8324-65708c579af8,[],[],0.7257245054233515,eV/Å^3,1.9139810933034678,/scratch/kenko/akg4pyscf/.graphchat-workspaces/kenko_room/mlff_elasticity_benchmark/workflow_runs/MatterSim/elasticity_MatterSim/structures/N5Nb4_a07c046a/output.json,mp-7927,cif,https://elagente.ca/grafico/ConceptualAtoms_e3d0749f-85d2-458a-b0b2-72b035e805f8,mp-7927
Be24P16,0.5907356506658703,https://elagente.ca/grafico/ConceptualAtoms_e3fd3d63-0118-441f-8688-594b61bcea44,https://elagente.ca/ontomlff/MLFFElasticityResult_074e57a8-e73b-44a7-b8fa-606ee6bd461e,[],[],0.377433698824986,eV/Å^3,0.933491778804774,/scratch/kenko/akg4pyscf/.graphchat-workspaces/kenko_room/mlff_elasticity_benchmark/workflow_runs/MatterSim/elasticity_MatterSim/structures/Be24P16_6db6e1c5/output.json,mp-567841,cif,https://elagente.ca/grafico/ConceptualAtoms_e3fd3d63-0118-441f-8688-594b61bcea44,mp-567841
LuSmZn2,0.35969069459774006,https://elagente.ca/grafico/ConceptualAtoms_e413612d-71af-4cc9-8d32-a96de184c4b1,https://elagente.ca/ontomlff/MLFFElasticityResult_1cbb76d7-8c99-4e3d-b231-e990cf74aab6,[],[],0.20109352598542568,eV/Å^3,0.5085148557301269,/scratch/kenko/akg4pyscf/.graphchat-workspaces/kenko_room/mlff_elasticity_benchmark/workflow_runs/MatterSim/elasticity_MatterSim/structures/LuSmZn2_c843a436/output.json,mp-978549,cif,https://elagente.ca/grafico/ConceptualAtoms_e413612d-71af-4cc9-8d32-a96de184c4b1,mp-978549
Na3Tl,0.07365885230468767,https://elagente.ca/grafico/ConceptualAtoms_e46d91ff-2865-4b37-b986-993b1a4ab4d2,https://elagente.ca/ontomlff/MLFFElasticityResult_d6e9fa88-ecea-47da-8979-e25293817bad,[],[],0.0013674331047996546,eV/Å^3,0.004077069849515159,/scratch/kenko/akg4pyscf/.graphchat-workspaces/kenko_room/mlff_elasticity_benchmark/workflow_runs/MatterSim/elasticity_MatterSim/structures/Na3Tl_f9d0d5f8/output.json,mp-977403,cif,https://elagente.ca/grafico/ConceptualAtoms_e46d91ff-2865-4b37-b986-993b1a4ab4d2,mp-977403
Be12Pt,0.8690854484519892,https://elagente.ca/grafico/ConceptualAtoms_e4d55687-aa8b-435d-a2e8-3ac461022fcf,https://elagente.ca/ontomlff/MLFFElasticityResult_420cbb43-6a84-4563-9809-a9f1572b3b02,[],[],0.6728250337832725,eV/Å^3,1.6044364171593744,/scratch/kenko/akg4pyscf/.graphchat-workspaces/kenko_room/mlff_elasticity_benchmark/workflow_runs/MatterSim/elasticity_MatterSim/structures/Be12Pt_c74b7128/output.json,mp-571622,cif,https://elagente.ca/grafico/ConceptualAtoms_e4d55687-aa8b-435d-a2e8-3ac461022fcf,mp-571622
CdF3Rb,0.335057431754196,https://elagente.ca/grafico/ConceptualAtoms_e4f4a0a2-4724-4075-836c-82e2575f0ddf,https://elagente.ca/ontomlff/MLFFElasticityResult_348b1853-7ac1-414c-9a70-5489b099320a,[],[],0.14560714126044239,eV/Å^3,0.38155078134589254,/scratch/kenko/akg4pyscf/.graphchat-workspaces/kenko_room/mlff_elasticity_benchmark/workflow_runs/MatterSim/elasticity_MatterSim/structures/CdF3Rb_62f230e0/output.json,mp-6951,cif,https://elagente.ca/grafico/ConceptualAtoms_e4f4a0a2-4724-4075-836c-82e2575f0ddf,mp-6951
Hg4Th2,0.44567846307270753,https://elagente.ca/grafico/ConceptualAtoms_e5e77722-d79f-4e7c-96f6-ef1ec0d4f2b2,https://elagente.ca/ontomlff/MLFFElasticityResult_1f6dbf89-664f-4cb2-a6a0-7dc9f66d574a,[],[],0.15909341889512685,eV/Å^3,0.42652784325984267,/scratch/kenko/akg4pyscf/.graphchat-workspaces/kenko_room/mlff_elasticity_benchmark/workflow_runs/MatterSim/elasticity_MatterSim/structures/Hg4Th2_bb5a1b5e/output.json,mp-2215,cif,https://elagente.ca/grafico/ConceptualAtoms_e5e77722-d79f-4e7c-96f6-ef1ec0d4f2b2,mp-2215
CoMn2Si,1.399323508274927,https://elagente.ca/grafico/ConceptualAtoms_e6210632-a4b4-4c94-91e1-5e9df4079717,https://elagente.ca/ontomlff/MLFFElasticityResult_5d69bb62-f4ba-438a-a931-6ca43f44b634,[],[],0.716192739766824,eV/Å^3,1.8354432991459595,/scratch/kenko/akg4pyscf/.graphchat-workspaces/kenko_room/mlff_elasticity_benchmark/workflow_runs/MatterSim/elasticity_MatterSim/structures/CoMn2Si_98265d2c/output.json,mp-13082,cif,https://elagente.ca/grafico/ConceptualAtoms_e6210632-a4b4-4c94-91e1-5e9df4079717,mp-13082
Ca2O4Si,1.0439567032312569,https://elagente.ca/grafico/ConceptualAtoms_e6fc3568-1208-41cc-a723-4ad3f2eb7752,https://elagente.ca/ontomlff/MLFFElasticityResult_a5586723-6b83-4419-8607-ada4b35e1476,[],[],0.7041806667677614,eV/Å^3,1.724744413400465,/scratch/kenko/akg4pyscf/.graphchat-workspaces/kenko_room/mlff_elasticity_benchmark/workflow_runs/MatterSim/elasticity_MatterSim/structures/Ca2O4Si_63787a95/output.json,mp-8682,cif,https://elagente.ca/grafico/ConceptualAtoms_e6fc3568-1208-41cc-a723-4ad3f2eb7752,mp-8682
PdSc2Tc,0.8044178336611241,https://elagente.ca/grafico/ConceptualAtoms_e7088329-cb75-4aac-bd31-28bd9ee4c230,https://elagente.ca/ontomlff/MLFFElasticityResult_896767f6-48fc-4d65-b946-9d6cb563d127,[],[],0.3113793639978725,eV/Å^3,0.8273819382711743,/scratch/kenko/akg4pyscf/.graphchat-workspaces/kenko_room/mlff_elasticity_benchmark/workflow_runs/MatterSim/elasticity_MatterSim/structures/PdSc2Tc_d63f64f7/output.json,mp-862423,cif,https://elagente.ca/grafico/ConceptualAtoms_e7088329-cb75-4aac-bd31-28bd9ee4c230,mp-862423
Al23B50,1.2042920272843851,https://elagente.ca/grafico/ConceptualAtoms_e7583757-fed9-4e81-9e7b-f859b4a58c4e,https://elagente.ca/ontomlff/MLFFElasticityResult_93bb4fcd-1f6f-45d0-b3fc-2a0d240c8237,[],[],0.7570719400507984,eV/Å^3,1.877738882070263,/scratch/kenko/akg4pyscf/.graphchat-workspaces/kenko_room/mlff_elasticity_benchmark/workflow_runs/MatterSim/elasticity_MatterSim/structures/Al23B50_a479edfc/output.json,mp-530274,cif,https://elagente.ca/grafico/ConceptualAtoms_e7583757-fed9-4e81-9e7b-f859b4a58c4e,mp-530274
Cr6Si2,1.6005084591192882,https://elagente.ca/grafico/ConceptualAtoms_e75e5919-ddb0-4588-987c-467e203a6f5c,https://elagente.ca/ontomlff/MLFFElasticityResult_c16b2130-a2e8-4f0a-824f-638c9f9e97ba,[],[],0.9492086169945715,eV/Å^3,2.3776004597232703,/scratch/kenko/akg4pyscf/.graphchat-workspaces/kenko_room/mlff_elasticity_benchmark/workflow_runs/MatterSim/elasticity_MatterSim/structures/Cr6Si2_e7039717/output.json,mp-729,cif,https://elagente.ca/grafico/ConceptualAtoms_e75e5919-ddb0-4588-987c-467e203a6f5c,mp-729
C12Fe2K6N12,0.5147204054014493,https://elagente.ca/grafico/ConceptualAtoms_e77579f2-1218-4a7e-9c60-f9f1b3b8e61e,https://elagente.ca/ontomlff/MLFFElasticityResult_7cad61ab-ac63-432d-928e-83220743611e,[],[],0.24126123111089504,eV/Å^3,0.6259799801700029,/scratch/kenko/akg4pyscf/.graphchat-workspaces/kenko_room/mlff_elasticity_benchmark/workflow_runs/MatterSim/elasticity_MatterSim/structures/C12Fe2K6N12_05dd0a0c/output.json,mp-541627,cif,https://elagente.ca/grafico/ConceptualAtoms_e77579f2-1218-4a7e-9c60-f9f1b3b8e61e,mp-541627
Al2Ca3Si2,0.32197142972448,https://elagente.ca/grafico/ConceptualAtoms_e77d4e9e-4a0c-4429-9860-9aa1968eb567,https://elagente.ca/ontomlff/MLFFElasticityResult_b3cacb36-08d1-47f8-819f-c078ab43f1ea,[],[],0.20309731268551845,eV/Å^3,0.5034370816432759,/scratch/kenko/akg4pyscf/.graphchat-workspaces/kenko_room/mlff_elasticity_benchmark/workflow_runs/MatterSim/elasticity_MatterSim/structures/Al2Ca3Si2_e51598b2/output.json,mp-9577,cif,https://elagente.ca/grafico/ConceptualAtoms_e77d4e9e-4a0c-4429-9860-9aa1968eb567,mp-9577
O8Si4,0.9499274958616404,https://elagente.ca/grafico/ConceptualAtoms_e79833be-0b7e-4094-ade5-c4cbc20700ef,https://elagente.ca/ontomlff/MLFFElasticityResult_6ff14fec-10a1-4bf9-b666-ad0274d7671f,[],[],0.6368282855978661,eV/Å^3,1.5615354399643948,/scratch/kenko/akg4pyscf/.graphchat-workspaces/kenko_room/mlff_elasticity_benchmark/workflow_runs/MatterSim/elasticity_MatterSim/structures/O8Si4_0e94c5d6/output.json,mp-554573,cif,https://elagente.ca/grafico/ConceptualAtoms_e79833be-0b7e-4094-ade5-c4cbc20700ef,mp-554573
CLa3Pb,0.38950748916275346,https://elagente.ca/grafico/ConceptualAtoms_e7adf056-1cd9-42c4-b58e-4e525a6ef60b,https://elagente.ca/ontomlff/MLFFElasticityResult_c0885777-a129-484d-a6f1-6f54a08134b7,[],[],0.2297438941716082,eV/Å^3,0.5759866134283929,/scratch/kenko/akg4pyscf/.graphchat-workspaces/kenko_room/mlff_elasticity_benchmark/workflow_runs/MatterSim/elasticity_MatterSim/structures/CLa3Pb_7becad23/output.json,mp-10611,cif,https://elagente.ca/grafico/ConceptualAtoms_e7adf056-1cd9-42c4-b58e-4e525a6ef60b,mp-10611
BaIn4,0.23198494968810962,https://elagente.ca/grafico/ConceptualAtoms_e7d2507d-4e4c-4e36-b153-0ba85e112e23,https://elagente.ca/ontomlff/MLFFElasticityResult_b89997e7-da0f-4fa8-9410-bd2f9671fadc,[],[],0.09618948473505215,eV/Å^3,0.25352780600957864,/scratch/kenko/akg4pyscf/.graphchat-workspaces/kenko_room/mlff_elasticity_benchmark/workflow_runs/MatterSim/elasticity_MatterSim/structures/BaIn4_6f5b9d9e/output.json,mp-22687,cif,https://elagente.ca/grafico/ConceptualAtoms_e7d2507d-4e4c-4e36-b153-0ba85e112e23,mp-22687
GeSe8V4,0.4844569444243642,https://elagente.ca/grafico/ConceptualAtoms_e86bf3c4-9060-4af4-aae8-9ca5d01a5b76,https://elagente.ca/ontomlff/MLFFElasticityResult_add5b24f-d0a0-4429-acd9-000e7e9b90ac,[],[],0.3217225095895615,eV/Å^3,0.7902380689865561,/scratch/kenko/akg4pyscf/.graphchat-workspaces/kenko_room/mlff_elasticity_benchmark/workflow_runs/MatterSim/elasticity_MatterSim/structures/GeSe8V4_e7f9de8b/output.json,mp-2420227,cif,https://elagente.ca/grafico/ConceptualAtoms_e86bf3c4-9060-4af4-aae8-9ca5d01a5b76,mp-2420227
NNb,1.9758226468956241,https://elagente.ca/grafico/ConceptualAtoms_e885c5a2-b40b-4f03-be78-487658697604,https://elagente.ca/ontomlff/MLFFElasticityResult_8c6f9790-b17a-4ca2-abd1-b51b53167cfc,[],[],1.3558014567560803,eV/Å^3,3.3102453981777917,/scratch/kenko/akg4pyscf/.graphchat-workspaces/kenko_room/mlff_elasticity_benchmark/workflow_runs/MatterSim/elasticity_MatterSim/structures/NNb_a19f5f2d/output.json,mp-2634,cif,https://elagente.ca/grafico/ConceptualAtoms_e885c5a2-b40b-4f03-be78-487658697604,mp-2634
AgPdYb2,0.2999213659941451,https://elagente.ca/grafico/ConceptualAtoms_e8af09f1-f255-40ba-ab41-3cbcb9b133fe,https://elagente.ca/ontomlff/MLFFElasticityResult_28e8b1d7-b3b8-4f36-9886-e85941a11d05,[],[],0.13991467108369354,eV/Å^3,0.3632570027428964,/scratch/kenko/akg4pyscf/.graphchat-workspaces/kenko_room/mlff_elasticity_benchmark/workflow_runs/MatterSim/elasticity_MatterSim/structures/AgPdYb2_a2488de3/output.json,mp-979989,cif,https://elagente.ca/grafico/ConceptualAtoms_e8af09f1-f255-40ba-ab41-3cbcb9b133fe,mp-979989
Si2Sr2,0.29990630798978735,https://elagente.ca/grafico/ConceptualAtoms_e90f065d-29a6-4496-94a5-377161561687,https://elagente.ca/ontomlff/MLFFElasticityResult_48730396-6e76-42d0-852f-06805ad6244d,[],[],0.2049731981045033,eV/Å^3,0.5008226135303555,/scratch/kenko/akg4pyscf/.graphchat-workspaces/kenko_room/mlff_elasticity_benchmark/workflow_runs/MatterSim/elasticity_MatterSim/structures/Si2Sr2_bf313c01/output.json,mp-2661,cif,https://elagente.ca/grafico/ConceptualAtoms_e90f065d-29a6-4496-94a5-377161561687,mp-2661
NdO2Rb,0.5442947724797741,https://elagente.ca/grafico/ConceptualAtoms_e93200c4-ee5b-4635-8f25-4339ff8f845d,https://elagente.ca/ontomlff/MLFFElasticityResult_fd324550-b710-4379-8d70-5683db6f0575,[],[],0.3238934365191534,eV/Å^3,0.8108440193738183,/scratch/kenko/akg4pyscf/.graphchat-workspaces/kenko_room/mlff_elasticity_benchmark/workflow_runs/MatterSim/elasticity_MatterSim/structures/NdO2Rb_906b10fc/output.json,mp-7973,cif,https://elagente.ca/grafico/ConceptualAtoms_e93200c4-ee5b-4635-8f25-4339ff8f845d,mp-7973
AsLiRh2,1.0177667892094233,https://elagente.ca/grafico/ConceptualAtoms_e96bbac5-077a-414c-871e-c984a407fb2f,https://elagente.ca/ontomlff/MLFFElasticityResult_7c65b29a-c7b8-471d-bf66-5e8e40ee5f8c,[],[],0.4433696547362482,eV/Å^3,1.1614542302902053,/scratch/kenko/akg4pyscf/.graphchat-workspaces/kenko_room/mlff_elasticity_benchmark/workflow_runs/MatterSim/elasticity_MatterSim/structures/AsLiRh2_3e66249c/output.json,mp-862335,cif,https://elagente.ca/grafico/ConceptualAtoms_e96bbac5-077a-414c-871e-c984a407fb2f,mp-862335
Er2Ge2,0.5098059273068358,https://elagente.ca/grafico/ConceptualAtoms_e974d79d-f0a8-408a-9b45-5e05599e4b4d,https://elagente.ca/ontomlff/MLFFElasticityResult_b149bc42-50c8-4354-bcd0-92b65e7a6910,[],[],0.24813057877128142,eV/Å^3,0.6404810037292022,/scratch/kenko/akg4pyscf/.graphchat-workspaces/kenko_room/mlff_elasticity_benchmark/workflow_runs/MatterSim/elasticity_MatterSim/structures/Er2Ge2_b0ccc215/output.json,mp-2264,cif,https://elagente.ca/grafico/ConceptualAtoms_e974d79d-f0a8-408a-9b45-5e05599e4b4d,mp-2264
Hg4K2,0.06386459863186125,https://elagente.ca/grafico/ConceptualAtoms_e9a162d8-e687-4337-9506-b53f6f96acd4,https://elagente.ca/ontomlff/MLFFElasticityResult_5197a2c5-38ef-4b21-9cb3-18552e9bfab6,[],[],0.03789155239091263,eV/Å^3,0.09490522696753605,/scratch/kenko/akg4pyscf/.graphchat-workspaces/kenko_room/mlff_elasticity_benchmark/workflow_runs/MatterSim/elasticity_MatterSim/structures/Hg4K2_0eb9fcfb/output.json,mp-30717,cif,https://elagente.ca/grafico/ConceptualAtoms_e9a162d8-e687-4337-9506-b53f6f96acd4,mp-30717
TlYb,0.2014658069805197,https://elagente.ca/grafico/ConceptualAtoms_e9aab64e-a80b-4f14-af05-7fa8db0beaab,https://elagente.ca/ontomlff/MLFFElasticityResult_fbf2e97c-03ac-4a75-9901-dc1eb8785d66,[],[],0.10539649633425455,eV/Å^3,0.26923886924187335,/scratch/kenko/akg4pyscf/.graphchat-workspaces/kenko_room/mlff_elasticity_benchmark/workflow_runs/MatterSim/elasticity_MatterSim/structures/TlYb_5307eba1/output.json,mp-11576,cif,https://elagente.ca/grafico/ConceptualAtoms_e9aab64e-a80b-4f14-af05-7fa8db0beaab,mp-11576
C2Co2Y2,0.8707389154790903,https://elagente.ca/grafico/ConceptualAtoms_ea5a8a4b-d907-4e71-9b54-b8efea0face6,https://elagente.ca/ontomlff/MLFFElasticityResult_47873871-f48e-47ae-8b0a-0597435855a0,[],[],0.45755412201645984,eV/Å^3,1.1680649056405108,/scratch/kenko/akg4pyscf/.graphchat-workspaces/kenko_room/mlff_elasticity_benchmark/workflow_runs/MatterSim/elasticity_MatterSim/structures/C2Co2Y2_f0c95868/output.json,mp-21422,cif,https://elagente.ca/grafico/ConceptualAtoms_ea5a8a4b-d907-4e71-9b54-b8efea0face6,mp-21422
N3Na,0.13807643783906134,https://elagente.ca/grafico/ConceptualAtoms_eb393f25-1298-4a2d-a000-5e3f1c25d5b4,https://elagente.ca/ontomlff/MLFFElasticityResult_d8b59b89-3f79-45af-8184-1d150f760b0a,[],[],0.07363409628650201,eV/Å^3,0.1875611116346453,/scratch/kenko/akg4pyscf/.graphchat-workspaces/kenko_room/mlff_elasticity_benchmark/workflow_runs/MatterSim/elasticity_MatterSim/structures/N3Na_f21e2218/output.json,mp-1064272,cif,https://elagente.ca/grafico/ConceptualAtoms_eb393f25-1298-4a2d-a000-5e3f1c25d5b4,mp-1064272
Os2Si2Th,1.2847782218777701,https://elagente.ca/grafico/ConceptualAtoms_eb7407f4-2ccf-4342-b0e1-4f1180c336bc,https://elagente.ca/ontomlff/MLFFElasticityResult_a1916151-9e31-4ccb-a377-0a239f3e6d6e,[],[],0.6351920837585572,eV/Å^3,1.6359694491839878,/scratch/kenko/akg4pyscf/.graphchat-workspaces/kenko_room/mlff_elasticity_benchmark/workflow_runs/MatterSim/elasticity_MatterSim/structures/Os2Si2Th_370708f4/output.json,mp-3166,cif,https://elagente.ca/grafico/ConceptualAtoms_eb7407f4-2ccf-4342-b0e1-4f1180c336bc,mp-3166
Cu3In3Tb3,0.46167580498835603,https://elagente.ca/grafico/ConceptualAtoms_eb9275be-9ea9-4aba-992d-d8b2a5dd1af7,https://elagente.ca/ontomlff/MLFFElasticityResult_1b6eba48-6b97-4e7f-94d2-954d56651c40,[],[],0.19598687805155374,eV/Å^3,0.5150754176109723,/scratch/kenko/akg4pyscf/.graphchat-workspaces/kenko_room/mlff_elasticity_benchmark/workflow_runs/MatterSim/elasticity_MatterSim/structures/Cu3In3Tb3_d505f156/output.json,mp-19782,cif,https://elagente.ca/grafico/ConceptualAtoms_eb9275be-9ea9-4aba-992d-d8b2a5dd1af7,mp-19782
Cl6Cs2Pt,0.18767121962500033,https://elagente.ca/grafico/ConceptualAtoms_eba4e606-1185-4638-8595-655a0d1ec894,https://elagente.ca/ontomlff/MLFFElasticityResult_35bc3cff-61a1-4bf3-bfae-88101ff52841,[],[],0.11319973560338004,eV/Å^3,0.2827494893453163,/scratch/kenko/akg4pyscf/.graphchat-workspaces/kenko_room/mlff_elasticity_benchmark/workflow_runs/MatterSim/elasticity_MatterSim/structures/Cl6Cs2Pt_be66e901/output.json,mp-23406,cif,https://elagente.ca/grafico/ConceptualAtoms_eba4e606-1185-4638-8595-655a0d1ec894,mp-23406
Cr4Te4,0.3205809528377764,https://elagente.ca/grafico/ConceptualAtoms_ebb74d75-0b8a-4d60-ac6d-b622c71607b8,https://elagente.ca/ontomlff/MLFFElasticityResult_cf5dab0c-372f-4577-9771-fa2374733935,[],[],0.16777523766410657,eV/Å^3,0.42856321790213314,/scratch/kenko/akg4pyscf/.graphchat-workspaces/kenko_room/mlff_elasticity_benchmark/workflow_runs/MatterSim/elasticity_MatterSim/structures/Cr4Te4_f1fff8a7/output.json,mp-794,cif,https://elagente.ca/grafico/ConceptualAtoms_ebb74d75-0b8a-4d60-ac6d-b622c71607b8,mp-794
HfPt3,1.4227491152187135,https://elagente.ca/grafico/ConceptualAtoms_ec39380e-2a15-4e1a-af99-35184ea5e2e5,https://elagente.ca/ontomlff/MLFFElasticityResult_86f5d9bf-9766-4867-a69f-84ec2c1bcb30,[],[],0.7572311509082238,eV/Å^3,1.9293982764756077,/scratch/kenko/akg4pyscf/.graphchat-workspaces/kenko_room/mlff_elasticity_benchmark/workflow_runs/MatterSim/elasticity_MatterSim/structures/HfPt3_bb621e6f/output.json,mp-1018054,cif,https://elagente.ca/grafico/ConceptualAtoms_ec39380e-2a15-4e1a-af99-35184ea5e2e5,mp-1018054
Au2NdSn,0.5193522149087086,https://elagente.ca/grafico/ConceptualAtoms_ecd7b353-de99-446c-b438-a86a412fb79b,https://elagente.ca/ontomlff/MLFFElasticityResult_5f583e55-6904-43c3-9093-bbb0775a18c6,[],[],0.1440762486267207,eV/Å^3,0.39564294432598424,/scratch/kenko/akg4pyscf/.graphchat-workspaces/kenko_room/mlff_elasticity_benchmark/workflow_runs/MatterSim/elasticity_MatterSim/structures/Au2NdSn_1b3af80c/output.json,mp-864668,cif,https://elagente.ca/grafico/ConceptualAtoms_ecd7b353-de99-446c-b438-a86a412fb79b,mp-864668
Mn2P2Sr,0.5232423985139225,https://elagente.ca/grafico/ConceptualAtoms_ece9c742-e5eb-4814-9c86-3681b0099117,https://elagente.ca/ontomlff/MLFFElasticityResult_a533f504-f953-4191-8d26-d54be2232627,[],[],0.35786549368618153,eV/Å^3,0.8742788882595977,/scratch/kenko/akg4pyscf/.graphchat-workspaces/kenko_room/mlff_elasticity_benchmark/workflow_runs/MatterSim/elasticity_MatterSim/structures/Mn2P2Sr_2cbf252f/output.json,mp-5589,cif,https://elagente.ca/grafico/ConceptualAtoms_ece9c742-e5eb-4814-9c86-3681b0099117,mp-5589
O6Ti2U,1.242958340787676,https://elagente.ca/grafico/ConceptualAtoms_ed2630e4-a5d9-4e41-83bf-5557d3bd8d62,https://elagente.ca/ontomlff/MLFFElasticityResult_616d9dcd-5ac0-4592-af2c-772ac02a13dd,[],[],0.5263223231642029,eV/Å^3,1.3836656717851294,/scratch/kenko/akg4pyscf/.graphchat-workspaces/kenko_room/mlff_elasticity_benchmark/workflow_runs/MatterSim/elasticity_MatterSim/structures/O6Ti2U_a4d52ce8/output.json,mp-9771,cif,https://elagente.ca/grafico/ConceptualAtoms_ed2630e4-a5d9-4e41-83bf-5557d3bd8d62,mp-9771
Br2N2U2,0.5724358743968099,https://elagente.ca/grafico/ConceptualAtoms_ed2e8a61-2321-4e3d-95f1-86e1f0c6b6f7,https://elagente.ca/ontomlff/MLFFElasticityResult_62d818d7-e199-4334-a250-bf9555206b84,[],[],0.2938681785325574,eV/Å^3,0.7527865979314684,/scratch/kenko/akg4pyscf/.graphchat-workspaces/kenko_room/mlff_elasticity_benchmark/workflow_runs/MatterSim/elasticity_MatterSim/structures/Br2N2U2_3c302c5e/output.json,mp-27762,cif,https://elagente.ca/grafico/ConceptualAtoms_ed2e8a61-2321-4e3d-95f1-86e1f0c6b6f7,mp-27762
B2Be,0.9766093540702983,https://elagente.ca/grafico/ConceptualAtoms_ed565a7f-11fa-44d5-adde-026fe5f215ab,https://elagente.ca/ontomlff/MLFFElasticityResult_8d09ec86-c271-4956-88c0-f2d0f8875665,[],[],-0.054496563653467944,eV/Å^3,-0.16658833414453042,/scratch/kenko/akg4pyscf/.graphchat-workspaces/kenko_room/mlff_elasticity_benchmark/workflow_runs/MatterSim/elasticity_MatterSim/structures/B2Be_768d8f05/output.json,mp-1009823,cif,https://elagente.ca/grafico/ConceptualAtoms_ed565a7f-11fa-44d5-adde-026fe5f215ab,mp-1009823
Ag2F8K2,0.3111927807264755,https://elagente.ca/grafico/ConceptualAtoms_eda3bbe5-062d-405f-87dc-b54745166a2d,https://elagente.ca/ontomlff/MLFFElasticityResult_805b564d-f609-4ec6-ab17-af4a188937bd,[],[],0.16378567289494678,eV/Å^3,0.4180201506707227,/scratch/kenko/akg4pyscf/.graphchat-workspaces/kenko_room/mlff_elasticity_benchmark/workflow_runs/MatterSim/elasticity_MatterSim/structures/Ag2F8K2_1321d687/output.json,mp-7387,cif,https://elagente.ca/grafico/ConceptualAtoms_eda3bbe5-062d-405f-87dc-b54745166a2d,mp-7387
P4Pt4Sc4,0.9963331954591556,https://elagente.ca/grafico/ConceptualAtoms_edb3f3ba-a28e-430b-beb8-773dbb4928f8,https://elagente.ca/ontomlff/MLFFElasticityResult_6cf7f9de-57e7-49b5-99d8-f2895059da6b,[],[],0.4517539602712599,eV/Å^3,1.1773226841925557,/scratch/kenko/akg4pyscf/.graphchat-workspaces/kenko_room/mlff_elasticity_benchmark/workflow_runs/MatterSim/elasticity_MatterSim/structures/P4Pt4Sc4_7578c779/output.json,mp-12480,cif,https://elagente.ca/grafico/ConceptualAtoms_edb3f3ba-a28e-430b-beb8-773dbb4928f8,mp-12480
Ba2Bi2O7Tl,0.46780144468555396,https://elagente.ca/grafico/ConceptualAtoms_ee030b3f-e8fc-4227-96db-834942f65a91,https://elagente.ca/ontomlff/MLFFElasticityResult_9f062c43-c092-4e8d-bb21-695cac5c572d,[],[],0.24510985908020114,eV/Å^3,0.6259968643010887,/scratch/kenko/akg4pyscf/.graphchat-workspaces/kenko_room/mlff_elasticity_benchmark/workflow_runs/MatterSim/elasticity_MatterSim/structures/Ba2Bi2O7Tl_d159c725/output.json,mp-1046056,cif,https://elagente.ca/grafico/ConceptualAtoms_ee030b3f-e8fc-4227-96db-834942f65a91,mp-1046056
GdSi2,0.5377846881205828,https://elagente.ca/grafico/ConceptualAtoms_ee6c6f70-5121-4421-8408-191bc1dcd3ec,https://elagente.ca/ontomlff/MLFFElasticityResult_2f73075f-adfe-46e8-aa10-8644fee0b7e5,[],[],0.288188114113262,eV/Å^3,0.7335353437885714,/scratch/kenko/akg4pyscf/.graphchat-workspaces/kenko_room/mlff_elasticity_benchmark/workflow_runs/MatterSim/elasticity_MatterSim/structures/GdSi2_4e024ba7/output.json,mp-20125,cif,https://elagente.ca/grafico/ConceptualAtoms_ee6c6f70-5121-4421-8408-191bc1dcd3ec,mp-20125
GaRh2Tm,0.9134793216189356,https://elagente.ca/grafico/ConceptualAtoms_eef12a59-91a1-4fe0-938f-13ecd767eb69,https://elagente.ca/ontomlff/MLFFElasticityResult_52e3b7f2-2fda-4317-af9c-e9f49fe3b851,[],[],0.4085431802024345,eV/Å^3,1.0666185566719468,/scratch/kenko/akg4pyscf/.graphchat-workspaces/kenko_room/mlff_elasticity_benchmark/workflow_runs/MatterSim/elasticity_MatterSim/structures/GaRh2Tm_ca7991ff/output.json,mp-865195,cif,https://elagente.ca/grafico/ConceptualAtoms_eef12a59-91a1-4fe0-938f-13ecd767eb69,mp-865195
Ca2Ge4O10,0.9996912413007558,https://elagente.ca/grafico/ConceptualAtoms_ef251d5d-5f80-44df-a242-27d66b39e682,https://elagente.ca/ontomlff/MLFFElasticityResult_d2f4bd27-3567-434e-bb3a-2bbd2e02e253,[],[],0.6478853698554132,eV/Å^3,1.5983639565575922,/scratch/kenko/akg4pyscf/.graphchat-workspaces/kenko_room/mlff_elasticity_benchmark/workflow_runs/MatterSim/elasticity_MatterSim/structures/Ca2Ge4O10_50a12f03/output.json,mp-3707,cif,https://elagente.ca/grafico/ConceptualAtoms_ef251d5d-5f80-44df-a242-27d66b39e682,mp-3707
Lu3,0.2856613933146318,https://elagente.ca/grafico/ConceptualAtoms_ef329c90-ff61-4d5b-aeb3-eec733c73805,https://elagente.ca/ontomlff/MLFFElasticityResult_6329e42b-dda9-45d3-95a9-f7fd3703233b,[],[],0.1682908080344862,eV/Å^3,0.42200159510349045,/scratch/kenko/akg4pyscf/.graphchat-workspaces/kenko_room/mlff_elasticity_benchmark/workflow_runs/MatterSim/elasticity_MatterSim/structures/Lu3_cce29767/output.json,mp-973571,cif,https://elagente.ca/grafico/ConceptualAtoms_ef329c90-ff61-4d5b-aeb3-eec733c73805,mp-973571
Dy3Y,0.2709574813084461,https://elagente.ca/grafico/ConceptualAtoms_ef4d7416-3da6-4957-ba08-307c99d3579a,https://elagente.ca/ontomlff/MLFFElasticityResult_96c1d994-44c1-42b6-87ce-9e03a66f68af,[],[],0.14019073343456723,eV/Å^3,0.35870817426285456,/scratch/kenko/akg4pyscf/.graphchat-workspaces/kenko_room/mlff_elasticity_benchmark/workflow_runs/MatterSim/elasticity_MatterSim/structures/Dy3Y_cfad0a88/output.json,mp-979419,cif,https://elagente.ca/grafico/ConceptualAtoms_ef4d7416-3da6-4957-ba08-307c99d3579a,mp-979419
Ni2P2Zr4,1.0219025099843058,https://elagente.ca/grafico/ConceptualAtoms_efc3c47e-a2da-4e6a-8c21-362fcda1d676,https://elagente.ca/ontomlff/MLFFElasticityResult_afb49f47-85b3-4e9c-86fb-cc49bb71ad00,[],[],0.5048231597852265,eV/Å^3,1.3003446518716477,/scratch/kenko/akg4pyscf/.graphchat-workspaces/kenko_room/mlff_elasticity_benchmark/workflow_runs/MatterSim/elasticity_MatterSim/structures/Ni2P2Zr4_9fef1611/output.json,mp-29153,cif,https://elagente.ca/grafico/ConceptualAtoms_efc3c47e-a2da-4e6a-8c21-362fcda1d676,mp-29153
HgNd2Sn,0.36276792729759844,https://elagente.ca/grafico/ConceptualAtoms_f0020274-e92a-43ac-9cb3-86cad54bc63d,https://elagente.ca/ontomlff/MLFFElasticityResult_e4ffdf9a-2b2f-49fa-80ad-f11623344cfa,[],[],0.17729462095317708,eV/Å^3,0.4573735382220018,/scratch/kenko/akg4pyscf/.graphchat-workspaces/kenko_room/mlff_elasticity_benchmark/workflow_runs/MatterSim/elasticity_MatterSim/structures/HgNd2Sn_21767304/output.json,mp-864633,cif,https://elagente.ca/grafico/ConceptualAtoms_f0020274-e92a-43ac-9cb3-86cad54bc63d,mp-864633
Hf4O12Sr4,1.0519568415520961,https://elagente.ca/grafico/ConceptualAtoms_f04beb1a-eac5-49ae-9341-984eade37e0a,https://elagente.ca/ontomlff/MLFFElasticityResult_07b31425-73d5-4dd0-8d4a-45555451fa63,[],[],0.6281860981625264,eV/Å^3,1.5717053327652188,/scratch/kenko/akg4pyscf/.graphchat-workspaces/kenko_room/mlff_elasticity_benchmark/workflow_runs/MatterSim/elasticity_MatterSim/structures/Hf4O12Sr4_6d7c5588/output.json,mp-3378,cif,https://elagente.ca/grafico/ConceptualAtoms_f04beb1a-eac5-49ae-9341-984eade37e0a,mp-3378
FeRh,1.1909185674606841,https://elagente.ca/grafico/ConceptualAtoms_f075f42e-2400-4d63-8afd-d4ba9daaf26a,https://elagente.ca/ontomlff/MLFFElasticityResult_8eafc523-05d3-41a2-b00e-dd57f0a5184e,[],[],0.45231926070453665,eV/Å^3,1.204469158562056,/scratch/kenko/akg4pyscf/.graphchat-workspaces/kenko_room/mlff_elasticity_benchmark/workflow_runs/MatterSim/elasticity_MatterSim/structures/FeRh_6461dce7/output.json,mp-1918,cif,https://elagente.ca/grafico/ConceptualAtoms_f075f42e-2400-4d63-8afd-d4ba9daaf26a,mp-1918
Fe8Ge16,0.8092219594724218,https://elagente.ca/grafico/ConceptualAtoms_f0786e54-1906-4405-a8d6-0fbd70134b8c,https://elagente.ca/ontomlff/MLFFElasticityResult_1136900b-e96d-4880-8e25-b9ec5a66b240,[],[],0.49231250128392884,eV/Å^3,1.2279237434020527,/scratch/kenko/akg4pyscf/.graphchat-workspaces/kenko_room/mlff_elasticity_benchmark/workflow_runs/MatterSim/elasticity_MatterSim/structures/Fe8Ge16_3491b153/output.json,mp-640708,cif,https://elagente.ca/grafico/ConceptualAtoms_f0786e54-1906-4405-a8d6-0fbd70134b8c,mp-640708
Pt4Se6Tl2,0.4720860353265477,https://elagente.ca/grafico/ConceptualAtoms_f085871c-d315-4593-bb07-b854ba2a52ad,https://elagente.ca/ontomlff/MLFFElasticityResult_0b33053d-ff49-481a-9ffb-7458cc096bad,[],[],0.2017939215840775,eV/Å^3,0.5298821156162398,/scratch/kenko/akg4pyscf/.graphchat-workspaces/kenko_room/mlff_elasticity_benchmark/workflow_runs/MatterSim/elasticity_MatterSim/structures/Pt4Se6Tl2_88310393/output.json,mp-541487,cif,https://elagente.ca/grafico/ConceptualAtoms_f085871c-d315-4593-bb07-b854ba2a52ad,mp-541487
P4Sn2Zn2,0.4053281409023757,https://elagente.ca/grafico/ConceptualAtoms_f11f3fde-934e-4824-9bd2-8ae7af0189c2,https://elagente.ca/ontomlff/MLFFElasticityResult_f2704756-dc03-45d6-9694-8815ac286295,[],[],0.20991238675375185,eV/Å^3,0.5370308511785177,/scratch/kenko/akg4pyscf/.graphchat-workspaces/kenko_room/mlff_elasticity_benchmark/workflow_runs/MatterSim/elasticity_MatterSim/structures/P4Sn2Zn2_94f83408/output.json,mp-4175,cif,https://elagente.ca/grafico/ConceptualAtoms_f11f3fde-934e-4824-9bd2-8ae7af0189c2,mp-4175
N4W3,2.192434764786471,https://elagente.ca/grafico/ConceptualAtoms_f144aec3-e03f-486e-b7f0-a45c34b0913a,https://elagente.ca/ontomlff/MLFFElasticityResult_0c873fc5-80d5-4ad3-8e95-5272332618ca,[],[],0.471471047254023,eV/Å^3,1.3198073680102023,/scratch/kenko/akg4pyscf/.graphchat-workspaces/kenko_room/mlff_elasticity_benchmark/workflow_runs/MatterSim/elasticity_MatterSim/structures/N4W3_7503f7d3/output.json,mp-8102,cif,https://elagente.ca/grafico/ConceptualAtoms_f144aec3-e03f-486e-b7f0-a45c34b0913a,mp-8102
Ga2RuSc,0.7731655749816851,https://elagente.ca/grafico/ConceptualAtoms_f167abce-fd06-4945-b6e1-33a72c6f5226,https://elagente.ca/ontomlff/MLFFElasticityResult_b91c9668-85a7-4b3e-942b-87303a5f691f,[],[],0.2571266447213309,eV/Å^3,0.6944023143022938,/scratch/kenko/akg4pyscf/.graphchat-workspaces/kenko_room/mlff_elasticity_benchmark/workflow_runs/MatterSim/elasticity_MatterSim/structures/Ga2RuSc_b76da0b8/output.json,mp-973067,cif,https://elagente.ca/grafico/ConceptualAtoms_f167abce-fd06-4945-b6e1-33a72c6f5226,mp-973067
Gd6O9,0.9022871682732674,https://elagente.ca/grafico/ConceptualAtoms_f1a5002b-ff08-44e3-8ed2-69aef2b264e5,https://elagente.ca/ontomlff/MLFFElasticityResult_3a453808-6c7a-4fe5-8582-8f9559eceeb5,[],[],0.4797832031098227,eV/Å^3,1.2226402396778906,/scratch/kenko/akg4pyscf/.graphchat-workspaces/kenko_room/mlff_elasticity_benchmark/workflow_runs/MatterSim/elasticity_MatterSim/structures/Gd6O9_b32060ac/output.json,mp-643084,cif,https://elagente.ca/grafico/ConceptualAtoms_f1a5002b-ff08-44e3-8ed2-69aef2b264e5,mp-643084
Co2Ge2Nd,0.7894986791613365,https://elagente.ca/grafico/ConceptualAtoms_f22bf365-612f-48b6-bdd9-51730e62fc04,https://elagente.ca/ontomlff/MLFFElasticityResult_e3a27598-32a2-45e3-8e3c-05567b45462e,[],[],0.4190003554652443,eV/Å^3,1.0680559273196044,/scratch/kenko/akg4pyscf/.graphchat-workspaces/kenko_room/mlff_elasticity_benchmark/workflow_runs/MatterSim/elasticity_MatterSim/structures/Co2Ge2Nd_f7293568/output.json,mp-4999,cif,https://elagente.ca/grafico/ConceptualAtoms_f22bf365-612f-48b6-bdd9-51730e62fc04,mp-4999
O24Tb16,0.895012760888578,https://elagente.ca/grafico/ConceptualAtoms_f2a57336-89dc-4a89-9ee5-aa8d1a5bd278,https://elagente.ca/ontomlff/MLFFElasticityResult_cedfc19d-f9d6-4d4e-b9c1-eb16224e9028,[],[],0.4991675630603043,eV/Å^3,1.2627487805923656,/scratch/kenko/akg4pyscf/.graphchat-workspaces/kenko_room/mlff_elasticity_benchmark/workflow_runs/MatterSim/elasticity_MatterSim/structures/O24Tb16_e821d99b/output.json,mp-1056,cif,https://elagente.ca/grafico/ConceptualAtoms_f2a57336-89dc-4a89-9ee5-aa8d1a5bd278,mp-1056
InMgYb2,0.19232909840121956,https://elagente.ca/grafico/ConceptualAtoms_f35e6148-4672-40d2-8c80-8a04d07f331d,https://elagente.ca/ontomlff/MLFFElasticityResult_a11ab207-193e-4497-b325-4ed4beccf7e4,[],[],0.1024613919388973,eV/Å^3,0.2610304023674822,/scratch/kenko/akg4pyscf/.graphchat-workspaces/kenko_room/mlff_elasticity_benchmark/workflow_runs/MatterSim/elasticity_MatterSim/structures/InMgYb2_20845eb7/output.json,mp-864756,cif,https://elagente.ca/grafico/ConceptualAtoms_f35e6148-4672-40d2-8c80-8a04d07f331d,mp-864756
CaP2Zn2,0.4410550083836333,https://elagente.ca/grafico/ConceptualAtoms_f3c41ecb-a6bb-4202-a667-a35fe853cc02,https://elagente.ca/ontomlff/MLFFElasticityResult_31f16433-c1a4-4484-870f-b947d6126a9b,[],[],0.24161165438000237,eV/Å^3,0.6129157500742639,/scratch/kenko/akg4pyscf/.graphchat-workspaces/kenko_room/mlff_elasticity_benchmark/workflow_runs/MatterSim/elasticity_MatterSim/structures/CaP2Zn2_a8990a1e/output.json,mp-9569,cif,https://elagente.ca/grafico/ConceptualAtoms_f3c41ecb-a6bb-4202-a667-a35fe853cc02,mp-9569
Ni3Pb2Se2,0.5391186555683195,https://elagente.ca/grafico/ConceptualAtoms_f4324c9b-5467-49e7-8ab8-5d7f292159a1,https://elagente.ca/ontomlff/MLFFElasticityResult_bc87aafd-582f-498f-bcda-6c908e0df5dd,[],[],0.19387201595055775,eV/Å^3,0.5193604528708143,/scratch/kenko/akg4pyscf/.graphchat-workspaces/kenko_room/mlff_elasticity_benchmark/workflow_runs/MatterSim/elasticity_MatterSim/structures/Ni3Pb2Se2_4e5cfacf/output.json,mp-19747,cif,https://elagente.ca/grafico/ConceptualAtoms_f4324c9b-5467-49e7-8ab8-5d7f292159a1,mp-19747
Sn2Sr2Zn2,0.21107455691918042,https://elagente.ca/grafico/ConceptualAtoms_f49d8e36-1782-4a50-af27-d0da039ff7e1,https://elagente.ca/ontomlff/MLFFElasticityResult_fb07e604-81ef-40d8-8f73-8f4146744d1f,[],[],0.12576178927574286,eV/Å^3,0.31477022699247753,/scratch/kenko/akg4pyscf/.graphchat-workspaces/kenko_room/mlff_elasticity_benchmark/workflow_runs/MatterSim/elasticity_MatterSim/structures/Sn2Sr2Zn2_543a9fe9/output.json,mp-1019279,cif,https://elagente.ca/grafico/ConceptualAtoms_f49d8e36-1782-4a50-af27-d0da039ff7e1,mp-1019279
B18Li7O,0.9470591080780211,https://elagente.ca/grafico/ConceptualAtoms_f4c7331c-4e0b-4341-82f9-081f6d7c0dcd,https://elagente.ca/ontomlff/MLFFElasticityResult_1bee49bf-f181-4c01-b480-9456311831d2,[],[],0.783662284801117,eV/Å^3,1.842721681713543,/scratch/kenko/akg4pyscf/.graphchat-workspaces/kenko_room/mlff_elasticity_benchmark/workflow_runs/MatterSim/elasticity_MatterSim/structures/B18Li7O_c948fb44/output.json,mp-2468835,cif,https://elagente.ca/grafico/ConceptualAtoms_f4c7331c-4e0b-4341-82f9-081f6d7c0dcd,mp-2468835
Ba2Be4N4,0.6071165715747956,https://elagente.ca/grafico/ConceptualAtoms_f54f3508-4853-40dd-8885-1b6d02243426,https://elagente.ca/ontomlff/MLFFElasticityResult_cf6b40a0-d39c-4401-b54e-014edc74d299,[],[],0.45084561780607657,eV/Å^3,1.0841685029711172,/scratch/kenko/akg4pyscf/.graphchat-workspaces/kenko_room/mlff_elasticity_benchmark/workflow_runs/MatterSim/elasticity_MatterSim/structures/Ba2Be4N4_2ea14131/output.json,mp-12927,cif,https://elagente.ca/grafico/ConceptualAtoms_f54f3508-4853-40dd-8885-1b6d02243426,mp-12927
RhYb,0.5200918484472075,https://elagente.ca/grafico/ConceptualAtoms_f5b63d8e-baf3-4617-89a5-f63e5e54508f,https://elagente.ca/ontomlff/MLFFElasticityResult_6fe016a7-bccb-4009-9cbc-5a8cd950ac12,[],[],0.17770379816316562,eV/Å^3,0.47860216226018737,/scratch/kenko/akg4pyscf/.graphchat-workspaces/kenko_room/mlff_elasticity_benchmark/workflow_runs/MatterSim/elasticity_MatterSim/structures/RhYb_23acde97/output.json,mp-567089,cif,https://elagente.ca/grafico/ConceptualAtoms_f5b63d8e-baf3-4617-89a5-f63e5e54508f,mp-567089
NNa3,0.20494881691715688,https://elagente.ca/grafico/ConceptualAtoms_f67aadbe-9514-4ef1-b131-9bbb93aa2548,https://elagente.ca/ontomlff/MLFFElasticityResult_8b85984f-e3a5-4995-92e6-8a2950ce152a,[],[],0.11445615350805534,eV/Å^3,0.28948049550382826,/scratch/kenko/akg4pyscf/.graphchat-workspaces/kenko_room/mlff_elasticity_benchmark/workflow_runs/MatterSim/elasticity_MatterSim/structures/NNa3_117fdf8c/output.json,mp-999495,cif,https://elagente.ca/grafico/ConceptualAtoms_f67aadbe-9514-4ef1-b131-9bbb93aa2548,mp-999495
In2Se4Zn,0.312807118557207,https://elagente.ca/grafico/ConceptualAtoms_f683933c-6612-42da-ac04-bd330dde8575,https://elagente.ca/ontomlff/MLFFElasticityResult_72393f06-0112-495e-a207-4b190a0fcca9,[],[],0.14665388428629697,eV/Å^3,0.380498416621671,/scratch/kenko/akg4pyscf/.graphchat-workspaces/kenko_room/mlff_elasticity_benchmark/workflow_runs/MatterSim/elasticity_MatterSim/structures/In2Se4Zn_e1ef1c2b/output.json,mp-34169,cif,https://elagente.ca/grafico/ConceptualAtoms_f683933c-6612-42da-ac04-bd330dde8575,mp-34169
Ag2Al7Ca3,0.39249409831142035,https://elagente.ca/grafico/ConceptualAtoms_f6d4aa41-3f95-499b-a415-bf8eee955734,https://elagente.ca/ontomlff/MLFFElasticityResult_a6ac9302-8813-4f78-bae7-edde91cb4b2b,[],[],0.2204555954025768,eV/Å^3,0.5570688702267976,/scratch/kenko/akg4pyscf/.graphchat-workspaces/kenko_room/mlff_elasticity_benchmark/workflow_runs/MatterSim/elasticity_MatterSim/structures/Ag2Al7Ca3_cdf385a7/output.json,mp-11430,cif,https://elagente.ca/grafico/ConceptualAtoms_f6d4aa41-3f95-499b-a415-bf8eee955734,mp-11430
MnPbRh2,0.9525043254182033,https://elagente.ca/grafico/ConceptualAtoms_f6f42973-2013-48b5-bab3-dd4201903079,https://elagente.ca/ontomlff/MLFFElasticityResult_78899a3d-bf61-4887-9838-cca7b861821e,[],[],0.3070297755131248,eV/Å^3,0.8317235409145968,/scratch/kenko/akg4pyscf/.graphchat-workspaces/kenko_room/mlff_elasticity_benchmark/workflow_runs/MatterSim/elasticity_MatterSim/structures/MnPbRh2_ab544192/output.json,mp-4652,cif,https://elagente.ca/grafico/ConceptualAtoms_f6f42973-2013-48b5-bab3-dd4201903079,mp-4652
Mn2N6Sr6,0.5174258165522088,https://elagente.ca/grafico/ConceptualAtoms_f730e442-c866-41e3-b675-5bb9a661150a,https://elagente.ca/ontomlff/MLFFElasticityResult_15036937-26a9-4ff0-8b66-9e657ccf584a,[],[],0.29787404627188674,eV/Å^3,0.749749140894714,/scratch/kenko/akg4pyscf/.graphchat-workspaces/kenko_room/mlff_elasticity_benchmark/workflow_runs/MatterSim/elasticity_MatterSim/structures/Mn2N6Sr6_a585ce4c/output.json,mp-9325,cif,https://elagente.ca/grafico/ConceptualAtoms_f730e442-c866-41e3-b675-5bb9a661150a,mp-9325
Rh2Se2,0.8552476453760968,https://elagente.ca/grafico/ConceptualAtoms_f760d45c-0827-4168-8b4d-9937d9add9cf,https://elagente.ca/ontomlff/MLFFElasticityResult_98d217ae-a9aa-4fd8-9ccb-80c8514ac426,[],[],0.22308585694535527,eV/Å^3,0.6157218718795943,/scratch/kenko/akg4pyscf/.graphchat-workspaces/kenko_room/mlff_elasticity_benchmark/workflow_runs/MatterSim/elasticity_MatterSim/structures/Rh2Se2_8a3275a8/output.json,mp-900,cif,https://elagente.ca/grafico/ConceptualAtoms_f760d45c-0827-4168-8b4d-9937d9add9cf,mp-900
B2V2,1.7119101776435992,https://elagente.ca/grafico/ConceptualAtoms_f7c7912e-0152-4d93-8333-71c33c4c4558,https://elagente.ca/ontomlff/MLFFElasticityResult_5251ae62-5e6d-44a9-8e72-fa80e2bdfb8d,[],[],1.3954828534310741,eV/Å^3,3.2919567044828466,/scratch/kenko/akg4pyscf/.graphchat-workspaces/kenko_room/mlff_elasticity_benchmark/workflow_runs/MatterSim/elasticity_MatterSim/structures/B2V2_e8cf228c/output.json,mp-9973,cif,https://elagente.ca/grafico/ConceptualAtoms_f7c7912e-0152-4d93-8333-71c33c4c4558,mp-9973
Cs4I12Pb4,0.11530151280662437,https://elagente.ca/grafico/ConceptualAtoms_f8f876bd-b640-4f87-80cb-52cfe07edf8e,https://elagente.ca/ontomlff/MLFFElasticityResult_a05bedcb-8a9b-404c-b14e-ee3a8a8ba248,[],[],0.05603498364348608,eV/Å^3,0.14466919092502045,/scratch/kenko/akg4pyscf/.graphchat-workspaces/kenko_room/mlff_elasticity_benchmark/workflow_runs/MatterSim/elasticity_MatterSim/structures/Cs4I12Pb4_c53c84d1/output.json,mp-540839,cif,https://elagente.ca/grafico/ConceptualAtoms_f8f876bd-b640-4f87-80cb-52cfe07edf8e,mp-540839
O7Si2Yb2,0.8512188638292371,https://elagente.ca/grafico/ConceptualAtoms_f8fb0402-de2c-4ad2-82cd-4bfa4cdbc15c,https://elagente.ca/ontomlff/MLFFElasticityResult_ea1d48f2-341b-4ec6-988a-7f0f57c8ae7c,[],[],0.42466827408097785,eV/Å^3,1.0923492092883527,/scratch/kenko/akg4pyscf/.graphchat-workspaces/kenko_room/mlff_elasticity_benchmark/workflow_runs/MatterSim/elasticity_MatterSim/structures/O7Si2Yb2_6ec8a086/output.json,mp-4300,cif,https://elagente.ca/grafico/ConceptualAtoms_f8fb0402-de2c-4ad2-82cd-4bfa4cdbc15c,mp-4300
O8Si4,1.0764478953692782,https://elagente.ca/grafico/ConceptualAtoms_f9580339-0fbf-4e36-9d07-3c8c09841545,https://elagente.ca/ontomlff/MLFFElasticityResult_3db83f18-d4cc-437b-8bf6-232527c8f61d,[],[],0.628170041924244,eV/Å^3,1.5776303871185715,/scratch/kenko/akg4pyscf/.graphchat-workspaces/kenko_room/mlff_elasticity_benchmark/workflow_runs/MatterSim/elasticity_MatterSim/structures/O8Si4_ddcc0eef/output.json,mp-555483,cif,https://elagente.ca/grafico/ConceptualAtoms_f9580339-0fbf-4e36-9d07-3c8c09841545,mp-555483
Be2,0.7721508041606496,https://elagente.ca/grafico/ConceptualAtoms_f9b3a0e1-0bef-4b16-8980-0b8ac8f3b230,https://elagente.ca/ontomlff/MLFFElasticityResult_7e63d393-90a4-4b41-8090-c80722fdaa44,[],[],0.8320043958176362,eV/Å^3,1.836422133668948,/scratch/kenko/akg4pyscf/.graphchat-workspaces/kenko_room/mlff_elasticity_benchmark/workflow_runs/MatterSim/elasticity_MatterSim/structures/Be2_76b0ea79/output.json,mp-87,cif,https://elagente.ca/grafico/ConceptualAtoms_f9b3a0e1-0bef-4b16-8980-0b8ac8f3b230,mp-87
Zr6,0.579262779764578,https://elagente.ca/grafico/ConceptualAtoms_f9bc8db2-946f-4a47-a934-21b2a4176a13,https://elagente.ca/ontomlff/MLFFElasticityResult_f7e4fe2e-a43d-4744-a714-11eca43be3f2,[],[],0.12076666077756493,eV/Å^3,0.3387581667477851,/scratch/kenko/akg4pyscf/.graphchat-workspaces/kenko_room/mlff_elasticity_benchmark/workflow_runs/MatterSim/elasticity_MatterSim/structures/Zr6_4676864f/output.json,mp-1077723,cif,https://elagente.ca/grafico/ConceptualAtoms_f9bc8db2-946f-4a47-a934-21b2a4176a13,mp-1077723
As4Hf4,0.79577381911654,https://elagente.ca/grafico/ConceptualAtoms_fa2df005-209a-4d45-8d7f-6dfefcba0d1c,https://elagente.ca/ontomlff/MLFFElasticityResult_6c9476a3-55cb-4f30-8714-4874a0589281,[],[],0.46601644996640834,eV/Å^3,1.1697153719124664,/scratch/kenko/akg4pyscf/.graphchat-workspaces/kenko_room/mlff_elasticity_benchmark/workflow_runs/MatterSim/elasticity_MatterSim/structures/As4Hf4_9f293dfc/output.json,mp-9954,cif,https://elagente.ca/grafico/ConceptualAtoms_fa2df005-209a-4d45-8d7f-6dfefcba0d1c,mp-9954
CAlLa3,0.39707114958899514,https://elagente.ca/grafico/ConceptualAtoms_fa470fdc-6f75-47ed-b941-edfc64f70a59,https://elagente.ca/ontomlff/MLFFElasticityResult_30a58996-f38e-45d4-ae25-504bfc617bfc,[],[],0.2117320046919973,eV/Å^3,0.53933246848975,/scratch/kenko/akg4pyscf/.graphchat-workspaces/kenko_room/mlff_elasticity_benchmark/workflow_runs/MatterSim/elasticity_MatterSim/structures/CAlLa3_52d684f0/output.json,mp-10600,cif,https://elagente.ca/grafico/ConceptualAtoms_fa470fdc-6f75-47ed-b941-edfc64f70a59,mp-10600
Bi3Sc,0.3461935457213693,https://elagente.ca/grafico/ConceptualAtoms_fa853892-2e46-4280-9399-a52e2d61c46a,https://elagente.ca/ontomlff/MLFFElasticityResult_bcf9055b-49c9-45e7-8074-9fa3b7b74076,[],[],0.06445674935530094,eV/Å^3,0.18207052444394475,/scratch/kenko/akg4pyscf/.graphchat-workspaces/kenko_room/mlff_elasticity_benchmark/workflow_runs/MatterSim/elasticity_MatterSim/structures/Bi3Sc_8e25c504/output.json,mp-973175,cif,https://elagente.ca/grafico/ConceptualAtoms_fa853892-2e46-4280-9399-a52e2d61c46a,mp-973175
Al4Sr2,0.2973550809082619,https://elagente.ca/grafico/ConceptualAtoms_fa92bee7-dcaf-4cdc-b7ef-0423262372cd,https://elagente.ca/ontomlff/MLFFElasticityResult_24725d3b-5c9c-4a17-bd5c-f296fd545bb9,[],[],0.20316488710500027,eV/Å^3,0.4964335696918119,/scratch/kenko/akg4pyscf/.graphchat-workspaces/kenko_room/mlff_elasticity_benchmark/workflow_runs/MatterSim/elasticity_MatterSim/structures/Al4Sr2_3458e062/output.json,mp-1638,cif,https://elagente.ca/grafico/ConceptualAtoms_fa92bee7-dcaf-4cdc-b7ef-0423262372cd,mp-1638
Co4Ge4,1.0142644113108878,https://elagente.ca/grafico/ConceptualAtoms_fab19142-0e75-4e63-9ad5-9b0ee733f7eb,https://elagente.ca/ontomlff/MLFFElasticityResult_b925cd5c-6eef-4a96-9dec-7f99e6f6fcaa,[],[],0.5045880831700791,eV/Å^3,1.2984427679009227,/scratch/kenko/akg4pyscf/.graphchat-workspaces/kenko_room/mlff_elasticity_benchmark/workflow_runs/MatterSim/elasticity_MatterSim/structures/Co4Ge4_f4c1d17c/output.json,mp-21237,cif,https://elagente.ca/grafico/ConceptualAtoms_fab19142-0e75-4e63-9ad5-9b0ee733f7eb,mp-21237
AlO4Ta,1.5516464492859725,https://elagente.ca/grafico/ConceptualAtoms_fae42102-d72e-4e1b-9f5e-5051a25fd43d,https://elagente.ca/ontomlff/MLFFElasticityResult_50dc001a-c374-477a-8849-cbb82d4d2a70,[],[],0.8682046854902878,eV/Å^3,2.1951845514519595,/scratch/kenko/akg4pyscf/.graphchat-workspaces/kenko_room/mlff_elasticity_benchmark/workflow_runs/MatterSim/elasticity_MatterSim/structures/AlO4Ta_1972aecf/output.json,mp-675172,cif,https://elagente.ca/grafico/ConceptualAtoms_fae42102-d72e-4e1b-9f5e-5051a25fd43d,mp-675172
B4Co4Mo4,1.9161577607236102,https://elagente.ca/grafico/ConceptualAtoms_fb15514e-a272-4769-9f62-b9825c9cf8ef,https://elagente.ca/ontomlff/MLFFElasticityResult_a9ac9100-8cc3-4a47-b363-4e1c973563ef,[],[],0.939037084108474,eV/Å^3,2.4215422302074603,/scratch/kenko/akg4pyscf/.graphchat-workspaces/kenko_room/mlff_elasticity_benchmark/workflow_runs/MatterSim/elasticity_MatterSim/structures/B4Co4Mo4_e7669ee9/output.json,mp-21347,cif,https://elagente.ca/grafico/ConceptualAtoms_fb15514e-a272-4769-9f62-b9825c9cf8ef,mp-21347
Au2Bi2Ca2,0.35188335924974806,https://elagente.ca/grafico/ConceptualAtoms_fb57d5aa-41aa-4037-b9b6-46ba3af21fe9,https://elagente.ca/ontomlff/MLFFElasticityResult_4f1dba4f-3853-46e8-abc2-8e43790dd86c,[],[],0.15448329045141218,eV/Å^3,0.40428675514949886,/scratch/kenko/akg4pyscf/.graphchat-workspaces/kenko_room/mlff_elasticity_benchmark/workflow_runs/MatterSim/elasticity_MatterSim/structures/Au2Bi2Ca2_aae5adbb/output.json,mp-1018657,cif,https://elagente.ca/grafico/ConceptualAtoms_fb57d5aa-41aa-4037-b9b6-46ba3af21fe9,mp-1018657
Ge2Ni2Pt4,1.2727882861779776,https://elagente.ca/grafico/ConceptualAtoms_fb9e96c7-f9cb-45c1-a889-7ab4119546c9,https://elagente.ca/ontomlff/MLFFElasticityResult_27b33c01-8a8f-4b48-8b16-5d1864f9dde2,[],[],0.400294874350236,eV/Å^3,1.0869365945936775,/scratch/kenko/akg4pyscf/.graphchat-workspaces/kenko_room/mlff_elasticity_benchmark/workflow_runs/MatterSim/elasticity_MatterSim/structures/Ge2Ni2Pt4_a3ce27f1/output.json,mp-29752,cif,https://elagente.ca/grafico/ConceptualAtoms_fb9e96c7-f9cb-45c1-a889-7ab4119546c9,mp-29752
B8O14Sr2,1.414790093199041,https://elagente.ca/grafico/ConceptualAtoms_fc3ff514-9276-4c38-ba0d-be523e09d9ae,https://elagente.ca/ontomlff/MLFFElasticityResult_2977bf94-b95b-4d0b-9490-106eb379a3bd,[],[],0.9859539546183789,eV/Å^3,2.4002835051742277,/scratch/kenko/akg4pyscf/.graphchat-workspaces/kenko_room/mlff_elasticity_benchmark/workflow_runs/MatterSim/elasticity_MatterSim/structures/B8O14Sr2_e916dbb1/output.json,mp-5540,cif,https://elagente.ca/grafico/ConceptualAtoms_fc3ff514-9276-4c38-ba0d-be523e09d9ae,mp-5540
CeNi5,0.9393594088304202,https://elagente.ca/grafico/ConceptualAtoms_fc4e06c6-71c1-4864-aa9d-ffd6e0a38c9a,https://elagente.ca/ontomlff/MLFFElasticityResult_d20ed63e-27e6-4f1c-9467-8723339a1344,[],[],0.3931210541116851,eV/Å^3,1.0349833063858491,/scratch/kenko/akg4pyscf/.graphchat-workspaces/kenko_room/mlff_elasticity_benchmark/workflow_runs/MatterSim/elasticity_MatterSim/structures/CeNi5_3784d1f5/output.json,mp-1910,cif,https://elagente.ca/grafico/ConceptualAtoms_fc4e06c6-71c1-4864-aa9d-ffd6e0a38c9a,mp-1910
Co4N2,1.6799519743377143,https://elagente.ca/grafico/ConceptualAtoms_fc7fe0ba-3213-468d-a8d2-25a5fc12258f,https://elagente.ca/ontomlff/MLFFElasticityResult_a40228c3-78fc-4935-b263-5621309ff2e8,[],[],0.6381105716354776,eV/Å^3,1.699192138783509,/scratch/kenko/akg4pyscf/.graphchat-workspaces/kenko_room/mlff_elasticity_benchmark/workflow_runs/MatterSim/elasticity_MatterSim/structures/Co4N2_d4d53370/output.json,mp-22631,cif,https://elagente.ca/grafico/ConceptualAtoms_fc7fe0ba-3213-468d-a8d2-25a5fc12258f,mp-22631
Li6Na2,0.0738070704306315,https://elagente.ca/grafico/ConceptualAtoms_fc838b22-8353-439f-9835-94899901d458,https://elagente.ca/ontomlff/MLFFElasticityResult_05c95c8e-aa4d-494c-8219-434677bed434,[],[],0.031018638130191956,eV/Å^3,0.08162163513172105,/scratch/kenko/akg4pyscf/.graphchat-workspaces/kenko_room/mlff_elasticity_benchmark/workflow_runs/MatterSim/elasticity_MatterSim/structures/Li6Na2_6a0c9706/output.json,mp-973316,cif,https://elagente.ca/grafico/ConceptualAtoms_fc838b22-8353-439f-9835-94899901d458,mp-973316
AlOs2Ta,1.7159502322258764,https://elagente.ca/grafico/ConceptualAtoms_fccb7b97-0f8a-451d-b8e9-d5858831a36f,https://elagente.ca/ontomlff/MLFFElasticityResult_e6a5d669-535a-4d72-aee2-46765da6ad1c,[],[],0.8327561979145526,eV/Å^3,2.150402784777598,/scratch/kenko/akg4pyscf/.graphchat-workspaces/kenko_room/mlff_elasticity_benchmark/workflow_runs/MatterSim/elasticity_MatterSim/structures/AlOs2Ta_71c148cd/output.json,mp-862445,cif,https://elagente.ca/grafico/ConceptualAtoms_fccb7b97-0f8a-451d-b8e9-d5858831a36f,mp-862445
Ag2In2Se4,0.27393578035580535,https://elagente.ca/grafico/ConceptualAtoms_fce84879-f9a6-441a-8fad-20a05b0481a2,https://elagente.ca/ontomlff/MLFFElasticityResult_e87934d8-8ae5-41f6-a8e0-724288595cd3,[],[],0.1229688449531934,eV/Å^3,0.32089091893001237,/scratch/kenko/akg4pyscf/.graphchat-workspaces/kenko_room/mlff_elasticity_benchmark/workflow_runs/MatterSim/elasticity_MatterSim/structures/Ag2In2Se4_dddf2044/output.json,mp-20554,cif,https://elagente.ca/grafico/ConceptualAtoms_fce84879-f9a6-441a-8fad-20a05b0481a2,mp-20554
Ag2Yb,0.3024517218752344,https://elagente.ca/grafico/ConceptualAtoms_fd51bafd-68fb-4a52-b2fb-3187de148ffb,https://elagente.ca/ontomlff/MLFFElasticityResult_604a0370-f848-42fe-aecd-2568dee842b6,[],[],0.07936207143518917,eV/Å^3,0.2189368425932274,/scratch/kenko/akg4pyscf/.graphchat-workspaces/kenko_room/mlff_elasticity_benchmark/workflow_runs/MatterSim/elasticity_MatterSim/structures/Ag2Yb_c05f98cd/output.json,mp-1008617,cif,https://elagente.ca/grafico/ConceptualAtoms_fd51bafd-68fb-4a52-b2fb-3187de148ffb,mp-1008617
Pd4Sn4,0.6342823522734229,https://elagente.ca/grafico/ConceptualAtoms_fde8f4d4-63c2-41e9-a174-9ed1c143b9af,https://elagente.ca/ontomlff/MLFFElasticityResult_31f2f460-62e2-41d0-a3dd-b48a668fb7cf,[],[],0.22676071983868976,eV/Å^3,0.6078456884080911,/scratch/kenko/akg4pyscf/.graphchat-workspaces/kenko_room/mlff_elasticity_benchmark/workflow_runs/MatterSim/elasticity_MatterSim/structures/Pd4Sn4_5e235012/output.json,mp-2369,cif,https://elagente.ca/grafico/ConceptualAtoms_fde8f4d4-63c2-41e9-a174-9ed1c143b9af,mp-2369
Tl2,0.15549211037459268,https://elagente.ca/grafico/ConceptualAtoms_fe1af879-fdff-413a-81ec-a39f8e425e95,https://elagente.ca/ontomlff/MLFFElasticityResult_cc2e1947-10a2-45ed-8118-bf6681701d69,[],[],0.039699554406215934,eV/Å^3,0.10975771277964051,/scratch/kenko/akg4pyscf/.graphchat-workspaces/kenko_room/mlff_elasticity_benchmark/workflow_runs/MatterSim/elasticity_MatterSim/structures/Tl2_1780d69e/output.json,mp-82,cif,https://elagente.ca/grafico/ConceptualAtoms_fe1af879-fdff-413a-81ec-a39f8e425e95,mp-82
B12Si3,1.1120528401231162,https://elagente.ca/grafico/ConceptualAtoms_fe31f588-c06f-43c6-a275-c678cdd93752,https://elagente.ca/ontomlff/MLFFElasticityResult_bd5c2f97-348e-401e-80d1-164d1b13c366,[],[],0.7968192722737718,eV/Å^3,1.929588450092254,/scratch/kenko/akg4pyscf/.graphchat-workspaces/kenko_room/mlff_elasticity_benchmark/workflow_runs/MatterSim/elasticity_MatterSim/structures/B12Si3_5621ee54/output.json,mp-978496,cif,https://elagente.ca/grafico/ConceptualAtoms_fe31f588-c06f-43c6-a275-c678cdd93752,mp-978496
Sn6Y10,0.42578930290865613,https://elagente.ca/grafico/ConceptualAtoms_fe3ac00b-6c62-4247-96b6-e49f49e445d4,https://elagente.ca/ontomlff/MLFFElasticityResult_357563c4-d05e-47fd-9b2e-4129556a186b,[],[],0.23213593527787418,eV/Å^3,0.5893121677640923,/scratch/kenko/akg4pyscf/.graphchat-workspaces/kenko_room/mlff_elasticity_benchmark/workflow_runs/MatterSim/elasticity_MatterSim/structures/Sn6Y10_3d59bcd0/output.json,mp-567412,cif,https://elagente.ca/grafico/ConceptualAtoms_fe3ac00b-6c62-4247-96b6-e49f49e445d4,mp-567412
Ga2Lu3Mn3Si,0.5183660810102706,https://elagente.ca/grafico/ConceptualAtoms_fe8a4a88-2583-48be-aa1c-61065872d609,https://elagente.ca/ontomlff/MLFFElasticityResult_3011bf8c-c052-47e6-9d02-0864c4e1e68c,[],[],0.3754348713609569,eV/Å^3,0.9072697657556622,/scratch/kenko/akg4pyscf/.graphchat-workspaces/kenko_room/mlff_elasticity_benchmark/workflow_runs/MatterSim/elasticity_MatterSim/structures/Ga2Lu3Mn3Si_85285059/output.json,mp-568631,cif,https://elagente.ca/grafico/ConceptualAtoms_fe8a4a88-2583-48be-aa1c-61065872d609,mp-568631
N2Y2,0.9096814461052546,https://elagente.ca/grafico/ConceptualAtoms_fedee903-9127-4d2f-ab5b-b0618f54bd9c,https://elagente.ca/ontomlff/MLFFElasticityResult_351c4361-4db5-45a4-94d7-5fb40b560639,[],[],0.507479083626213,eV/Å^3,1.2837227537993239,/scratch/kenko/akg4pyscf/.graphchat-workspaces/kenko_room/mlff_elasticity_benchmark/workflow_runs/MatterSim/elasticity_MatterSim/structures/N2Y2_0f94f7ff/output.json,mp-1017533,cif,https://elagente.ca/grafico/ConceptualAtoms_fedee903-9127-4d2f-ab5b-b0618f54bd9c,mp-1017533
Cr2Ge2Te6,0.30555982805815274,https://elagente.ca/grafico/ConceptualAtoms_fee5f83e-7b3c-44f7-b73a-a4351bfbea40,https://elagente.ca/ontomlff/MLFFElasticityResult_09d6e260-3c61-453b-8ef3-2ec4f34ad5cd,[],[],0.15755722865879654,eV/Å^3,0.4033454006072163,/scratch/kenko/akg4pyscf/.graphchat-workspaces/kenko_room/mlff_elasticity_benchmark/workflow_runs/MatterSim/elasticity_MatterSim/structures/Cr2Ge2Te6_1143724f/output.json,mp-541449,cif,https://elagente.ca/grafico/ConceptualAtoms_fee5f83e-7b3c-44f7-b73a-a4351bfbea40,mp-541449
CRe2Si2Y2,1.0584229033541466,https://elagente.ca/grafico/ConceptualAtoms_ff050cb4-2a00-4f9d-8715-87c449c84582,https://elagente.ca/ontomlff/MLFFElasticityResult_7eb4266a-afb2-4a9c-8e14-35940e91c698,[],[],0.5351222716534846,eV/Å^3,1.3738366228345906,/scratch/kenko/akg4pyscf/.graphchat-workspaces/kenko_room/mlff_elasticity_benchmark/workflow_runs/MatterSim/elasticity_MatterSim/structures/CRe2Si2Y2_b5531b5f/output.json,mp-1025205,cif,https://elagente.ca/grafico/ConceptualAtoms_ff050cb4-2a00-4f9d-8715-87c449c84582,mp-1025205
Cl6Lu2,0.20044680068907877,https://elagente.ca/grafico/ConceptualAtoms_ff2e4834-f5a8-40be-84a3-bcc409e28335,https://elagente.ca/ontomlff/MLFFElasticityResult_655f00e8-188b-47aa-bc8b-266533362ba3,[],[],0.1001975046995554,eV/Å^3,0.25766023694936535,/scratch/kenko/akg4pyscf/.graphchat-workspaces/kenko_room/mlff_elasticity_benchmark/workflow_runs/MatterSim/elasticity_MatterSim/structures/Cl6Lu2_20ef0078/output.json,mp-865324,cif,https://elagente.ca/grafico/ConceptualAtoms_ff2e4834-f5a8-40be-84a3-bcc409e28335,mp-865324
AlCoFeV,1.2992883342965702,https://elagente.ca/grafico/ConceptualAtoms_ff983a83-1391-4694-a08f-5fd23d6ad28e,https://elagente.ca/ontomlff/MLFFElasticityResult_d5150f6a-fb82-4dac-8c4d-a7dc70a664e6,[],[],0.6881121566670203,eV/Å^3,1.7545889568677606,/scratch/kenko/akg4pyscf/.graphchat-workspaces/kenko_room/mlff_elasticity_benchmark/workflow_runs/MatterSim/elasticity_MatterSim/structures/AlCoFeV_48bf370b/output.json,mp-1008530,cif,https://elagente.ca/grafico/ConceptualAtoms_ff983a83-1391-4694-a08f-5fd23d6ad28e,mp-1008530
Be4Ta2,0.9590588424313086,https://elagente.ca/grafico/ConceptualAtoms_fff31b06-eb54-4145-866a-e8647fd36384,https://elagente.ca/ontomlff/MLFFElasticityResult_6011badd-182a-4105-9356-1fdc46f2fae0,[],[],0.6257505605467902,eV/Å^3,1.541906051366926,/scratch/kenko/akg4pyscf/.graphchat-workspaces/kenko_room/mlff_elasticity_benchmark/workflow_runs/MatterSim/elasticity_MatterSim/structures/Be4Ta2_2c7c5009/output.json,mp-2676,cif,https://elagente.ca/grafico/ConceptualAtoms_fff31b06-eb54-4145-866a-e8647fd36384,mp-2676
NbRu2Zn,1.3708541908873775,https://elagente.ca/grafico/ConceptualAtoms_fff46691-dd4f-4101-9753-c9a77901946a,https://elagente.ca/ontomlff/MLFFElasticityResult_5eb917ae-6578-4f78-8356-d7be6e5addb9,[],[],0.4597898365899421,eV/Å^3,1.2406618982981288,/scratch/kenko/akg4pyscf/.graphchat-workspaces/kenko_room/mlff_elasticity_benchmark/workflow_runs/MatterSim/elasticity_MatterSim/structures/NbRu2Zn_6d72684f/output.json,mp-864840,cif,https://elagente.ca/grafico/ConceptualAtoms_fff46691-dd4f-4101-9753-c9a77901946a,mp-864840
