chemical_formula,elasticity.bulk_modulus_vrh,elasticity.computed_on_structure_iri,elasticity.instance_iri,elasticity.rdfs_comment,elasticity.rdfs_label,elasticity.shear_modulus_vrh,elasticity.units,elasticity.youngs_modulus,output_json_path,source_identifier,source_identifier_type,structure_iri,structure_name
LuRh2Sc,0.8215166008276267,https://elagente.ca/grafico/ConceptualAtoms_00cd121e-4e76-4b60-aa68-23c513b1f97d,https://elagente.ca/ontomlff/MLFFElasticityResult_69fb8061-b729-4fd1-8acb-a047ed9e13db,[],[],0.30834443713513504,eV/Å^3,0.8221700749857421,/scratch/kenko/akg4pyscf/.graphchat-workspaces/kenko_room/mlff_elasticity_benchmark/workflow_runs/MACE_OMAT/elasticity_MACE_OMAT/structures/LuRh2Sc_c57935f0/output.json,mp-973432,cif,https://elagente.ca/grafico/ConceptualAtoms_00cd121e-4e76-4b60-aa68-23c513b1f97d,mp-973432
Mn2Si2Th,0.8549262530192145,https://elagente.ca/grafico/ConceptualAtoms_0115bb95-d184-45a8-b8ed-597eefddbd22,https://elagente.ca/ontomlff/MLFFElasticityResult_38f44316-2373-4299-bb0b-1d7b02aef43a,[],[],0.5512169270844773,eV/Å^3,1.3611213961303397,/scratch/kenko/akg4pyscf/.graphchat-workspaces/kenko_room/mlff_elasticity_benchmark/workflow_runs/MACE_OMAT/elasticity_MACE_OMAT/structures/Mn2Si2Th_3b7cab64/output.json,mp-4458,cif,https://elagente.ca/grafico/ConceptualAtoms_0115bb95-d184-45a8-b8ed-597eefddbd22,mp-4458
CdIrRu,1.0506440388677798,https://elagente.ca/grafico/ConceptualAtoms_011a2fb9-bbdd-43d3-a155-4cbb00132371,https://elagente.ca/ontomlff/MLFFElasticityResult_786b765c-509d-4b35-b4a9-4ce4fc4eb72f,[],[],0.3274050622920204,eV/Å^3,0.8897888976408732,/scratch/kenko/akg4pyscf/.graphchat-workspaces/kenko_room/mlff_elasticity_benchmark/workflow_runs/MACE_OMAT/elasticity_MACE_OMAT/structures/CdIrRu_f0af65db/output.json,mp-631388,cif,https://elagente.ca/grafico/ConceptualAtoms_011a2fb9-bbdd-43d3-a155-4cbb00132371,mp-631388
CB2Rh2Tb,1.2359399200381656,https://elagente.ca/grafico/ConceptualAtoms_01202d3d-878b-4c7a-9ba6-e489c7845086,https://elagente.ca/ontomlff/MLFFElasticityResult_9eaf6a5d-c376-4d3a-8c47-7cd25f1890f9,[],[],0.5213565902159185,eV/Å^3,1.3712572665248193,/scratch/kenko/akg4pyscf/.graphchat-workspaces/kenko_room/mlff_elasticity_benchmark/workflow_runs/MACE_OMAT/elasticity_MACE_OMAT/structures/CB2Rh2Tb_e0375ef2/output.json,mp-12736,cif,https://elagente.ca/grafico/ConceptualAtoms_01202d3d-878b-4c7a-9ba6-e489c7845086,mp-12736
GeInLi,0.2692809610061595,https://elagente.ca/grafico/ConceptualAtoms_01acdcc7-22b5-4532-974d-562d2c54c1cf,https://elagente.ca/ontomlff/MLFFElasticityResult_d8135605-b156-4ac8-b778-ea64f5c3bdce,[],[],0.20193357216847904,eV/Å^3,0.48465360312427036,/scratch/kenko/akg4pyscf/.graphchat-workspaces/kenko_room/mlff_elasticity_benchmark/workflow_runs/MACE_OMAT/elasticity_MACE_OMAT/structures/GeInLi_1c928b01/output.json,mp-16343,cif,https://elagente.ca/grafico/ConceptualAtoms_01acdcc7-22b5-4532-974d-562d2c54c1cf,mp-16343
Ni3Pb2Se2,0.4826462290444109,https://elagente.ca/grafico/ConceptualAtoms_01cb47a5-971c-4acb-b01a-89f14471a1a3,https://elagente.ca/ontomlff/MLFFElasticityResult_45786362-0972-405c-bf66-b49fb9526ce1,[],[],0.18772688295117473,eV/Å^3,0.49854387365855796,/scratch/kenko/akg4pyscf/.graphchat-workspaces/kenko_room/mlff_elasticity_benchmark/workflow_runs/MACE_OMAT/elasticity_MACE_OMAT/structures/Ni3Pb2Se2_74b546e0/output.json,mp-19747,cif,https://elagente.ca/grafico/ConceptualAtoms_01cb47a5-971c-4acb-b01a-89f14471a1a3,mp-19747
OsSi2Tc,1.832586970952714,https://elagente.ca/grafico/ConceptualAtoms_028ebfaa-7e8b-4102-a90b-96b3345a4857,https://elagente.ca/ontomlff/MLFFElasticityResult_40ffa8f2-fc15-4ae9-adac-dbf3a0eaae29,[],[],0.7856576020448216,eV/Å^3,2.062264822166751,/scratch/kenko/akg4pyscf/.graphchat-workspaces/kenko_room/mlff_elasticity_benchmark/workflow_runs/MACE_OMAT/elasticity_MACE_OMAT/structures/OsSi2Tc_bf84f5d4/output.json,mp-978500,cif,https://elagente.ca/grafico/ConceptualAtoms_028ebfaa-7e8b-4102-a90b-96b3345a4857,mp-978500
DySmTl2,0.3400075228754431,https://elagente.ca/grafico/ConceptualAtoms_03165f3c-c5f5-4851-92e8-6ff772a481f7,https://elagente.ca/ontomlff/MLFFElasticityResult_a2df326f-89e6-45cf-aa89-e84a3b0916d9,[],[],0.08660700377922917,eV/Å^3,0.23948690869670042,/scratch/kenko/akg4pyscf/.graphchat-workspaces/kenko_room/mlff_elasticity_benchmark/workflow_runs/MACE_OMAT/elasticity_MACE_OMAT/structures/DySmTl2_7e7fbed0/output.json,mp-978527,cif,https://elagente.ca/grafico/ConceptualAtoms_03165f3c-c5f5-4851-92e8-6ff772a481f7,mp-978527
CrNaS2,0.49267506672998707,https://elagente.ca/grafico/ConceptualAtoms_03417da0-656a-4acb-8002-759ee2ac173c,https://elagente.ca/ontomlff/MLFFElasticityResult_88495b97-6a3f-4d96-b6b2-8707c1464c05,[],[],0.2940575622118127,eV/Å^3,0.7357858726639087,/scratch/kenko/akg4pyscf/.graphchat-workspaces/kenko_room/mlff_elasticity_benchmark/workflow_runs/MACE_OMAT/elasticity_MACE_OMAT/structures/CrNaS2_3a9cfbb5/output.json,mp-5693,cif,https://elagente.ca/grafico/ConceptualAtoms_03417da0-656a-4acb-8002-759ee2ac173c,mp-5693
FeTeV,0.9187890649890653,https://elagente.ca/grafico/ConceptualAtoms_034eea6e-92a9-41fa-942f-fc0035912a5a,https://elagente.ca/ontomlff/MLFFElasticityResult_d6807789-48df-4c26-8d46-8ef3b0482774,[],[],0.4617110819581457,eV/Å^3,1.1864024150570107,/scratch/kenko/akg4pyscf/.graphchat-workspaces/kenko_room/mlff_elasticity_benchmark/workflow_runs/MACE_OMAT/elasticity_MACE_OMAT/structures/FeTeV_8c97eafd/output.json,mp-961656,cif,https://elagente.ca/grafico/ConceptualAtoms_034eea6e-92a9-41fa-942f-fc0035912a5a,mp-961656
Pt5SiSn,1.3236243184236687,https://elagente.ca/grafico/ConceptualAtoms_035fb6ce-96ae-4e0b-b1a2-6c9f2cf8b79c,https://elagente.ca/ontomlff/MLFFElasticityResult_934f3eb0-e7e4-4b72-93ad-e8aefd644345,[],[],0.4303884706220969,eV/Å^3,1.164905539261582,/scratch/kenko/akg4pyscf/.graphchat-workspaces/kenko_room/mlff_elasticity_benchmark/workflow_runs/MACE_OMAT/elasticity_MACE_OMAT/structures/Pt5SiSn_56bc7968/output.json,mp-1025324,cif,https://elagente.ca/grafico/ConceptualAtoms_035fb6ce-96ae-4e0b-b1a2-6c9f2cf8b79c,mp-1025324
N2Tc2,2.115704607135558,https://elagente.ca/grafico/ConceptualAtoms_0360debb-1bbb-4639-b493-201c179dd794,https://elagente.ca/ontomlff/MLFFElasticityResult_4665913e-3662-46c0-9bfd-f6c4a4a34864,[],[],1.005806413420699,eV/Å^3,2.6046662758739445,/scratch/kenko/akg4pyscf/.graphchat-workspaces/kenko_room/mlff_elasticity_benchmark/workflow_runs/MACE_OMAT/elasticity_MACE_OMAT/structures/N2Tc2_7c0602b2/output.json,mp-999117,cif,https://elagente.ca/grafico/ConceptualAtoms_0360debb-1bbb-4639-b493-201c179dd794,mp-999117
As2Fe2Na2,0.46274254102803464,https://elagente.ca/grafico/ConceptualAtoms_03d923d7-49da-4199-82f0-c654882e8d47,https://elagente.ca/ontomlff/MLFFElasticityResult_006ce1f1-101e-421f-af67-3f36ad292ca4,[],[],0.25617630117049855,eV/Å^3,0.6488023029237248,/scratch/kenko/akg4pyscf/.graphchat-workspaces/kenko_room/mlff_elasticity_benchmark/workflow_runs/MACE_OMAT/elasticity_MACE_OMAT/structures/As2Fe2Na2_eea44d1c/output.json,mp-22152,cif,https://elagente.ca/grafico/ConceptualAtoms_03d923d7-49da-4199-82f0-c654882e8d47,mp-22152
CFe2Si2Sm2,0.8414954762774922,https://elagente.ca/grafico/ConceptualAtoms_03def001-6170-4621-9648-985a4213a71f,https://elagente.ca/ontomlff/MLFFElasticityResult_d047f351-c9f4-4e3f-baaf-bce1edfe4906,[],[],0.5359284866546372,eV/Å^3,1.326236045189006,/scratch/kenko/akg4pyscf/.graphchat-workspaces/kenko_room/mlff_elasticity_benchmark/workflow_runs/MACE_OMAT/elasticity_MACE_OMAT/structures/CFe2Si2Sm2_f90f0817/output.json,mp-1025262,cif,https://elagente.ca/grafico/ConceptualAtoms_03def001-6170-4621-9648-985a4213a71f,mp-1025262
Cl4Rh2,0.44852570607309117,https://elagente.ca/grafico/ConceptualAtoms_04388fa7-c03f-463e-9fd2-98aad0c8231a,https://elagente.ca/ontomlff/MLFFElasticityResult_f0e1e9ef-773d-4bef-a064-5e7013b11076,[],[],0.15088975737830557,eV/Å^3,0.4070263262342422,/scratch/kenko/akg4pyscf/.graphchat-workspaces/kenko_room/mlff_elasticity_benchmark/workflow_runs/MACE_OMAT/elasticity_MACE_OMAT/structures/Cl4Rh2_2465edbd/output.json,mp-867259,cif,https://elagente.ca/grafico/ConceptualAtoms_04388fa7-c03f-463e-9fd2-98aad0c8231a,mp-867259
Hf2RhTc,1.2295981669900233,https://elagente.ca/grafico/ConceptualAtoms_0514d3fa-6229-47f0-acda-201f2bfaa6f9,https://elagente.ca/ontomlff/MLFFElasticityResult_4cda7819-b601-4b5f-8e17-12fe6b6350f4,[],[],0.5384480574386892,eV/Å^3,1.4095885480147496,/scratch/kenko/akg4pyscf/.graphchat-workspaces/kenko_room/mlff_elasticity_benchmark/workflow_runs/MACE_OMAT/elasticity_MACE_OMAT/structures/Hf2RhTc_0c7c14ef/output.json,mp-864916,cif,https://elagente.ca/grafico/ConceptualAtoms_0514d3fa-6229-47f0-acda-201f2bfaa6f9,mp-864916
Ag3In,0.47735412000731503,https://elagente.ca/grafico/ConceptualAtoms_05730f7f-3254-4ceb-87d5-45cecb5fdce5,https://elagente.ca/ontomlff/MLFFElasticityResult_258e52e0-8b79-4928-8ec1-f372f6753d02,[],[],0.14674106701863107,eV/Å^3,0.3993068835822304,/scratch/kenko/akg4pyscf/.graphchat-workspaces/kenko_room/mlff_elasticity_benchmark/workflow_runs/MACE_OMAT/elasticity_MACE_OMAT/structures/Ag3In_1505b5a8/output.json,mp-30343,cif,https://elagente.ca/grafico/ConceptualAtoms_05730f7f-3254-4ceb-87d5-45cecb5fdce5,mp-30343
B2Co2Pr,1.0687313844870563,https://elagente.ca/grafico/ConceptualAtoms_05bd091a-f0a3-40c2-b790-86023c51c8d9,https://elagente.ca/ontomlff/MLFFElasticityResult_433dd83e-77fb-4740-a7d1-b98052e73bee,[],[],0.5980059173054864,eV/Å^3,1.5120049209822224,/scratch/kenko/akg4pyscf/.graphchat-workspaces/kenko_room/mlff_elasticity_benchmark/workflow_runs/MACE_OMAT/elasticity_MACE_OMAT/structures/B2Co2Pr_5c15c52a/output.json,mp-4322,cif,https://elagente.ca/grafico/ConceptualAtoms_05bd091a-f0a3-40c2-b790-86023c51c8d9,mp-4322
Ir2Li12N8,0.6933553916916189,https://elagente.ca/grafico/ConceptualAtoms_067598fd-f2f7-41e7-8e08-2d5ebff297f3,https://elagente.ca/ontomlff/MLFFElasticityResult_3a89f056-c719-4bf3-a2e5-d99f5adf76bc,[],[],0.4486104000358586,eV/Å^3,1.1070684105109805,/scratch/kenko/akg4pyscf/.graphchat-workspaces/kenko_room/mlff_elasticity_benchmark/workflow_runs/MACE_OMAT/elasticity_MACE_OMAT/structures/Ir2Li12N8_ff83c627/output.json,mp-1029726,cif,https://elagente.ca/grafico/ConceptualAtoms_067598fd-f2f7-41e7-8e08-2d5ebff297f3,mp-1029726
Ho3In3Ir3,0.6881386609170441,https://elagente.ca/grafico/ConceptualAtoms_068dca52-78da-4c8a-86ae-fc61cb519f1c,https://elagente.ca/ontomlff/MLFFElasticityResult_55695d44-b38a-4f45-ae69-e7f20ec62e94,[],[],0.23702048765377584,eV/Å^3,0.6378306191513095,/scratch/kenko/akg4pyscf/.graphchat-workspaces/kenko_room/mlff_elasticity_benchmark/workflow_runs/MACE_OMAT/elasticity_MACE_OMAT/structures/Ho3In3Ir3_95585c84/output.json,mp-13525,cif,https://elagente.ca/grafico/ConceptualAtoms_068dca52-78da-4c8a-86ae-fc61cb519f1c,mp-13525
H6U2,0.685278981541823,https://elagente.ca/grafico/ConceptualAtoms_06b2934a-da31-4d7e-b6f9-95e0a23594b8,https://elagente.ca/ontomlff/MLFFElasticityResult_61e30a05-647e-4672-b208-74f11dd15ffa,[],[],0.44774823680757003,eV/Å^3,1.1030150369315912,/scratch/kenko/akg4pyscf/.graphchat-workspaces/kenko_room/mlff_elasticity_benchmark/workflow_runs/MACE_OMAT/elasticity_MACE_OMAT/structures/H6U2_b0316af4/output.json,mp-24659,cif,https://elagente.ca/grafico/ConceptualAtoms_06b2934a-da31-4d7e-b6f9-95e0a23594b8,mp-24659
IrRb3,0.0771837062566261,https://elagente.ca/grafico/ConceptualAtoms_06c6a73c-9dd9-4708-967e-71309b1c51f7,https://elagente.ca/ontomlff/MLFFElasticityResult_1877b3c0-50c7-402e-b96d-6a02ab64c19c,[],[],0.03202200465770441,eV/Å^3,0.08439476954997185,/scratch/kenko/akg4pyscf/.graphchat-workspaces/kenko_room/mlff_elasticity_benchmark/workflow_runs/MACE_OMAT/elasticity_MACE_OMAT/structures/IrRb3_1b52941b/output.json,mp-974949,cif,https://elagente.ca/grafico/ConceptualAtoms_06c6a73c-9dd9-4708-967e-71309b1c51f7,mp-974949
F6Ti2,0.6385338593931777,https://elagente.ca/grafico/ConceptualAtoms_0760e3a0-09b2-41df-8ae7-a8fcb4219631,https://elagente.ca/ontomlff/MLFFElasticityResult_94176890-15ba-47f7-a33c-af9b1d90000b,[],[],0.2812448221534325,eV/Å^3,0.7357178341056724,/scratch/kenko/akg4pyscf/.graphchat-workspaces/kenko_room/mlff_elasticity_benchmark/workflow_runs/MACE_OMAT/elasticity_MACE_OMAT/structures/F6Ti2_52780a07/output.json,mp-246,cif,https://elagente.ca/grafico/ConceptualAtoms_0760e3a0-09b2-41df-8ae7-a8fcb4219631,mp-246
Nb2Se4Ti,0.7077323716496855,https://elagente.ca/grafico/ConceptualAtoms_076739a6-6357-4693-bc8e-f9495fd43b07,https://elagente.ca/ontomlff/MLFFElasticityResult_6edd50c5-c85c-410a-855d-1a17b9e9ec1a,[],[],0.43874855031046445,eV/Å^3,1.0908306942328083,/scratch/kenko/akg4pyscf/.graphchat-workspaces/kenko_room/mlff_elasticity_benchmark/workflow_runs/MACE_OMAT/elasticity_MACE_OMAT/structures/Nb2Se4Ti_8f6dae4c/output.json,mp-1025291,cif,https://elagente.ca/grafico/ConceptualAtoms_076739a6-6357-4693-bc8e-f9495fd43b07,mp-1025291
NNb,1.9604758682298473,https://elagente.ca/grafico/ConceptualAtoms_07a5f207-e479-4045-8923-250e1469a513,https://elagente.ca/ontomlff/MLFFElasticityResult_3f88a955-27a7-4a2c-b972-01a31933b2c5,[],[],1.227775655182562,eV/Å^3,3.0472079782199466,/scratch/kenko/akg4pyscf/.graphchat-workspaces/kenko_room/mlff_elasticity_benchmark/workflow_runs/MACE_OMAT/elasticity_MACE_OMAT/structures/NNb_91fb86d2/output.json,mp-2634,cif,https://elagente.ca/grafico/ConceptualAtoms_07a5f207-e479-4045-8923-250e1469a513,mp-2634
Cl6PdS2,0.1978116172132499,https://elagente.ca/grafico/ConceptualAtoms_07afba72-e300-4cee-800e-7f19f3af65d9,https://elagente.ca/ontomlff/MLFFElasticityResult_c1692052-0dc6-4665-a704-172f7c6e5404,[],[],0.10404678905997816,eV/Å^3,0.265576843431133,/scratch/kenko/akg4pyscf/.graphchat-workspaces/kenko_room/mlff_elasticity_benchmark/workflow_runs/MACE_OMAT/elasticity_MACE_OMAT/structures/Cl6PdS2_eb7db878/output.json,mp-28174,cif,https://elagente.ca/grafico/ConceptualAtoms_07afba72-e300-4cee-800e-7f19f3af65d9,mp-28174
HgPm2Si,0.46655372903044745,https://elagente.ca/grafico/ConceptualAtoms_07b7431f-107a-4fdd-8fb5-4f008edc31e0,https://elagente.ca/ontomlff/MLFFElasticityResult_73526a72-dd5c-4b15-be85-5dd145f126a8,[],[],0.11328995834470938,eV/Å^3,0.3144203791258246,/scratch/kenko/akg4pyscf/.graphchat-workspaces/kenko_room/mlff_elasticity_benchmark/workflow_runs/MACE_OMAT/elasticity_MACE_OMAT/structures/HgPm2Si_dc4b1942/output.json,mp-866204,cif,https://elagente.ca/grafico/ConceptualAtoms_07b7431f-107a-4fdd-8fb5-4f008edc31e0,mp-866204
N4Ta2,1.8281542475861638,https://elagente.ca/grafico/ConceptualAtoms_07bf8004-551c-4206-8c6d-c93def85ce8c,https://elagente.ca/ontomlff/MLFFElasticityResult_572e9f2a-0664-48e3-b9ef-d635914c426a,[],[],1.1706747669445745,eV/Å^3,2.89424018684843,/scratch/kenko/akg4pyscf/.graphchat-workspaces/kenko_room/mlff_elasticity_benchmark/workflow_runs/MACE_OMAT/elasticity_MACE_OMAT/structures/N4Ta2_3371faec/output.json,mp-1019272,cif,https://elagente.ca/grafico/ConceptualAtoms_07bf8004-551c-4206-8c6d-c93def85ce8c,mp-1019272
AgRhSm2,0.49414123464014426,https://elagente.ca/grafico/ConceptualAtoms_084a86d3-1c77-42d1-9653-b95b8b2a03ed,https://elagente.ca/ontomlff/MLFFElasticityResult_cdbc875f-e375-4762-bf56-79da2ecdcebf,[],[],0.1574224298831934,eV/Å^3,0.4269304359299313,/scratch/kenko/akg4pyscf/.graphchat-workspaces/kenko_room/mlff_elasticity_benchmark/workflow_runs/MACE_OMAT/elasticity_MACE_OMAT/structures/AgRhSm2_fcd711d3/output.json,mp-972530,cif,https://elagente.ca/grafico/ConceptualAtoms_084a86d3-1c77-42d1-9653-b95b8b2a03ed,mp-972530
Ca8N8Zr2,0.6157122981527967,https://elagente.ca/grafico/ConceptualAtoms_08699721-f3f7-4de4-bf87-87960f245741,https://elagente.ca/ontomlff/MLFFElasticityResult_507ebbfa-5ad8-46a8-9660-7f24e67e5795,[],[],0.367109186516091,eV/Å^3,0.9187338234918072,/scratch/kenko/akg4pyscf/.graphchat-workspaces/kenko_room/mlff_elasticity_benchmark/workflow_runs/MACE_OMAT/elasticity_MACE_OMAT/structures/Ca8N8Zr2_17590311/output.json,mp-1029660,cif,https://elagente.ca/grafico/ConceptualAtoms_08699721-f3f7-4de4-bf87-87960f245741,mp-1029660
Al4Sr2,0.28247892368845107,https://elagente.ca/grafico/ConceptualAtoms_092eae74-0bd5-4167-9dd6-cf2efb725675,https://elagente.ca/ontomlff/MLFFElasticityResult_1d96c2ba-bd4a-4c0a-8c2c-b9406b9619e6,[],[],0.23243535690212525,eV/Å^3,0.547215535709684,/scratch/kenko/akg4pyscf/.graphchat-workspaces/kenko_room/mlff_elasticity_benchmark/workflow_runs/MACE_OMAT/elasticity_MACE_OMAT/structures/Al4Sr2_a2e41819/output.json,mp-1638,cif,https://elagente.ca/grafico/ConceptualAtoms_092eae74-0bd5-4167-9dd6-cf2efb725675,mp-1638
Cu8Se4,0.5205520057709414,https://elagente.ca/grafico/ConceptualAtoms_0939e67c-a23b-477d-9637-496d91d30b69,https://elagente.ca/ontomlff/MLFFElasticityResult_a468ec06-e8ea-4da3-b1e4-77ae4a6d7217,[],[],0.21063587219751906,eV/Å^3,0.5568057596371531,/scratch/kenko/akg4pyscf/.graphchat-workspaces/kenko_room/mlff_elasticity_benchmark/workflow_runs/MACE_OMAT/elasticity_MACE_OMAT/structures/Cu8Se4_0a829044/output.json,mp-1021499,cif,https://elagente.ca/grafico/ConceptualAtoms_0939e67c-a23b-477d-9637-496d91d30b69,mp-1021499
Hf4O12Sr4,1.0386690045185398,https://elagente.ca/grafico/ConceptualAtoms_0976fb61-93da-47e9-89ba-3c0594075323,https://elagente.ca/ontomlff/MLFFElasticityResult_db100fd4-b0a5-4e8a-859d-0a9520c8678b,[],[],0.6605773586391452,eV/Å^3,1.6350994546848183,/scratch/kenko/akg4pyscf/.graphchat-workspaces/kenko_room/mlff_elasticity_benchmark/workflow_runs/MACE_OMAT/elasticity_MACE_OMAT/structures/Hf4O12Sr4_f6b3a3dc/output.json,mp-3378,cif,https://elagente.ca/grafico/ConceptualAtoms_0976fb61-93da-47e9-89ba-3c0594075323,mp-3378
Sb4V2,0.5261926793116923,https://elagente.ca/grafico/ConceptualAtoms_0991611c-3140-41b1-b799-198f86ad3a07,https://elagente.ca/ontomlff/MLFFElasticityResult_e36a3142-6aae-4460-a29a-4e22ced61ecd,[],[],0.3923409864910723,eV/Å^3,0.942718889483929,/scratch/kenko/akg4pyscf/.graphchat-workspaces/kenko_room/mlff_elasticity_benchmark/workflow_runs/MACE_OMAT/elasticity_MACE_OMAT/structures/Sb4V2_d7e42ba8/output.json,mp-2851,cif,https://elagente.ca/grafico/ConceptualAtoms_0991611c-3140-41b1-b799-198f86ad3a07,mp-2851
Ru2ScTa,1.2834456420449636,https://elagente.ca/grafico/ConceptualAtoms_09a00d48-425a-445f-aa89-bd5287af0a9c,https://elagente.ca/ontomlff/MLFFElasticityResult_2fd5dd34-381e-4521-88b8-edca8a2d2f72,[],[],0.6259973715522767,eV/Å^3,1.6153624607057173,/scratch/kenko/akg4pyscf/.graphchat-workspaces/kenko_room/mlff_elasticity_benchmark/workflow_runs/MACE_OMAT/elasticity_MACE_OMAT/structures/Ru2ScTa_285e2c3a/output.json,mp-867897,cif,https://elagente.ca/grafico/ConceptualAtoms_09a00d48-425a-445f-aa89-bd5287af0a9c,mp-867897
CeIr5,1.4667218726506204,https://elagente.ca/grafico/ConceptualAtoms_0a246510-e00b-4bd0-b990-a930d5a64cea,https://elagente.ca/ontomlff/MLFFElasticityResult_57719b76-9e83-45eb-ad47-96d5580697e3,[],[],0.6016281314163335,eV/Å^3,1.587788432291015,/scratch/kenko/akg4pyscf/.graphchat-workspaces/kenko_room/mlff_elasticity_benchmark/workflow_runs/MACE_OMAT/elasticity_MACE_OMAT/structures/CeIr5_91cf5dab/output.json,mp-30507,cif,https://elagente.ca/grafico/ConceptualAtoms_0a246510-e00b-4bd0-b990-a930d5a64cea,mp-30507
Cl2V,0.28366477513680555,https://elagente.ca/grafico/ConceptualAtoms_0a344432-28a7-405a-852e-df9f0af9e4e0,https://elagente.ca/ontomlff/MLFFElasticityResult_b49589c9-3bdb-4e7b-a3f1-676e331ed5af,[],[],0.14743464043362586,eV/Å^3,0.37699039191599015,/scratch/kenko/akg4pyscf/.graphchat-workspaces/kenko_room/mlff_elasticity_benchmark/workflow_runs/MACE_OMAT/elasticity_MACE_OMAT/structures/Cl2V_afc48d5c/output.json,mp-22877,cif,https://elagente.ca/grafico/ConceptualAtoms_0a344432-28a7-405a-852e-df9f0af9e4e0,mp-22877
Ge4Re2,1.0856353283485136,https://elagente.ca/grafico/ConceptualAtoms_0a7e5424-b266-4425-80c0-58eb2f85a4fd,https://elagente.ca/ontomlff/MLFFElasticityResult_0486b3ba-9db5-48f1-836b-94b413b14ab4,[],[],0.7194893341207829,eV/Å^3,1.7679146038470575,/scratch/kenko/akg4pyscf/.graphchat-workspaces/kenko_room/mlff_elasticity_benchmark/workflow_runs/MACE_OMAT/elasticity_MACE_OMAT/structures/Ge4Re2_59dab413/output.json,mp-1025067,cif,https://elagente.ca/grafico/ConceptualAtoms_0a7e5424-b266-4425-80c0-58eb2f85a4fd,mp-1025067
BSc3Sn,0.5672899270535283,https://elagente.ca/grafico/ConceptualAtoms_0aaf19af-4943-4426-8dc7-0fa0f78c4c14,https://elagente.ca/ontomlff/MLFFElasticityResult_c8db077b-1a8a-4767-9fff-ccef9c0c5651,[],[],0.4730285944607512,eV/Å^3,1.1104423262640468,/scratch/kenko/akg4pyscf/.graphchat-workspaces/kenko_room/mlff_elasticity_benchmark/workflow_runs/MACE_OMAT/elasticity_MACE_OMAT/structures/BSc3Sn_2469be61/output.json,mp-10139,cif,https://elagente.ca/grafico/ConceptualAtoms_0aaf19af-4943-4426-8dc7-0fa0f78c4c14,mp-10139
S2Sn2,0.0807576672127127,https://elagente.ca/grafico/ConceptualAtoms_0adc20e3-1f4d-4bfb-b26f-83df0daa00b2,https://elagente.ca/ontomlff/MLFFElasticityResult_fb64434c-d0ca-4a2f-aa16-8cc1be20f5e5,[],[],0.039007479475899026,eV/Å^3,0.10079397370412671,/scratch/kenko/akg4pyscf/.graphchat-workspaces/kenko_room/mlff_elasticity_benchmark/workflow_runs/MACE_OMAT/elasticity_MACE_OMAT/structures/S2Sn2_83492ef8/output.json,mp-554134,cif,https://elagente.ca/grafico/ConceptualAtoms_0adc20e3-1f4d-4bfb-b26f-83df0daa00b2,mp-554134
Co8Hf16,0.821440975059792,https://elagente.ca/grafico/ConceptualAtoms_0ae556b6-6861-458a-8398-2aa15241ac64,https://elagente.ca/ontomlff/MLFFElasticityResult_d62c18c6-f7bc-48f3-9c39-0b5f7a4c886f,[],[],0.39447948536706956,eV/Å^3,1.020138540232882,/scratch/kenko/akg4pyscf/.graphchat-workspaces/kenko_room/mlff_elasticity_benchmark/workflow_runs/MACE_OMAT/elasticity_MACE_OMAT/structures/Co8Hf16_7fb342ab/output.json,mp-1190841,cif,https://elagente.ca/grafico/ConceptualAtoms_0ae556b6-6861-458a-8398-2aa15241ac64,mp-1190841
B3GaN4,1.8024691297717457,https://elagente.ca/grafico/ConceptualAtoms_0b6f14e0-3574-44bf-935d-36a873536c8e,https://elagente.ca/ontomlff/MLFFElasticityResult_f6040356-6044-4928-9569-252dc72bb407,[],[],1.572068736382806,eV/Å^3,3.6539201289026493,/scratch/kenko/akg4pyscf/.graphchat-workspaces/kenko_room/mlff_elasticity_benchmark/workflow_runs/MACE_OMAT/elasticity_MACE_OMAT/structures/B3GaN4_3afce025/output.json,mp-1019740,cif,https://elagente.ca/grafico/ConceptualAtoms_0b6f14e0-3574-44bf-935d-36a873536c8e,mp-1019740
Cu3TaTe4,0.4294614941643087,https://elagente.ca/grafico/ConceptualAtoms_0b7f0e38-c049-46e6-87c9-8ce7a200f456,https://elagente.ca/ontomlff/MLFFElasticityResult_827e4176-c58d-4ada-99f9-0fac01c2ac9d,[],[],0.22793110743068926,eV/Å^3,0.5810061648959002,/scratch/kenko/akg4pyscf/.graphchat-workspaces/kenko_room/mlff_elasticity_benchmark/workflow_runs/MACE_OMAT/elasticity_MACE_OMAT/structures/Cu3TaTe4_dab2bd0a/output.json,mp-9295,cif,https://elagente.ca/grafico/ConceptualAtoms_0b7f0e38-c049-46e6-87c9-8ce7a200f456,mp-9295
N3OTa2,1.2414091622944476,https://elagente.ca/grafico/ConceptualAtoms_0c764a28-c545-4f19-8f5c-daa75fe3a1f8,https://elagente.ca/ontomlff/MLFFElasticityResult_d22b214b-5244-4e7d-87f9-78071825d795,[],[],0.46189215867660005,eV/Å^3,1.23278235141498,/scratch/kenko/akg4pyscf/.graphchat-workspaces/kenko_room/mlff_elasticity_benchmark/workflow_runs/MACE_OMAT/elasticity_MACE_OMAT/structures/N3OTa2_8420b573/output.json,mp-1019262,cif,https://elagente.ca/grafico/ConceptualAtoms_0c764a28-c545-4f19-8f5c-daa75fe3a1f8,mp-1019262
AlNi2Ta,1.1715584842036422,https://elagente.ca/grafico/ConceptualAtoms_0c894eeb-5a5e-472c-a003-417734e2c62f,https://elagente.ca/ontomlff/MLFFElasticityResult_c367cab7-c637-49f9-bb6c-1ab1df79c0a2,[],[],0.4594837243926706,eV/Å^3,1.2190776174809232,/scratch/kenko/akg4pyscf/.graphchat-workspaces/kenko_room/mlff_elasticity_benchmark/workflow_runs/MACE_OMAT/elasticity_MACE_OMAT/structures/AlNi2Ta_e7285acc/output.json,mp-5921,cif,https://elagente.ca/grafico/ConceptualAtoms_0c894eeb-5a5e-472c-a003-417734e2c62f,mp-5921
AcInLi2,0.18377000039407,https://elagente.ca/grafico/ConceptualAtoms_0cb04869-f4d0-4f2e-952b-1f7464f48950,https://elagente.ca/ontomlff/MLFFElasticityResult_34ecb4d3-9897-4c7f-93dd-c2069874c45a,[],[],0.17613873759831472,eV/Å^3,0.40046965149605246,/scratch/kenko/akg4pyscf/.graphchat-workspaces/kenko_room/mlff_elasticity_benchmark/workflow_runs/MACE_OMAT/elasticity_MACE_OMAT/structures/AcInLi2_e3bf6b45/output.json,mp-865897,cif,https://elagente.ca/grafico/ConceptualAtoms_0cb04869-f4d0-4f2e-952b-1f7464f48950,mp-865897
AuClTi,0.3273652652412703,https://elagente.ca/grafico/ConceptualAtoms_0cd04202-7654-4249-a0d7-0f68f4a0a96e,https://elagente.ca/ontomlff/MLFFElasticityResult_211a79af-f631-405e-8d94-c34fed905c65,[],[],-0.42648740242395317,eV/Å^3,-2.261582923696128,/scratch/kenko/akg4pyscf/.graphchat-workspaces/kenko_room/mlff_elasticity_benchmark/workflow_runs/MACE_OMAT/elasticity_MACE_OMAT/structures/AuClTi_5e9c3ed1/output.json,mp-962077,cif,https://elagente.ca/grafico/ConceptualAtoms_0cd04202-7654-4249-a0d7-0f68f4a0a96e,mp-962077
Ba2Be4N4,0.6166195372891856,https://elagente.ca/grafico/ConceptualAtoms_0d07d456-327e-4d22-82ee-09ea39cd39dd,https://elagente.ca/ontomlff/MLFFElasticityResult_78f87803-1b0c-40d4-b304-37f2f0c3c2fd,[],[],0.45769356951488116,eV/Å^3,1.1007357467291667,/scratch/kenko/akg4pyscf/.graphchat-workspaces/kenko_room/mlff_elasticity_benchmark/workflow_runs/MACE_OMAT/elasticity_MACE_OMAT/structures/Ba2Be4N4_61875432/output.json,mp-12927,cif,https://elagente.ca/grafico/ConceptualAtoms_0d07d456-327e-4d22-82ee-09ea39cd39dd,mp-12927
MnSc2Si,0.4179706214835101,https://elagente.ca/grafico/ConceptualAtoms_0d5d414f-8cee-4e2f-b249-21347f4951f7,https://elagente.ca/ontomlff/MLFFElasticityResult_aafb34e7-e00d-41a8-a71d-97344f8db0ec,[],[],0.21908176760684034,eV/Å^3,0.5594916808363598,/scratch/kenko/akg4pyscf/.graphchat-workspaces/kenko_room/mlff_elasticity_benchmark/workflow_runs/MACE_OMAT/elasticity_MACE_OMAT/structures/MnSc2Si_5ed5d86e/output.json,mp-999201,cif,https://elagente.ca/grafico/ConceptualAtoms_0d5d414f-8cee-4e2f-b249-21347f4951f7,mp-999201
Cu4Ge2Se6,0.3680126317790571,https://elagente.ca/grafico/ConceptualAtoms_0da7d9f6-d988-43b4-86d3-79ef1e77e011,https://elagente.ca/ontomlff/MLFFElasticityResult_f7b8e8dc-c9ed-4960-ad24-3cbc1778c300,[],[],0.1869223783825764,eV/Å^3,0.4795718197267742,/scratch/kenko/akg4pyscf/.graphchat-workspaces/kenko_room/mlff_elasticity_benchmark/workflow_runs/MACE_OMAT/elasticity_MACE_OMAT/structures/Cu4Ge2Se6_533792a0/output.json,mp-677105,cif,https://elagente.ca/grafico/ConceptualAtoms_0da7d9f6-d988-43b4-86d3-79ef1e77e011,mp-677105
In2SmY,0.3606275045503663,https://elagente.ca/grafico/ConceptualAtoms_0e19aabf-8a1d-44a4-aeee-3430cdcae585,https://elagente.ca/ontomlff/MLFFElasticityResult_599c49be-3f26-4d84-9fe8-922b18c3eca7,[],[],0.12977549744789063,eV/Å^3,0.3476274000662103,/scratch/kenko/akg4pyscf/.graphchat-workspaces/kenko_room/mlff_elasticity_benchmark/workflow_runs/MACE_OMAT/elasticity_MACE_OMAT/structures/In2SmY_ff9a2050/output.json,mp-978833,cif,https://elagente.ca/grafico/ConceptualAtoms_0e19aabf-8a1d-44a4-aeee-3430cdcae585,mp-978833
AlMn,0.7627296824937463,https://elagente.ca/grafico/ConceptualAtoms_0e2a80de-f42f-4138-964d-9966304648d2,https://elagente.ca/ontomlff/MLFFElasticityResult_17d3ace4-f471-45a4-bb7f-02944f938844,[],[],0.43355325317611426,eV/Å^3,1.093474358514227,/scratch/kenko/akg4pyscf/.graphchat-workspaces/kenko_room/mlff_elasticity_benchmark/workflow_runs/MACE_OMAT/elasticity_MACE_OMAT/structures/AlMn_5b74a4bd/output.json,mp-771,cif,https://elagente.ca/grafico/ConceptualAtoms_0e2a80de-f42f-4138-964d-9966304648d2,mp-771
B18Li7O,0.8789128647089477,https://elagente.ca/grafico/ConceptualAtoms_0e2d2e35-451b-4265-b10b-2a52954f853a,https://elagente.ca/ontomlff/MLFFElasticityResult_cdab8622-1511-4f79-812e-ccfc660f43ff,[],[],0.7241973018610712,eV/Å^3,1.704452897651887,/scratch/kenko/akg4pyscf/.graphchat-workspaces/kenko_room/mlff_elasticity_benchmark/workflow_runs/MACE_OMAT/elasticity_MACE_OMAT/structures/B18Li7O_e8e47b6c/output.json,mp-2468835,cif,https://elagente.ca/grafico/ConceptualAtoms_0e2d2e35-451b-4265-b10b-2a52954f853a,mp-2468835
Rh6V2,1.6203187994654629,https://elagente.ca/grafico/ConceptualAtoms_0e365a4a-6c38-4e79-a6fd-87ef086c16ee,https://elagente.ca/ontomlff/MLFFElasticityResult_452dc0f6-5e86-4b3b-b04d-8376e8dbcbe4,[],[],0.9330767297445888,eV/Å^3,2.348439437263972,/scratch/kenko/akg4pyscf/.graphchat-workspaces/kenko_room/mlff_elasticity_benchmark/workflow_runs/MACE_OMAT/elasticity_MACE_OMAT/structures/Rh6V2_eb358afb/output.json,mp-866161,cif,https://elagente.ca/grafico/ConceptualAtoms_0e365a4a-6c38-4e79-a6fd-87ef086c16ee,mp-866161
CeLi2Pb,0.21123496402807748,https://elagente.ca/grafico/ConceptualAtoms_0e4c9fef-deb3-488b-a968-575fa418cf24,https://elagente.ca/ontomlff/MLFFElasticityResult_a8a2dd13-d124-469f-a0e0-da4207496cd4,[],[],0.1987681355485314,eV/Å^3,0.45392584158221705,/scratch/kenko/akg4pyscf/.graphchat-workspaces/kenko_room/mlff_elasticity_benchmark/workflow_runs/MACE_OMAT/elasticity_MACE_OMAT/structures/CeLi2Pb_1e2c3efb/output.json,mp-865932,cif,https://elagente.ca/grafico/ConceptualAtoms_0e4c9fef-deb3-488b-a968-575fa418cf24,mp-865932
Ho3,0.2626781441201467,https://elagente.ca/grafico/ConceptualAtoms_0e5423a5-2b5c-420d-8a03-435ac5722e9d,https://elagente.ca/ontomlff/MLFFElasticityResult_2ce8cf1e-f9f1-4bd9-9171-78bc60e49afa,[],[],0.16603165015014137,eV/Å^3,0.41141382000176924,/scratch/kenko/akg4pyscf/.graphchat-workspaces/kenko_room/mlff_elasticity_benchmark/workflow_runs/MACE_OMAT/elasticity_MACE_OMAT/structures/Ho3_6823a28c/output.json,mp-10659,cif,https://elagente.ca/grafico/ConceptualAtoms_0e5423a5-2b5c-420d-8a03-435ac5722e9d,mp-10659
O6Ti2U,1.2263671478649443,https://elagente.ca/grafico/ConceptualAtoms_0e728e01-28c5-40d8-9fa3-e7396eca73d5,https://elagente.ca/ontomlff/MLFFElasticityResult_1cf68df0-8121-4d83-944e-0e304e3f3c6a,[],[],0.54110668321078,eV/Å^3,1.4151811850425053,/scratch/kenko/akg4pyscf/.graphchat-workspaces/kenko_room/mlff_elasticity_benchmark/workflow_runs/MACE_OMAT/elasticity_MACE_OMAT/structures/O6Ti2U_b3a32840/output.json,mp-9771,cif,https://elagente.ca/grafico/ConceptualAtoms_0e728e01-28c5-40d8-9fa3-e7396eca73d5,mp-9771
B2Pd4,1.1572327398423123,https://elagente.ca/grafico/ConceptualAtoms_0ea2d5a5-2707-4940-9482-3059fe2ebe1e,https://elagente.ca/ontomlff/MLFFElasticityResult_ba6900b1-b79b-497f-9006-1df922e6a55e,[],[],0.36287251635486906,eV/Å^3,0.9855996582533422,/scratch/kenko/akg4pyscf/.graphchat-workspaces/kenko_room/mlff_elasticity_benchmark/workflow_runs/MACE_OMAT/elasticity_MACE_OMAT/structures/B2Pd4_19952aa4/output.json,mp-7424,cif,https://elagente.ca/grafico/ConceptualAtoms_0ea2d5a5-2707-4940-9482-3059fe2ebe1e,mp-7424
Al23B50,1.236931185174233,https://elagente.ca/grafico/ConceptualAtoms_0ed91f9b-e610-4f77-bb9a-28134e985423,https://elagente.ca/ontomlff/MLFFElasticityResult_5231b96a-5051-4fd2-ba79-beed4d586488,[],[],0.7577034350980152,eV/Å^3,1.8876689610807316,/scratch/kenko/akg4pyscf/.graphchat-workspaces/kenko_room/mlff_elasticity_benchmark/workflow_runs/MACE_OMAT/elasticity_MACE_OMAT/structures/Al23B50_edd6ce51/output.json,mp-530274,cif,https://elagente.ca/grafico/ConceptualAtoms_0ed91f9b-e610-4f77-bb9a-28134e985423,mp-530274
O3SnZn,0.9741842114898327,https://elagente.ca/grafico/ConceptualAtoms_0edee365-f013-4406-afb9-9a4aeabea5e4,https://elagente.ca/ontomlff/MLFFElasticityResult_24958e59-80eb-4872-a9a9-92a85ddd93c2,[],[],0.3451851887530592,eV/Å^3,0.9261653816907782,/scratch/kenko/akg4pyscf/.graphchat-workspaces/kenko_room/mlff_elasticity_benchmark/workflow_runs/MACE_OMAT/elasticity_MACE_OMAT/structures/O3SnZn_d82fa6b7/output.json,mp-1016902,cif,https://elagente.ca/grafico/ConceptualAtoms_0edee365-f013-4406-afb9-9a4aeabea5e4,mp-1016902
DyLuMg2,0.27090060456461607,https://elagente.ca/grafico/ConceptualAtoms_0fa0b0e8-9466-4aee-bcfa-0680af66d159,https://elagente.ca/ontomlff/MLFFElasticityResult_f05f3278-2992-414b-9e6c-4d2f2d724b9b,[],[],0.15580521538646114,eV/Å^3,0.39222177225015664,/scratch/kenko/akg4pyscf/.graphchat-workspaces/kenko_room/mlff_elasticity_benchmark/workflow_runs/MACE_OMAT/elasticity_MACE_OMAT/structures/DyLuMg2_d6492349/output.json,mp-866295,cif,https://elagente.ca/grafico/ConceptualAtoms_0fa0b0e8-9466-4aee-bcfa-0680af66d159,mp-866295
C4,0.7491072486241003,https://elagente.ca/grafico/ConceptualAtoms_101f36aa-00a9-4cbe-83d8-d3860ced9d27,https://elagente.ca/ontomlff/MLFFElasticityResult_b9771064-8c13-4c8f-bf83-86798ee82c31,[],[],0.5792397600794285,eV/Å^3,1.3816130724479458,/scratch/kenko/akg4pyscf/.graphchat-workspaces/kenko_room/mlff_elasticity_benchmark/workflow_runs/MACE_OMAT/elasticity_MACE_OMAT/structures/C4_d3cc8150/output.json,mp-568286,cif,https://elagente.ca/grafico/ConceptualAtoms_101f36aa-00a9-4cbe-83d8-d3860ced9d27,mp-568286
CB2Rh2Y,1.2517667851877512,https://elagente.ca/grafico/ConceptualAtoms_107f3810-24fd-4bf8-9600-661f6616dd06,https://elagente.ca/ontomlff/MLFFElasticityResult_4e07b24e-acde-46ba-8ea4-9c2fb730e496,[],[],0.5233656406094626,eV/Å^3,1.3780429540621015,/scratch/kenko/akg4pyscf/.graphchat-workspaces/kenko_room/mlff_elasticity_benchmark/workflow_runs/MACE_OMAT/elasticity_MACE_OMAT/structures/CB2Rh2Y_080a0949/output.json,mp-12737,cif,https://elagente.ca/grafico/ConceptualAtoms_107f3810-24fd-4bf8-9600-661f6616dd06,mp-12737
Ca2Ge2,0.2642089532822442,https://elagente.ca/grafico/ConceptualAtoms_10ae4739-577d-416e-b2fb-a6cc67c560cc,https://elagente.ca/ontomlff/MLFFElasticityResult_2ad9200b-64de-40da-9b8b-dffd357640a3,[],[],0.2235810708672198,eV/Å^3,0.5231695899031653,/scratch/kenko/akg4pyscf/.graphchat-workspaces/kenko_room/mlff_elasticity_benchmark/workflow_runs/MACE_OMAT/elasticity_MACE_OMAT/structures/Ca2Ge2_1d3ff4ad/output.json,mp-2360,cif,https://elagente.ca/grafico/ConceptualAtoms_10ae4739-577d-416e-b2fb-a6cc67c560cc,mp-2360
Co2GeLi,0.9131030438451699,https://elagente.ca/grafico/ConceptualAtoms_10f2db73-ce4f-4821-81ff-a14114260b7d,https://elagente.ca/ontomlff/MLFFElasticityResult_113f7ce5-a6d2-49ea-a89b-00ea793a8537,[],[],0.5601082878491959,eV/Å^3,1.3950733288910282,/scratch/kenko/akg4pyscf/.graphchat-workspaces/kenko_room/mlff_elasticity_benchmark/workflow_runs/MACE_OMAT/elasticity_MACE_OMAT/structures/Co2GeLi_f54d36f7/output.json,mp-13914,cif,https://elagente.ca/grafico/ConceptualAtoms_10f2db73-ce4f-4821-81ff-a14114260b7d,mp-13914
MnPbRh2,1.0603455546108842,https://elagente.ca/grafico/ConceptualAtoms_11487584-9fdb-47eb-87db-4b0dd42f40b6,https://elagente.ca/ontomlff/MLFFElasticityResult_21b4ee00-946c-4b01-bcc6-c01d405bb3e2,[],[],0.22712872847459148,eV/Å^3,0.6359768933029235,/scratch/kenko/akg4pyscf/.graphchat-workspaces/kenko_room/mlff_elasticity_benchmark/workflow_runs/MACE_OMAT/elasticity_MACE_OMAT/structures/MnPbRh2_7900ee7f/output.json,mp-4652,cif,https://elagente.ca/grafico/ConceptualAtoms_11487584-9fdb-47eb-87db-4b0dd42f40b6,mp-4652
AlSm2Zn,0.36936415146101564,https://elagente.ca/grafico/ConceptualAtoms_116f93cb-0cab-41f5-98af-73853d912642,https://elagente.ca/ontomlff/MLFFElasticityResult_50106306-e2fb-42d6-b266-0ead65324b69,[],[],0.20259159525487724,eV/Å^3,0.5138314258543906,/scratch/kenko/akg4pyscf/.graphchat-workspaces/kenko_room/mlff_elasticity_benchmark/workflow_runs/MACE_OMAT/elasticity_MACE_OMAT/structures/AlSm2Zn_85c671cf/output.json,mp-972504,cif,https://elagente.ca/grafico/ConceptualAtoms_116f93cb-0cab-41f5-98af-73853d912642,mp-972504
LuSmZn2,0.3466447574709075,https://elagente.ca/grafico/ConceptualAtoms_117d2cf5-4d7d-4c06-854a-54ba9e0a2018,https://elagente.ca/ontomlff/MLFFElasticityResult_544b9a10-55cc-4ac5-bb74-ab79893a4584,[],[],0.19291751529620219,eV/Å^3,0.48818894024086756,/scratch/kenko/akg4pyscf/.graphchat-workspaces/kenko_room/mlff_elasticity_benchmark/workflow_runs/MACE_OMAT/elasticity_MACE_OMAT/structures/LuSmZn2_07b1c4d2/output.json,mp-978549,cif,https://elagente.ca/grafico/ConceptualAtoms_117d2cf5-4d7d-4c06-854a-54ba9e0a2018,mp-978549
CuSb3Ti2,0.6165010650323293,https://elagente.ca/grafico/ConceptualAtoms_119d58d8-7a65-42b6-8b0e-7418a5e8c417,https://elagente.ca/ontomlff/MLFFElasticityResult_5c0ecef4-cc0b-48ef-964d-d7d5e81b0933,[],[],0.3414640605016862,eV/Å^3,0.8647398120097793,/scratch/kenko/akg4pyscf/.graphchat-workspaces/kenko_room/mlff_elasticity_benchmark/workflow_runs/MACE_OMAT/elasticity_MACE_OMAT/structures/CuSb3Ti2_9e6df411/output.json,mp-505804,cif,https://elagente.ca/grafico/ConceptualAtoms_119d58d8-7a65-42b6-8b0e-7418a5e8c417,mp-505804
ClCu,0.2967265847691217,https://elagente.ca/grafico/ConceptualAtoms_11ba42e6-a516-4d3f-a60e-12e294749c1c,https://elagente.ca/ontomlff/MLFFElasticityResult_9e25a789-5fbf-49bc-914b-970d0d516b17,[],[],0.10042759958883224,eV/Å^3,0.2707388015323564,/scratch/kenko/akg4pyscf/.graphchat-workspaces/kenko_room/mlff_elasticity_benchmark/workflow_runs/MACE_OMAT/elasticity_MACE_OMAT/structures/ClCu_c225d2f3/output.json,mp-22914,cif,https://elagente.ca/grafico/ConceptualAtoms_11ba42e6-a516-4d3f-a60e-12e294749c1c,mp-22914
F8HfNa3,0.5138639466355903,https://elagente.ca/grafico/ConceptualAtoms_11d2e43c-73b0-4e8b-a83c-8a3b7bc4dde8,https://elagente.ca/ontomlff/MLFFElasticityResult_5bd99115-1a27-4dfc-b89f-793391aabac0,[],[],0.1917764825266643,eV/Å^3,0.5116761222463421,/scratch/kenko/akg4pyscf/.graphchat-workspaces/kenko_room/mlff_elasticity_benchmark/workflow_runs/MACE_OMAT/elasticity_MACE_OMAT/structures/F8HfNa3_a8da9798/output.json,mp-864765,cif,https://elagente.ca/grafico/ConceptualAtoms_11d2e43c-73b0-4e8b-a83c-8a3b7bc4dde8,mp-864765
Co2SnV,1.2519787804529157,https://elagente.ca/grafico/ConceptualAtoms_122a9aed-a8ce-4d2d-82f6-fdfb784aa640,https://elagente.ca/ontomlff/MLFFElasticityResult_227aedf0-c532-48ca-8c45-13056ec47fe2,[],[],0.4657108427027983,eV/Å^3,1.2430079083416459,/scratch/kenko/akg4pyscf/.graphchat-workspaces/kenko_room/mlff_elasticity_benchmark/workflow_runs/MACE_OMAT/elasticity_MACE_OMAT/structures/Co2SnV_4dccc67a/output.json,mp-21469,cif,https://elagente.ca/grafico/ConceptualAtoms_122a9aed-a8ce-4d2d-82f6-fdfb784aa640,mp-21469
CoSbTa,1.042632623807144,https://elagente.ca/grafico/ConceptualAtoms_123d5c75-fbbd-4c71-ae22-00641b92f431,https://elagente.ca/ontomlff/MLFFElasticityResult_5b970aed-dbd4-450a-b9de-584796e20432,[],[],0.43728786563594335,eV/Å^3,1.1509569640963782,/scratch/kenko/akg4pyscf/.graphchat-workspaces/kenko_room/mlff_elasticity_benchmark/workflow_runs/MACE_OMAT/elasticity_MACE_OMAT/structures/CoSbTa_26e0d0c8/output.json,mp-31459,cif,https://elagente.ca/grafico/ConceptualAtoms_123d5c75-fbbd-4c71-ae22-00641b92f431,mp-31459
Hg6Mg10,0.292903080526575,https://elagente.ca/grafico/ConceptualAtoms_12cfbab5-839e-4bc5-af61-f09e91787135,https://elagente.ca/ontomlff/MLFFElasticityResult_62ae89df-8524-47e0-bb47-645061ca0acb,[],[],0.1279233375575874,eV/Å^3,0.33500034050728317,/scratch/kenko/akg4pyscf/.graphchat-workspaces/kenko_room/mlff_elasticity_benchmark/workflow_runs/MACE_OMAT/elasticity_MACE_OMAT/structures/Hg6Mg10_d9398274/output.json,mp-11465,cif,https://elagente.ca/grafico/ConceptualAtoms_12cfbab5-839e-4bc5-af61-f09e91787135,mp-11465
GeSe,0.40444198916492935,https://elagente.ca/grafico/ConceptualAtoms_12f2d15a-ccf8-470e-8a17-a9fe8a3eb1e7,https://elagente.ca/ontomlff/MLFFElasticityResult_29c06a67-bff9-4777-a086-6fd382a8e82d,[],[],0.21703825948270938,eV/Å^3,0.5523169928404245,/scratch/kenko/akg4pyscf/.graphchat-workspaces/kenko_room/mlff_elasticity_benchmark/workflow_runs/MACE_OMAT/elasticity_MACE_OMAT/structures/GeSe_62e4cfca/output.json,mp-10759,cif,https://elagente.ca/grafico/ConceptualAtoms_12f2d15a-ccf8-470e-8a17-a9fe8a3eb1e7,mp-10759
Nb2O5,1.184946408762587,https://elagente.ca/grafico/ConceptualAtoms_13184330-e07f-4b1c-9ce3-d3621c38c184,https://elagente.ca/ontomlff/MLFFElasticityResult_6a07352d-111b-4d3f-bfe2-35be3067f863,[],[],0.5766179230580968,eV/Å^3,1.4884220777592092,/scratch/kenko/akg4pyscf/.graphchat-workspaces/kenko_room/mlff_elasticity_benchmark/workflow_runs/MACE_OMAT/elasticity_MACE_OMAT/structures/Nb2O5_1325cc12/output.json,mp-1595,cif,https://elagente.ca/grafico/ConceptualAtoms_13184330-e07f-4b1c-9ce3-d3621c38c184,mp-1595
Al2CoOs,1.2459459811333335,https://elagente.ca/grafico/ConceptualAtoms_1323bdbb-acfd-453d-b57c-cd387592761b,https://elagente.ca/ontomlff/MLFFElasticityResult_50254d29-03df-478a-b460-0fc238195269,[],[],0.7744705975858317,eV/Å^3,1.9246327413627213,/scratch/kenko/akg4pyscf/.graphchat-workspaces/kenko_room/mlff_elasticity_benchmark/workflow_runs/MACE_OMAT/elasticity_MACE_OMAT/structures/Al2CoOs_2cc04821/output.json,mp-984352,cif,https://elagente.ca/grafico/ConceptualAtoms_1323bdbb-acfd-453d-b57c-cd387592761b,mp-984352
C2LaNi,0.9369002591171133,https://elagente.ca/grafico/ConceptualAtoms_134499b1-28db-4df2-a074-4677126b5803,https://elagente.ca/ontomlff/MLFFElasticityResult_2b80a72c-4a41-44b8-af13-ceedbe2a5ab6,[],[],0.5261809029376578,eV/Å^3,1.3296279712137278,/scratch/kenko/akg4pyscf/.graphchat-workspaces/kenko_room/mlff_elasticity_benchmark/workflow_runs/MACE_OMAT/elasticity_MACE_OMAT/structures/C2LaNi_2bec35de/output.json,mp-1018048,cif,https://elagente.ca/grafico/ConceptualAtoms_134499b1-28db-4df2-a074-4677126b5803,mp-1018048
Ni4Pd4Te4,0.7844982089938298,https://elagente.ca/grafico/ConceptualAtoms_13476f1a-ca31-455d-93fb-dd0e2c85b854,https://elagente.ca/ontomlff/MLFFElasticityResult_80cd77ab-b7d2-410c-96b9-34dfcfbc7e98,[],[],0.28187208508264183,eV/Å^3,0.7551713027654614,/scratch/kenko/akg4pyscf/.graphchat-workspaces/kenko_room/mlff_elasticity_benchmark/workflow_runs/MACE_OMAT/elasticity_MACE_OMAT/structures/Ni4Pd4Te4_448b9f3e/output.json,mp-569511,cif,https://elagente.ca/grafico/ConceptualAtoms_13476f1a-ca31-455d-93fb-dd0e2c85b854,mp-569511
O8Pd6Tl2,0.862606590162194,https://elagente.ca/grafico/ConceptualAtoms_13ea90ee-120a-4b5e-ae0a-f4903bd953f9,https://elagente.ca/ontomlff/MLFFElasticityResult_713ed823-256c-4e88-95e4-a16d80dfb50d,[],[],0.3868835904131585,eV/Å^3,1.0096990012259734,/scratch/kenko/akg4pyscf/.graphchat-workspaces/kenko_room/mlff_elasticity_benchmark/workflow_runs/MACE_OMAT/elasticity_MACE_OMAT/structures/O8Pd6Tl2_7bc56875/output.json,mp-5478,cif,https://elagente.ca/grafico/ConceptualAtoms_13ea90ee-120a-4b5e-ae0a-f4903bd953f9,mp-5478
H4BRb,0.2089390860976853,https://elagente.ca/grafico/ConceptualAtoms_13f10f54-ebe5-4ac2-926a-34d60d12d8ae,https://elagente.ca/ontomlff/MLFFElasticityResult_a005ff2b-e5a3-4c96-9299-1451d41f8bce,[],[],0.16135824018549166,eV/Å^3,0.38497313064654404,/scratch/kenko/akg4pyscf/.graphchat-workspaces/kenko_room/mlff_elasticity_benchmark/workflow_runs/MACE_OMAT/elasticity_MACE_OMAT/structures/H4BRb_adea3493/output.json,mp-1219553,cif,https://elagente.ca/grafico/ConceptualAtoms_13f10f54-ebe5-4ac2-926a-34d60d12d8ae,mp-1219553
PuSi2,0.6625768505594747,https://elagente.ca/grafico/ConceptualAtoms_13f2b4cf-08b6-4842-b023-a2ef7fee1236,https://elagente.ca/ontomlff/MLFFElasticityResult_15da4697-e2a3-45d6-a468-adfc8c7d80fb,[],[],0.4186543474102723,eV/Å^3,1.0374550271515626,/scratch/kenko/akg4pyscf/.graphchat-workspaces/kenko_room/mlff_elasticity_benchmark/workflow_runs/MACE_OMAT/elasticity_MACE_OMAT/structures/PuSi2_6fd81443/output.json,mp-10186,cif,https://elagente.ca/grafico/ConceptualAtoms_13f2b4cf-08b6-4842-b023-a2ef7fee1236,mp-10186
Nb4Rh4Si4,1.4054999119181124,https://elagente.ca/grafico/ConceptualAtoms_143dfed8-86ab-4aae-bf0d-f893d72c7656,https://elagente.ca/ontomlff/MLFFElasticityResult_10a8550b-8e31-4a1b-af85-0b3fc7bd2bc1,[],[],0.769811455378089,eV/Å^3,1.9528924331607185,/scratch/kenko/akg4pyscf/.graphchat-workspaces/kenko_room/mlff_elasticity_benchmark/workflow_runs/MACE_OMAT/elasticity_MACE_OMAT/structures/Nb4Rh4Si4_eaf7b567/output.json,mp-10470,cif,https://elagente.ca/grafico/ConceptualAtoms_143dfed8-86ab-4aae-bf0d-f893d72c7656,mp-10470
HfPt3,1.696870919428351,https://elagente.ca/grafico/ConceptualAtoms_14545e88-b40a-4188-9e08-8042cf1cd936,https://elagente.ca/ontomlff/MLFFElasticityResult_d26c8e11-af97-478f-bbd6-a925a4efd578,[],[],0.7204893496396596,eV/Å^3,1.8934784868858496,/scratch/kenko/akg4pyscf/.graphchat-workspaces/kenko_room/mlff_elasticity_benchmark/workflow_runs/MACE_OMAT/elasticity_MACE_OMAT/structures/HfPt3_f53ae412/output.json,mp-1018054,cif,https://elagente.ca/grafico/ConceptualAtoms_14545e88-b40a-4188-9e08-8042cf1cd936,mp-1018054
Mg5Y,0.2290080400856106,https://elagente.ca/grafico/ConceptualAtoms_14e93a9f-1b1e-4fd8-80d8-badd07ee59ae,https://elagente.ca/ontomlff/MLFFElasticityResult_dd88639e-bfa4-411d-9282-f02ab1900e4f,[],[],0.06447374822946397,eV/Å^3,0.17682692931476643,/scratch/kenko/akg4pyscf/.graphchat-workspaces/kenko_room/mlff_elasticity_benchmark/workflow_runs/MACE_OMAT/elasticity_MACE_OMAT/structures/Mg5Y_e4dfb935/output.json,mp-981252,cif,https://elagente.ca/grafico/ConceptualAtoms_14e93a9f-1b1e-4fd8-80d8-badd07ee59ae,mp-981252
Sb2Se2Th2,0.5264323864127182,https://elagente.ca/grafico/ConceptualAtoms_14f5ab71-f1f5-43f4-893f-ef858feb0a26,https://elagente.ca/ontomlff/MLFFElasticityResult_d6498aa8-432e-4101-9a9c-291e4211e0be,[],[],0.25312822809845914,eV/Å^3,0.6544845334301975,/scratch/kenko/akg4pyscf/.graphchat-workspaces/kenko_room/mlff_elasticity_benchmark/workflow_runs/MACE_OMAT/elasticity_MACE_OMAT/structures/Sb2Se2Th2_bc4980ea/output.json,mp-1019359,cif,https://elagente.ca/grafico/ConceptualAtoms_14f5ab71-f1f5-43f4-893f-ef858feb0a26,mp-1019359
BN,2.1417318358826813,https://elagente.ca/grafico/ConceptualAtoms_15320eb3-51d6-4b1d-a6fd-1cce348f084a,https://elagente.ca/ontomlff/MLFFElasticityResult_583a372d-8384-4aac-bc28-da6e13490b76,[],[],2.265080591809138,eV/Å^3,5.02409318520797,/scratch/kenko/akg4pyscf/.graphchat-workspaces/kenko_room/mlff_elasticity_benchmark/workflow_runs/MACE_OMAT/elasticity_MACE_OMAT/structures/BN_db6791f0/output.json,mp-1639,cif,https://elagente.ca/grafico/ConceptualAtoms_15320eb3-51d6-4b1d-a6fd-1cce348f084a,mp-1639
NiRhZn2,0.9535425642606775,https://elagente.ca/grafico/ConceptualAtoms_156a5a96-1644-40ff-bac2-70d9f673b905,https://elagente.ca/ontomlff/MLFFElasticityResult_60c5fd6d-f672-4eae-9f89-5b181d6f623a,[],[],0.37928352180757796,eV/Å^3,1.0046469245942786,/scratch/kenko/akg4pyscf/.graphchat-workspaces/kenko_room/mlff_elasticity_benchmark/workflow_runs/MACE_OMAT/elasticity_MACE_OMAT/structures/NiRhZn2_cf1dd55c/output.json,mp-864654,cif,https://elagente.ca/grafico/ConceptualAtoms_156a5a96-1644-40ff-bac2-70d9f673b905,mp-864654
C2Dy,0.7920792634600413,https://elagente.ca/grafico/ConceptualAtoms_15848c85-252d-40af-a00f-71cbe52ad262,https://elagente.ca/ontomlff/MLFFElasticityResult_2af7ab71-5f20-4b71-a1bf-b144e5b019e6,[],[],0.3782991640285076,eV/Å^3,0.9790343544257215,/scratch/kenko/akg4pyscf/.graphchat-workspaces/kenko_room/mlff_elasticity_benchmark/workflow_runs/MACE_OMAT/elasticity_MACE_OMAT/structures/C2Dy_97b030cd/output.json,mp-541840,cif,https://elagente.ca/grafico/ConceptualAtoms_15848c85-252d-40af-a00f-71cbe52ad262,mp-541840
BiNa,0.1832819305649174,https://elagente.ca/grafico/ConceptualAtoms_159295fa-0ca2-43b6-ad94-5a484358c965,https://elagente.ca/ontomlff/MLFFElasticityResult_d4dc2b13-de0f-4363-88fa-7d7e453846fe,[],[],0.08345453279845354,eV/Å^3,0.2173713886557797,/scratch/kenko/akg4pyscf/.graphchat-workspaces/kenko_room/mlff_elasticity_benchmark/workflow_runs/MACE_OMAT/elasticity_MACE_OMAT/structures/BiNa_52d9734c/output.json,mp-22924,cif,https://elagente.ca/grafico/ConceptualAtoms_159295fa-0ca2-43b6-ad94-5a484358c965,mp-22924
Al20O48Y12,1.158006739405478,https://elagente.ca/grafico/ConceptualAtoms_1656bef3-23c0-48be-9be9-9661c99c7734,https://elagente.ca/ontomlff/MLFFElasticityResult_f06eb5c0-a486-4354-8b58-71f6cd61a00b,[],[],0.7662443182725083,eV/Å^3,1.8833364504963148,/scratch/kenko/akg4pyscf/.graphchat-workspaces/kenko_room/mlff_elasticity_benchmark/workflow_runs/MACE_OMAT/elasticity_MACE_OMAT/structures/Al20O48Y12_d0f7d3e6/output.json,mp-3050,cif,https://elagente.ca/grafico/ConceptualAtoms_1656bef3-23c0-48be-9be9-9661c99c7734,mp-3050
Pd3Sn,0.948465264965634,https://elagente.ca/grafico/ConceptualAtoms_16bd781f-8ed5-43f6-9b77-9a09403f2b3e,https://elagente.ca/ontomlff/MLFFElasticityResult_9381d902-21e2-466f-999c-3b7ac5eb0c02,[],[],0.3782411372678892,eV/Å^3,1.0015821546469892,/scratch/kenko/akg4pyscf/.graphchat-workspaces/kenko_room/mlff_elasticity_benchmark/workflow_runs/MACE_OMAT/elasticity_MACE_OMAT/structures/Pd3Sn_1b6c2ed3/output.json,mp-718,cif,https://elagente.ca/grafico/ConceptualAtoms_16bd781f-8ed5-43f6-9b77-9a09403f2b3e,mp-718
CaNi2Si2,0.7235260912852881,https://elagente.ca/grafico/ConceptualAtoms_17075c77-cc62-4739-aa25-f600e731b089,https://elagente.ca/ontomlff/MLFFElasticityResult_57d0b446-5fd7-447c-ae58-75b40d49a9a4,[],[],0.38489841535975655,eV/Å^3,0.9807784295749596,/scratch/kenko/akg4pyscf/.graphchat-workspaces/kenko_room/mlff_elasticity_benchmark/workflow_runs/MACE_OMAT/elasticity_MACE_OMAT/structures/CaNi2Si2_57417da4/output.json,mp-5292,cif,https://elagente.ca/grafico/ConceptualAtoms_17075c77-cc62-4739-aa25-f600e731b089,mp-5292
O24Tb16,0.8883277971040537,https://elagente.ca/grafico/ConceptualAtoms_1742aed6-da84-49f1-9467-b8803fc3c495,https://elagente.ca/ontomlff/MLFFElasticityResult_4d574277-054a-412b-97c9-90fef633e6d2,[],[],0.5117137408533208,eV/Å^3,1.2878551814135706,/scratch/kenko/akg4pyscf/.graphchat-workspaces/kenko_room/mlff_elasticity_benchmark/workflow_runs/MACE_OMAT/elasticity_MACE_OMAT/structures/O24Tb16_2d333bf8/output.json,mp-1056,cif,https://elagente.ca/grafico/ConceptualAtoms_1742aed6-da84-49f1-9467-b8803fc3c495,mp-1056
KO2Sc,0.7098277980221179,https://elagente.ca/grafico/ConceptualAtoms_1747d6ea-102a-4769-9a8d-1d52943cb8c1,https://elagente.ca/ontomlff/MLFFElasticityResult_b1a4afb6-c28d-4fec-8e1d-22ff0c873e50,[],[],0.46946561833333955,eV/Å^3,1.1539886702927653,/scratch/kenko/akg4pyscf/.graphchat-workspaces/kenko_room/mlff_elasticity_benchmark/workflow_runs/MACE_OMAT/elasticity_MACE_OMAT/structures/KO2Sc_1e659225/output.json,mp-8188,cif,https://elagente.ca/grafico/ConceptualAtoms_1747d6ea-102a-4769-9a8d-1d52943cb8c1,mp-8188
AsLiZn,0.33645377661551557,https://elagente.ca/grafico/ConceptualAtoms_174d69a6-7e35-4924-86ac-e14d333bef22,https://elagente.ca/ontomlff/MLFFElasticityResult_78bf9686-f8f1-4de6-9caa-3ed01d3c2aac,[],[],0.26295275456758394,eV/Å^3,0.625822692576808,/scratch/kenko/akg4pyscf/.graphchat-workspaces/kenko_room/mlff_elasticity_benchmark/workflow_runs/MACE_OMAT/elasticity_MACE_OMAT/structures/AsLiZn_56d927a5/output.json,mp-9124,cif,https://elagente.ca/grafico/ConceptualAtoms_174d69a6-7e35-4924-86ac-e14d333bef22,mp-9124
Ga3Lu,0.4238450678413087,https://elagente.ca/grafico/ConceptualAtoms_1785ac0a-0d4b-4014-9a9b-e67ff95a924d,https://elagente.ca/ontomlff/MLFFElasticityResult_009f00f1-fc70-486a-8e6c-d370d68be6fc,[],[],0.26537812395233584,eV/Å^3,0.6586662126314526,/scratch/kenko/akg4pyscf/.graphchat-workspaces/kenko_room/mlff_elasticity_benchmark/workflow_runs/MACE_OMAT/elasticity_MACE_OMAT/structures/Ga3Lu_cbf357e6/output.json,mp-495,cif,https://elagente.ca/grafico/ConceptualAtoms_1785ac0a-0d4b-4014-9a9b-e67ff95a924d,mp-495
Mg3Pr,0.2633483379437498,https://elagente.ca/grafico/ConceptualAtoms_17f70412-f2e2-44d9-9141-5b9776e9d656,https://elagente.ca/ontomlff/MLFFElasticityResult_0709d47c-0b2b-4651-a4f9-12acbcac2950,[],[],0.17676029828495693,eV/Å^3,0.4333300320754837,/scratch/kenko/akg4pyscf/.graphchat-workspaces/kenko_room/mlff_elasticity_benchmark/workflow_runs/MACE_OMAT/elasticity_MACE_OMAT/structures/Mg3Pr_51e52efe/output.json,mp-428,cif,https://elagente.ca/grafico/ConceptualAtoms_17f70412-f2e2-44d9-9141-5b9776e9d656,mp-428
Ba2Pb2,0.14813273488220258,https://elagente.ca/grafico/ConceptualAtoms_18124011-6889-46f2-a7a1-940bfb2cda9b,https://elagente.ca/ontomlff/MLFFElasticityResult_f309ed9d-3618-462f-86a4-c8563a23300b,[],[],0.09496450456534594,eV/Å^3,0.23473288723828042,/scratch/kenko/akg4pyscf/.graphchat-workspaces/kenko_room/mlff_elasticity_benchmark/workflow_runs/MACE_OMAT/elasticity_MACE_OMAT/structures/Ba2Pb2_53dab737/output.json,mp-20136,cif,https://elagente.ca/grafico/ConceptualAtoms_18124011-6889-46f2-a7a1-940bfb2cda9b,mp-20136
Mn2S16Ta8,0.8096987639879233,https://elagente.ca/grafico/ConceptualAtoms_1898d65a-5def-4007-936c-680aff1ef668,https://elagente.ca/ontomlff/MLFFElasticityResult_cf8a75a9-4ee1-4f2d-ba1e-f27ec10b5dd5,[],[],0.5530051970568657,eV/Å^3,1.351365349455648,/scratch/kenko/akg4pyscf/.graphchat-workspaces/kenko_room/mlff_elasticity_benchmark/workflow_runs/MACE_OMAT/elasticity_MACE_OMAT/structures/Mn2S16Ta8_77586b4a/output.json,mp-3581,cif,https://elagente.ca/grafico/ConceptualAtoms_1898d65a-5def-4007-936c-680aff1ef668,mp-3581
ErRu2Ta,1.2019406641178554,https://elagente.ca/grafico/ConceptualAtoms_190f1914-51e5-41cf-8eba-94f9e3293654,https://elagente.ca/ontomlff/MLFFElasticityResult_65f805b9-503f-4540-94fd-17c1bd667e8b,[],[],0.5024628323433089,eV/Å^3,1.323027692952701,/scratch/kenko/akg4pyscf/.graphchat-workspaces/kenko_room/mlff_elasticity_benchmark/workflow_runs/MACE_OMAT/elasticity_MACE_OMAT/structures/ErRu2Ta_0b5b957a/output.json,mp-863679,cif,https://elagente.ca/grafico/ConceptualAtoms_190f1914-51e5-41cf-8eba-94f9e3293654,mp-863679
BIn2Re,0.6504278801775589,https://elagente.ca/grafico/ConceptualAtoms_1971772a-d44b-4ab6-bdd3-9ae1b9107981,https://elagente.ca/ontomlff/MLFFElasticityResult_e2848bce-5b70-4dfb-8892-c6d3fe30c43e,[],[],0.17311733754914613,eV/Å^3,0.4770300411326747,/scratch/kenko/akg4pyscf/.graphchat-workspaces/kenko_room/mlff_elasticity_benchmark/workflow_runs/MACE_OMAT/elasticity_MACE_OMAT/structures/BIn2Re_e76c6892/output.json,mp-631547,cif,https://elagente.ca/grafico/ConceptualAtoms_1971772a-d44b-4ab6-bdd3-9ae1b9107981,mp-631547
P4Ti4,0.8612548986131765,https://elagente.ca/grafico/ConceptualAtoms_19c4fdd4-c4f1-46d6-8e81-e9a801b9b5aa,https://elagente.ca/ontomlff/MLFFElasticityResult_75336f4c-ea01-4178-9f30-1c3b150bb5d0,[],[],0.6105805557491503,eV/Å^3,1.4816148784726355,/scratch/kenko/akg4pyscf/.graphchat-workspaces/kenko_room/mlff_elasticity_benchmark/workflow_runs/MACE_OMAT/elasticity_MACE_OMAT/structures/P4Ti4_81799acf/output.json,mp-739,cif,https://elagente.ca/grafico/ConceptualAtoms_19c4fdd4-c4f1-46d6-8e81-e9a801b9b5aa,mp-739
CdNpPt2,0.7687012852629045,https://elagente.ca/grafico/ConceptualAtoms_1a8e8ef2-786c-43d3-a3dd-2270d931444a,https://elagente.ca/ontomlff/MLFFElasticityResult_d2f428a3-3d0f-4e21-9a61-11d28e8d81bd,[],[],0.13578107551270563,eV/Å^3,0.3846928957656986,/scratch/kenko/akg4pyscf/.graphchat-workspaces/kenko_room/mlff_elasticity_benchmark/workflow_runs/MACE_OMAT/elasticity_MACE_OMAT/structures/CdNpPt2_2d835845/output.json,mp-864787,cif,https://elagente.ca/grafico/ConceptualAtoms_1a8e8ef2-786c-43d3-a3dd-2270d931444a,mp-864787
Ca6Hg4,0.1724658330729093,https://elagente.ca/grafico/ConceptualAtoms_1aad12fb-6e25-4187-93a7-3848c29f7ef9,https://elagente.ca/ontomlff/MLFFElasticityResult_f21f1fa5-a570-48d4-b26c-a76c439ef577,[],[],0.08622989810218426,eV/Å^3,0.22173513247065238,/scratch/kenko/akg4pyscf/.graphchat-workspaces/kenko_room/mlff_elasticity_benchmark/workflow_runs/MACE_OMAT/elasticity_MACE_OMAT/structures/Ca6Hg4_b683e37b/output.json,mp-11288,cif,https://elagente.ca/grafico/ConceptualAtoms_1aad12fb-6e25-4187-93a7-3848c29f7ef9,mp-11288
CoMn2Si,1.6185341305826442,https://elagente.ca/grafico/ConceptualAtoms_1ae46543-5ca5-42ac-850e-9aec9eaa19cf,https://elagente.ca/ontomlff/MLFFElasticityResult_18fd9275-4d56-44a1-96aa-d31eace2b6f0,[],[],0.6140796918443838,eV/Å^3,1.6354114050181423,/scratch/kenko/akg4pyscf/.graphchat-workspaces/kenko_room/mlff_elasticity_benchmark/workflow_runs/MACE_OMAT/elasticity_MACE_OMAT/structures/CoMn2Si_db7ae545/output.json,mp-13082,cif,https://elagente.ca/grafico/ConceptualAtoms_1ae46543-5ca5-42ac-850e-9aec9eaa19cf,mp-13082
Cu4Se8,0.4685184547054631,https://elagente.ca/grafico/ConceptualAtoms_1ae7edd7-74f1-4e28-b352-fd36a7120cab,https://elagente.ca/ontomlff/MLFFElasticityResult_09aaa1fc-2273-42f8-adf9-db17902a48af,[],[],0.16892197975710793,eV/Å^3,0.4523962107590155,/scratch/kenko/akg4pyscf/.graphchat-workspaces/kenko_room/mlff_elasticity_benchmark/workflow_runs/MACE_OMAT/elasticity_MACE_OMAT/structures/Cu4Se8_059894af/output.json,mp-2280,cif,https://elagente.ca/grafico/ConceptualAtoms_1ae7edd7-74f1-4e28-b352-fd36a7120cab,mp-2280
As8Ni4,0.7874010423622115,https://elagente.ca/grafico/ConceptualAtoms_1cbe0d8b-15bd-458f-bceb-27d49d92959d,https://elagente.ca/ontomlff/MLFFElasticityResult_4b861e48-bfd6-493c-b209-ade393b6dfa6,[],[],0.4742353379258851,eV/Å^3,1.184838182151681,/scratch/kenko/akg4pyscf/.graphchat-workspaces/kenko_room/mlff_elasticity_benchmark/workflow_runs/MACE_OMAT/elasticity_MACE_OMAT/structures/As8Ni4_05796817/output.json,mp-21873,cif,https://elagente.ca/grafico/ConceptualAtoms_1cbe0d8b-15bd-458f-bceb-27d49d92959d,mp-21873
Mn2S2,0.3465376297290737,https://elagente.ca/grafico/ConceptualAtoms_1cd93cf2-7db5-4312-ad21-0f41529f05f8,https://elagente.ca/ontomlff/MLFFElasticityResult_3bf1589a-d2ea-446b-9e13-a212fade9025,[],[],0.22564237134326964,eV/Å^3,0.5562056722772567,/scratch/kenko/akg4pyscf/.graphchat-workspaces/kenko_room/mlff_elasticity_benchmark/workflow_runs/MACE_OMAT/elasticity_MACE_OMAT/structures/Mn2S2_ef68cc70/output.json,mp-2065,cif,https://elagente.ca/grafico/ConceptualAtoms_1cd93cf2-7db5-4312-ad21-0f41529f05f8,mp-2065
BrKO3,0.3674944693591386,https://elagente.ca/grafico/ConceptualAtoms_1d3ed963-d22f-42ad-8a82-5683b9ef4892,https://elagente.ca/ontomlff/MLFFElasticityResult_82204119-3cbe-4976-ab46-13fcf2b33672,[],[],0.23551311981379747,eV/Å^3,0.58217484477741,/scratch/kenko/akg4pyscf/.graphchat-workspaces/kenko_room/mlff_elasticity_benchmark/workflow_runs/MACE_OMAT/elasticity_MACE_OMAT/structures/BrKO3_a4152650/output.json,mp-22958,cif,https://elagente.ca/grafico/ConceptualAtoms_1d3ed963-d22f-42ad-8a82-5683b9ef4892,mp-22958
Ni6P3,1.225926375574866,https://elagente.ca/grafico/ConceptualAtoms_1de40dae-fc8d-4518-8921-67ca8ff7ecba,https://elagente.ca/ontomlff/MLFFElasticityResult_e5be2bb0-8ecd-431c-be4c-31e93325996b,[],[],0.40967173284708136,eV/Å^3,1.105835054392783,/scratch/kenko/akg4pyscf/.graphchat-workspaces/kenko_room/mlff_elasticity_benchmark/workflow_runs/MACE_OMAT/elasticity_MACE_OMAT/structures/Ni6P3_580b6f99/output.json,mp-21167,cif,https://elagente.ca/grafico/ConceptualAtoms_1de40dae-fc8d-4518-8921-67ca8ff7ecba,mp-21167
TeYb,0.2648814919192579,https://elagente.ca/grafico/ConceptualAtoms_1e5e9ec6-1602-45aa-b295-926a37e97bd5,https://elagente.ca/ontomlff/MLFFElasticityResult_ac589682-79f9-4661-98a3-7440e3cedafd,[],[],0.1861114579672657,eV/Å^3,0.4523830145606092,/scratch/kenko/akg4pyscf/.graphchat-workspaces/kenko_room/mlff_elasticity_benchmark/workflow_runs/MACE_OMAT/elasticity_MACE_OMAT/structures/TeYb_a3e316a0/output.json,mp-1779,cif,https://elagente.ca/grafico/ConceptualAtoms_1e5e9ec6-1602-45aa-b295-926a37e97bd5,mp-1779
Ag2CaLa,0.2796045545758116,https://elagente.ca/grafico/ConceptualAtoms_1e860eb8-6215-442c-b8d2-49e92eba89c1,https://elagente.ca/ontomlff/MLFFElasticityResult_bb8dc6d8-4d70-4b9b-a0dc-7398dce331fe,[],[],0.13108458356993855,eV/Å^3,0.3401043566442468,/scratch/kenko/akg4pyscf/.graphchat-workspaces/kenko_room/mlff_elasticity_benchmark/workflow_runs/MACE_OMAT/elasticity_MACE_OMAT/structures/Ag2CaLa_5e3e6824/output.json,mp-862795,cif,https://elagente.ca/grafico/ConceptualAtoms_1e860eb8-6215-442c-b8d2-49e92eba89c1,mp-862795
Co4N2,1.690474923384309,https://elagente.ca/grafico/ConceptualAtoms_1e98c7f4-86f3-4e6b-bce7-d0f9119d3fa0,https://elagente.ca/ontomlff/MLFFElasticityResult_f0f153d6-bfa1-4770-810a-dfdb6d0481be,[],[],0.6230928809426817,eV/Å^3,1.6647425809158896,/scratch/kenko/akg4pyscf/.graphchat-workspaces/kenko_room/mlff_elasticity_benchmark/workflow_runs/MACE_OMAT/elasticity_MACE_OMAT/structures/Co4N2_03a2111b/output.json,mp-22631,cif,https://elagente.ca/grafico/ConceptualAtoms_1e98c7f4-86f3-4e6b-bce7-d0f9119d3fa0,mp-22631
Cd4Mg2,0.2571645293206367,https://elagente.ca/grafico/ConceptualAtoms_1eb974d8-0ff4-4b17-828d-b6a19c291c7f,https://elagente.ca/ontomlff/MLFFElasticityResult_f73bc969-8f2e-40d4-bc16-70c2fefd4834,[],[],0.0827934521688424,eV/Å^3,0.22430850922325843,/scratch/kenko/akg4pyscf/.graphchat-workspaces/kenko_room/mlff_elasticity_benchmark/workflow_runs/MACE_OMAT/elasticity_MACE_OMAT/structures/Cd4Mg2_0219b5a4/output.json,mp-972954,cif,https://elagente.ca/grafico/ConceptualAtoms_1eb974d8-0ff4-4b17-828d-b6a19c291c7f,mp-972954
Ge2Tb2Ti2,0.5260834211556706,https://elagente.ca/grafico/ConceptualAtoms_1f42022d-71fa-4dfc-9bee-012520025ff7,https://elagente.ca/ontomlff/MLFFElasticityResult_d57e1007-8f3a-4cfe-94c8-453c8170912d,[],[],0.33943397963503874,eV/Å^3,0.8380604414657247,/scratch/kenko/akg4pyscf/.graphchat-workspaces/kenko_room/mlff_elasticity_benchmark/workflow_runs/MACE_OMAT/elasticity_MACE_OMAT/structures/Ge2Tb2Ti2_975ac898/output.json,mp-21433,cif,https://elagente.ca/grafico/ConceptualAtoms_1f42022d-71fa-4dfc-9bee-012520025ff7,mp-21433
BeO3Ta,1.6258553135151097,https://elagente.ca/grafico/ConceptualAtoms_1fa52597-6178-401f-9118-d4552053682c,https://elagente.ca/ontomlff/MLFFElasticityResult_3c0a4d71-0360-4762-a72e-2e33473cb41a,[],[],0.8235092064513784,eV/Å^3,2.113664714222583,/scratch/kenko/akg4pyscf/.graphchat-workspaces/kenko_room/mlff_elasticity_benchmark/workflow_runs/MACE_OMAT/elasticity_MACE_OMAT/structures/BeO3Ta_a7751488/output.json,mp-972222,cif,https://elagente.ca/grafico/ConceptualAtoms_1fa52597-6178-401f-9118-d4552053682c,mp-972222
FeLiRh2,0.831749179347424,https://elagente.ca/grafico/ConceptualAtoms_1fbcff6f-1f4f-49d0-9ade-70c3e1ee1ed0,https://elagente.ca/ontomlff/MLFFElasticityResult_aa703732-a9ca-4fee-a495-4d8cfec89349,[],[],0.4141451065719789,eV/Å^3,1.0655776140896238,/scratch/kenko/akg4pyscf/.graphchat-workspaces/kenko_room/mlff_elasticity_benchmark/workflow_runs/MACE_OMAT/elasticity_MACE_OMAT/structures/FeLiRh2_fd09fd5e/output.json,mp-862290,cif,https://elagente.ca/grafico/ConceptualAtoms_1fbcff6f-1f4f-49d0-9ade-70c3e1ee1ed0,mp-862290
Dy2Sb2Zr2,0.5117882426796523,https://elagente.ca/grafico/ConceptualAtoms_20703a4a-812c-4a91-b056-25c3efd1acbc,https://elagente.ca/ontomlff/MLFFElasticityResult_f4ad01f8-b99d-47d5-82a2-d84270a9ecd7,[],[],0.3076924954781921,eV/Å^3,0.7689726590332968,/scratch/kenko/akg4pyscf/.graphchat-workspaces/kenko_room/mlff_elasticity_benchmark/workflow_runs/MACE_OMAT/elasticity_MACE_OMAT/structures/Dy2Sb2Zr2_835d1b5c/output.json,mp-5068,cif,https://elagente.ca/grafico/ConceptualAtoms_20703a4a-812c-4a91-b056-25c3efd1acbc,mp-5068
Au2LiMg,0.4333502638077214,https://elagente.ca/grafico/ConceptualAtoms_20e037e1-a5e5-4e7a-a121-6e89a6e654e2,https://elagente.ca/ontomlff/MLFFElasticityResult_941d6e59-a361-423e-b97a-7a908eefa82d,[],[],0.12905464478627648,eV/Å^3,0.3522012907660208,/scratch/kenko/akg4pyscf/.graphchat-workspaces/kenko_room/mlff_elasticity_benchmark/workflow_runs/MACE_OMAT/elasticity_MACE_OMAT/structures/Au2LiMg_8efca39c/output.json,mp-977418,cif,https://elagente.ca/grafico/ConceptualAtoms_20e037e1-a5e5-4e7a-a121-6e89a6e654e2,mp-977418
Ca4Cd8,0.25733879780219865,https://elagente.ca/grafico/ConceptualAtoms_20e5dc78-33c4-42b7-8aae-3115de1c3cf9,https://elagente.ca/ontomlff/MLFFElasticityResult_ff4cbb23-d699-4c60-960c-e3f6905e06c8,[],[],0.1358462824111547,eV/Å^3,0.346557556990503,/scratch/kenko/akg4pyscf/.graphchat-workspaces/kenko_room/mlff_elasticity_benchmark/workflow_runs/MACE_OMAT/elasticity_MACE_OMAT/structures/Ca4Cd8_85e41640/output.json,mp-1078,cif,https://elagente.ca/grafico/ConceptualAtoms_20e5dc78-33c4-42b7-8aae-3115de1c3cf9,mp-1078
N5Nb4,1.9884277210106558,https://elagente.ca/grafico/ConceptualAtoms_21022868-badb-4be5-a578-e23613417a42,https://elagente.ca/ontomlff/MLFFElasticityResult_beb6547a-83d9-4e5f-a253-ff3698ca15db,[],[],1.0231746041711538,eV/Å^3,2.620117245788321,/scratch/kenko/akg4pyscf/.graphchat-workspaces/kenko_room/mlff_elasticity_benchmark/workflow_runs/MACE_OMAT/elasticity_MACE_OMAT/structures/N5Nb4_04990f03/output.json,mp-7927,cif,https://elagente.ca/grafico/ConceptualAtoms_21022868-badb-4be5-a578-e23613417a42,mp-7927
N2Ti6Zn2,1.0841233804109267,https://elagente.ca/grafico/ConceptualAtoms_2155efb1-750c-484f-ad2f-01e621d12d05,https://elagente.ca/ontomlff/MLFFElasticityResult_043fb007-3c7f-4692-b577-1d952482bd5f,[],[],0.6383208483072635,eV/Å^3,1.6007868575085835,/scratch/kenko/akg4pyscf/.graphchat-workspaces/kenko_room/mlff_elasticity_benchmark/workflow_runs/MACE_OMAT/elasticity_MACE_OMAT/structures/N2Ti6Zn2_aa4c9567/output.json,mp-1014257,cif,https://elagente.ca/grafico/ConceptualAtoms_2155efb1-750c-484f-ad2f-01e621d12d05,mp-1014257
Bi6Na2,0.27374596442573157,https://elagente.ca/grafico/ConceptualAtoms_215d955f-493f-42a9-b634-01f236f68af1,https://elagente.ca/ontomlff/MLFFElasticityResult_6222f60b-24e2-4cfe-9471-20f07263cdea,[],[],0.04689956140794789,eV/Å^3,0.1330976913797245,/scratch/kenko/akg4pyscf/.graphchat-workspaces/kenko_room/mlff_elasticity_benchmark/workflow_runs/MACE_OMAT/elasticity_MACE_OMAT/structures/Bi6Na2_bdebcbd5/output.json,mp-972941,cif,https://elagente.ca/grafico/ConceptualAtoms_215d955f-493f-42a9-b634-01f236f68af1,mp-972941
S6,0.19066462158263037,https://elagente.ca/grafico/ConceptualAtoms_215f511a-23b0-4c31-921c-08f17a37b4c4,https://elagente.ca/ontomlff/MLFFElasticityResult_5721b5bb-d9c2-4fe2-9a8f-637bf2b97a39,[],[],0.10040560194109253,eV/Å^3,0.2562378071747725,/scratch/kenko/akg4pyscf/.graphchat-workspaces/kenko_room/mlff_elasticity_benchmark/workflow_runs/MACE_OMAT/elasticity_MACE_OMAT/structures/S6_18ca3fd6/output.json,mp-7,cif,https://elagente.ca/grafico/ConceptualAtoms_215f511a-23b0-4c31-921c-08f17a37b4c4,mp-7
B4Re11V,2.4426422681888624,https://elagente.ca/grafico/ConceptualAtoms_21f14169-efeb-4315-8eb6-2845d6ba8559,https://elagente.ca/ontomlff/MLFFElasticityResult_97dc9506-e056-4c92-b9b7-cdfe2dbc1ac9,[],[],1.2225018421123668,eV/Å^3,3.143142076599896,/scratch/kenko/akg4pyscf/.graphchat-workspaces/kenko_room/mlff_elasticity_benchmark/workflow_runs/MACE_OMAT/elasticity_MACE_OMAT/structures/B4Re11V_fdae9b3d/output.json,mp-1216295,cif,https://elagente.ca/grafico/ConceptualAtoms_21f14169-efeb-4315-8eb6-2845d6ba8559,mp-1216295
CBe2,1.4506984963083456,https://elagente.ca/grafico/ConceptualAtoms_220a3cfa-333f-42e8-9832-e4df46415985,https://elagente.ca/ontomlff/MLFFElasticityResult_773763ab-93a5-4ed7-8234-2db8400fa65b,[],[],1.489849488426073,eV/Å^3,3.329696152340201,/scratch/kenko/akg4pyscf/.graphchat-workspaces/kenko_room/mlff_elasticity_benchmark/workflow_runs/MACE_OMAT/elasticity_MACE_OMAT/structures/CBe2_be1b5e19/output.json,mp-1569,cif,https://elagente.ca/grafico/ConceptualAtoms_220a3cfa-333f-42e8-9832-e4df46415985,mp-1569
CdHgO2,0.47539811025357925,https://elagente.ca/grafico/ConceptualAtoms_226e73af-083c-436e-837d-21d56d56d8c8,https://elagente.ca/ontomlff/MLFFElasticityResult_adb08c94-d570-466d-aec9-82a5c2aa870b,[],[],0.19915921604586218,eV/Å^3,0.5242670040646105,/scratch/kenko/akg4pyscf/.graphchat-workspaces/kenko_room/mlff_elasticity_benchmark/workflow_runs/MACE_OMAT/elasticity_MACE_OMAT/structures/CdHgO2_aaea39f1/output.json,mp-2695851,cif,https://elagente.ca/grafico/ConceptualAtoms_226e73af-083c-436e-837d-21d56d56d8c8,mp-2695851
Al20Er12O48,1.206785505832534,https://elagente.ca/grafico/ConceptualAtoms_22968e5e-1cee-477f-ab2d-a10036ba5244,https://elagente.ca/ontomlff/MLFFElasticityResult_60cea9a6-91d2-4144-8e5f-fc34850ec44d,[],[],0.7946628454026646,eV/Å^3,1.95489254412476,/scratch/kenko/akg4pyscf/.graphchat-workspaces/kenko_room/mlff_elasticity_benchmark/workflow_runs/MACE_OMAT/elasticity_MACE_OMAT/structures/Al20Er12O48_d590bd3e/output.json,mp-3384,cif,https://elagente.ca/grafico/ConceptualAtoms_22968e5e-1cee-477f-ab2d-a10036ba5244,mp-3384
InNa3,0.08665526502259964,https://elagente.ca/grafico/ConceptualAtoms_2298b410-ef77-4002-9a7b-ead553f1557b,https://elagente.ca/ontomlff/MLFFElasticityResult_5111ac38-bfc5-441c-ae3f-2c567088d70a,[],[],0.04489358176018664,eV/Å^3,0.11484766317993204,/scratch/kenko/akg4pyscf/.graphchat-workspaces/kenko_room/mlff_elasticity_benchmark/workflow_runs/MACE_OMAT/elasticity_MACE_OMAT/structures/InNa3_f63b095a/output.json,mp-864758,cif,https://elagente.ca/grafico/ConceptualAtoms_2298b410-ef77-4002-9a7b-ead553f1557b,mp-864758
Cu4InSc,0.7065677065561164,https://elagente.ca/grafico/ConceptualAtoms_22f9dd71-5aa3-4bd8-8717-ac4993bccf0d,https://elagente.ca/ontomlff/MLFFElasticityResult_c3fb7c56-260f-4a32-824f-90ae92659a8d,[],[],0.32601462609980847,eV/Å^3,0.8476704491313568,/scratch/kenko/akg4pyscf/.graphchat-workspaces/kenko_room/mlff_elasticity_benchmark/workflow_runs/MACE_OMAT/elasticity_MACE_OMAT/structures/Cu4InSc_6fc76ccd/output.json,mp-13240,cif,https://elagente.ca/grafico/ConceptualAtoms_22f9dd71-5aa3-4bd8-8717-ac4993bccf0d,mp-13240
H30Th8,0.6784823423191139,https://elagente.ca/grafico/ConceptualAtoms_22fc3162-be7e-4df8-9d06-df4a7160558d,https://elagente.ca/ontomlff/MLFFElasticityResult_706e561c-389d-4041-b17c-324b63155556,[],[],0.43884770122826755,eV/Å^3,1.08303740687411,/scratch/kenko/akg4pyscf/.graphchat-workspaces/kenko_room/mlff_elasticity_benchmark/workflow_runs/MACE_OMAT/elasticity_MACE_OMAT/structures/H30Th8_30e7b9dd/output.json,mp-24202,cif,https://elagente.ca/grafico/ConceptualAtoms_22fc3162-be7e-4df8-9d06-df4a7160558d,mp-24202
Cr4Se8Zn2,0.48298575230377383,https://elagente.ca/grafico/ConceptualAtoms_232f640f-67ba-457d-b749-f5e1069e4a24,https://elagente.ca/ontomlff/MLFFElasticityResult_ffe2711b-90c6-4052-bc13-76e1f4b33470,[],[],0.3144440369247758,eV/Å^3,0.7751201682576175,/scratch/kenko/akg4pyscf/.graphchat-workspaces/kenko_room/mlff_elasticity_benchmark/workflow_runs/MACE_OMAT/elasticity_MACE_OMAT/structures/Cr4Se8Zn2_83200b9e/output.json,mp-4697,cif,https://elagente.ca/grafico/ConceptualAtoms_232f640f-67ba-457d-b749-f5e1069e4a24,mp-4697
N4W3,2.085782004124021,https://elagente.ca/grafico/ConceptualAtoms_242ca2b8-b8cb-44bd-a202-50ae00b86327,https://elagente.ca/ontomlff/MLFFElasticityResult_2dae12e7-455c-4f85-a7e4-ca15eb7afbdf,[],[],0.8442729232876867,eV/Å^3,2.2317056960183637,/scratch/kenko/akg4pyscf/.graphchat-workspaces/kenko_room/mlff_elasticity_benchmark/workflow_runs/MACE_OMAT/elasticity_MACE_OMAT/structures/N4W3_686c241b/output.json,mp-8102,cif,https://elagente.ca/grafico/ConceptualAtoms_242ca2b8-b8cb-44bd-a202-50ae00b86327,mp-8102
Ag4S2,0.25603243060262376,https://elagente.ca/grafico/ConceptualAtoms_243d87fa-babe-4e8c-aa52-29b866f5ddc3,https://elagente.ca/ontomlff/MLFFElasticityResult_5bd94758-46e3-4cd3-b35e-5c53929f6051,[],[],0.11947853074812298,eV/Å^3,0.31018578998424845,/scratch/kenko/akg4pyscf/.graphchat-workspaces/kenko_room/mlff_elasticity_benchmark/workflow_runs/MACE_OMAT/elasticity_MACE_OMAT/structures/Ag4S2_3df877a3/output.json,mp-2025704,cif,https://elagente.ca/grafico/ConceptualAtoms_243d87fa-babe-4e8c-aa52-29b866f5ddc3,mp-2025704
F6InLiTl2,0.3986198920090267,https://elagente.ca/grafico/ConceptualAtoms_24d15266-4a06-438f-88d0-bd7dd34f2f5f,https://elagente.ca/ontomlff/MLFFElasticityResult_15c277c1-0b18-4fef-a8f0-32b1624cea17,[],[],0.18103144827131523,eV/Å^3,0.4716891668339309,/scratch/kenko/akg4pyscf/.graphchat-workspaces/kenko_room/mlff_elasticity_benchmark/workflow_runs/MACE_OMAT/elasticity_MACE_OMAT/structures/F6InLiTl2_72d54df0/output.json,mp-989551,cif,https://elagente.ca/grafico/ConceptualAtoms_24d15266-4a06-438f-88d0-bd7dd34f2f5f,mp-989551
O7Si2Yb2,1.263675868432793,https://elagente.ca/grafico/ConceptualAtoms_24deea60-112b-43fa-a2db-ac34ed2bda19,https://elagente.ca/ontomlff/MLFFElasticityResult_a9a11b00-e8f6-4fb3-b862-f29b4f52723b,[],[],0.7167134770006984,eV/Å^3,1.8082763806477835,/scratch/kenko/akg4pyscf/.graphchat-workspaces/kenko_room/mlff_elasticity_benchmark/workflow_runs/MACE_OMAT/elasticity_MACE_OMAT/structures/O7Si2Yb2_024e2284/output.json,mp-4300,cif,https://elagente.ca/grafico/ConceptualAtoms_24deea60-112b-43fa-a2db-ac34ed2bda19,mp-4300
BeGeRu2,1.4770931858243999,https://elagente.ca/grafico/ConceptualAtoms_24f51f8e-882f-4077-b7fc-7ed0b3fdd057,https://elagente.ca/ontomlff/MLFFElasticityResult_8012423c-7d62-484c-a432-3e499f285727,[],[],0.660974593061137,eV/Å^3,1.7255402709625027,/scratch/kenko/akg4pyscf/.graphchat-workspaces/kenko_room/mlff_elasticity_benchmark/workflow_runs/MACE_OMAT/elasticity_MACE_OMAT/structures/BeGeRu2_e3009894/output.json,mp-862713,cif,https://elagente.ca/grafico/ConceptualAtoms_24f51f8e-882f-4077-b7fc-7ed0b3fdd057,mp-862713
BaO4S,0.6565492438398841,https://elagente.ca/grafico/ConceptualAtoms_250fb442-2453-4073-88ab-c3e6c4585273,https://elagente.ca/ontomlff/MLFFElasticityResult_46f31de4-cfdc-4abb-bfe6-8119ac7df7f0,[],[],0.4004487353652234,eV/Å^3,0.9983681519580164,/scratch/kenko/akg4pyscf/.graphchat-workspaces/kenko_room/mlff_elasticity_benchmark/workflow_runs/MACE_OMAT/elasticity_MACE_OMAT/structures/BaO4S_19ee1c53/output.json,mp-3307,cif,https://elagente.ca/grafico/ConceptualAtoms_250fb442-2453-4073-88ab-c3e6c4585273,mp-3307
F4Tl4,0.1879746944136173,https://elagente.ca/grafico/ConceptualAtoms_25daef10-7901-4eac-8f78-96773ba3918b,https://elagente.ca/ontomlff/MLFFElasticityResult_1f7f6d5f-f238-4807-8761-95601e9ebd9f,[],[],0.063678927492909,eV/Å^3,0.1716534825074302,/scratch/kenko/akg4pyscf/.graphchat-workspaces/kenko_room/mlff_elasticity_benchmark/workflow_runs/MACE_OMAT/elasticity_MACE_OMAT/structures/F4Tl4_9d778c2a/output.json,mp-720,cif,https://elagente.ca/grafico/ConceptualAtoms_25daef10-7901-4eac-8f78-96773ba3918b,mp-720
FHg3,0.26653903213563657,https://elagente.ca/grafico/ConceptualAtoms_25fed676-b82b-4881-a4f2-2df485ed8fef,https://elagente.ca/ontomlff/MLFFElasticityResult_362ee9e9-3e2b-4f52-bfc3-ac5dd33a2346,[],[],-0.9559174758835756,eV/Å^3,14.67113437017777,/scratch/kenko/akg4pyscf/.graphchat-workspaces/kenko_room/mlff_elasticity_benchmark/workflow_runs/MACE_OMAT/elasticity_MACE_OMAT/structures/FHg3_259ceb0d/output.json,mp-973777,cif,https://elagente.ca/grafico/ConceptualAtoms_25fed676-b82b-4881-a4f2-2df485ed8fef,mp-973777
AuLi2Tl,0.27183436731435884,https://elagente.ca/grafico/ConceptualAtoms_260e0670-ef6d-4253-8e24-641e170869f6,https://elagente.ca/ontomlff/MLFFElasticityResult_5d5d4c13-1ba2-452a-9c07-792c1aaac3c6,[],[],0.09286150838579502,eV/Å^3,0.2501050149200926,/scratch/kenko/akg4pyscf/.graphchat-workspaces/kenko_room/mlff_elasticity_benchmark/workflow_runs/MACE_OMAT/elasticity_MACE_OMAT/structures/AuLi2Tl_9173632f/output.json,mp-30406,cif,https://elagente.ca/grafico/ConceptualAtoms_260e0670-ef6d-4253-8e24-641e170869f6,mp-30406
AgO3Sr,0.6914925984434824,https://elagente.ca/grafico/ConceptualAtoms_26407260-269d-4f95-9e08-2216a4da1696,https://elagente.ca/ontomlff/MLFFElasticityResult_1058e3fa-5652-4208-bd23-b604fd21714e,[],[],0.30116595219248643,eV/Å^3,0.7889593056841527,/scratch/kenko/akg4pyscf/.graphchat-workspaces/kenko_room/mlff_elasticity_benchmark/workflow_runs/MACE_OMAT/elasticity_MACE_OMAT/structures/AgO3Sr_102756d2/output.json,mp-979294,cif,https://elagente.ca/grafico/ConceptualAtoms_26407260-269d-4f95-9e08-2216a4da1696,mp-979294
Ga2Zr4,0.6320716022484043,https://elagente.ca/grafico/ConceptualAtoms_26624f3d-62ed-4885-bf0c-94f7f81bb986,https://elagente.ca/ontomlff/MLFFElasticityResult_1e2219cd-6d19-493c-880a-ad2a5b4ba6ba,[],[],0.43958974447167365,eV/Å^3,1.0705817598389469,/scratch/kenko/akg4pyscf/.graphchat-workspaces/kenko_room/mlff_elasticity_benchmark/workflow_runs/MACE_OMAT/elasticity_MACE_OMAT/structures/Ga2Zr4_310f5357/output.json,mp-569833,cif,https://elagente.ca/grafico/ConceptualAtoms_26624f3d-62ed-4885-bf0c-94f7f81bb986,mp-569833
Hg2TbTm,0.3919042788246855,https://elagente.ca/grafico/ConceptualAtoms_26d73dbc-bc81-46c3-b3d0-37615c16b8d8,https://elagente.ca/ontomlff/MLFFElasticityResult_74b83cff-9e05-48c6-a99f-f3b0bff25cf3,[],[],0.13342816740644675,eV/Å^3,0.35948734789141457,/scratch/kenko/akg4pyscf/.graphchat-workspaces/kenko_room/mlff_elasticity_benchmark/workflow_runs/MACE_OMAT/elasticity_MACE_OMAT/structures/Hg2TbTm_504861e2/output.json,mp-978988,cif,https://elagente.ca/grafico/ConceptualAtoms_26d73dbc-bc81-46c3-b3d0-37615c16b8d8,mp-978988
GaHfNi2,0.9900939548039505,https://elagente.ca/grafico/ConceptualAtoms_26f038e8-8434-4373-8a0d-3475c90e9958,https://elagente.ca/ontomlff/MLFFElasticityResult_b32dbda5-4a4a-4904-a3d0-ce8c60b7d38c,[],[],0.33741058931234225,eV/Å^3,0.9089761835323271,/scratch/kenko/akg4pyscf/.graphchat-workspaces/kenko_room/mlff_elasticity_benchmark/workflow_runs/MACE_OMAT/elasticity_MACE_OMAT/structures/GaHfNi2_c287b7d0/output.json,mp-3498,cif,https://elagente.ca/grafico/ConceptualAtoms_26f038e8-8434-4373-8a0d-3475c90e9958,mp-3498
Ga3Tb,0.4132795749703204,https://elagente.ca/grafico/ConceptualAtoms_273159ef-ab13-4e18-9598-be5c9986319c,https://elagente.ca/ontomlff/MLFFElasticityResult_a9e6a9a5-4ede-4386-a2bd-297fff1ba184,[],[],0.2764047812984607,eV/Å^3,0.6780520744872565,/scratch/kenko/akg4pyscf/.graphchat-workspaces/kenko_room/mlff_elasticity_benchmark/workflow_runs/MACE_OMAT/elasticity_MACE_OMAT/structures/Ga3Tb_0e225ee6/output.json,mp-11418,cif,https://elagente.ca/grafico/ConceptualAtoms_273159ef-ab13-4e18-9598-be5c9986319c,mp-11418
Cr4Fe4P4,1.4084053423966465,https://elagente.ca/grafico/ConceptualAtoms_27794f57-3595-414f-b2ce-129d981e22dd,https://elagente.ca/ontomlff/MLFFElasticityResult_cafcd4d6-cbcb-4c53-a947-5b606f2b1a27,[],[],0.8763532473584799,eV/Å^3,2.1774369337835338,/scratch/kenko/akg4pyscf/.graphchat-workspaces/kenko_room/mlff_elasticity_benchmark/workflow_runs/MACE_OMAT/elasticity_MACE_OMAT/structures/Cr4Fe4P4_3c5ded70/output.json,mp-21495,cif,https://elagente.ca/grafico/ConceptualAtoms_27794f57-3595-414f-b2ce-129d981e22dd,mp-21495
Ce2O8Si2,1.0918154922054737,https://elagente.ca/grafico/ConceptualAtoms_277ac50a-f97f-4863-89af-1b5fe89b59da,https://elagente.ca/ontomlff/MLFFElasticityResult_1f542d12-3a6e-4fcf-baac-a8dc6aadc57c,[],[],0.5276704817718696,eV/Å^3,1.3633736005846742,/scratch/kenko/akg4pyscf/.graphchat-workspaces/kenko_room/mlff_elasticity_benchmark/workflow_runs/MACE_OMAT/elasticity_MACE_OMAT/structures/Ce2O8Si2_58fd0873/output.json,mp-10523,cif,https://elagente.ca/grafico/ConceptualAtoms_277ac50a-f97f-4863-89af-1b5fe89b59da,mp-10523
Au2Bi2Ca2,0.31912807374679164,https://elagente.ca/grafico/ConceptualAtoms_27e626ca-ab47-4765-86af-472475f89f82,https://elagente.ca/ontomlff/MLFFElasticityResult_2c5d82c7-23e7-41e6-ad15-8ab98d85713b,[],[],0.16541156585901473,eV/Å^3,0.423128831574603,/scratch/kenko/akg4pyscf/.graphchat-workspaces/kenko_room/mlff_elasticity_benchmark/workflow_runs/MACE_OMAT/elasticity_MACE_OMAT/structures/Au2Bi2Ca2_3672cb17/output.json,mp-1018657,cif,https://elagente.ca/grafico/ConceptualAtoms_27e626ca-ab47-4765-86af-472475f89f82,mp-1018657
GeMg2,0.3198093295169359,https://elagente.ca/grafico/ConceptualAtoms_27fafe9f-7cfe-4b98-b55a-18387b580d77,https://elagente.ca/ontomlff/MLFFElasticityResult_c02e6734-6139-40a5-a8dd-9e393929f18a,[],[],0.23563997491882174,eV/Å^3,0.5675315398016859,/scratch/kenko/akg4pyscf/.graphchat-workspaces/kenko_room/mlff_elasticity_benchmark/workflow_runs/MACE_OMAT/elasticity_MACE_OMAT/structures/GeMg2_cd3203d3/output.json,mp-408,cif,https://elagente.ca/grafico/ConceptualAtoms_27fafe9f-7cfe-4b98-b55a-18387b580d77,mp-408
La2Pt2Si4,0.7453515689032084,https://elagente.ca/grafico/ConceptualAtoms_28647247-e0da-46c3-bff9-4bfe9617a0b7,https://elagente.ca/ontomlff/MLFFElasticityResult_2e3b9610-8015-4cba-a2ef-b8f81ebf1b94,[],[],0.4238696229307304,eV/Å^3,1.0689728893682218,/scratch/kenko/akg4pyscf/.graphchat-workspaces/kenko_room/mlff_elasticity_benchmark/workflow_runs/MACE_OMAT/elasticity_MACE_OMAT/structures/La2Pt2Si4_2c5bac0f/output.json,mp-4283,cif,https://elagente.ca/grafico/ConceptualAtoms_28647247-e0da-46c3-bff9-4bfe9617a0b7,mp-4283
As4B2K6,0.13790239159986867,https://elagente.ca/grafico/ConceptualAtoms_28958041-f1b5-43ab-8d30-0f08e3f48520,https://elagente.ca/ontomlff/MLFFElasticityResult_0e98a7a9-c895-4b0a-a869-b5cb8f72fe82,[],[],0.08112040651410858,eV/Å^3,0.20346538146751403,/scratch/kenko/akg4pyscf/.graphchat-workspaces/kenko_room/mlff_elasticity_benchmark/workflow_runs/MACE_OMAT/elasticity_MACE_OMAT/structures/As4B2K6_aa6fefc4/output.json,mp-9665,cif,https://elagente.ca/grafico/ConceptualAtoms_28958041-f1b5-43ab-8d30-0f08e3f48520,mp-9665
CaCu2Si2,0.5745124142146838,https://elagente.ca/grafico/ConceptualAtoms_2899bf17-85d3-4b0f-a501-4a35bf1e8f15,https://elagente.ca/ontomlff/MLFFElasticityResult_cb1cb982-2689-4554-aab2-85f1012fc34b,[],[],0.39678090140861505,eV/Å^3,0.9675906363379765,/scratch/kenko/akg4pyscf/.graphchat-workspaces/kenko_room/mlff_elasticity_benchmark/workflow_runs/MACE_OMAT/elasticity_MACE_OMAT/structures/CaCu2Si2_6d549409/output.json,mp-5486,cif,https://elagente.ca/grafico/ConceptualAtoms_2899bf17-85d3-4b0f-a501-4a35bf1e8f15,mp-5486
H6Re2,2.1902936902824095,https://elagente.ca/grafico/ConceptualAtoms_297fa430-c8d8-4788-9e7d-a9f2e570e26a,https://elagente.ca/ontomlff/MLFFElasticityResult_ca449a6e-4a2e-494a-9b06-18e2d8a9dc67,[],[],0.6655970874372028,eV/Å^3,1.8131303129735474,/scratch/kenko/akg4pyscf/.graphchat-workspaces/kenko_room/mlff_elasticity_benchmark/workflow_runs/MACE_OMAT/elasticity_MACE_OMAT/structures/H6Re2_aa29ca18/output.json,mp-974464,cif,https://elagente.ca/grafico/ConceptualAtoms_297fa430-c8d8-4788-9e7d-a9f2e570e26a,mp-974464
InP,0.4836337336627775,https://elagente.ca/grafico/ConceptualAtoms_29e5480a-5c98-4091-af5a-0017f91bd2c7,https://elagente.ca/ontomlff/MLFFElasticityResult_122de26f-ce86-4424-ae4d-853ffb1699e2,[],[],0.2591333464691572,eV/Å^3,0.6595952418047373,/scratch/kenko/akg4pyscf/.graphchat-workspaces/kenko_room/mlff_elasticity_benchmark/workflow_runs/MACE_OMAT/elasticity_MACE_OMAT/structures/InP_8ebf7de4/output.json,mp-20457,cif,https://elagente.ca/grafico/ConceptualAtoms_29e5480a-5c98-4091-af5a-0017f91bd2c7,mp-20457
AsAuYb2,0.33477039028459277,https://elagente.ca/grafico/ConceptualAtoms_29f61c6f-2b66-4363-95d3-7d5eb075cbd6,https://elagente.ca/ontomlff/MLFFElasticityResult_c8f78821-590b-4fa5-a54c-33f9b5f37a82,[],[],0.1453590612075004,eV/Å^3,0.380941573203392,/scratch/kenko/akg4pyscf/.graphchat-workspaces/kenko_room/mlff_elasticity_benchmark/workflow_runs/MACE_OMAT/elasticity_MACE_OMAT/structures/AsAuYb2_0886f5fd/output.json,mp-865799,cif,https://elagente.ca/grafico/ConceptualAtoms_29f61c6f-2b66-4363-95d3-7d5eb075cbd6,mp-865799
Li3NbO4,1.1339057922597227,https://elagente.ca/grafico/ConceptualAtoms_2a0bca12-ebd0-4239-82c6-505839ef22f3,https://elagente.ca/ontomlff/MLFFElasticityResult_b7d71d05-9ce4-46f7-afd2-d3b5118758ce,[],[],0.7608185050428214,eV/Å^3,1.8652736716204439,/scratch/kenko/akg4pyscf/.graphchat-workspaces/kenko_room/mlff_elasticity_benchmark/workflow_runs/MACE_OMAT/elasticity_MACE_OMAT/structures/Li3NbO4_c7bbb6e1/output.json,mp-36086,cif,https://elagente.ca/grafico/ConceptualAtoms_2a0bca12-ebd0-4239-82c6-505839ef22f3,mp-36086
FeNi3,1.2846412509270733,https://elagente.ca/grafico/ConceptualAtoms_2a1523e8-892a-4626-9fad-84d810694b51,https://elagente.ca/ontomlff/MLFFElasticityResult_d286fe9c-b53b-4d65-bd84-fe40b7ad08f9,[],[],0.6028121886715057,eV/Å^3,1.5638298361669671,/scratch/kenko/akg4pyscf/.graphchat-workspaces/kenko_room/mlff_elasticity_benchmark/workflow_runs/MACE_OMAT/elasticity_MACE_OMAT/structures/FeNi3_6dacbf72/output.json,mp-1007855,cif,https://elagente.ca/grafico/ConceptualAtoms_2a1523e8-892a-4626-9fad-84d810694b51,mp-1007855
CdZr2,0.5094466525518948,https://elagente.ca/grafico/ConceptualAtoms_2a25ee99-3772-42a9-a3ef-e8c993108a25,https://elagente.ca/ontomlff/MLFFElasticityResult_235c187c-9e95-4008-8f84-7dcdf591c46a,[],[],0.1767400123502159,eV/Å^3,0.4752600952619121,/scratch/kenko/akg4pyscf/.graphchat-workspaces/kenko_room/mlff_elasticity_benchmark/workflow_runs/MACE_OMAT/elasticity_MACE_OMAT/structures/CdZr2_24811485/output.json,mp-1018104,cif,https://elagente.ca/grafico/ConceptualAtoms_2a25ee99-3772-42a9-a3ef-e8c993108a25,mp-1018104
Ca2O4Si,1.0925818454676695,https://elagente.ca/grafico/ConceptualAtoms_2a46983e-5423-4d5c-8330-5819b4c185f3,https://elagente.ca/ontomlff/MLFFElasticityResult_8a63c596-f3f3-4745-8c84-43e78e76bd41,[],[],0.745009217150706,eV/Å^3,1.82110328794287,/scratch/kenko/akg4pyscf/.graphchat-workspaces/kenko_room/mlff_elasticity_benchmark/workflow_runs/MACE_OMAT/elasticity_MACE_OMAT/structures/Ca2O4Si_58b0842a/output.json,mp-8682,cif,https://elagente.ca/grafico/ConceptualAtoms_2a46983e-5423-4d5c-8330-5819b4c185f3,mp-8682
Lu2Te4,0.3898524362979957,https://elagente.ca/grafico/ConceptualAtoms_2a6d18cb-5907-485e-992b-868403aa7d3c,https://elagente.ca/ontomlff/MLFFElasticityResult_6738c685-d859-43f9-afed-b026f6e5fb61,[],[],0.14938475425275455,eV/Å^3,0.3973958433552583,/scratch/kenko/akg4pyscf/.graphchat-workspaces/kenko_room/mlff_elasticity_benchmark/workflow_runs/MACE_OMAT/elasticity_MACE_OMAT/structures/Lu2Te4_d13ed2e2/output.json,mp-973750,cif,https://elagente.ca/grafico/ConceptualAtoms_2a6d18cb-5907-485e-992b-868403aa7d3c,mp-973750
Fe8Ge16,0.7695205232917033,https://elagente.ca/grafico/ConceptualAtoms_2a7aa2eb-6887-4c9f-81c5-876cdb04abb6,https://elagente.ca/ontomlff/MLFFElasticityResult_5eb5f06d-f803-4402-829c-5c962857d902,[],[],0.5232305516579091,eV/Å^3,1.2796595497498118,/scratch/kenko/akg4pyscf/.graphchat-workspaces/kenko_room/mlff_elasticity_benchmark/workflow_runs/MACE_OMAT/elasticity_MACE_OMAT/structures/Fe8Ge16_6a24e470/output.json,mp-640708,cif,https://elagente.ca/grafico/ConceptualAtoms_2a7aa2eb-6887-4c9f-81c5-876cdb04abb6,mp-640708
Cd2Ti2,0.6023271465337144,https://elagente.ca/grafico/ConceptualAtoms_2b070795-ab01-4330-b04f-464ef8f508a5,https://elagente.ca/ontomlff/MLFFElasticityResult_d26bcc24-7c87-4d5c-9eaf-22a86bed110e,[],[],0.23054077191092404,eV/Å^3,0.6133669025456311,/scratch/kenko/akg4pyscf/.graphchat-workspaces/kenko_room/mlff_elasticity_benchmark/workflow_runs/MACE_OMAT/elasticity_MACE_OMAT/structures/Cd2Ti2_2f84ffa5/output.json,mp-30500,cif,https://elagente.ca/grafico/ConceptualAtoms_2b070795-ab01-4330-b04f-464ef8f508a5,mp-30500
CdO6Sb2,0.9677613988771887,https://elagente.ca/grafico/ConceptualAtoms_2b80589a-b8bd-4f60-b0f8-897ca734ff68,https://elagente.ca/ontomlff/MLFFElasticityResult_60f9cb1a-f86b-40b0-921d-2a600579f3cb,[],[],0.5810567326916842,eV/Å^3,1.4524751138785315,/scratch/kenko/akg4pyscf/.graphchat-workspaces/kenko_room/mlff_elasticity_benchmark/workflow_runs/MACE_OMAT/elasticity_MACE_OMAT/structures/CdO6Sb2_4836fb67/output.json,mp-8922,cif,https://elagente.ca/grafico/ConceptualAtoms_2b80589a-b8bd-4f60-b0f8-897ca734ff68,mp-8922
Mo6Se6Tl2,0.6661517051880577,https://elagente.ca/grafico/ConceptualAtoms_2b87cd70-a9e1-41cd-8822-48a7fac92afc,https://elagente.ca/ontomlff/MLFFElasticityResult_087668a3-af2b-403b-8810-bebcf788f751,[],[],0.37272448206663134,eV/Å^3,0.9424083464107691,/scratch/kenko/akg4pyscf/.graphchat-workspaces/kenko_room/mlff_elasticity_benchmark/workflow_runs/MACE_OMAT/elasticity_MACE_OMAT/structures/Mo6Se6Tl2_0f5d6e66/output.json,mp-3411,cif,https://elagente.ca/grafico/ConceptualAtoms_2b87cd70-a9e1-41cd-8822-48a7fac92afc,mp-3411
O8Re2Zn,0.8866168141055479,https://elagente.ca/grafico/ConceptualAtoms_2be52b06-6730-4081-802d-263a567b7cca,https://elagente.ca/ontomlff/MLFFElasticityResult_74d3bc57-4e36-4d75-9460-a5e89124c526,[],[],0.409969223648177,eV/Å^3,1.0656555819353895,/scratch/kenko/akg4pyscf/.graphchat-workspaces/kenko_room/mlff_elasticity_benchmark/workflow_runs/MACE_OMAT/elasticity_MACE_OMAT/structures/O8Re2Zn_944516aa/output.json,mp-10326,cif,https://elagente.ca/grafico/ConceptualAtoms_2be52b06-6730-4081-802d-263a567b7cca,mp-10326
Be2CuRh,1.154651763381939,https://elagente.ca/grafico/ConceptualAtoms_2c04aa19-c993-4a64-9122-3193e2401b9b,https://elagente.ca/ontomlff/MLFFElasticityResult_6b58ef84-6bd9-4d56-80bd-6086a03c1906,[],[],0.5357031232199637,eV/Å^3,1.391857610708211,/scratch/kenko/akg4pyscf/.graphchat-workspaces/kenko_room/mlff_elasticity_benchmark/workflow_runs/MACE_OMAT/elasticity_MACE_OMAT/structures/Be2CuRh_230e3fe9/output.json,mp-865308,cif,https://elagente.ca/grafico/ConceptualAtoms_2c04aa19-c993-4a64-9122-3193e2401b9b,mp-865308
Ca2Pb,0.1572639297151191,https://elagente.ca/grafico/ConceptualAtoms_2c29573a-32ef-4cd9-89e8-3c4e4427543b,https://elagente.ca/ontomlff/MLFFElasticityResult_369af78f-dc12-4ea4-aaad-371ae27a4b0b,[],[],0.12289255756988227,eV/Å^3,0.29248978855150565,/scratch/kenko/akg4pyscf/.graphchat-workspaces/kenko_room/mlff_elasticity_benchmark/workflow_runs/MACE_OMAT/elasticity_MACE_OMAT/structures/Ca2Pb_a0488281/output.json,mp-1009756,cif,https://elagente.ca/grafico/ConceptualAtoms_2c29573a-32ef-4cd9-89e8-3c4e4427543b,mp-1009756
BPd3Tm,0.8537889340152364,https://elagente.ca/grafico/ConceptualAtoms_2c47bdf2-a118-4492-ba88-8206e5739974,https://elagente.ca/ontomlff/MLFFElasticityResult_ea368d7c-059d-409d-894e-6f7b2fcbe2a7,[],[],0.1299451633878067,eV/Å^3,0.371012983848924,/scratch/kenko/akg4pyscf/.graphchat-workspaces/kenko_room/mlff_elasticity_benchmark/workflow_runs/MACE_OMAT/elasticity_MACE_OMAT/structures/BPd3Tm_9b1e2be6/output.json,mp-10134,cif,https://elagente.ca/grafico/ConceptualAtoms_2c47bdf2-a118-4492-ba88-8206e5739974,mp-10134
FeRh,1.3047016674100458,https://elagente.ca/grafico/ConceptualAtoms_2c77f942-4369-4999-97e7-f9c115654f05,https://elagente.ca/ontomlff/MLFFElasticityResult_64dba5dd-7e04-40b1-a5ce-d265104180fa,[],[],0.4409939873207436,eV/Å^3,1.1890178220060663,/scratch/kenko/akg4pyscf/.graphchat-workspaces/kenko_room/mlff_elasticity_benchmark/workflow_runs/MACE_OMAT/elasticity_MACE_OMAT/structures/FeRh_4731eb16/output.json,mp-1918,cif,https://elagente.ca/grafico/ConceptualAtoms_2c77f942-4369-4999-97e7-f9c115654f05,mp-1918
Mn8P32,0.9392768292380238,https://elagente.ca/grafico/ConceptualAtoms_2c8c3686-8418-47d1-8f3a-6eb4c582942a,https://elagente.ca/ontomlff/MLFFElasticityResult_14518f5c-a77e-4c9d-bf83-f1e40ec078ab,[],[],0.7960098584489859,eV/Å^3,1.8620254074367255,/scratch/kenko/akg4pyscf/.graphchat-workspaces/kenko_room/mlff_elasticity_benchmark/workflow_runs/MACE_OMAT/elasticity_MACE_OMAT/structures/Mn8P32_6b55cd03/output.json,mp-571193,cif,https://elagente.ca/grafico/ConceptualAtoms_2c8c3686-8418-47d1-8f3a-6eb4c582942a,mp-571193
Li6Na2,0.07174449445338454,https://elagente.ca/grafico/ConceptualAtoms_2c9d0a38-d082-4813-bcb4-3890d254ebb7,https://elagente.ca/ontomlff/MLFFElasticityResult_f93a1c88-670e-4221-9c9f-4470c0460f78,[],[],0.03710794112763405,eV/Å^3,0.09495315458533501,/scratch/kenko/akg4pyscf/.graphchat-workspaces/kenko_room/mlff_elasticity_benchmark/workflow_runs/MACE_OMAT/elasticity_MACE_OMAT/structures/Li6Na2_ea826398/output.json,mp-973316,cif,https://elagente.ca/grafico/ConceptualAtoms_2c9d0a38-d082-4813-bcb4-3890d254ebb7,mp-973316
KO3Si,1.1958678640553757,https://elagente.ca/grafico/ConceptualAtoms_2cc16722-ba7a-4365-b4ed-495998d07b92,https://elagente.ca/ontomlff/MLFFElasticityResult_a18c7f5c-51d8-4943-8a23-f47d1d8be2ed,[],[],0.6125034642219727,eV/Å^3,1.5695454417868764,/scratch/kenko/akg4pyscf/.graphchat-workspaces/kenko_room/mlff_elasticity_benchmark/workflow_runs/MACE_OMAT/elasticity_MACE_OMAT/structures/KO3Si_0127f2db/output.json,mp-974061,cif,https://elagente.ca/grafico/ConceptualAtoms_2cc16722-ba7a-4365-b4ed-495998d07b92,mp-974061
IrO3,1.153820471897478,https://elagente.ca/grafico/ConceptualAtoms_2cf7adb4-9d25-4056-9f27-2d2b4e8d0072,https://elagente.ca/ontomlff/MLFFElasticityResult_74bb1e43-21d4-4bbb-ae79-417fb8f52ca3,[],[],0.5546403024945754,eV/Å^3,1.434126529698286,/scratch/kenko/akg4pyscf/.graphchat-workspaces/kenko_room/mlff_elasticity_benchmark/workflow_runs/MACE_OMAT/elasticity_MACE_OMAT/structures/IrO3_705cc640/output.json,mp-1021489,cif,https://elagente.ca/grafico/ConceptualAtoms_2cf7adb4-9d25-4056-9f27-2d2b4e8d0072,mp-1021489
Co3Zn,1.1063058296260544,https://elagente.ca/grafico/ConceptualAtoms_2cff0dba-1a23-4611-a0a1-05409e010522,https://elagente.ca/ontomlff/MLFFElasticityResult_5568cf58-326b-45d3-bb97-99397d7a05bf,[],[],0.36997639734628923,eV/Å^3,0.9986092092891574,/scratch/kenko/akg4pyscf/.graphchat-workspaces/kenko_room/mlff_elasticity_benchmark/workflow_runs/MACE_OMAT/elasticity_MACE_OMAT/structures/Co3Zn_7332a2ca/output.json,mp-971744,cif,https://elagente.ca/grafico/ConceptualAtoms_2cff0dba-1a23-4611-a0a1-05409e010522,mp-971744
Sb2,0.3149441800243581,https://elagente.ca/grafico/ConceptualAtoms_2d112711-ba58-41e5-985f-79a32fb8d787,https://elagente.ca/ontomlff/MLFFElasticityResult_e3b8e471-6b27-4554-a13e-d1790510bc03,[],[],0.16911157456758358,eV/Å^3,0.4303145457328184,/scratch/kenko/akg4pyscf/.graphchat-workspaces/kenko_room/mlff_elasticity_benchmark/workflow_runs/MACE_OMAT/elasticity_MACE_OMAT/structures/Sb2_d18595c1/output.json,mp-104,cif,https://elagente.ca/grafico/ConceptualAtoms_2d112711-ba58-41e5-985f-79a32fb8d787,mp-104
LiPd2Sb,0.6760562330530049,https://elagente.ca/grafico/ConceptualAtoms_2d9830e2-dc04-41fa-bbf8-ed3fbe586e8a,https://elagente.ca/ontomlff/MLFFElasticityResult_388c4cea-d9f5-46d3-b0df-2eec7ca5fa1f,[],[],0.19680122341393055,eV/Å^3,0.5381817667307116,/scratch/kenko/akg4pyscf/.graphchat-workspaces/kenko_room/mlff_elasticity_benchmark/workflow_runs/MACE_OMAT/elasticity_MACE_OMAT/structures/LiPd2Sb_044f4eb4/output.json,mp-861736,cif,https://elagente.ca/grafico/ConceptualAtoms_2d9830e2-dc04-41fa-bbf8-ed3fbe586e8a,mp-861736
CaCl6Cs2Na,0.11193835939986277,https://elagente.ca/grafico/ConceptualAtoms_2deba870-af51-4511-9799-f66cab4fdcea,https://elagente.ca/ontomlff/MLFFElasticityResult_bc7be8c2-c557-4bd2-84f9-1d6964cb8084,[],[],0.0433953386012417,eV/Å^3,0.11528804363141403,/scratch/kenko/akg4pyscf/.graphchat-workspaces/kenko_room/mlff_elasticity_benchmark/workflow_runs/MACE_OMAT/elasticity_MACE_OMAT/structures/CaCl6Cs2Na_f7c5a4c8/output.json,mp-989644,cif,https://elagente.ca/grafico/ConceptualAtoms_2deba870-af51-4511-9799-f66cab4fdcea,mp-989644
C4Si2,1.220515282845131,https://elagente.ca/grafico/ConceptualAtoms_2df7f4b5-5286-4c7a-99ef-7878aaf6baa8,https://elagente.ca/ontomlff/MLFFElasticityResult_4bbc05fa-719b-449f-9d3d-3b17e54b7e8a,[],[],0.6898590142192437,eV/Å^3,1.7414723446281317,/scratch/kenko/akg4pyscf/.graphchat-workspaces/kenko_room/mlff_elasticity_benchmark/workflow_runs/MACE_OMAT/elasticity_MACE_OMAT/structures/C4Si2_9d2c437b/output.json,mp-1019097,cif,https://elagente.ca/grafico/ConceptualAtoms_2df7f4b5-5286-4c7a-99ef-7878aaf6baa8,mp-1019097
AuPtYb2,0.4262014551917283,https://elagente.ca/grafico/ConceptualAtoms_2dfb19b7-dd97-4e0a-8836-0acbfe861aff,https://elagente.ca/ontomlff/MLFFElasticityResult_0ab50806-8d70-457e-816c-05237c3c10ce,[],[],0.196558830890257,eV/Å^3,0.5111047642812949,/scratch/kenko/akg4pyscf/.graphchat-workspaces/kenko_room/mlff_elasticity_benchmark/workflow_runs/MACE_OMAT/elasticity_MACE_OMAT/structures/AuPtYb2_df9a3ae3/output.json,mp-977553,cif,https://elagente.ca/grafico/ConceptualAtoms_2dfb19b7-dd97-4e0a-8836-0acbfe861aff,mp-977553
SeSr,0.2672997853334279,https://elagente.ca/grafico/ConceptualAtoms_2e66f584-63ec-4b73-ab9c-23a13f642eb8,https://elagente.ca/ontomlff/MLFFElasticityResult_03a28da2-e73b-40b2-9b09-a8e2c9a850d8,[],[],0.17016524707330713,eV/Å^3,0.4211306582204095,/scratch/kenko/akg4pyscf/.graphchat-workspaces/kenko_room/mlff_elasticity_benchmark/workflow_runs/MACE_OMAT/elasticity_MACE_OMAT/structures/SeSr_cfe4c31c/output.json,mp-2758,cif,https://elagente.ca/grafico/ConceptualAtoms_2e66f584-63ec-4b73-ab9c-23a13f642eb8,mp-2758
C21Si21,1.463359099237406,https://elagente.ca/grafico/ConceptualAtoms_2eb0fa94-81a1-496a-b9ae-8710c1fecb2f,https://elagente.ca/ontomlff/MLFFElasticityResult_b3f6a33a-8a13-487b-9959-87f94f5d2370,[],[],1.3170518185736317,eV/Å^3,3.0393351039481344,/scratch/kenko/akg4pyscf/.graphchat-workspaces/kenko_room/mlff_elasticity_benchmark/workflow_runs/MACE_OMAT/elasticity_MACE_OMAT/structures/C21Si21_c8033d31/output.json,mp-582034,cif,https://elagente.ca/grafico/ConceptualAtoms_2eb0fa94-81a1-496a-b9ae-8710c1fecb2f,mp-582034
Lu2Mg6,0.27101369996248714,https://elagente.ca/grafico/ConceptualAtoms_2ee44249-a69b-4ad1-9b60-b7c5d8c0af25,https://elagente.ca/ontomlff/MLFFElasticityResult_4800d1ed-a4c9-4574-8b42-8d676c68af8e,[],[],0.16229742556700366,eV/Å^3,0.40587285526452993,/scratch/kenko/akg4pyscf/.graphchat-workspaces/kenko_room/mlff_elasticity_benchmark/workflow_runs/MACE_OMAT/elasticity_MACE_OMAT/structures/Lu2Mg6_6a74be26/output.json,mp-973684,cif,https://elagente.ca/grafico/ConceptualAtoms_2ee44249-a69b-4ad1-9b60-b7c5d8c0af25,mp-973684
Li2Na2O2,0.34664285084884383,https://elagente.ca/grafico/ConceptualAtoms_2ee5a1e6-cf4a-4ef6-8d46-02f29b62aa9d,https://elagente.ca/ontomlff/MLFFElasticityResult_82438d3f-4a3f-488e-a024-70cfd7c3e71c,[],[],0.27601320590058026,eV/Å^3,0.6543618177326521,/scratch/kenko/akg4pyscf/.graphchat-workspaces/kenko_room/mlff_elasticity_benchmark/workflow_runs/MACE_OMAT/elasticity_MACE_OMAT/structures/Li2Na2O2_1f86ba2e/output.json,mp-755144,cif,https://elagente.ca/grafico/ConceptualAtoms_2ee5a1e6-cf4a-4ef6-8d46-02f29b62aa9d,mp-755144
H2Ho,0.5172639810288457,https://elagente.ca/grafico/ConceptualAtoms_2eeb1641-f0c6-4816-8e53-968deb4dd1ed,https://elagente.ca/ontomlff/MLFFElasticityResult_65969cfe-9266-4d9b-9aaa-8f11561346cb,[],[],0.40463467098457334,eV/Å^3,0.9628403403602084,/scratch/kenko/akg4pyscf/.graphchat-workspaces/kenko_room/mlff_elasticity_benchmark/workflow_runs/MACE_OMAT/elasticity_MACE_OMAT/structures/H2Ho_3bcad628/output.json,mp-24152,cif,https://elagente.ca/grafico/ConceptualAtoms_2eeb1641-f0c6-4816-8e53-968deb4dd1ed,mp-24152
GdSb,0.3418645596443598,https://elagente.ca/grafico/ConceptualAtoms_2f8fbbf2-1b8d-4098-af3d-7cd4f25a647b,https://elagente.ca/ontomlff/MLFFElasticityResult_f1f67fd4-3205-42c2-891a-ab6b0191458c,[],[],0.2110276009148735,eV/Å^3,0.5250481544486704,/scratch/kenko/akg4pyscf/.graphchat-workspaces/kenko_room/mlff_elasticity_benchmark/workflow_runs/MACE_OMAT/elasticity_MACE_OMAT/structures/GdSb_44a11fee/output.json,mp-510403,cif,https://elagente.ca/grafico/ConceptualAtoms_2f8fbbf2-1b8d-4098-af3d-7cd4f25a647b,mp-510403
Cr2Ge2Te6,0.2949538024471322,https://elagente.ca/grafico/ConceptualAtoms_2f9c6a80-80ca-4ddc-9acc-787f77acbf99,https://elagente.ca/ontomlff/MLFFElasticityResult_ce60627e-313d-4edb-b831-a74a355966c1,[],[],0.19637727041270403,eV/Å^3,0.4821322195803819,/scratch/kenko/akg4pyscf/.graphchat-workspaces/kenko_room/mlff_elasticity_benchmark/workflow_runs/MACE_OMAT/elasticity_MACE_OMAT/structures/Cr2Ge2Te6_3f2e692b/output.json,mp-541449,cif,https://elagente.ca/grafico/ConceptualAtoms_2f9c6a80-80ca-4ddc-9acc-787f77acbf99,mp-541449
C2,0.7439080478616372,https://elagente.ca/grafico/ConceptualAtoms_2fc93628-e376-404b-81fb-e13a5fc32683,https://elagente.ca/ontomlff/MLFFElasticityResult_f59abea6-ea14-478f-9461-6abed0bc0126,[],[],0.5325468022247973,eV/Å^3,1.2898492001107564,/scratch/kenko/akg4pyscf/.graphchat-workspaces/kenko_room/mlff_elasticity_benchmark/workflow_runs/MACE_OMAT/elasticity_MACE_OMAT/structures/C2_331546c8/output.json,mp-169,cif,https://elagente.ca/grafico/ConceptualAtoms_2fc93628-e376-404b-81fb-e13a5fc32683,mp-169
C4H4Cs4O10,0.36730257491848634,https://elagente.ca/grafico/ConceptualAtoms_2ffc5b13-bbd7-4284-8b7a-9714ad7960f5,https://elagente.ca/ontomlff/MLFFElasticityResult_3c43ff4c-c662-400f-8824-04326c9ba0af,[],[],0.2379009266858369,eV/Å^3,0.5869753159742715,/scratch/kenko/akg4pyscf/.graphchat-workspaces/kenko_room/mlff_elasticity_benchmark/workflow_runs/MACE_OMAT/elasticity_MACE_OMAT/structures/C4H4Cs4O10_7b60eb35/output.json,mp-1190751,cif,https://elagente.ca/grafico/ConceptualAtoms_2ffc5b13-bbd7-4284-8b7a-9714ad7960f5,mp-1190751
FeSb2Sc6,0.4545590893238902,https://elagente.ca/grafico/ConceptualAtoms_301ff0a6-051a-4564-89e6-0d6ad17b1782,https://elagente.ca/ontomlff/MLFFElasticityResult_93df6f4e-e6b9-4dc4-9ffa-457ad27386df,[],[],0.26077804715146224,eV/Å^3,0.6567440019601979,/scratch/kenko/akg4pyscf/.graphchat-workspaces/kenko_room/mlff_elasticity_benchmark/workflow_runs/MACE_OMAT/elasticity_MACE_OMAT/structures/FeSb2Sc6_a46ec8ea/output.json,mp-11201,cif,https://elagente.ca/grafico/ConceptualAtoms_301ff0a6-051a-4564-89e6-0d6ad17b1782,mp-11201
Si2Sr4,0.197329599161789,https://elagente.ca/grafico/ConceptualAtoms_309d8dd0-ee99-4e69-aea1-54ab6355210b,https://elagente.ca/ontomlff/MLFFElasticityResult_f98a5f24-de5a-4764-a0db-e8c650a735a3,[],[],0.16937766486643974,eV/Å^3,0.39509100454242724,/scratch/kenko/akg4pyscf/.graphchat-workspaces/kenko_room/mlff_elasticity_benchmark/workflow_runs/MACE_OMAT/elasticity_MACE_OMAT/structures/Si2Sr4_51a16158/output.json,mp-13051,cif,https://elagente.ca/grafico/ConceptualAtoms_309d8dd0-ee99-4e69-aea1-54ab6355210b,mp-13051
As2Co2Li2,0.6303651367282929,https://elagente.ca/grafico/ConceptualAtoms_30d9661b-cfe5-45de-8fa2-1490a2635c04,https://elagente.ca/ontomlff/MLFFElasticityResult_8cfcecfe-a213-4311-906a-b11d8128133e,[],[],0.3685746403098718,eV/Å^3,0.9253693614887697,/scratch/kenko/akg4pyscf/.graphchat-workspaces/kenko_room/mlff_elasticity_benchmark/workflow_runs/MACE_OMAT/elasticity_MACE_OMAT/structures/As2Co2Li2_4c6bf5bb/output.json,mp-20698,cif,https://elagente.ca/grafico/ConceptualAtoms_30d9661b-cfe5-45de-8fa2-1490a2635c04,mp-20698
AlO4Ta,1.5051125225250774,https://elagente.ca/grafico/ConceptualAtoms_3163d932-2fbb-49a0-a24c-9bc56f342af5,https://elagente.ca/ontomlff/MLFFElasticityResult_1246c394-22ab-41c1-856a-ce25dcecc77a,[],[],0.9046273030043763,eV/Å^3,2.260917410045745,/scratch/kenko/akg4pyscf/.graphchat-workspaces/kenko_room/mlff_elasticity_benchmark/workflow_runs/MACE_OMAT/elasticity_MACE_OMAT/structures/AlO4Ta_3e363778/output.json,mp-675172,cif,https://elagente.ca/grafico/ConceptualAtoms_3163d932-2fbb-49a0-a24c-9bc56f342af5,mp-675172
NRe,1.8916203017976834,https://elagente.ca/grafico/ConceptualAtoms_31888ce6-0f13-448d-b4f1-6795bcb5ca2e,https://elagente.ca/ontomlff/MLFFElasticityResult_b7f61bd7-92e5-4ae6-a1ac-ad138617eed6,[],[],0.2925184329977863,eV/Å^3,0.8345379062026965,/scratch/kenko/akg4pyscf/.graphchat-workspaces/kenko_room/mlff_elasticity_benchmark/workflow_runs/MACE_OMAT/elasticity_MACE_OMAT/structures/NRe_b7cd28f0/output.json,mp-1002207,cif,https://elagente.ca/grafico/ConceptualAtoms_31888ce6-0f13-448d-b4f1-6795bcb5ca2e,mp-1002207
Co2Si4Zr4,0.9786497908899838,https://elagente.ca/grafico/ConceptualAtoms_31fa70e5-d97f-423a-82ed-010d9396c058,https://elagente.ca/ontomlff/MLFFElasticityResult_9e077605-fe6b-41b9-ae53-0820a9d90827,[],[],0.7015319790401622,eV/Å^3,1.6986993262268277,/scratch/kenko/akg4pyscf/.graphchat-workspaces/kenko_room/mlff_elasticity_benchmark/workflow_runs/MACE_OMAT/elasticity_MACE_OMAT/structures/Co2Si4Zr4_295313c3/output.json,mp-4022,cif,https://elagente.ca/grafico/ConceptualAtoms_31fa70e5-d97f-423a-82ed-010d9396c058,mp-4022
GdSi2,0.44857611238220485,https://elagente.ca/grafico/ConceptualAtoms_3232a985-9e79-4e48-a4f8-25ee674baeb8,https://elagente.ca/ontomlff/MLFFElasticityResult_d781e717-e3c1-4a2f-9e69-1fe82c4a847b,[],[],0.23755593913873857,eV/Å^3,0.6057391532489278,/scratch/kenko/akg4pyscf/.graphchat-workspaces/kenko_room/mlff_elasticity_benchmark/workflow_runs/MACE_OMAT/elasticity_MACE_OMAT/structures/GdSi2_076e4f6f/output.json,mp-20125,cif,https://elagente.ca/grafico/ConceptualAtoms_3232a985-9e79-4e48-a4f8-25ee674baeb8,mp-20125
H4Ti2,0.6163949738876127,https://elagente.ca/grafico/ConceptualAtoms_3272e775-e7a9-456f-85a0-e2a8255834da,https://elagente.ca/ontomlff/MLFFElasticityResult_96e9df2e-bdcf-4c38-862b-6ce5f166bec6,[],[],-0.2644439761277727,eV/Å^3,-0.9257143534868512,/scratch/kenko/akg4pyscf/.graphchat-workspaces/kenko_room/mlff_elasticity_benchmark/workflow_runs/MACE_OMAT/elasticity_MACE_OMAT/structures/H4Ti2_1cc51c09/output.json,mp-1077353,cif,https://elagente.ca/grafico/ConceptualAtoms_3272e775-e7a9-456f-85a0-e2a8255834da,mp-1077353
C4CoSc3,1.3383481015222662,https://elagente.ca/grafico/ConceptualAtoms_329dc97e-7d60-43e9-8e68-b44f315a5380,https://elagente.ca/ontomlff/MLFFElasticityResult_8456d6b2-343d-4973-95ef-db0b33ce5ca8,[],[],0.7811826699421631,eV/Å^3,1.9618439951533029,/scratch/kenko/akg4pyscf/.graphchat-workspaces/kenko_room/mlff_elasticity_benchmark/workflow_runs/MACE_OMAT/elasticity_MACE_OMAT/structures/C4CoSc3_e40105ca/output.json,mp-5075,cif,https://elagente.ca/grafico/ConceptualAtoms_329dc97e-7d60-43e9-8e68-b44f315a5380,mp-5075
Ge6Rb2,0.1835709552736142,https://elagente.ca/grafico/ConceptualAtoms_32c2b02a-0d6b-4f27-bd41-c65fd2a71878,https://elagente.ca/ontomlff/MLFFElasticityResult_ec5a1b0d-04f9-4a1e-8de2-191ab83a691f,[],[],0.0905372227737488,eV/Å^3,0.2332631884377652,/scratch/kenko/akg4pyscf/.graphchat-workspaces/kenko_room/mlff_elasticity_benchmark/workflow_runs/MACE_OMAT/elasticity_MACE_OMAT/structures/Ge6Rb2_9d3934c2/output.json,mp-862769,cif,https://elagente.ca/grafico/ConceptualAtoms_32c2b02a-0d6b-4f27-bd41-c65fd2a71878,mp-862769
Mg3Y,0.24818426129039556,https://elagente.ca/grafico/ConceptualAtoms_32e8d677-cfd1-41f3-a94c-ce5991e37d45,https://elagente.ca/ontomlff/MLFFElasticityResult_726c0162-3af1-4331-865f-f48a1bc268c7,[],[],0.16634456013568066,eV/Å^3,0.40790207418778685,/scratch/kenko/akg4pyscf/.graphchat-workspaces/kenko_room/mlff_elasticity_benchmark/workflow_runs/MACE_OMAT/elasticity_MACE_OMAT/structures/Mg3Y_d3f1a682/output.json,mp-865376,cif,https://elagente.ca/grafico/ConceptualAtoms_32e8d677-cfd1-41f3-a94c-ce5991e37d45,mp-865376
I6Zr2,0.18935971413575284,https://elagente.ca/grafico/ConceptualAtoms_32ec2bf0-7fd5-4900-a064-0f1cfbde7c76,https://elagente.ca/ontomlff/MLFFElasticityResult_51e9f625-877d-45c3-94c5-f600746332d6,[],[],0.1055570501589849,eV/Å^3,0.26704959972942377,/scratch/kenko/akg4pyscf/.graphchat-workspaces/kenko_room/mlff_elasticity_benchmark/workflow_runs/MACE_OMAT/elasticity_MACE_OMAT/structures/I6Zr2_7c4133d5/output.json,mp-23282,cif,https://elagente.ca/grafico/ConceptualAtoms_32ec2bf0-7fd5-4900-a064-0f1cfbde7c76,mp-23282
Al3Hf4,0.8046277262191932,https://elagente.ca/grafico/ConceptualAtoms_337d2d17-048b-4d23-998f-298be4822dab,https://elagente.ca/ontomlff/MLFFElasticityResult_1ec5d373-1e7a-44f1-976d-fbc251bf1a9c,[],[],0.5476102847391487,eV/Å^3,1.3390547078320243,/scratch/kenko/akg4pyscf/.graphchat-workspaces/kenko_room/mlff_elasticity_benchmark/workflow_runs/MACE_OMAT/elasticity_MACE_OMAT/structures/Al3Hf4_68180724/output.json,mp-1025223,cif,https://elagente.ca/grafico/ConceptualAtoms_337d2d17-048b-4d23-998f-298be4822dab,mp-1025223
DyNi2Si2,0.8730176527768537,https://elagente.ca/grafico/ConceptualAtoms_33eaa9f1-4732-41ac-9e8a-07f872d3a764,https://elagente.ca/ontomlff/MLFFElasticityResult_1aecd94a-1ceb-4adc-95e0-083b2fe1fe90,[],[],0.5064043872579499,eV/Å^3,1.2730615989031568,/scratch/kenko/akg4pyscf/.graphchat-workspaces/kenko_room/mlff_elasticity_benchmark/workflow_runs/MACE_OMAT/elasticity_MACE_OMAT/structures/DyNi2Si2_511629d5/output.json,mp-4692,cif,https://elagente.ca/grafico/ConceptualAtoms_33eaa9f1-4732-41ac-9e8a-07f872d3a764,mp-4692
Cd2Te4Zn2,0.23875408258450276,https://elagente.ca/grafico/ConceptualAtoms_34157dd3-725d-4840-adef-270334ef04de,https://elagente.ca/ontomlff/MLFFElasticityResult_e949babd-917e-4ecf-99cb-9583d06faf4c,[],[],0.12964457035581445,eV/Å^3,0.329325320652845,/scratch/kenko/akg4pyscf/.graphchat-workspaces/kenko_room/mlff_elasticity_benchmark/workflow_runs/MACE_OMAT/elasticity_MACE_OMAT/structures/Cd2Te4Zn2_d96d8a8d/output.json,mp-971837,cif,https://elagente.ca/grafico/ConceptualAtoms_34157dd3-725d-4840-adef-270334ef04de,mp-971837
Cs2Ga2S4,0.20670341954096083,https://elagente.ca/grafico/ConceptualAtoms_3437b8cb-820f-4079-8a12-8ecdd896f8c1,https://elagente.ca/ontomlff/MLFFElasticityResult_0d13282f-2188-4609-b45c-2acc28283996,[],[],0.11701090518738298,eV/Å^3,0.2953096434066942,/scratch/kenko/akg4pyscf/.graphchat-workspaces/kenko_room/mlff_elasticity_benchmark/workflow_runs/MACE_OMAT/elasticity_MACE_OMAT/structures/Cs2Ga2S4_54e317e3/output.json,mp-5038,cif,https://elagente.ca/grafico/ConceptualAtoms_3437b8cb-820f-4079-8a12-8ecdd896f8c1,mp-5038
BiF6Rb,0.4087347516274514,https://elagente.ca/grafico/ConceptualAtoms_343eff6a-8ed6-41ac-bfb4-6c32871a2a56,https://elagente.ca/ontomlff/MLFFElasticityResult_2399823f-c3a3-4d8c-824d-f8a25ffd2566,[],[],0.20644374573693752,eV/Å^3,0.5300859652344282,/scratch/kenko/akg4pyscf/.graphchat-workspaces/kenko_room/mlff_elasticity_benchmark/workflow_runs/MACE_OMAT/elasticity_MACE_OMAT/structures/BiF6Rb_b6e95868/output.json,mp-27421,cif,https://elagente.ca/grafico/ConceptualAtoms_343eff6a-8ed6-41ac-bfb4-6c32871a2a56,mp-27421
Ni3S3,0.8374028925568517,https://elagente.ca/grafico/ConceptualAtoms_35159d45-0f5b-42cd-98af-fd655aa613c7,https://elagente.ca/ontomlff/MLFFElasticityResult_4d4226f5-4ad0-4894-bba3-4d0d5bbb93e6,[],[],0.40029417817424706,eV/Å^3,1.0358333273516964,/scratch/kenko/akg4pyscf/.graphchat-workspaces/kenko_room/mlff_elasticity_benchmark/workflow_runs/MACE_OMAT/elasticity_MACE_OMAT/structures/Ni3S3_ae7a017f/output.json,mp-1547,cif,https://elagente.ca/grafico/ConceptualAtoms_35159d45-0f5b-42cd-98af-fd655aa613c7,mp-1547
AlCo2Zr,0.9295056498579497,https://elagente.ca/grafico/ConceptualAtoms_357f45d2-87ce-41b8-8b20-fc9983fcf5f0,https://elagente.ca/ontomlff/MLFFElasticityResult_e6e668fb-7e50-452a-abf3-22ba890be1ac,[],[],0.4414337438048669,eV/Å^3,1.1433104652994601,/scratch/kenko/akg4pyscf/.graphchat-workspaces/kenko_room/mlff_elasticity_benchmark/workflow_runs/MACE_OMAT/elasticity_MACE_OMAT/structures/AlCo2Zr_8642bd48/output.json,mp-3909,cif,https://elagente.ca/grafico/ConceptualAtoms_357f45d2-87ce-41b8-8b20-fc9983fcf5f0,mp-3909
GeSe8V4,0.5003853164834489,https://elagente.ca/grafico/ConceptualAtoms_358d2d70-1f36-4b0c-b8ce-125f9d772368,https://elagente.ca/ontomlff/MLFFElasticityResult_3295c169-2cbb-416e-bbf6-99797d276c93,[],[],0.3393447827617424,eV/Å^3,0.8303329044788832,/scratch/kenko/akg4pyscf/.graphchat-workspaces/kenko_room/mlff_elasticity_benchmark/workflow_runs/MACE_OMAT/elasticity_MACE_OMAT/structures/GeSe8V4_4a5a40d9/output.json,mp-2420227,cif,https://elagente.ca/grafico/ConceptualAtoms_358d2d70-1f36-4b0c-b8ce-125f9d772368,mp-2420227
Ca2CuO3,0.7247050559834206,https://elagente.ca/grafico/ConceptualAtoms_3635d97a-0d93-4bc3-9b7d-0edf589888ef,https://elagente.ca/ontomlff/MLFFElasticityResult_7ee020b5-8574-4101-af06-b7ec0bc533a2,[],[],0.40741773502339695,eV/Å^3,1.0293571037417215,/scratch/kenko/akg4pyscf/.graphchat-workspaces/kenko_room/mlff_elasticity_benchmark/workflow_runs/MACE_OMAT/elasticity_MACE_OMAT/structures/Ca2CuO3_f4a89fc0/output.json,mp-5869,cif,https://elagente.ca/grafico/ConceptualAtoms_3635d97a-0d93-4bc3-9b7d-0edf589888ef,mp-5869
B28Cl4Mg12O52,1.1899190725569238,https://elagente.ca/grafico/ConceptualAtoms_36490f5f-0e9d-4c0f-9e7e-c3b3651cdefc,https://elagente.ca/ontomlff/MLFFElasticityResult_66212d19-c12a-4f33-9dd4-7fd39ff31f26,[],[],0.8707712792661557,eV/Å^3,2.1000487180151897,/scratch/kenko/akg4pyscf/.graphchat-workspaces/kenko_room/mlff_elasticity_benchmark/workflow_runs/MACE_OMAT/elasticity_MACE_OMAT/structures/B28Cl4Mg12O52_9fc29cc6/output.json,mp-23087,cif,https://elagente.ca/grafico/ConceptualAtoms_36490f5f-0e9d-4c0f-9e7e-c3b3651cdefc,mp-23087
Nd8S12,0.5034820634639505,https://elagente.ca/grafico/ConceptualAtoms_36e9e827-6b15-4d1b-a98f-fb5ef562be67,https://elagente.ca/ontomlff/MLFFElasticityResult_b0d75313-5f35-4e33-88bb-dadd4b98eb3a,[],[],0.2940953051427873,eV/Å^3,0.7384952926229764,/scratch/kenko/akg4pyscf/.graphchat-workspaces/kenko_room/mlff_elasticity_benchmark/workflow_runs/MACE_OMAT/elasticity_MACE_OMAT/structures/Nd8S12_95312c21/output.json,mp-438,cif,https://elagente.ca/grafico/ConceptualAtoms_36e9e827-6b15-4d1b-a98f-fb5ef562be67,mp-438
As2Pb4Pd6,0.5698972798554939,https://elagente.ca/grafico/ConceptualAtoms_370334a6-3509-49fb-9d29-5d7471ae1ec9,https://elagente.ca/ontomlff/MLFFElasticityResult_0ae725d0-ed62-41f1-b209-0dcfc6a3826e,[],[],0.21923624229775202,eV/Å^3,0.5829555045381963,/scratch/kenko/akg4pyscf/.graphchat-workspaces/kenko_room/mlff_elasticity_benchmark/workflow_runs/MACE_OMAT/elasticity_MACE_OMAT/structures/As2Pb4Pd6_d9b92986/output.json,mp-20257,cif,https://elagente.ca/grafico/ConceptualAtoms_370334a6-3509-49fb-9d29-5d7471ae1ec9,mp-20257
B2Ni4,1.6521731736338023,https://elagente.ca/grafico/ConceptualAtoms_3745433f-bed2-46f3-8835-38dd1f11bc51,https://elagente.ca/ontomlff/MLFFElasticityResult_c3ca15f4-e6d8-42ee-9e31-e55152b50293,[],[],0.7763001458842775,eV/Å^3,2.0135362966918917,/scratch/kenko/akg4pyscf/.graphchat-workspaces/kenko_room/mlff_elasticity_benchmark/workflow_runs/MACE_OMAT/elasticity_MACE_OMAT/structures/B2Ni4_58015334/output.json,mp-2536,cif,https://elagente.ca/grafico/ConceptualAtoms_3745433f-bed2-46f3-8835-38dd1f11bc51,mp-2536
B4Li4,0.34779830247389454,https://elagente.ca/grafico/ConceptualAtoms_379239d6-7dab-4267-a5fb-2a8e179779f6,https://elagente.ca/ontomlff/MLFFElasticityResult_e4988272-6237-48ba-b67e-f1ac0a727517,[],[],0.21325403656207054,eV/Å^3,0.5311941178192526,/scratch/kenko/akg4pyscf/.graphchat-workspaces/kenko_room/mlff_elasticity_benchmark/workflow_runs/MACE_OMAT/elasticity_MACE_OMAT/structures/B4Li4_ba41ea2a/output.json,mp-1205309,cif,https://elagente.ca/grafico/ConceptualAtoms_379239d6-7dab-4267-a5fb-2a8e179779f6,mp-1205309
LuRbSe2,0.2822992914909903,https://elagente.ca/grafico/ConceptualAtoms_379901f6-9500-4536-9908-63e6784f2578,https://elagente.ca/ontomlff/MLFFElasticityResult_fc9c7828-ddde-43e0-aff8-d09b5b29cb22,[],[],0.17283974786658202,eV/Å^3,0.43063317039383964,/scratch/kenko/akg4pyscf/.graphchat-workspaces/kenko_room/mlff_elasticity_benchmark/workflow_runs/MACE_OMAT/elasticity_MACE_OMAT/structures/LuRbSe2_890b761f/output.json,mp-10785,cif,https://elagente.ca/grafico/ConceptualAtoms_379901f6-9500-4536-9908-63e6784f2578,mp-10785
As4V4,0.9492311997917451,https://elagente.ca/grafico/ConceptualAtoms_37bf6dc4-8885-406e-8449-145119b2d049,https://elagente.ca/ontomlff/MLFFElasticityResult_6adbadca-92ab-42fa-b749-f71049437dce,[],[],0.715005310303199,eV/Å^3,1.714528308978124,/scratch/kenko/akg4pyscf/.graphchat-workspaces/kenko_room/mlff_elasticity_benchmark/workflow_runs/MACE_OMAT/elasticity_MACE_OMAT/structures/As4V4_51ea90c7/output.json,mp-19940,cif,https://elagente.ca/grafico/ConceptualAtoms_37bf6dc4-8885-406e-8449-145119b2d049,mp-19940
O3PbZr,0.9138992435884554,https://elagente.ca/grafico/ConceptualAtoms_37c1f02b-f41b-4c85-ba50-b4dce3b41e43,https://elagente.ca/ontomlff/MLFFElasticityResult_f75957b0-1248-4aeb-bc30-b68990b017a4,[],[],0.4515354558664569,eV/Å^3,1.1630598165130877,/scratch/kenko/akg4pyscf/.graphchat-workspaces/kenko_room/mlff_elasticity_benchmark/workflow_runs/MACE_OMAT/elasticity_MACE_OMAT/structures/O3PbZr_effc6fa6/output.json,mp-20337,cif,https://elagente.ca/grafico/ConceptualAtoms_37c1f02b-f41b-4c85-ba50-b4dce3b41e43,mp-20337
Fe17N3Pr2,1.0086161650898982,https://elagente.ca/grafico/ConceptualAtoms_37d09359-bbf8-4abd-8c29-21182f1f2e67,https://elagente.ca/ontomlff/MLFFElasticityResult_afd76020-28da-4f09-a230-e758e81af847,[],[],0.5163495360583621,eV/Å^3,1.3232423367331774,/scratch/kenko/akg4pyscf/.graphchat-workspaces/kenko_room/mlff_elasticity_benchmark/workflow_runs/MACE_OMAT/elasticity_MACE_OMAT/structures/Fe17N3Pr2_9f968934/output.json,mp-1190963,cif,https://elagente.ca/grafico/ConceptualAtoms_37d09359-bbf8-4abd-8c29-21182f1f2e67,mp-1190963
Mg8O16Si4,1.0172991471674422,https://elagente.ca/grafico/ConceptualAtoms_37dc8c72-79b7-4493-a1cc-836e3bcb426d,https://elagente.ca/ontomlff/MLFFElasticityResult_8264acc4-6a51-4264-9e95-5ca9339e0fc4,[],[],0.7130633309775243,eV/Å^3,1.7340389079321377,/scratch/kenko/akg4pyscf/.graphchat-workspaces/kenko_room/mlff_elasticity_benchmark/workflow_runs/MACE_OMAT/elasticity_MACE_OMAT/structures/Mg8O16Si4_b511615c/output.json,mp-5392,cif,https://elagente.ca/grafico/ConceptualAtoms_37dc8c72-79b7-4493-a1cc-836e3bcb426d,mp-5392
Cl4K4O12,0.3559960958714222,https://elagente.ca/grafico/ConceptualAtoms_37fcddaa-1fc0-4766-b767-4f8c5d85f6c6,https://elagente.ca/ontomlff/MLFFElasticityResult_f8e8df4f-a726-42a4-b6d3-2fb1fb9ce91b,[],[],0.25325325437043444,eV/Å^3,0.6141303483272229,/scratch/kenko/akg4pyscf/.graphchat-workspaces/kenko_room/mlff_elasticity_benchmark/workflow_runs/MACE_OMAT/elasticity_MACE_OMAT/structures/Cl4K4O12_ef43d97f/output.json,mp-556084,cif,https://elagente.ca/grafico/ConceptualAtoms_37fcddaa-1fc0-4766-b767-4f8c5d85f6c6,mp-556084
C3W6,2.2467645380355274,https://elagente.ca/grafico/ConceptualAtoms_38705b47-1695-40c4-a2b3-6bf2b5f66bee,https://elagente.ca/ontomlff/MLFFElasticityResult_0eb7f74b-75fd-473d-a753-94d8efc50379,[],[],1.0376812106165103,eV/Å^3,2.6977238400791017,/scratch/kenko/akg4pyscf/.graphchat-workspaces/kenko_room/mlff_elasticity_benchmark/workflow_runs/MACE_OMAT/elasticity_MACE_OMAT/structures/C3W6_c49802f9/output.json,mp-567397,cif,https://elagente.ca/grafico/ConceptualAtoms_38705b47-1695-40c4-a2b3-6bf2b5f66bee,mp-567397
P4V8,1.3874974843541827,https://elagente.ca/grafico/ConceptualAtoms_38990a4c-af7e-4900-b759-7a344cc881f4,https://elagente.ca/ontomlff/MLFFElasticityResult_0bfe86fa-fb2e-4d9a-8863-136f7efd525f,[],[],0.8788232648510887,eV/Å^3,2.176869340588944,/scratch/kenko/akg4pyscf/.graphchat-workspaces/kenko_room/mlff_elasticity_benchmark/workflow_runs/MACE_OMAT/elasticity_MACE_OMAT/structures/P4V8_7dc72e28/output.json,mp-20541,cif,https://elagente.ca/grafico/ConceptualAtoms_38990a4c-af7e-4900-b759-7a344cc881f4,mp-20541
GaLa3,0.19812779920042012,https://elagente.ca/grafico/ConceptualAtoms_38a83195-153c-4d58-93a7-83f94358634a,https://elagente.ca/ontomlff/MLFFElasticityResult_d0c9a050-2e6e-4930-ad97-7a9faf02adda,[],[],0.13581691738919366,eV/Å^3,0.33166510265299176,/scratch/kenko/akg4pyscf/.graphchat-workspaces/kenko_room/mlff_elasticity_benchmark/workflow_runs/MACE_OMAT/elasticity_MACE_OMAT/structures/GaLa3_2a72fe67/output.json,mp-20487,cif,https://elagente.ca/grafico/ConceptualAtoms_38a83195-153c-4d58-93a7-83f94358634a,mp-20487
Co2LuSn,0.7438105791871171,https://elagente.ca/grafico/ConceptualAtoms_390331e1-422f-43fb-93b7-53049a1acf22,https://elagente.ca/ontomlff/MLFFElasticityResult_088ae54d-15f9-4409-85ba-1abda6cab615,[],[],0.4200856830980386,eV/Å^3,1.0605917786431012,/scratch/kenko/akg4pyscf/.graphchat-workspaces/kenko_room/mlff_elasticity_benchmark/workflow_runs/MACE_OMAT/elasticity_MACE_OMAT/structures/Co2LuSn_a911ace6/output.json,mp-865797,cif,https://elagente.ca/grafico/ConceptualAtoms_390331e1-422f-43fb-93b7-53049a1acf22,mp-865797
CrN,2.2791430451983636,https://elagente.ca/grafico/ConceptualAtoms_391ad1c7-9d8c-4a6f-8d11-5c19846e0ba5,https://elagente.ca/ontomlff/MLFFElasticityResult_195042b4-1cf9-43cc-8a79-ad16015f45b7,[],[],1.1676608823574226,eV/Å^3,2.992020771641749,/scratch/kenko/akg4pyscf/.graphchat-workspaces/kenko_room/mlff_elasticity_benchmark/workflow_runs/MACE_OMAT/elasticity_MACE_OMAT/structures/CrN_5c620011/output.json,mp-1009485,cif,https://elagente.ca/grafico/ConceptualAtoms_391ad1c7-9d8c-4a6f-8d11-5c19846e0ba5,mp-1009485
Gd6O9,0.9052681012142788,https://elagente.ca/grafico/ConceptualAtoms_395bc776-cf96-466b-813f-67457e592981,https://elagente.ca/ontomlff/MLFFElasticityResult_eaf60f51-0096-4cbf-86db-b9d34b896e5c,[],[],0.4940851712810225,eV/Å^3,1.2540979790865896,/scratch/kenko/akg4pyscf/.graphchat-workspaces/kenko_room/mlff_elasticity_benchmark/workflow_runs/MACE_OMAT/elasticity_MACE_OMAT/structures/Gd6O9_b4a82e9d/output.json,mp-643084,cif,https://elagente.ca/grafico/ConceptualAtoms_395bc776-cf96-466b-813f-67457e592981,mp-643084
AgBaO2,0.48358511279041627,https://elagente.ca/grafico/ConceptualAtoms_3968e0ad-77e3-4e41-9943-997e882b77e0,https://elagente.ca/ontomlff/MLFFElasticityResult_e910fda4-ce85-410a-ab7e-23dea5715b19,[],[],0.26991825745370646,eV/Å^3,0.6827303339953139,/scratch/kenko/akg4pyscf/.graphchat-workspaces/kenko_room/mlff_elasticity_benchmark/workflow_runs/MACE_OMAT/elasticity_MACE_OMAT/structures/AgBaO2_843d26da/output.json,mp-996990,cif,https://elagente.ca/grafico/ConceptualAtoms_3968e0ad-77e3-4e41-9943-997e882b77e0,mp-996990
C2Ba2O6,0.48904207684566303,https://elagente.ca/grafico/ConceptualAtoms_39729a7a-f163-473a-aefc-04709ebe43e4,https://elagente.ca/ontomlff/MLFFElasticityResult_4e6c9aab-b069-46a1-b0b6-3d171eadd520,[],[],0.3226010844243624,eV/Å^3,0.7933552374187469,/scratch/kenko/akg4pyscf/.graphchat-workspaces/kenko_room/mlff_elasticity_benchmark/workflow_runs/MACE_OMAT/elasticity_MACE_OMAT/structures/C2Ba2O6_64d0ee3d/output.json,mp-2506699,cif,https://elagente.ca/grafico/ConceptualAtoms_39729a7a-f163-473a-aefc-04709ebe43e4,mp-2506699
BiNaTl2,0.1598987513822633,https://elagente.ca/grafico/ConceptualAtoms_39b45ae2-34a4-4a5a-b424-c4a9aa9c6d1d,https://elagente.ca/ontomlff/MLFFElasticityResult_ca519732-0d0b-4a0f-b006-9089600f1906,[],[],0.0069463334429094685,eV/Å^3,0.020541544560179245,/scratch/kenko/akg4pyscf/.graphchat-workspaces/kenko_room/mlff_elasticity_benchmark/workflow_runs/MACE_OMAT/elasticity_MACE_OMAT/structures/BiNaTl2_fe2745e8/output.json,mp-865145,cif,https://elagente.ca/grafico/ConceptualAtoms_39b45ae2-34a4-4a5a-b424-c4a9aa9c6d1d,mp-865145
As2NdNi2,0.7196382601838494,https://elagente.ca/grafico/ConceptualAtoms_3a38b3d5-880a-4664-8f8d-9619df2114b6,https://elagente.ca/ontomlff/MLFFElasticityResult_e988b536-36b9-4367-9693-09692c9f0367,[],[],0.3501066705817818,eV/Å^3,0.903759271026497,/scratch/kenko/akg4pyscf/.graphchat-workspaces/kenko_room/mlff_elasticity_benchmark/workflow_runs/MACE_OMAT/elasticity_MACE_OMAT/structures/As2NdNi2_23b3b215/output.json,mp-567723,cif,https://elagente.ca/grafico/ConceptualAtoms_3a38b3d5-880a-4664-8f8d-9619df2114b6,mp-567723
Cs2F6GaLi,0.3146703282363891,https://elagente.ca/grafico/ConceptualAtoms_3a5a1529-2d4e-436e-b37b-96659b0856e5,https://elagente.ca/ontomlff/MLFFElasticityResult_a26a1e8f-23e5-4521-908d-74883461ea85,[],[],0.16942197759706246,eV/Å^3,0.43092726724608094,/scratch/kenko/akg4pyscf/.graphchat-workspaces/kenko_room/mlff_elasticity_benchmark/workflow_runs/MACE_OMAT/elasticity_MACE_OMAT/structures/Cs2F6GaLi_997563cf/output.json,mp-6654,cif,https://elagente.ca/grafico/ConceptualAtoms_3a5a1529-2d4e-436e-b37b-96659b0856e5,mp-6654
NbRu2Zn,1.3089640093959845,https://elagente.ca/grafico/ConceptualAtoms_3b0a40c1-0666-4230-a47c-1fcdae594820,https://elagente.ca/ontomlff/MLFFElasticityResult_29742d68-ed71-400b-97f7-2cc195678b42,[],[],0.5900563450692321,eV/Å^3,1.538928962318355,/scratch/kenko/akg4pyscf/.graphchat-workspaces/kenko_room/mlff_elasticity_benchmark/workflow_runs/MACE_OMAT/elasticity_MACE_OMAT/structures/NbRu2Zn_e67838e9/output.json,mp-864840,cif,https://elagente.ca/grafico/ConceptualAtoms_3b0a40c1-0666-4230-a47c-1fcdae594820,mp-864840
NV,1.5477192153768278,https://elagente.ca/grafico/ConceptualAtoms_3b4586e5-527b-4b70-add9-458ca9c1f277,https://elagente.ca/ontomlff/MLFFElasticityResult_f3b853ba-d44f-4674-8c93-15371571854f,[],[],0.8588591852679561,eV/Å^3,2.1743764415272047,/scratch/kenko/akg4pyscf/.graphchat-workspaces/kenko_room/mlff_elasticity_benchmark/workflow_runs/MACE_OMAT/elasticity_MACE_OMAT/structures/NV_8e62953a/output.json,mp-925,cif,https://elagente.ca/grafico/ConceptualAtoms_3b4586e5-527b-4b70-add9-458ca9c1f277,mp-925
Au2V6,1.1600510438007428,https://elagente.ca/grafico/ConceptualAtoms_3b4fc75b-20ba-4b34-98e4-9d15ccedfd83,https://elagente.ca/ontomlff/MLFFElasticityResult_e312c733-9069-45c4-9517-a327d3f080e6,[],[],0.5493207674268599,eV/Å^3,1.4233027215739371,/scratch/kenko/akg4pyscf/.graphchat-workspaces/kenko_room/mlff_elasticity_benchmark/workflow_runs/MACE_OMAT/elasticity_MACE_OMAT/structures/Au2V6_df08b69d/output.json,mp-839,cif,https://elagente.ca/grafico/ConceptualAtoms_3b4fc75b-20ba-4b34-98e4-9d15ccedfd83,mp-839
B2V2,1.8358223442092796,https://elagente.ca/grafico/ConceptualAtoms_3b691fcd-57d3-43e1-bc91-95adccac7795,https://elagente.ca/ontomlff/MLFFElasticityResult_e70abf9a-dc91-433b-9b91-e1bfcfb629ae,[],[],1.6503135864958463,eV/Å^3,3.809441007526901,/scratch/kenko/akg4pyscf/.graphchat-workspaces/kenko_room/mlff_elasticity_benchmark/workflow_runs/MACE_OMAT/elasticity_MACE_OMAT/structures/B2V2_4559049c/output.json,mp-9973,cif,https://elagente.ca/grafico/ConceptualAtoms_3b691fcd-57d3-43e1-bc91-95adccac7795,mp-9973
Cd2P2S6,0.3594766527002734,https://elagente.ca/grafico/ConceptualAtoms_3bb04f91-c1f0-493b-8a65-bde65dbbbff2,https://elagente.ca/ontomlff/MLFFElasticityResult_3abe3799-a335-4292-8a31-a2857d40a5e9,[],[],0.2078148509669151,eV/Å^3,0.5227164209511914,/scratch/kenko/akg4pyscf/.graphchat-workspaces/kenko_room/mlff_elasticity_benchmark/workflow_runs/MACE_OMAT/elasticity_MACE_OMAT/structures/Cd2P2S6_52a9df40/output.json,mp-9330,cif,https://elagente.ca/grafico/ConceptualAtoms_3bb04f91-c1f0-493b-8a65-bde65dbbbff2,mp-9330
NNa3,0.21992316360274894,https://elagente.ca/grafico/ConceptualAtoms_3c114cfe-eb36-4e72-9976-2a026cd7a1be,https://elagente.ca/ontomlff/MLFFElasticityResult_767ea1db-064b-4022-bb33-3bd874430342,[],[],0.11445022785311715,eV/Å^3,0.29259433749930075,/scratch/kenko/akg4pyscf/.graphchat-workspaces/kenko_room/mlff_elasticity_benchmark/workflow_runs/MACE_OMAT/elasticity_MACE_OMAT/structures/NNa3_1d55cec0/output.json,mp-999495,cif,https://elagente.ca/grafico/ConceptualAtoms_3c114cfe-eb36-4e72-9976-2a026cd7a1be,mp-999495
Ge6LuMn6,0.8087401630560926,https://elagente.ca/grafico/ConceptualAtoms_3cf0ad71-376d-4cb0-9e20-91f5df89b7fe,https://elagente.ca/ontomlff/MLFFElasticityResult_24b7dca1-1bb3-41da-ae41-2617aef3b89d,[],[],0.5840683213437903,eV/Å^3,1.4122351217962095,/scratch/kenko/akg4pyscf/.graphchat-workspaces/kenko_room/mlff_elasticity_benchmark/workflow_runs/MACE_OMAT/elasticity_MACE_OMAT/structures/Ge6LuMn6_9223bc48/output.json,mp-3400,cif,https://elagente.ca/grafico/ConceptualAtoms_3cf0ad71-376d-4cb0-9e20-91f5df89b7fe,mp-3400
AgTlTm2,0.38841936971409896,https://elagente.ca/grafico/ConceptualAtoms_3d10adce-f6e9-4b43-9e96-5431bce0a59d,https://elagente.ca/ontomlff/MLFFElasticityResult_3aaf8aca-80c9-4980-887b-fab1c32aeab0,[],[],0.14585622330914072,eV/Å^3,0.38889090624628897,/scratch/kenko/akg4pyscf/.graphchat-workspaces/kenko_room/mlff_elasticity_benchmark/workflow_runs/MACE_OMAT/elasticity_MACE_OMAT/structures/AgTlTm2_14c585dc/output.json,mp-866120,cif,https://elagente.ca/grafico/ConceptualAtoms_3d10adce-f6e9-4b43-9e96-5431bce0a59d,mp-866120
CaMgTl2,0.2144471057299577,https://elagente.ca/grafico/ConceptualAtoms_3d44d478-0cbb-4477-8c71-2f3c8880ba7b,https://elagente.ca/ontomlff/MLFFElasticityResult_836e120f-a3fa-4f00-8710-6b26e372a5d0,[],[],0.09174317170788532,eV/Å^3,0.2408791390152851,/scratch/kenko/akg4pyscf/.graphchat-workspaces/kenko_room/mlff_elasticity_benchmark/workflow_runs/MACE_OMAT/elasticity_MACE_OMAT/structures/CaMgTl2_461a5017/output.json,mp-867266,cif,https://elagente.ca/grafico/ConceptualAtoms_3d44d478-0cbb-4477-8c71-2f3c8880ba7b,mp-867266
InSb,0.32513183941841106,https://elagente.ca/grafico/ConceptualAtoms_3dc3d75b-e6ea-44d9-82f6-e531b189d278,https://elagente.ca/ontomlff/MLFFElasticityResult_bc8ca616-8405-4d40-9f8d-8433ceb6510d,[],[],0.10095811905580757,eV/Å^3,0.2744658264114444,/scratch/kenko/akg4pyscf/.graphchat-workspaces/kenko_room/mlff_elasticity_benchmark/workflow_runs/MACE_OMAT/elasticity_MACE_OMAT/structures/InSb_96fae681/output.json,mp-10149,cif,https://elagente.ca/grafico/ConceptualAtoms_3dc3d75b-e6ea-44d9-82f6-e531b189d278,mp-10149
Er2Fe8Ge4,0.7809730458261552,https://elagente.ca/grafico/ConceptualAtoms_3e050733-be9a-4820-9a26-f6865cf957dc,https://elagente.ca/ontomlff/MLFFElasticityResult_b8553b52-010e-41f4-af53-5e90d7d8412d,[],[],0.3896753566735167,eV/Å^3,1.0023197944385718,/scratch/kenko/akg4pyscf/.graphchat-workspaces/kenko_room/mlff_elasticity_benchmark/workflow_runs/MACE_OMAT/elasticity_MACE_OMAT/structures/Er2Fe8Ge4_e7191d7e/output.json,mp-3501,cif,https://elagente.ca/grafico/ConceptualAtoms_3e050733-be9a-4820-9a26-f6865cf957dc,mp-3501
Al2LiPt,0.798990702845467,https://elagente.ca/grafico/ConceptualAtoms_3ea702cf-6036-41f4-b73a-6d785f7c6ab8,https://elagente.ca/ontomlff/MLFFElasticityResult_9a96d087-58d6-4439-87db-c61cac04084c,[],[],0.39555725393437347,eV/Å^3,1.0185816318554823,/scratch/kenko/akg4pyscf/.graphchat-workspaces/kenko_room/mlff_elasticity_benchmark/workflow_runs/MACE_OMAT/elasticity_MACE_OMAT/structures/Al2LiPt_40c8cfee/output.json,mp-30819,cif,https://elagente.ca/grafico/ConceptualAtoms_3ea702cf-6036-41f4-b73a-6d785f7c6ab8,mp-30819
Co2Ga4Sm2,0.6150462386208702,https://elagente.ca/grafico/ConceptualAtoms_3f490939-d68e-47bb-97ae-a78e5db4b693,https://elagente.ca/ontomlff/MLFFElasticityResult_e052d9fc-8660-4193-ab8b-b3836e0622d2,[],[],0.311882420297944,eV/Å^3,0.8003625724961428,/scratch/kenko/akg4pyscf/.graphchat-workspaces/kenko_room/mlff_elasticity_benchmark/workflow_runs/MACE_OMAT/elasticity_MACE_OMAT/structures/Co2Ga4Sm2_88fd93f9/output.json,mp-980004,cif,https://elagente.ca/grafico/ConceptualAtoms_3f490939-d68e-47bb-97ae-a78e5db4b693,mp-980004
Ag2F8K2,0.3258095448121236,https://elagente.ca/grafico/ConceptualAtoms_3fdcba11-801a-4e27-a52f-a02a48246d90,https://elagente.ca/ontomlff/MLFFElasticityResult_d84ffe59-ce87-4de2-b3ae-1d6d895b6e54,[],[],0.16233166847534558,eV/Å^3,0.4176341831829656,/scratch/kenko/akg4pyscf/.graphchat-workspaces/kenko_room/mlff_elasticity_benchmark/workflow_runs/MACE_OMAT/elasticity_MACE_OMAT/structures/Ag2F8K2_9735e139/output.json,mp-7387,cif,https://elagente.ca/grafico/ConceptualAtoms_3fdcba11-801a-4e27-a52f-a02a48246d90,mp-7387
I6Sn3,0.16132262884809762,https://elagente.ca/grafico/ConceptualAtoms_3ffcab18-02f4-4593-abf3-3fac05f1903b,https://elagente.ca/ontomlff/MLFFElasticityResult_1bb2b112-772a-46a8-860c-c5ee72917280,[],[],0.07711775610989222,eV/Å^3,0.1995551905213113,/scratch/kenko/akg4pyscf/.graphchat-workspaces/kenko_room/mlff_elasticity_benchmark/workflow_runs/MACE_OMAT/elasticity_MACE_OMAT/structures/I6Sn3_02e8207e/output.json,mp-27194,cif,https://elagente.ca/grafico/ConceptualAtoms_3ffcab18-02f4-4593-abf3-3fac05f1903b,mp-27194
Ge3O6,0.8648402391480632,https://elagente.ca/grafico/ConceptualAtoms_403c383c-2e79-4235-a087-98710e394bed,https://elagente.ca/ontomlff/MLFFElasticityResult_5ac8a0d5-d387-46d6-b44c-2b4101d49c50,[],[],0.610061961690006,eV/Å^3,1.4817702244059485,/scratch/kenko/akg4pyscf/.graphchat-workspaces/kenko_room/mlff_elasticity_benchmark/workflow_runs/MACE_OMAT/elasticity_MACE_OMAT/structures/Ge3O6_e2ed90e6/output.json,mp-733,cif,https://elagente.ca/grafico/ConceptualAtoms_403c383c-2e79-4235-a087-98710e394bed,mp-733
Al2Ni3Pr,0.7222818381157262,https://elagente.ca/grafico/ConceptualAtoms_4050aa49-6642-406c-8810-1f63205b93e5,https://elagente.ca/ontomlff/MLFFElasticityResult_9988aff7-6914-4a7e-aa6b-9f4b10ac52d7,[],[],0.3911006247355627,eV/Å^3,0.9939083017641532,/scratch/kenko/akg4pyscf/.graphchat-workspaces/kenko_room/mlff_elasticity_benchmark/workflow_runs/MACE_OMAT/elasticity_MACE_OMAT/structures/Al2Ni3Pr_acf76867/output.json,mp-10897,cif,https://elagente.ca/grafico/ConceptualAtoms_4050aa49-6642-406c-8810-1f63205b93e5,mp-10897
Au2Ba2O4,0.5219832880976494,https://elagente.ca/grafico/ConceptualAtoms_408302f1-e88f-40eb-b8c5-031c4410d0ac,https://elagente.ca/ontomlff/MLFFElasticityResult_e22d2471-559d-4691-b8a9-c42568449e52,[],[],0.260114784392241,eV/Å^3,0.6691877720970685,/scratch/kenko/akg4pyscf/.graphchat-workspaces/kenko_room/mlff_elasticity_benchmark/workflow_runs/MACE_OMAT/elasticity_MACE_OMAT/structures/Au2Ba2O4_5527fb3c/output.json,mp-997009,cif,https://elagente.ca/grafico/ConceptualAtoms_408302f1-e88f-40eb-b8c5-031c4410d0ac,mp-997009
PbSn,0.269168916296026,https://elagente.ca/grafico/ConceptualAtoms_40d0f20d-551c-4d6e-86d2-3681d313d670,https://elagente.ca/ontomlff/MLFFElasticityResult_bbbe3ff4-83ce-49e6-a156-f4e60eaafba0,[],[],0.05432999442952856,eV/Å^3,0.15271513140648807,/scratch/kenko/akg4pyscf/.graphchat-workspaces/kenko_room/mlff_elasticity_benchmark/workflow_runs/MACE_OMAT/elasticity_MACE_OMAT/structures/PbSn_90210a21/output.json,mp-972692,cif,https://elagente.ca/grafico/ConceptualAtoms_40d0f20d-551c-4d6e-86d2-3681d313d670,mp-972692
CFe2Si2Tb2,0.9060589923752527,https://elagente.ca/grafico/ConceptualAtoms_40d6a6fe-36f9-4f98-97b6-9e641c323efc,https://elagente.ca/ontomlff/MLFFElasticityResult_3f205b4b-3039-4616-a967-a91247a28afd,[],[],0.5822651732308969,eV/Å^3,1.438625235367935,/scratch/kenko/akg4pyscf/.graphchat-workspaces/kenko_room/mlff_elasticity_benchmark/workflow_runs/MACE_OMAT/elasticity_MACE_OMAT/structures/CFe2Si2Tb2_99ca0828/output.json,mp-6624,cif,https://elagente.ca/grafico/ConceptualAtoms_40d6a6fe-36f9-4f98-97b6-9e641c323efc,mp-6624
DySi2,0.4773242848681331,https://elagente.ca/grafico/ConceptualAtoms_40e02d85-b6c4-4b9b-8b3b-1bbda412c9a7,https://elagente.ca/ontomlff/MLFFElasticityResult_6cc9714b-3f9b-4b35-860b-7286f84cb473,[],[],0.19912983638398893,eV/Å^3,0.5244584326034643,/scratch/kenko/akg4pyscf/.graphchat-workspaces/kenko_room/mlff_elasticity_benchmark/workflow_runs/MACE_OMAT/elasticity_MACE_OMAT/structures/DySi2_5d1a9ae0/output.json,mp-993,cif,https://elagente.ca/grafico/ConceptualAtoms_40e02d85-b6c4-4b9b-8b3b-1bbda412c9a7,mp-993
MgNaTl2,0.15209763150501487,https://elagente.ca/grafico/ConceptualAtoms_411ea66b-1ac0-47f9-bc91-f358cfeabb31,https://elagente.ca/ontomlff/MLFFElasticityResult_eb9fb645-b92d-427b-9bf4-f0975029186b,[],[],0.052713477279693916,eV/Å^3,0.1417631671864655,/scratch/kenko/akg4pyscf/.graphchat-workspaces/kenko_room/mlff_elasticity_benchmark/workflow_runs/MACE_OMAT/elasticity_MACE_OMAT/structures/MgNaTl2_a0d7c2ca/output.json,mp-865110,cif,https://elagente.ca/grafico/ConceptualAtoms_411ea66b-1ac0-47f9-bc91-f358cfeabb31,mp-865110
Nb2S4,0.5722851189345581,https://elagente.ca/grafico/ConceptualAtoms_41cea033-0b05-4e79-a2c1-495fb4cbfda9,https://elagente.ca/ontomlff/MLFFElasticityResult_77687fa9-a003-4b91-a378-d5d63f59bca3,[],[],0.34866008924866854,eV/Å^3,0.8694182506467508,/scratch/kenko/akg4pyscf/.graphchat-workspaces/kenko_room/mlff_elasticity_benchmark/workflow_runs/MACE_OMAT/elasticity_MACE_OMAT/structures/Nb2S4_87a2f719/output.json,mp-774873,cif,https://elagente.ca/grafico/ConceptualAtoms_41cea033-0b05-4e79-a2c1-495fb4cbfda9,mp-774873
In2Rb2Te4,0.15946637381051235,https://elagente.ca/grafico/ConceptualAtoms_42218deb-9d5b-48f7-8376-2b5c42aeb057,https://elagente.ca/ontomlff/MLFFElasticityResult_0681dc6b-6876-4be7-ad71-7ea5c440c3f4,[],[],0.10126459439498195,eV/Å^3,0.2507224016338751,/scratch/kenko/akg4pyscf/.graphchat-workspaces/kenko_room/mlff_elasticity_benchmark/workflow_runs/MACE_OMAT/elasticity_MACE_OMAT/structures/In2Rb2Te4_baa04441/output.json,mp-22255,cif,https://elagente.ca/grafico/ConceptualAtoms_42218deb-9d5b-48f7-8376-2b5c42aeb057,mp-22255
CuF3Tl,0.45533284250865524,https://elagente.ca/grafico/ConceptualAtoms_42ad5e89-69ee-48e0-b1e8-fbafef71d954,https://elagente.ca/ontomlff/MLFFElasticityResult_743e33ba-1d40-486d-bdac-5bcdf1c9070e,[],[],0.1462844656649876,eV/Å^3,0.3964027214443407,/scratch/kenko/akg4pyscf/.graphchat-workspaces/kenko_room/mlff_elasticity_benchmark/workflow_runs/MACE_OMAT/elasticity_MACE_OMAT/structures/CuF3Tl_f7aaac3f/output.json,mp-554973,cif,https://elagente.ca/grafico/ConceptualAtoms_42ad5e89-69ee-48e0-b1e8-fbafef71d954,mp-554973
Pd2Si2Sm,0.8001678742328424,https://elagente.ca/grafico/ConceptualAtoms_42ad80ad-c1b1-4a11-b675-c504fb5b27aa,https://elagente.ca/ontomlff/MLFFElasticityResult_42472208-b20e-48bb-a250-0477cc91b0bf,[],[],0.4002932960715333,eV/Å^3,1.0292486766055369,/scratch/kenko/akg4pyscf/.graphchat-workspaces/kenko_room/mlff_elasticity_benchmark/workflow_runs/MACE_OMAT/elasticity_MACE_OMAT/structures/Pd2Si2Sm_be8c7251/output.json,mp-4275,cif,https://elagente.ca/grafico/ConceptualAtoms_42ad80ad-c1b1-4a11-b675-c504fb5b27aa,mp-4275
Ho2I6,0.11391572090785367,https://elagente.ca/grafico/ConceptualAtoms_42b7a321-a8b0-4ee8-9d8c-56334b765965,https://elagente.ca/ontomlff/MLFFElasticityResult_9bfd0450-f96a-44f8-ae48-2b988b1742fd,[],[],0.06458743616736848,eV/Å^3,0.1629635264978663,/scratch/kenko/akg4pyscf/.graphchat-workspaces/kenko_room/mlff_elasticity_benchmark/workflow_runs/MACE_OMAT/elasticity_MACE_OMAT/structures/Ho2I6_48c835f9/output.json,mp-864657,cif,https://elagente.ca/grafico/ConceptualAtoms_42b7a321-a8b0-4ee8-9d8c-56334b765965,mp-864657
Cu2La2O2S2,0.6506335930886726,https://elagente.ca/grafico/ConceptualAtoms_42fd1725-6326-40c4-a045-5bca4e161051,https://elagente.ca/ontomlff/MLFFElasticityResult_fd45d40b-24f1-4fa9-a1d9-18056f3970f3,[],[],0.312804628183842,eV/Å^3,0.8087987013696076,/scratch/kenko/akg4pyscf/.graphchat-workspaces/kenko_room/mlff_elasticity_benchmark/workflow_runs/MACE_OMAT/elasticity_MACE_OMAT/structures/Cu2La2O2S2_750b77c7/output.json,mp-6088,cif,https://elagente.ca/grafico/ConceptualAtoms_42fd1725-6326-40c4-a045-5bca4e161051,mp-6088
C5B,2.1907543488491417,https://elagente.ca/grafico/ConceptualAtoms_433ccecc-d810-46d1-9ef8-3562f9f70a39,https://elagente.ca/ontomlff/MLFFElasticityResult_c640ef02-7a85-418f-92d5-5d70723397fa,[],[],2.2053976523377523,eV/Å^3,4.953866636213022,/scratch/kenko/akg4pyscf/.graphchat-workspaces/kenko_room/mlff_elasticity_benchmark/workflow_runs/MACE_OMAT/elasticity_MACE_OMAT/structures/C5B_14ae9c99/output.json,mp-1018649,cif,https://elagente.ca/grafico/ConceptualAtoms_433ccecc-d810-46d1-9ef8-3562f9f70a39,mp-1018649
O4Si2,1.7320070470802302,https://elagente.ca/grafico/ConceptualAtoms_434694af-b175-4a6f-9e8f-f3314120cb3f,https://elagente.ca/ontomlff/MLFFElasticityResult_aa184ac0-1292-43c5-97f4-0ebeb8ef3b6a,[],[],1.450347414921647,eV/Å^3,3.4015729490758297,/scratch/kenko/akg4pyscf/.graphchat-workspaces/kenko_room/mlff_elasticity_benchmark/workflow_runs/MACE_OMAT/elasticity_MACE_OMAT/structures/O4Si2_34ed0479/output.json,mp-6947,cif,https://elagente.ca/grafico/ConceptualAtoms_434694af-b175-4a6f-9e8f-f3314120cb3f,mp-6947
Hg2TbY,0.3824125656533506,https://elagente.ca/grafico/ConceptualAtoms_4396c41c-0c59-4e11-abd2-ec617d3a2792,https://elagente.ca/ontomlff/MLFFElasticityResult_f81c0c82-0c67-48b5-9aa7-b58144780654,[],[],0.13290197113215993,eV/Å^3,0.3573129286205221,/scratch/kenko/akg4pyscf/.graphchat-workspaces/kenko_room/mlff_elasticity_benchmark/workflow_runs/MACE_OMAT/elasticity_MACE_OMAT/structures/Hg2TbY_b055deb0/output.json,mp-978911,cif,https://elagente.ca/grafico/ConceptualAtoms_4396c41c-0c59-4e11-abd2-ec617d3a2792,mp-978911
AlN,1.6892615360575403,https://elagente.ca/grafico/ConceptualAtoms_43fd579b-5a68-4f84-be25-c9a0bdfde4fd,https://elagente.ca/ontomlff/MLFFElasticityResult_74279bde-6a6f-443c-853a-91dec12faff8,[],[],1.3673375552436104,eV/Å^3,3.230415230980479,/scratch/kenko/akg4pyscf/.graphchat-workspaces/kenko_room/mlff_elasticity_benchmark/workflow_runs/MACE_OMAT/elasticity_MACE_OMAT/structures/AlN_250047c1/output.json,mp-1330,cif,https://elagente.ca/grafico/ConceptualAtoms_43fd579b-5a68-4f84-be25-c9a0bdfde4fd,mp-1330
C2In2Ta4,1.3774350076666013,https://elagente.ca/grafico/ConceptualAtoms_447c638e-682d-4375-a333-49fc44939a32,https://elagente.ca/ontomlff/MLFFElasticityResult_df5a83dc-26f2-4614-8234-2cfb3a6aec25,[],[],0.7356788230060973,eV/Å^3,1.8734959226191699,/scratch/kenko/akg4pyscf/.graphchat-workspaces/kenko_room/mlff_elasticity_benchmark/workflow_runs/MACE_OMAT/elasticity_MACE_OMAT/structures/C2In2Ta4_da710fd5/output.json,mp-22144,cif,https://elagente.ca/grafico/ConceptualAtoms_447c638e-682d-4375-a333-49fc44939a32,mp-22144
ClNbRu2,1.1383971261429253,https://elagente.ca/grafico/ConceptualAtoms_44b832df-923f-4d8b-9c22-4a7ebd4451d8,https://elagente.ca/ontomlff/MLFFElasticityResult_d4161d64-15be-4278-96a6-de241140bc17,[],[],-0.08508058926566184,eV/Å^3,-0.2617629081986939,/scratch/kenko/akg4pyscf/.graphchat-workspaces/kenko_room/mlff_elasticity_benchmark/workflow_runs/MACE_OMAT/elasticity_MACE_OMAT/structures/ClNbRu2_552939f6/output.json,mp-631412,cif,https://elagente.ca/grafico/ConceptualAtoms_44b832df-923f-4d8b-9c22-4a7ebd4451d8,mp-631412
Pd3Tl3Y3,0.5125307154798122,https://elagente.ca/grafico/ConceptualAtoms_450a5404-f0d9-4147-a938-373a3aa31305,https://elagente.ca/ontomlff/MLFFElasticityResult_42dca91f-296a-49b9-a2e9-94e56c564c18,[],[],0.22138290437708774,eV/Å^3,0.5805595962856026,/scratch/kenko/akg4pyscf/.graphchat-workspaces/kenko_room/mlff_elasticity_benchmark/workflow_runs/MACE_OMAT/elasticity_MACE_OMAT/structures/Pd3Tl3Y3_03c92dbd/output.json,mp-11547,cif,https://elagente.ca/grafico/ConceptualAtoms_450a5404-f0d9-4147-a938-373a3aa31305,mp-11547
CaPtSi3,0.6940188667822955,https://elagente.ca/grafico/ConceptualAtoms_450b8570-2334-4a9e-90d9-e2d132e9eb84,https://elagente.ca/ontomlff/MLFFElasticityResult_d09c7819-d002-4a0d-839e-8cfe77cc504c,[],[],0.35988979028437784,eV/Å^3,0.9205495863469905,/scratch/kenko/akg4pyscf/.graphchat-workspaces/kenko_room/mlff_elasticity_benchmark/workflow_runs/MACE_OMAT/elasticity_MACE_OMAT/structures/CaPtSi3_162b8158/output.json,mp-1069604,cif,https://elagente.ca/grafico/ConceptualAtoms_450b8570-2334-4a9e-90d9-e2d132e9eb84,mp-1069604
Co2Se4V,0.6438746705713138,https://elagente.ca/grafico/ConceptualAtoms_4525b7a8-116f-48e8-a01b-9e318f31741b,https://elagente.ca/ontomlff/MLFFElasticityResult_0800bf25-29dc-426a-8733-9027a89835db,[],[],0.40205728930813983,eV/Å^3,0.9983670612247924,/scratch/kenko/akg4pyscf/.graphchat-workspaces/kenko_room/mlff_elasticity_benchmark/workflow_runs/MACE_OMAT/elasticity_MACE_OMAT/structures/Co2Se4V_ad735cf6/output.json,mp-1025322,cif,https://elagente.ca/grafico/ConceptualAtoms_4525b7a8-116f-48e8-a01b-9e318f31741b,mp-1025322
MgRh2Si,1.1929838498784582,https://elagente.ca/grafico/ConceptualAtoms_452d55b9-f867-4b06-8808-b9ab0f57d65e,https://elagente.ca/ontomlff/MLFFElasticityResult_a689387a-aabf-41bd-9fc3-7240636822ba,[],[],0.5428718684811689,eV/Å^3,1.4141159757702135,/scratch/kenko/akg4pyscf/.graphchat-workspaces/kenko_room/mlff_elasticity_benchmark/workflow_runs/MACE_OMAT/elasticity_MACE_OMAT/structures/MgRh2Si_f09cbad0/output.json,mp-866087,cif,https://elagente.ca/grafico/ConceptualAtoms_452d55b9-f867-4b06-8808-b9ab0f57d65e,mp-866087
AlCoFeV,1.0263186267036821,https://elagente.ca/grafico/ConceptualAtoms_453a5403-7170-41b9-baad-0355c2745469,https://elagente.ca/ontomlff/MLFFElasticityResult_546e8f90-2f75-487f-8001-248def5469fb,[],[],0.5575599587016593,eV/Å^3,1.4162202966667976,/scratch/kenko/akg4pyscf/.graphchat-workspaces/kenko_room/mlff_elasticity_benchmark/workflow_runs/MACE_OMAT/elasticity_MACE_OMAT/structures/AlCoFeV_74c8659f/output.json,mp-1008530,cif,https://elagente.ca/grafico/ConceptualAtoms_453a5403-7170-41b9-baad-0355c2745469,mp-1008530
O2Zr,1.4778434363442041,https://elagente.ca/grafico/ConceptualAtoms_4560bce1-0890-4eb9-896e-a6389a132813,https://elagente.ca/ontomlff/MLFFElasticityResult_535fff31-18a9-49d0-9510-c9670b523ba5,[],[],0.7379633569254811,eV/Å^3,1.8979717202912365,/scratch/kenko/akg4pyscf/.graphchat-workspaces/kenko_room/mlff_elasticity_benchmark/workflow_runs/MACE_OMAT/elasticity_MACE_OMAT/structures/O2Zr_989ef3ce/output.json,mp-1565,cif,https://elagente.ca/grafico/ConceptualAtoms_4560bce1-0890-4eb9-896e-a6389a132813,mp-1565
Au4V2,0.8381656955313832,https://elagente.ca/grafico/ConceptualAtoms_458f41ec-e887-4fb8-877e-65d3a6a8b5cd,https://elagente.ca/ontomlff/MLFFElasticityResult_670f9740-3de5-48c8-9979-7b99234e02f3,[],[],0.2758518624222993,eV/Å^3,0.7457440453498846,/scratch/kenko/akg4pyscf/.graphchat-workspaces/kenko_room/mlff_elasticity_benchmark/workflow_runs/MACE_OMAT/elasticity_MACE_OMAT/structures/Au4V2_4e2fab9e/output.json,mp-30423,cif,https://elagente.ca/grafico/ConceptualAtoms_458f41ec-e887-4fb8-877e-65d3a6a8b5cd,mp-30423
Pd6Zn2,0.9017356419081738,https://elagente.ca/grafico/ConceptualAtoms_45917d7c-836d-4237-9aa3-2af7a2262305,https://elagente.ca/ontomlff/MLFFElasticityResult_3b91aa35-7eb7-4ead-8c4c-72eb88f0ce8f,[],[],0.30017965335965174,eV/Å^3,0.8105926367824237,/scratch/kenko/akg4pyscf/.graphchat-workspaces/kenko_room/mlff_elasticity_benchmark/workflow_runs/MACE_OMAT/elasticity_MACE_OMAT/structures/Pd6Zn2_2dbd6dca/output.json,mp-971909,cif,https://elagente.ca/grafico/ConceptualAtoms_45917d7c-836d-4237-9aa3-2af7a2262305,mp-971909
Cr2N6Sr6,0.5193921750296526,https://elagente.ca/grafico/ConceptualAtoms_45b65bf1-08eb-4a6f-880b-51fbf7a777bf,https://elagente.ca/ontomlff/MLFFElasticityResult_f973a4dc-a40a-4918-a66d-b7e05b18ae10,[],[],0.3178732709605341,eV/Å^3,0.792040813319988,/scratch/kenko/akg4pyscf/.graphchat-workspaces/kenko_room/mlff_elasticity_benchmark/workflow_runs/MACE_OMAT/elasticity_MACE_OMAT/structures/Cr2N6Sr6_f293791a/output.json,mp-12906,cif,https://elagente.ca/grafico/ConceptualAtoms_45b65bf1-08eb-4a6f-880b-51fbf7a777bf,mp-12906
Cd2Ge2O6,0.7028987731463754,https://elagente.ca/grafico/ConceptualAtoms_45d520ec-c9bb-4f66-8c11-3a6e4e505211,https://elagente.ca/ontomlff/MLFFElasticityResult_536cfc5c-550a-4a66-9d71-922bccc85b31,[],[],0.40342631811750673,eV/Å^3,1.0159180680048545,/scratch/kenko/akg4pyscf/.graphchat-workspaces/kenko_room/mlff_elasticity_benchmark/workflow_runs/MACE_OMAT/elasticity_MACE_OMAT/structures/Cd2Ge2O6_43a2728c/output.json,mp-685935,cif,https://elagente.ca/grafico/ConceptualAtoms_45d520ec-c9bb-4f66-8c11-3a6e4e505211,mp-685935
Fe2Se2,0.3942804573167684,https://elagente.ca/grafico/ConceptualAtoms_45fda111-091c-4ea6-946f-829246048d16,https://elagente.ca/ontomlff/MLFFElasticityResult_01a1cb77-e125-43d6-a33c-727315905bcb,[],[],0.22741865602479933,eV/Å^3,0.5722353107157985,/scratch/kenko/akg4pyscf/.graphchat-workspaces/kenko_room/mlff_elasticity_benchmark/workflow_runs/MACE_OMAT/elasticity_MACE_OMAT/structures/Fe2Se2_ed0a2bbb/output.json,mp-1090,cif,https://elagente.ca/grafico/ConceptualAtoms_45fda111-091c-4ea6-946f-829246048d16,mp-1090
Cl6Y2,0.22502151781743207,https://elagente.ca/grafico/ConceptualAtoms_46330ef4-b306-4df0-b68f-b454c09870c6,https://elagente.ca/ontomlff/MLFFElasticityResult_2ec95113-bdc8-40c3-ad5d-d2b85c7373ac,[],[],0.10527565851282575,eV/Å^3,0.27321877424868724,/scratch/kenko/akg4pyscf/.graphchat-workspaces/kenko_room/mlff_elasticity_benchmark/workflow_runs/MACE_OMAT/elasticity_MACE_OMAT/structures/Cl6Y2_235625be/output.json,mp-27455,cif,https://elagente.ca/grafico/ConceptualAtoms_46330ef4-b306-4df0-b68f-b454c09870c6,mp-27455
N2Nb2O2,1.3436565006027412,https://elagente.ca/grafico/ConceptualAtoms_46a4fd33-6313-4c94-99ed-c6da99e78912,https://elagente.ca/ontomlff/MLFFElasticityResult_c63a809d-b81a-45f8-ae22-4405c250a25f,[],[],0.5989669185821626,eV/Å^3,1.5644387927857342,/scratch/kenko/akg4pyscf/.graphchat-workspaces/kenko_room/mlff_elasticity_benchmark/workflow_runs/MACE_OMAT/elasticity_MACE_OMAT/structures/N2Nb2O2_8f87876c/output.json,mp-752463,cif,https://elagente.ca/grafico/ConceptualAtoms_46a4fd33-6313-4c94-99ed-c6da99e78912,mp-752463
GeHoO3,0.7857421411330556,https://elagente.ca/grafico/ConceptualAtoms_46b509b3-c956-40dd-b835-8c76be896bf3,https://elagente.ca/ontomlff/MLFFElasticityResult_f7e024c3-d6c7-4013-9a1c-dfe235156afa,[],[],0.3717807837009127,eV/Å^3,0.9633959391222335,/scratch/kenko/akg4pyscf/.graphchat-workspaces/kenko_room/mlff_elasticity_benchmark/workflow_runs/MACE_OMAT/elasticity_MACE_OMAT/structures/GeHoO3_d394efa2/output.json,mp-982558,cif,https://elagente.ca/grafico/ConceptualAtoms_46b509b3-c956-40dd-b835-8c76be896bf3,mp-982558
Ag2As2Sr2,0.3016121122876402,https://elagente.ca/grafico/ConceptualAtoms_46b73752-1bc2-47e8-9e4d-4f3cb682dcee,https://elagente.ca/ontomlff/MLFFElasticityResult_c59eed0f-9459-4a7d-bde6-c89f16e1eee8,[],[],0.2047678356610732,eV/Å^3,0.5009391175200565,/scratch/kenko/akg4pyscf/.graphchat-workspaces/kenko_room/mlff_elasticity_benchmark/workflow_runs/MACE_OMAT/elasticity_MACE_OMAT/structures/Ag2As2Sr2_3834d242/output.json,mp-6954,cif,https://elagente.ca/grafico/ConceptualAtoms_46b73752-1bc2-47e8-9e4d-4f3cb682dcee,mp-6954
RuSc,0.7974347814586138,https://elagente.ca/grafico/ConceptualAtoms_46b90dd2-b966-4eca-b523-f3380d254596,https://elagente.ca/ontomlff/MLFFElasticityResult_e58aa86a-5e9e-4fa7-8aab-133e1020a437,[],[],0.34344437506077435,eV/Å^3,0.9009856767969576,/scratch/kenko/akg4pyscf/.graphchat-workspaces/kenko_room/mlff_elasticity_benchmark/workflow_runs/MACE_OMAT/elasticity_MACE_OMAT/structures/RuSc_80df7172/output.json,mp-30867,cif,https://elagente.ca/grafico/ConceptualAtoms_46b90dd2-b966-4eca-b523-f3380d254596,mp-30867
Ba2Bi2O7Tl,0.49024656129378463,https://elagente.ca/grafico/ConceptualAtoms_4724d614-0e21-445c-98bb-c4273365a508,https://elagente.ca/ontomlff/MLFFElasticityResult_4eb3dbbe-5aa9-4c85-af7f-27078869dab6,[],[],0.21352138669911758,eV/Å^3,0.5593569469622751,/scratch/kenko/akg4pyscf/.graphchat-workspaces/kenko_room/mlff_elasticity_benchmark/workflow_runs/MACE_OMAT/elasticity_MACE_OMAT/structures/Ba2Bi2O7Tl_b38dc1c2/output.json,mp-1046056,cif,https://elagente.ca/grafico/ConceptualAtoms_4724d614-0e21-445c-98bb-c4273365a508,mp-1046056
RuSi3,1.0750404779140188,https://elagente.ca/grafico/ConceptualAtoms_472adf43-3375-421c-8c89-e488b1526c54,https://elagente.ca/ontomlff/MLFFElasticityResult_8667a9ff-d732-4c6b-bf10-e6cc790f5759,[],[],-4.111777146294255,eV/Å^3,44.868533809295194,/scratch/kenko/akg4pyscf/.graphchat-workspaces/kenko_room/mlff_elasticity_benchmark/workflow_runs/MACE_OMAT/elasticity_MACE_OMAT/structures/RuSi3_4661e08c/output.json,mp-978509,cif,https://elagente.ca/grafico/ConceptualAtoms_472adf43-3375-421c-8c89-e488b1526c54,mp-978509
P4Sn2Zn2,0.39450006788594094,https://elagente.ca/grafico/ConceptualAtoms_472d1c6e-dc01-4e74-a52d-ac66941065ef,https://elagente.ca/ontomlff/MLFFElasticityResult_8dcfd756-0d77-48e3-a87d-ce056b18ff49,[],[],0.264471624184865,eV/Å^3,0.6484978817940961,/scratch/kenko/akg4pyscf/.graphchat-workspaces/kenko_room/mlff_elasticity_benchmark/workflow_runs/MACE_OMAT/elasticity_MACE_OMAT/structures/P4Sn2Zn2_1e8359c5/output.json,mp-4175,cif,https://elagente.ca/grafico/ConceptualAtoms_472d1c6e-dc01-4e74-a52d-ac66941065ef,mp-4175
N2Re2,2.5924941734962337,https://elagente.ca/grafico/ConceptualAtoms_4744ef0a-403c-4471-92bf-743b74247563,https://elagente.ca/ontomlff/MLFFElasticityResult_4272390e-5071-486b-bf01-4e494723748f,[],[],1.2682696013075718,eV/Å^3,3.27135141090227,/scratch/kenko/akg4pyscf/.graphchat-workspaces/kenko_room/mlff_elasticity_benchmark/workflow_runs/MACE_OMAT/elasticity_MACE_OMAT/structures/N2Re2_bbaee9e9/output.json,mp-999266,cif,https://elagente.ca/grafico/ConceptualAtoms_4744ef0a-403c-4471-92bf-743b74247563,mp-999266
Ga6Sc10,0.46689698007197444,https://elagente.ca/grafico/ConceptualAtoms_47e2993f-5c57-4bb9-9b7d-de8e2a28c77c,https://elagente.ca/ontomlff/MLFFElasticityResult_2f6157d9-6885-41da-9c63-4b979a71357b,[],[],0.28917936259755245,eV/Å^3,0.7190804748981657,/scratch/kenko/akg4pyscf/.graphchat-workspaces/kenko_room/mlff_elasticity_benchmark/workflow_runs/MACE_OMAT/elasticity_MACE_OMAT/structures/Ga6Sc10_4af29e87/output.json,mp-17332,cif,https://elagente.ca/grafico/ConceptualAtoms_47e2993f-5c57-4bb9-9b7d-de8e2a28c77c,mp-17332
Er3Na,0.19926801325032206,https://elagente.ca/grafico/ConceptualAtoms_480277ce-ff2e-4590-ba2c-3265dc5647a9,https://elagente.ca/ontomlff/MLFFElasticityResult_6a36952c-ea44-49a0-85ca-84e0b7a46811,[],[],0.07277732565076939,eV/Å^3,0.1946366907328422,/scratch/kenko/akg4pyscf/.graphchat-workspaces/kenko_room/mlff_elasticity_benchmark/workflow_runs/MACE_OMAT/elasticity_MACE_OMAT/structures/Er3Na_b0b15468/output.json,mp-976405,cif,https://elagente.ca/grafico/ConceptualAtoms_480277ce-ff2e-4590-ba2c-3265dc5647a9,mp-976405
O2U,1.2622205801808644,https://elagente.ca/grafico/ConceptualAtoms_482012fb-3588-4478-a075-251d8840c5b4,https://elagente.ca/ontomlff/MLFFElasticityResult_dbb638d5-86ba-45a3-baa6-1e1aa949f1cd,[],[],0.5349364618016665,eV/Å^3,1.4061627240774894,/scratch/kenko/akg4pyscf/.graphchat-workspaces/kenko_room/mlff_elasticity_benchmark/workflow_runs/MACE_OMAT/elasticity_MACE_OMAT/structures/O2U_7f26d258/output.json,mp-1597,cif,https://elagente.ca/grafico/ConceptualAtoms_482012fb-3588-4478-a075-251d8840c5b4,mp-1597
Ca2Ge4O10,1.005644348429013,https://elagente.ca/grafico/ConceptualAtoms_484fbfef-3363-4725-95d1-e68fc13e8bde,https://elagente.ca/ontomlff/MLFFElasticityResult_9b7cf407-80a0-49e5-b7f6-49b726d3feff,[],[],0.6654212721764142,eV/Å^3,1.635528185496959,/scratch/kenko/akg4pyscf/.graphchat-workspaces/kenko_room/mlff_elasticity_benchmark/workflow_runs/MACE_OMAT/elasticity_MACE_OMAT/structures/Ca2Ge4O10_d8ac5f26/output.json,mp-3707,cif,https://elagente.ca/grafico/ConceptualAtoms_484fbfef-3363-4725-95d1-e68fc13e8bde,mp-3707
Al2Lu6,0.350020176035583,https://elagente.ca/grafico/ConceptualAtoms_485f0982-00e8-4698-9661-9b5623e55af9,https://elagente.ca/ontomlff/MLFFElasticityResult_7fdbe55c-3886-42f7-8de2-57ceaf33ab8d,[],[],0.2674769054221009,eV/Å^3,0.6395270451139106,/scratch/kenko/akg4pyscf/.graphchat-workspaces/kenko_room/mlff_elasticity_benchmark/workflow_runs/MACE_OMAT/elasticity_MACE_OMAT/structures/Al2Lu6_11e30725/output.json,mp-973266,cif,https://elagente.ca/grafico/ConceptualAtoms_485f0982-00e8-4698-9661-9b5623e55af9,mp-973266
Cr6Si2,1.5603954322260356,https://elagente.ca/grafico/ConceptualAtoms_48c403ba-d292-4483-8354-b5173741dd27,https://elagente.ca/ontomlff/MLFFElasticityResult_d7f1c0ed-0087-4ef3-a2d5-c4571388518c,[],[],1.0367378307823303,eV/Å^3,2.5462892573540588,/scratch/kenko/akg4pyscf/.graphchat-workspaces/kenko_room/mlff_elasticity_benchmark/workflow_runs/MACE_OMAT/elasticity_MACE_OMAT/structures/Cr6Si2_5b1ba55b/output.json,mp-729,cif,https://elagente.ca/grafico/ConceptualAtoms_48c403ba-d292-4483-8354-b5173741dd27,mp-729
Cr4Te4,0.2831480683620645,https://elagente.ca/grafico/ConceptualAtoms_48d2e012-17af-4649-8957-da079f62bcbb,https://elagente.ca/ontomlff/MLFFElasticityResult_df8c4dfb-d734-46c8-801e-f881605bff07,[],[],0.17436525138622067,eV/Å^3,0.43400718196749727,/scratch/kenko/akg4pyscf/.graphchat-workspaces/kenko_room/mlff_elasticity_benchmark/workflow_runs/MACE_OMAT/elasticity_MACE_OMAT/structures/Cr4Te4_e092e4b8/output.json,mp-794,cif,https://elagente.ca/grafico/ConceptualAtoms_48d2e012-17af-4649-8957-da079f62bcbb,mp-794
Au2Cs2Te2,0.11886065329216997,https://elagente.ca/grafico/ConceptualAtoms_491f0fb5-d71d-47b7-8837-2e4b1b83a6f9,https://elagente.ca/ontomlff/MLFFElasticityResult_e9975503-ae20-4960-b6d4-ca1439264799,[],[],0.05178995293365446,eV/Å^3,0.13566576696164295,/scratch/kenko/akg4pyscf/.graphchat-workspaces/kenko_room/mlff_elasticity_benchmark/workflow_runs/MACE_OMAT/elasticity_MACE_OMAT/structures/Au2Cs2Te2_bdae0ed8/output.json,mp-573755,cif,https://elagente.ca/grafico/ConceptualAtoms_491f0fb5-d71d-47b7-8837-2e4b1b83a6f9,mp-573755
CuF6Zr,0.5970092604605419,https://elagente.ca/grafico/ConceptualAtoms_492224e6-a2b6-45ff-9cc5-9bb57f08bb96,https://elagente.ca/ontomlff/MLFFElasticityResult_6bdf7b1d-7af7-43d2-b013-781d996fd6bb,[],[],0.2264757478507387,eV/Å^3,0.603157838882475,/scratch/kenko/akg4pyscf/.graphchat-workspaces/kenko_room/mlff_elasticity_benchmark/workflow_runs/MACE_OMAT/elasticity_MACE_OMAT/structures/CuF6Zr_520a0cbd/output.json,mp-8096,cif,https://elagente.ca/grafico/ConceptualAtoms_492224e6-a2b6-45ff-9cc5-9bb57f08bb96,mp-8096
In3Th,0.40843449455933256,https://elagente.ca/grafico/ConceptualAtoms_4936437a-1625-49e5-8be0-954138c79184,https://elagente.ca/ontomlff/MLFFElasticityResult_7a22dc2f-db8f-494c-906b-c2a44355ab81,[],[],0.2011768536232883,eV/Å^3,0.5184145055507977,/scratch/kenko/akg4pyscf/.graphchat-workspaces/kenko_room/mlff_elasticity_benchmark/workflow_runs/MACE_OMAT/elasticity_MACE_OMAT/structures/In3Th_3dfb9f4d/output.json,mp-20206,cif,https://elagente.ca/grafico/ConceptualAtoms_4936437a-1625-49e5-8be0-954138c79184,mp-20206
AlMnTc,0.7464413196567126,https://elagente.ca/grafico/ConceptualAtoms_4a34d32e-a753-4861-9330-84cb5de8246e,https://elagente.ca/ontomlff/MLFFElasticityResult_afc682da-e308-484a-b211-c9ae6c086dfa,[],[],0.20852623436179296,eV/Å^3,0.5722872183341144,/scratch/kenko/akg4pyscf/.graphchat-workspaces/kenko_room/mlff_elasticity_benchmark/workflow_runs/MACE_OMAT/elasticity_MACE_OMAT/structures/AlMnTc_7d9d0375/output.json,mp-631551,cif,https://elagente.ca/grafico/ConceptualAtoms_4a34d32e-a753-4861-9330-84cb5de8246e,mp-631551
IrTi,1.4530765239360965,https://elagente.ca/grafico/ConceptualAtoms_4a7fb704-ff6d-4edb-b34e-491a4048186e,https://elagente.ca/ontomlff/MLFFElasticityResult_3dd3df0d-2ab8-4ae2-90a9-2b1ad2a12617,[],[],0.5356001667366194,eV/Å^3,1.4309817972531509,/scratch/kenko/akg4pyscf/.graphchat-workspaces/kenko_room/mlff_elasticity_benchmark/workflow_runs/MACE_OMAT/elasticity_MACE_OMAT/structures/IrTi_a0aa14b7/output.json,mp-1235,cif,https://elagente.ca/grafico/ConceptualAtoms_4a7fb704-ff6d-4edb-b34e-491a4048186e,mp-1235
Fe5Nd,0.6645172810390014,https://elagente.ca/grafico/ConceptualAtoms_4aa89a35-9812-478c-8998-7c82d6dcf37f,https://elagente.ca/ontomlff/MLFFElasticityResult_703b5fca-e28e-4288-a757-aeb367dfbdd1,[],[],0.3595570884978243,eV/Å^3,0.9138493592670843,/scratch/kenko/akg4pyscf/.graphchat-workspaces/kenko_room/mlff_elasticity_benchmark/workflow_runs/MACE_OMAT/elasticity_MACE_OMAT/structures/Fe5Nd_cb774f34/output.json,mp-11382,cif,https://elagente.ca/grafico/ConceptualAtoms_4aa89a35-9812-478c-8998-7c82d6dcf37f,mp-11382
Ge4Pd4Ti4,0.9493719237421823,https://elagente.ca/grafico/ConceptualAtoms_4af74057-1909-42d8-985a-819347420ee4,https://elagente.ca/ontomlff/MLFFElasticityResult_be5b5809-68b5-4271-a550-7f4b81867f5e,[],[],0.4837853192153812,eV/Å^3,1.2406219994025467,/scratch/kenko/akg4pyscf/.graphchat-workspaces/kenko_room/mlff_elasticity_benchmark/workflow_runs/MACE_OMAT/elasticity_MACE_OMAT/structures/Ge4Pd4Ti4_a5db36b3/output.json,mp-20268,cif,https://elagente.ca/grafico/ConceptualAtoms_4af74057-1909-42d8-985a-819347420ee4,mp-20268
I2N2Zr2,0.6585658450924158,https://elagente.ca/grafico/ConceptualAtoms_4b4163a7-da01-4e6b-a056-3aa6ff18ae88,https://elagente.ca/ontomlff/MLFFElasticityResult_c9da9a92-2faf-4580-9a61-e65d9554d86f,[],[],0.3249798592465565,eV/Å^3,0.8372254734059266,/scratch/kenko/akg4pyscf/.graphchat-workspaces/kenko_room/mlff_elasticity_benchmark/workflow_runs/MACE_OMAT/elasticity_MACE_OMAT/structures/I2N2Zr2_53f90887/output.json,mp-580886,cif,https://elagente.ca/grafico/ConceptualAtoms_4b4163a7-da01-4e6b-a056-3aa6ff18ae88,mp-580886
Al3Li,0.3813854800964511,https://elagente.ca/grafico/ConceptualAtoms_4c1578e8-dfbd-485e-b7ef-0297717cfbba,https://elagente.ca/ontomlff/MLFFElasticityResult_346490af-4077-43f3-a783-4eb373c8a425,[],[],0.2073675132822592,eV/Å^3,0.5266518773900072,/scratch/kenko/akg4pyscf/.graphchat-workspaces/kenko_room/mlff_elasticity_benchmark/workflow_runs/MACE_OMAT/elasticity_MACE_OMAT/structures/Al3Li_29dd2045/output.json,mp-10890,cif,https://elagente.ca/grafico/ConceptualAtoms_4c1578e8-dfbd-485e-b7ef-0297717cfbba,mp-10890
Bi2Pd,0.5007813639874104,https://elagente.ca/grafico/ConceptualAtoms_4c590a14-7278-4e08-af2f-96f8526d13b0,https://elagente.ca/ontomlff/MLFFElasticityResult_5e06f6f2-a8ee-4310-b7c0-c7239779a0b8,[],[],0.11284547066944187,eV/Å^3,0.3148845127912582,/scratch/kenko/akg4pyscf/.graphchat-workspaces/kenko_room/mlff_elasticity_benchmark/workflow_runs/MACE_OMAT/elasticity_MACE_OMAT/structures/Bi2Pd_08def1b1/output.json,mp-570197,cif,https://elagente.ca/grafico/ConceptualAtoms_4c590a14-7278-4e08-af2f-96f8526d13b0,mp-570197
ITl,0.08742914361058006,https://elagente.ca/grafico/ConceptualAtoms_4c85fb4b-ccf7-46a6-8fab-3507cfe61470,https://elagente.ca/ontomlff/MLFFElasticityResult_fe96bd8d-5b67-4b02-9ae5-010336586e24,[],[],0.03762782248071584,eV/Å^3,0.09872093643711183,/scratch/kenko/akg4pyscf/.graphchat-workspaces/kenko_room/mlff_elasticity_benchmark/workflow_runs/MACE_OMAT/elasticity_MACE_OMAT/structures/ITl_7ecbb33d/output.json,mp-571102,cif,https://elagente.ca/grafico/ConceptualAtoms_4c85fb4b-ccf7-46a6-8fab-3507cfe61470,mp-571102
Ag2CdHo,0.3977709262164248,https://elagente.ca/grafico/ConceptualAtoms_4c9c2b97-b1f9-47f1-9ad4-8d4731c676c6,https://elagente.ca/ontomlff/MLFFElasticityResult_a9a16186-f8c5-4aad-afeb-c0118aa8bdc0,[],[],0.13384470658886344,eV/Å^3,0.3610391392964064,/scratch/kenko/akg4pyscf/.graphchat-workspaces/kenko_room/mlff_elasticity_benchmark/workflow_runs/MACE_OMAT/elasticity_MACE_OMAT/structures/Ag2CdHo_da3b69db/output.json,mp-864904,cif,https://elagente.ca/grafico/ConceptualAtoms_4c9c2b97-b1f9-47f1-9ad4-8d4731c676c6,mp-864904
Br2Li5N,0.19471958598570308,https://elagente.ca/grafico/ConceptualAtoms_4cd7fb35-c417-41a8-8ccc-f173c344e942,https://elagente.ca/ontomlff/MLFFElasticityResult_d14a389d-f9e6-4e03-8089-d89a39949a64,[],[],0.13633561849853748,eV/Å^3,0.33161249346263,/scratch/kenko/akg4pyscf/.graphchat-workspaces/kenko_room/mlff_elasticity_benchmark/workflow_runs/MACE_OMAT/elasticity_MACE_OMAT/structures/Br2Li5N_25e304a9/output.json,mp-29025,cif,https://elagente.ca/grafico/ConceptualAtoms_4cd7fb35-c417-41a8-8ccc-f173c344e942,mp-29025
Sm2Te4,0.3552624904359166,https://elagente.ca/grafico/ConceptualAtoms_4ceae794-0ed1-488f-a80b-c69fc9c937fa,https://elagente.ca/ontomlff/MLFFElasticityResult_72c1aa0a-6677-4c8e-8c5e-1bf5ac266801,[],[],0.15523168607396276,eV/Å^3,0.4064899027195683,/scratch/kenko/akg4pyscf/.graphchat-workspaces/kenko_room/mlff_elasticity_benchmark/workflow_runs/MACE_OMAT/elasticity_MACE_OMAT/structures/Sm2Te4_9a12eb2e/output.json,mp-1019266,cif,https://elagente.ca/grafico/ConceptualAtoms_4ceae794-0ed1-488f-a80b-c69fc9c937fa,mp-1019266
LiTbTl2,0.2744391505131094,https://elagente.ca/grafico/ConceptualAtoms_4d2401c2-325e-4d00-8d6c-18711bfa72d5,https://elagente.ca/ontomlff/MLFFElasticityResult_710209e4-b5ca-424c-9280-cc2334d0bf1c,[],[],0.14253556945160134,eV/Å^3,0.3645027325406111,/scratch/kenko/akg4pyscf/.graphchat-workspaces/kenko_room/mlff_elasticity_benchmark/workflow_runs/MACE_OMAT/elasticity_MACE_OMAT/structures/LiTbTl2_00adb979/output.json,mp-977542,cif,https://elagente.ca/grafico/ConceptualAtoms_4d2401c2-325e-4d00-8d6c-18711bfa72d5,mp-977542
C16B16Mg8,1.0141623862100433,https://elagente.ca/grafico/ConceptualAtoms_4d610bc6-d3c8-44f1-a37b-d734216954ec,https://elagente.ca/ontomlff/MLFFElasticityResult_5053b4a8-88df-49ae-b0c0-6a75f513e970,[],[],0.767857467525876,eV/Å^3,1.8393584154322733,/scratch/kenko/akg4pyscf/.graphchat-workspaces/kenko_room/mlff_elasticity_benchmark/workflow_runs/MACE_OMAT/elasticity_MACE_OMAT/structures/C16B16Mg8_6b827265/output.json,mp-3582,cif,https://elagente.ca/grafico/ConceptualAtoms_4d610bc6-d3c8-44f1-a37b-d734216954ec,mp-3582
Al2Dy4Ge4,0.5156549490935736,https://elagente.ca/grafico/ConceptualAtoms_4d7bbf02-b34e-4a07-ba6a-cfd0d9b5f0d9,https://elagente.ca/ontomlff/MLFFElasticityResult_1f5e08ee-ea5c-4e73-8e2b-a7e3491277eb,[],[],0.3494671878085262,eV/Å^3,0.8552061631764168,/scratch/kenko/akg4pyscf/.graphchat-workspaces/kenko_room/mlff_elasticity_benchmark/workflow_runs/MACE_OMAT/elasticity_MACE_OMAT/structures/Al2Dy4Ge4_68efe39c/output.json,mp-21382,cif,https://elagente.ca/grafico/ConceptualAtoms_4d7bbf02-b34e-4a07-ba6a-cfd0d9b5f0d9,mp-21382
Ni2Se2Tl,0.42369733048756286,https://elagente.ca/grafico/ConceptualAtoms_4e02954c-0b25-478a-8ab4-8d27dc54095d,https://elagente.ca/ontomlff/MLFFElasticityResult_1f06830c-3b6e-47bb-96fa-ba88b05e0fba,[],[],0.1418931704948026,eV/Å^3,0.38293241326610505,/scratch/kenko/akg4pyscf/.graphchat-workspaces/kenko_room/mlff_elasticity_benchmark/workflow_runs/MACE_OMAT/elasticity_MACE_OMAT/structures/Ni2Se2Tl_a3da2bdf/output.json,mp-4354,cif,https://elagente.ca/grafico/ConceptualAtoms_4e02954c-0b25-478a-8ab4-8d27dc54095d,mp-4354
Co2EuSi2,0.7691502609086416,https://elagente.ca/grafico/ConceptualAtoms_4e2a5d16-a460-48ab-895b-ff39bd1fadf5,https://elagente.ca/ontomlff/MLFFElasticityResult_f369b904-8e1b-4091-81a9-7d071cee2311,[],[],0.500982617140975,eV/Å^3,1.234844378480342,/scratch/kenko/akg4pyscf/.graphchat-workspaces/kenko_room/mlff_elasticity_benchmark/workflow_runs/MACE_OMAT/elasticity_MACE_OMAT/structures/Co2EuSi2_d2228ad2/output.json,mp-672294,cif,https://elagente.ca/grafico/ConceptualAtoms_4e2a5d16-a460-48ab-895b-ff39bd1fadf5,mp-672294
NbRu,1.2822643289877775,https://elagente.ca/grafico/ConceptualAtoms_4e2e950f-d0ed-4af2-9173-7a4088d1afef,https://elagente.ca/ontomlff/MLFFElasticityResult_415d10c6-a80c-407e-9f0d-b5aa9cf2be88,[],[],-0.14345196592656992,eV/Å^3,-0.44702608808460104,/scratch/kenko/akg4pyscf/.graphchat-workspaces/kenko_room/mlff_elasticity_benchmark/workflow_runs/MACE_OMAT/elasticity_MACE_OMAT/structures/NbRu_17119362/output.json,mp-11516,cif,https://elagente.ca/grafico/ConceptualAtoms_4e2e950f-d0ed-4af2-9173-7a4088d1afef,mp-11516
Br4Na4O12,0.509359405097445,https://elagente.ca/grafico/ConceptualAtoms_4f1bcb2e-3faa-41a9-b175-4d0d0b3ec374,https://elagente.ca/ontomlff/MLFFElasticityResult_c668f7dc-2b23-4a27-923a-d0d575c92f99,[],[],0.31117258468467957,eV/Å^3,0.7755810918100084,/scratch/kenko/akg4pyscf/.graphchat-workspaces/kenko_room/mlff_elasticity_benchmark/workflow_runs/MACE_OMAT/elasticity_MACE_OMAT/structures/Br4Na4O12_a6bc01b3/output.json,mp-23339,cif,https://elagente.ca/grafico/ConceptualAtoms_4f1bcb2e-3faa-41a9-b175-4d0d0b3ec374,mp-23339
F2Pb,0.42704988240064423,https://elagente.ca/grafico/ConceptualAtoms_4f38a4ec-6f3e-47b6-b7f5-9593fe3cebf7,https://elagente.ca/ontomlff/MLFFElasticityResult_c0476a10-f130-497e-8afa-e992348e3151,[],[],0.17577609392984567,eV/Å^3,0.46370684730263145,/scratch/kenko/akg4pyscf/.graphchat-workspaces/kenko_room/mlff_elasticity_benchmark/workflow_runs/MACE_OMAT/elasticity_MACE_OMAT/structures/F2Pb_964a3863/output.json,mp-315,cif,https://elagente.ca/grafico/ConceptualAtoms_4f38a4ec-6f3e-47b6-b7f5-9593fe3cebf7,mp-315
Er2Fe4,0.6363089643364674,https://elagente.ca/grafico/ConceptualAtoms_4f46f006-923a-4f12-9ea5-e3cd0c335a5a,https://elagente.ca/ontomlff/MLFFElasticityResult_bd67208f-1831-4f38-9799-1794221557f7,[],[],0.3342868549301227,eV/Å^3,0.8534128786547283,/scratch/kenko/akg4pyscf/.graphchat-workspaces/kenko_room/mlff_elasticity_benchmark/workflow_runs/MACE_OMAT/elasticity_MACE_OMAT/structures/Er2Fe4_462e66b4/output.json,mp-474,cif,https://elagente.ca/grafico/ConceptualAtoms_4f46f006-923a-4f12-9ea5-e3cd0c335a5a,mp-474
CdCsF3,0.32702524049318943,https://elagente.ca/grafico/ConceptualAtoms_4f5fd9ab-3980-4150-8825-ea373307e3bf,https://elagente.ca/ontomlff/MLFFElasticityResult_4a5f7a5d-82db-4863-bbed-5a5d03e92b42,[],[],0.1558863426876593,eV/Å^3,0.4035393376993419,/scratch/kenko/akg4pyscf/.graphchat-workspaces/kenko_room/mlff_elasticity_benchmark/workflow_runs/MACE_OMAT/elasticity_MACE_OMAT/structures/CdCsF3_45205f39/output.json,mp-8399,cif,https://elagente.ca/grafico/ConceptualAtoms_4f5fd9ab-3980-4150-8825-ea373307e3bf,mp-8399
Pt2Tl4,0.4050986045218198,https://elagente.ca/grafico/ConceptualAtoms_4fce43d9-1e50-4b36-866a-27e27fc3050a,https://elagente.ca/ontomlff/MLFFElasticityResult_829c1709-88d0-4578-b503-67b4e90b3771,[],[],0.11158996667877608,eV/Å^3,0.3066160358934516,/scratch/kenko/akg4pyscf/.graphchat-workspaces/kenko_room/mlff_elasticity_benchmark/workflow_runs/MACE_OMAT/elasticity_MACE_OMAT/structures/Pt2Tl4_8381097b/output.json,mp-571160,cif,https://elagente.ca/grafico/ConceptualAtoms_4fce43d9-1e50-4b36-866a-27e27fc3050a,mp-571160
Al6Ce2,0.43403921278489777,https://elagente.ca/grafico/ConceptualAtoms_501cc19f-0bd3-420e-b57d-81bbe09ee89d,https://elagente.ca/ontomlff/MLFFElasticityResult_ec402f71-9dc9-485c-9381-a0c37b509a7e,[],[],0.3974983487746347,eV/Å^3,0.9135998044426482,/scratch/kenko/akg4pyscf/.graphchat-workspaces/kenko_room/mlff_elasticity_benchmark/workflow_runs/MACE_OMAT/elasticity_MACE_OMAT/structures/Al6Ce2_1ee04aa7/output.json,mp-567305,cif,https://elagente.ca/grafico/ConceptualAtoms_501cc19f-0bd3-420e-b57d-81bbe09ee89d,mp-567305
Ca2Sn2Zn2,0.3148525394463356,https://elagente.ca/grafico/ConceptualAtoms_5022bbf5-59f0-4d0e-adfc-a658c2b90b18,https://elagente.ca/ontomlff/MLFFElasticityResult_57c09970-b1f9-4252-95eb-03b9b694a169,[],[],0.2595309292146562,eV/Å^3,0.6107738094902353,/scratch/kenko/akg4pyscf/.graphchat-workspaces/kenko_room/mlff_elasticity_benchmark/workflow_runs/MACE_OMAT/elasticity_MACE_OMAT/structures/Ca2Sn2Zn2_ebc61313/output.json,mp-31160,cif,https://elagente.ca/grafico/ConceptualAtoms_5022bbf5-59f0-4d0e-adfc-a658c2b90b18,mp-31160
Ir8Lu10Si20,0.9218457510806919,https://elagente.ca/grafico/ConceptualAtoms_503293a7-154a-4782-9aa8-be76cff2dee6,https://elagente.ca/ontomlff/MLFFElasticityResult_94420bb9-b5e1-45c3-9e81-ea0fe8e45f48,[],[],0.5421885839038548,eV/Å^3,1.3599458971749039,/scratch/kenko/akg4pyscf/.graphchat-workspaces/kenko_room/mlff_elasticity_benchmark/workflow_runs/MACE_OMAT/elasticity_MACE_OMAT/structures/Ir8Lu10Si20_d413eb3f/output.json,mp-542170,cif,https://elagente.ca/grafico/ConceptualAtoms_503293a7-154a-4782-9aa8-be76cff2dee6,mp-542170
InPPd5,0.9813087588029092,https://elagente.ca/grafico/ConceptualAtoms_51316130-23b4-4be1-81d1-f04982179748,https://elagente.ca/ontomlff/MLFFElasticityResult_0865be4d-90ab-4232-83ca-193fd5aaac35,[],[],0.3591906369267506,eV/Å^3,0.9603935755524233,/scratch/kenko/akg4pyscf/.graphchat-workspaces/kenko_room/mlff_elasticity_benchmark/workflow_runs/MACE_OMAT/elasticity_MACE_OMAT/structures/InPPd5_be86bcc5/output.json,mp-1025161,cif,https://elagente.ca/grafico/ConceptualAtoms_51316130-23b4-4be1-81d1-f04982179748,mp-1025161
Ac6Ca2,0.11897187256784544,https://elagente.ca/grafico/ConceptualAtoms_515b878d-3a38-47ea-9ad3-30750615b753,https://elagente.ca/ontomlff/MLFFElasticityResult_2185c15a-a5ea-457c-b7b7-616634ca5325,[],[],0.08579223527402072,eV/Å^3,0.2074997435061076,/scratch/kenko/akg4pyscf/.graphchat-workspaces/kenko_room/mlff_elasticity_benchmark/workflow_runs/MACE_OMAT/elasticity_MACE_OMAT/structures/Ac6Ca2_9c0e6071/output.json,mp-983567,cif,https://elagente.ca/grafico/ConceptualAtoms_515b878d-3a38-47ea-9ad3-30750615b753,mp-983567
LaO3Ti,1.240650957822888,https://elagente.ca/grafico/ConceptualAtoms_516860b4-540b-47b1-ac2c-7256cfbe2a18,https://elagente.ca/ontomlff/MLFFElasticityResult_3dff76bf-9446-4deb-9843-3b75e5013a6c,[],[],0.517495395835728,eV/Å^3,1.3629793453195913,/scratch/kenko/akg4pyscf/.graphchat-workspaces/kenko_room/mlff_elasticity_benchmark/workflow_runs/MACE_OMAT/elasticity_MACE_OMAT/structures/LaO3Ti_9dea7bbd/output.json,mp-8020,cif,https://elagente.ca/grafico/ConceptualAtoms_516860b4-540b-47b1-ac2c-7256cfbe2a18,mp-8020
SiTc2V,1.5643886709825316,https://elagente.ca/grafico/ConceptualAtoms_5187b58d-6a9a-4cc5-bd3d-cac29d61f545,https://elagente.ca/ontomlff/MLFFElasticityResult_b72dd46e-a7a7-47fe-a0c9-7d75533421da,[],[],0.6533778378082614,eV/Å^3,1.7205941338616786,/scratch/kenko/akg4pyscf/.graphchat-workspaces/kenko_room/mlff_elasticity_benchmark/workflow_runs/MACE_OMAT/elasticity_MACE_OMAT/structures/SiTc2V_3f6fe351/output.json,mp-865472,cif,https://elagente.ca/grafico/ConceptualAtoms_5187b58d-6a9a-4cc5-bd3d-cac29d61f545,mp-865472
Se4W2,0.7112170091866477,https://elagente.ca/grafico/ConceptualAtoms_51a98a46-ede5-4645-ab04-ff74cae345d9,https://elagente.ca/ontomlff/MLFFElasticityResult_f8c87697-c02d-4ad1-9add-3b76a98a48c4,[],[],0.4756442813338276,eV/Å^3,1.1668195311145386,/scratch/kenko/akg4pyscf/.graphchat-workspaces/kenko_room/mlff_elasticity_benchmark/workflow_runs/MACE_OMAT/elasticity_MACE_OMAT/structures/Se4W2_a97f1e9b/output.json,mp-1821,cif,https://elagente.ca/grafico/ConceptualAtoms_51a98a46-ede5-4645-ab04-ff74cae345d9,mp-1821
NiSn3Sr,0.34708184799685937,https://elagente.ca/grafico/ConceptualAtoms_523dde55-4fb2-452f-ab5f-f5d115990f24,https://elagente.ca/ontomlff/MLFFElasticityResult_6757d9e5-7a3c-440e-8631-fc3f46bb5bcd,[],[],0.1897067326416671,eV/Å^3,0.4814109217180356,/scratch/kenko/akg4pyscf/.graphchat-workspaces/kenko_room/mlff_elasticity_benchmark/workflow_runs/MACE_OMAT/elasticity_MACE_OMAT/structures/NiSn3Sr_748e9290/output.json,mp-30805,cif,https://elagente.ca/grafico/ConceptualAtoms_523dde55-4fb2-452f-ab5f-f5d115990f24,mp-30805
Al2F8Rb2,0.4902045480246495,https://elagente.ca/grafico/ConceptualAtoms_5269111b-16be-4ab0-9096-2cc5a45e4f19,https://elagente.ca/ontomlff/MLFFElasticityResult_9b11a315-84ab-4182-a372-80da89f86f44,[],[],0.30673140107624103,eV/Å^3,0.7613885408230137,/scratch/kenko/akg4pyscf/.graphchat-workspaces/kenko_room/mlff_elasticity_benchmark/workflow_runs/MACE_OMAT/elasticity_MACE_OMAT/structures/Al2F8Rb2_4018ca7d/output.json,mp-5259,cif,https://elagente.ca/grafico/ConceptualAtoms_5269111b-16be-4ab0-9096-2cc5a45e4f19,mp-5259
O6Pt3Zn,1.2850855011432942,https://elagente.ca/grafico/ConceptualAtoms_526c7aa0-403f-4417-84df-0ea866d42231,https://elagente.ca/ontomlff/MLFFElasticityResult_8ecfc502-fd4c-46b3-a023-fc3b2d20d55f,[],[],0.7585079378942031,eV/Å^3,1.9014252012596897,/scratch/kenko/akg4pyscf/.graphchat-workspaces/kenko_room/mlff_elasticity_benchmark/workflow_runs/MACE_OMAT/elasticity_MACE_OMAT/structures/O6Pt3Zn_eec126fd/output.json,mp-8207,cif,https://elagente.ca/grafico/ConceptualAtoms_526c7aa0-403f-4417-84df-0ea866d42231,mp-8207
PdSc,0.6666315006578603,https://elagente.ca/grafico/ConceptualAtoms_52864a09-5832-45f2-a8f2-2663f2b7b604,https://elagente.ca/ontomlff/MLFFElasticityResult_942a7535-3f5f-4550-8012-cab66fb938ac,[],[],0.21480491207168673,eV/Å^3,0.5819125971561361,/scratch/kenko/akg4pyscf/.graphchat-workspaces/kenko_room/mlff_elasticity_benchmark/workflow_runs/MACE_OMAT/elasticity_MACE_OMAT/structures/PdSc_7d50c286/output.json,mp-2781,cif,https://elagente.ca/grafico/ConceptualAtoms_52864a09-5832-45f2-a8f2-2663f2b7b604,mp-2781
Hf2OsRe,1.2593589496082702,https://elagente.ca/grafico/ConceptualAtoms_52c52ad2-22d4-44dc-8175-40a059a61934,https://elagente.ca/ontomlff/MLFFElasticityResult_12261bab-e07b-4677-a622-8bd79d73d23c,[],[],0.5825250589492202,eV/Å^3,1.514119714862817,/scratch/kenko/akg4pyscf/.graphchat-workspaces/kenko_room/mlff_elasticity_benchmark/workflow_runs/MACE_OMAT/elasticity_MACE_OMAT/structures/Hf2OsRe_285809b1/output.json,mp-864927,cif,https://elagente.ca/grafico/ConceptualAtoms_52c52ad2-22d4-44dc-8175-40a059a61934,mp-864927
Al3NdPd2,0.6620218157704585,https://elagente.ca/grafico/ConceptualAtoms_52dd884f-841b-4015-b298-be747b1370b6,https://elagente.ca/ontomlff/MLFFElasticityResult_b5cc4c3f-689d-471a-88de-9989920a18eb,[],[],0.3757360588981025,eV/Å^3,0.9478820323272583,/scratch/kenko/akg4pyscf/.graphchat-workspaces/kenko_room/mlff_elasticity_benchmark/workflow_runs/MACE_OMAT/elasticity_MACE_OMAT/structures/Al3NdPd2_f00c822f/output.json,mp-12734,cif,https://elagente.ca/grafico/ConceptualAtoms_52dd884f-841b-4015-b298-be747b1370b6,mp-12734
Ba4O16Si4Ti2,0.8326884615760592,https://elagente.ca/grafico/ConceptualAtoms_536b954c-302f-44d9-9c79-8709ea367407,https://elagente.ca/ontomlff/MLFFElasticityResult_e1a89702-c0bd-4f3b-a267-8d6eb1220c52,[],[],0.5002686338435656,eV/Å^3,1.2503981372947532,/scratch/kenko/akg4pyscf/.graphchat-workspaces/kenko_room/mlff_elasticity_benchmark/workflow_runs/MACE_OMAT/elasticity_MACE_OMAT/structures/Ba4O16Si4Ti2_6356cabd/output.json,mp-6081,cif,https://elagente.ca/grafico/ConceptualAtoms_536b954c-302f-44d9-9c79-8709ea367407,mp-6081
As4Rh6Sr,1.03023763103226,https://elagente.ca/grafico/ConceptualAtoms_550fef09-9226-4b6a-80ad-47a0bfcf0f8c,https://elagente.ca/ontomlff/MLFFElasticityResult_5a4dc77e-4400-4f5a-be63-7164a91749e9,[],[],0.4242807484764223,eV/Å^3,1.1192025761576512,/scratch/kenko/akg4pyscf/.graphchat-workspaces/kenko_room/mlff_elasticity_benchmark/workflow_runs/MACE_OMAT/elasticity_MACE_OMAT/structures/As4Rh6Sr_90631701/output.json,mp-16045,cif,https://elagente.ca/grafico/ConceptualAtoms_550fef09-9226-4b6a-80ad-47a0bfcf0f8c,mp-16045
ITl,0.10699290428346792,https://elagente.ca/grafico/ConceptualAtoms_55253067-f547-4891-b2dd-a389d4742446,https://elagente.ca/ontomlff/MLFFElasticityResult_111ebda8-8562-4019-ad6b-84016d85d616,[],[],0.04052034849900958,eV/Å^3,0.10793529524180873,/scratch/kenko/akg4pyscf/.graphchat-workspaces/kenko_room/mlff_elasticity_benchmark/workflow_runs/MACE_OMAT/elasticity_MACE_OMAT/structures/ITl_477e00a2/output.json,mp-23197,cif,https://elagente.ca/grafico/ConceptualAtoms_55253067-f547-4891-b2dd-a389d4742446,mp-23197
Br4S4Sb4,0.28364630880119096,https://elagente.ca/grafico/ConceptualAtoms_56a41480-0618-483a-b581-98606a36dbfd,https://elagente.ca/ontomlff/MLFFElasticityResult_13d27875-d697-4c8a-a790-f9bc99aaa53c,[],[],0.17347703050513946,eV/Å^3,0.4323000547722173,/scratch/kenko/akg4pyscf/.graphchat-workspaces/kenko_room/mlff_elasticity_benchmark/workflow_runs/MACE_OMAT/elasticity_MACE_OMAT/structures/Br4S4Sb4_58a2b474/output.json,mp-22971,cif,https://elagente.ca/grafico/ConceptualAtoms_56a41480-0618-483a-b581-98606a36dbfd,mp-22971
Mg3Sb2,0.2686471051836114,https://elagente.ca/grafico/ConceptualAtoms_56b6cac6-8515-4303-8905-0228545ab185,https://elagente.ca/ontomlff/MLFFElasticityResult_c982651f-8013-48f0-b2d5-1d6edc9e0303,[],[],0.16550947673710809,eV/Å^3,0.4119331410605224,/scratch/kenko/akg4pyscf/.graphchat-workspaces/kenko_room/mlff_elasticity_benchmark/workflow_runs/MACE_OMAT/elasticity_MACE_OMAT/structures/Mg3Sb2_dc286c2a/output.json,mp-2646,cif,https://elagente.ca/grafico/ConceptualAtoms_56b6cac6-8515-4303-8905-0228545ab185,mp-2646
AgSm2Zn,0.3637532074636989,https://elagente.ca/grafico/ConceptualAtoms_572481e0-6ca2-4b26-9f66-a79fe614dfa3,https://elagente.ca/ontomlff/MLFFElasticityResult_9611b0ac-1a86-48c7-97eb-790e7793b85d,[],[],0.14536691762111864,eV/Å^3,0.3848365917243195,/scratch/kenko/akg4pyscf/.graphchat-workspaces/kenko_room/mlff_elasticity_benchmark/workflow_runs/MACE_OMAT/elasticity_MACE_OMAT/structures/AgSm2Zn_85366a92/output.json,mp-979057,cif,https://elagente.ca/grafico/ConceptualAtoms_572481e0-6ca2-4b26-9f66-a79fe614dfa3,mp-979057
Hg4Th2,0.537600957419065,https://elagente.ca/grafico/ConceptualAtoms_5767cef9-1eae-4fa5-a124-c7512c8cc006,https://elagente.ca/ontomlff/MLFFElasticityResult_14f3108d-b0d2-4615-95d9-b894eac1da83,[],[],0.2585879621222852,eV/Å^3,0.668569173868338,/scratch/kenko/akg4pyscf/.graphchat-workspaces/kenko_room/mlff_elasticity_benchmark/workflow_runs/MACE_OMAT/elasticity_MACE_OMAT/structures/Hg4Th2_524e8040/output.json,mp-2215,cif,https://elagente.ca/grafico/ConceptualAtoms_5767cef9-1eae-4fa5-a124-c7512c8cc006,mp-2215
As4Cd2Si2,0.36604426170977045,https://elagente.ca/grafico/ConceptualAtoms_578153e0-837f-4986-a159-aa192347841e,https://elagente.ca/ontomlff/MLFFElasticityResult_b16b2591-d6f2-4d29-828d-5b3ae27eef35,[],[],0.2350440741422154,eV/Å^3,0.580814770308046,/scratch/kenko/akg4pyscf/.graphchat-workspaces/kenko_room/mlff_elasticity_benchmark/workflow_runs/MACE_OMAT/elasticity_MACE_OMAT/structures/As4Cd2Si2_e17f5381/output.json,mp-3078,cif,https://elagente.ca/grafico/ConceptualAtoms_578153e0-837f-4986-a159-aa192347841e,mp-3078
Cu6Li2O6,0.8042389639656649,https://elagente.ca/grafico/ConceptualAtoms_5798e2e1-3b4c-4257-85d1-db53e3cd2aca,https://elagente.ca/ontomlff/MLFFElasticityResult_385f961a-8e9a-4d37-af55-a2055885c9a0,[],[],0.3114697681543468,eV/Å^3,0.8275736556103723,/scratch/kenko/akg4pyscf/.graphchat-workspaces/kenko_room/mlff_elasticity_benchmark/workflow_runs/MACE_OMAT/elasticity_MACE_OMAT/structures/Cu6Li2O6_20ee0075/output.json,mp-753848,cif,https://elagente.ca/grafico/ConceptualAtoms_5798e2e1-3b4c-4257-85d1-db53e3cd2aca,mp-753848
Au2CaSi2,0.553687739221148,https://elagente.ca/grafico/ConceptualAtoms_57e167a9-7b3c-48cb-820b-4096a8528e69,https://elagente.ca/ontomlff/MLFFElasticityResult_a6a0a143-9367-4389-9afb-11d28dc03279,[],[],0.2549794806463772,eV/Å^3,0.663143420970058,/scratch/kenko/akg4pyscf/.graphchat-workspaces/kenko_room/mlff_elasticity_benchmark/workflow_runs/MACE_OMAT/elasticity_MACE_OMAT/structures/Au2CaSi2_cfe6b042/output.json,mp-7364,cif,https://elagente.ca/grafico/ConceptualAtoms_57e167a9-7b3c-48cb-820b-4096a8528e69,mp-7364
Ca2Mg2O12Si4,0.9485549858084881,https://elagente.ca/grafico/ConceptualAtoms_5850d6f5-70e8-4a15-bf97-8f4bc620260a,https://elagente.ca/ontomlff/MLFFElasticityResult_ca964bce-6663-4f65-9fc1-855ad4801eb1,[],[],0.6192038010633133,eV/Å^3,1.5256392212896217,/scratch/kenko/akg4pyscf/.graphchat-workspaces/kenko_room/mlff_elasticity_benchmark/workflow_runs/MACE_OMAT/elasticity_MACE_OMAT/structures/Ca2Mg2O12Si4_8ce9134f/output.json,mp-562517,cif,https://elagente.ca/grafico/ConceptualAtoms_5850d6f5-70e8-4a15-bf97-8f4bc620260a,mp-562517
AcRbTe2,0.23419488466752103,https://elagente.ca/grafico/ConceptualAtoms_58f5d392-360f-4733-8aae-e16026c54fa9,https://elagente.ca/ontomlff/MLFFElasticityResult_9c829e8e-27b3-4776-8a96-c09c1af066e4,[],[],0.1138233477786489,eV/Å^3,0.29386239689713367,/scratch/kenko/akg4pyscf/.graphchat-workspaces/kenko_room/mlff_elasticity_benchmark/workflow_runs/MACE_OMAT/elasticity_MACE_OMAT/structures/AcRbTe2_c0dd6000/output.json,mp-862797,cif,https://elagente.ca/grafico/ConceptualAtoms_58f5d392-360f-4733-8aae-e16026c54fa9,mp-862797
AsSc,0.5469574571616238,https://elagente.ca/grafico/ConceptualAtoms_58f628e0-98d5-4cd6-9c7c-ea4bfa884ae9,https://elagente.ca/ontomlff/MLFFElasticityResult_ca9be8ca-96ae-47d9-b0be-1077d4be2753,[],[],0.33594533164138496,eV/Å^3,0.836561831899677,/scratch/kenko/akg4pyscf/.graphchat-workspaces/kenko_room/mlff_elasticity_benchmark/workflow_runs/MACE_OMAT/elasticity_MACE_OMAT/structures/AsSc_bbf6b2a4/output.json,mp-2052,cif,https://elagente.ca/grafico/ConceptualAtoms_58f628e0-98d5-4cd6-9c7c-ea4bfa884ae9,mp-2052
Ge2Sb2Te5,0.3029491286574956,https://elagente.ca/grafico/ConceptualAtoms_591ce04b-3094-43d8-a623-60d88ae6c530,https://elagente.ca/ontomlff/MLFFElasticityResult_702977c1-de3b-4e30-949d-d9474a69fde3,[],[],0.13324101130277244,eV/Å^3,0.348614604509992,/scratch/kenko/akg4pyscf/.graphchat-workspaces/kenko_room/mlff_elasticity_benchmark/workflow_runs/MACE_OMAT/elasticity_MACE_OMAT/structures/Ge2Sb2Te5_9ed5df0d/output.json,mp-3534,cif,https://elagente.ca/grafico/ConceptualAtoms_591ce04b-3094-43d8-a623-60d88ae6c530,mp-3534
K8P12,0.18862107822958857,https://elagente.ca/grafico/ConceptualAtoms_5937412b-cac3-4606-8ce7-1bc15ddcaf08,https://elagente.ca/ontomlff/MLFFElasticityResult_b2d371f8-4fd8-4c57-8bc6-8de230737385,[],[],0.12227516077943223,eV/Å^3,0.30164434272118473,/scratch/kenko/akg4pyscf/.graphchat-workspaces/kenko_room/mlff_elasticity_benchmark/workflow_runs/MACE_OMAT/elasticity_MACE_OMAT/structures/K8P12_7bfa444f/output.json,mp-569857,cif,https://elagente.ca/grafico/ConceptualAtoms_5937412b-cac3-4606-8ce7-1bc15ddcaf08,mp-569857
Ta2TcW,1.7201008932968174,https://elagente.ca/grafico/ConceptualAtoms_5969741f-e74e-4e97-97b5-b6846c999612,https://elagente.ca/ontomlff/MLFFElasticityResult_afb45b10-2fb3-4a59-af90-2f5148867673,[],[],0.6911649932428579,eV/Å^3,1.8285774267814172,/scratch/kenko/akg4pyscf/.graphchat-workspaces/kenko_room/mlff_elasticity_benchmark/workflow_runs/MACE_OMAT/elasticity_MACE_OMAT/structures/Ta2TcW_a872597f/output.json,mp-972209,cif,https://elagente.ca/grafico/ConceptualAtoms_5969741f-e74e-4e97-97b5-b6846c999612,mp-972209
LiPt,0.6925739755507905,https://elagente.ca/grafico/ConceptualAtoms_59b5b3f6-565d-4f03-bdd4-2bd4f95f8126,https://elagente.ca/ontomlff/MLFFElasticityResult_a1e5b6bb-9b53-4648-9061-06ee9dbc95de,[],[],0.3327985576060097,eV/Å^3,0.860556296631958,/scratch/kenko/akg4pyscf/.graphchat-workspaces/kenko_room/mlff_elasticity_benchmark/workflow_runs/MACE_OMAT/elasticity_MACE_OMAT/structures/LiPt_fc7003bf/output.json,mp-11807,cif,https://elagente.ca/grafico/ConceptualAtoms_59b5b3f6-565d-4f03-bdd4-2bd4f95f8126,mp-11807
DyHg2Yb,0.38097021910244633,https://elagente.ca/grafico/ConceptualAtoms_5a73ace2-58e8-44d8-8e39-19e956d0ce52,https://elagente.ca/ontomlff/MLFFElasticityResult_00adeb78-bc2c-484f-8a08-63ced93a39bf,[],[],0.16579432170010167,eV/Å^3,0.4343716121622786,/scratch/kenko/akg4pyscf/.graphchat-workspaces/kenko_room/mlff_elasticity_benchmark/workflow_runs/MACE_OMAT/elasticity_MACE_OMAT/structures/DyHg2Yb_96f8ce80/output.json,mp-980199,cif,https://elagente.ca/grafico/ConceptualAtoms_5a73ace2-58e8-44d8-8e39-19e956d0ce52,mp-980199
Br2N2U2,0.5969051493244102,https://elagente.ca/grafico/ConceptualAtoms_5acd0431-6e17-4362-adbb-8557e0bc5322,https://elagente.ca/ontomlff/MLFFElasticityResult_fd5a239a-1723-4425-bf31-cf08d666aee1,[],[],0.312387187337558,eV/Å^3,0.797959005027266,/scratch/kenko/akg4pyscf/.graphchat-workspaces/kenko_room/mlff_elasticity_benchmark/workflow_runs/MACE_OMAT/elasticity_MACE_OMAT/structures/Br2N2U2_cf650892/output.json,mp-27762,cif,https://elagente.ca/grafico/ConceptualAtoms_5acd0431-6e17-4362-adbb-8557e0bc5322,mp-27762
Sm6Y2,0.21355473476066023,https://elagente.ca/grafico/ConceptualAtoms_5b3ae371-c575-4e3d-9ccb-49e5ba397e81,https://elagente.ca/ontomlff/MLFFElasticityResult_8e2f2141-048a-43cf-8bc7-cf522ed2fd97,[],[],0.12325507970909108,eV/Å^3,0.3101052135494717,/scratch/kenko/akg4pyscf/.graphchat-workspaces/kenko_room/mlff_elasticity_benchmark/workflow_runs/MACE_OMAT/elasticity_MACE_OMAT/structures/Sm6Y2_76df0fb5/output.json,mp-979234,cif,https://elagente.ca/grafico/ConceptualAtoms_5b3ae371-c575-4e3d-9ccb-49e5ba397e81,mp-979234
CdInNd2,0.31004401828029604,https://elagente.ca/grafico/ConceptualAtoms_5ba8bb07-5db6-44f9-a22f-8114ce41209b,https://elagente.ca/ontomlff/MLFFElasticityResult_9325e32d-902b-4d07-9ac1-cca56e865e8b,[],[],0.13918892516103903,eV/Å^3,0.3632138994529926,/scratch/kenko/akg4pyscf/.graphchat-workspaces/kenko_room/mlff_elasticity_benchmark/workflow_runs/MACE_OMAT/elasticity_MACE_OMAT/structures/CdInNd2_ae628673/output.json,mp-866067,cif,https://elagente.ca/grafico/ConceptualAtoms_5ba8bb07-5db6-44f9-a22f-8114ce41209b,mp-866067
Au2NdSn,0.5208165142453229,https://elagente.ca/grafico/ConceptualAtoms_5bab5d74-3967-471d-8a6e-42cd53483aec,https://elagente.ca/ontomlff/MLFFElasticityResult_c8458064-622a-4600-85d4-8d697f4ed9c1,[],[],0.13883801925753111,eV/Å^3,0.382523339174555,/scratch/kenko/akg4pyscf/.graphchat-workspaces/kenko_room/mlff_elasticity_benchmark/workflow_runs/MACE_OMAT/elasticity_MACE_OMAT/structures/Au2NdSn_bbfd2e08/output.json,mp-864668,cif,https://elagente.ca/grafico/ConceptualAtoms_5bab5d74-3967-471d-8a6e-42cd53483aec,mp-864668
Pd2Ta2,1.3569940294304033,https://elagente.ca/grafico/ConceptualAtoms_5bb92893-dda2-4b96-8e65-b6d711463cea,https://elagente.ca/ontomlff/MLFFElasticityResult_2e0b4a54-19be-4a15-81b0-60d283b39eca,[],[],0.2636250491731815,eV/Å^3,0.742775171433442,/scratch/kenko/akg4pyscf/.graphchat-workspaces/kenko_room/mlff_elasticity_benchmark/workflow_runs/MACE_OMAT/elasticity_MACE_OMAT/structures/Pd2Ta2_bd835683/output.json,mp-999133,cif,https://elagente.ca/grafico/ConceptualAtoms_5bb92893-dda2-4b96-8e65-b6d711463cea,mp-999133
HfRe2Ta,1.539117818174924,https://elagente.ca/grafico/ConceptualAtoms_5c2b5fc8-8830-4eaa-9cd5-1b2a8ae45891,https://elagente.ca/ontomlff/MLFFElasticityResult_59812cfc-251e-44d6-8648-8f0629f7bfea,[],[],0.6711563333606707,eV/Å^3,1.7579428640566985,/scratch/kenko/akg4pyscf/.graphchat-workspaces/kenko_room/mlff_elasticity_benchmark/workflow_runs/MACE_OMAT/elasticity_MACE_OMAT/structures/HfRe2Ta_b8a93b12/output.json,mp-865025,cif,https://elagente.ca/grafico/ConceptualAtoms_5c2b5fc8-8830-4eaa-9cd5-1b2a8ae45891,mp-865025
Be4Ta2,0.9400901005541794,https://elagente.ca/grafico/ConceptualAtoms_5c65306e-be44-4e16-8585-43de0b87485d,https://elagente.ca/ontomlff/MLFFElasticityResult_154bd871-d591-4429-a809-3c05d7e8dcda,[],[],0.7220818552898802,eV/Å^3,1.7246726934078707,/scratch/kenko/akg4pyscf/.graphchat-workspaces/kenko_room/mlff_elasticity_benchmark/workflow_runs/MACE_OMAT/elasticity_MACE_OMAT/structures/Be4Ta2_cf13a2e2/output.json,mp-2676,cif,https://elagente.ca/grafico/ConceptualAtoms_5c65306e-be44-4e16-8585-43de0b87485d,mp-2676
H4Ca4O16P4,0.9155158632807476,https://elagente.ca/grafico/ConceptualAtoms_5c672677-4820-4ed9-8962-1fc392c89c58,https://elagente.ca/ontomlff/MLFFElasticityResult_587521d9-bda1-42c6-95a2-56ca0bf4338e,[],[],0.6337196426509277,eV/Å^3,1.5447368839014795,/scratch/kenko/akg4pyscf/.graphchat-workspaces/kenko_room/mlff_elasticity_benchmark/workflow_runs/MACE_OMAT/elasticity_MACE_OMAT/structures/H4Ca4O16P4_38cc968b/output.json,mp-24390,cif,https://elagente.ca/grafico/ConceptualAtoms_5c672677-4820-4ed9-8962-1fc392c89c58,mp-24390
Cl3CsPb,0.12993102213913482,https://elagente.ca/grafico/ConceptualAtoms_5c7c4f86-d517-465a-b6fc-01d8cebc626f,https://elagente.ca/ontomlff/MLFFElasticityResult_dd0a3733-1382-45f5-b5b9-a9d41f01208d,[],[],0.0610739921994443,eV/Å^3,0.15840291440323293,/scratch/kenko/akg4pyscf/.graphchat-workspaces/kenko_room/mlff_elasticity_benchmark/workflow_runs/MACE_OMAT/elasticity_MACE_OMAT/structures/Cl3CsPb_2338f0d9/output.json,mp-23037,cif,https://elagente.ca/grafico/ConceptualAtoms_5c7c4f86-d517-465a-b6fc-01d8cebc626f,mp-23037
AuGe2In3Yb3,0.408650030295056,https://elagente.ca/grafico/ConceptualAtoms_5ce7deef-3600-4353-82b8-f1205678a2c1,https://elagente.ca/ontomlff/MLFFElasticityResult_959326a6-dc02-4291-9280-15f61d1b24c1,[],[],0.25382114727559213,eV/Å^3,0.6308516827733164,/scratch/kenko/akg4pyscf/.graphchat-workspaces/kenko_room/mlff_elasticity_benchmark/workflow_runs/MACE_OMAT/elasticity_MACE_OMAT/structures/AuGe2In3Yb3_f2186475/output.json,mp-981207,cif,https://elagente.ca/grafico/ConceptualAtoms_5ce7deef-3600-4353-82b8-f1205678a2c1,mp-981207
O6Sm2,0.6070597901466936,https://elagente.ca/grafico/ConceptualAtoms_5d01b88d-b277-4959-8ac9-27d7d151c14f,https://elagente.ca/ontomlff/MLFFElasticityResult_ee25ab0f-ed9b-4423-aba2-049ba858c946,[],[],0.2669172908746473,eV/Å^3,0.6983933350795115,/scratch/kenko/akg4pyscf/.graphchat-workspaces/kenko_room/mlff_elasticity_benchmark/workflow_runs/MACE_OMAT/elasticity_MACE_OMAT/structures/O6Sm2_68f3fd92/output.json,mp-1025421,cif,https://elagente.ca/grafico/ConceptualAtoms_5d01b88d-b277-4959-8ac9-27d7d151c14f,mp-1025421
MgO3Si,1.4527345722620812,https://elagente.ca/grafico/ConceptualAtoms_5d074563-e4f9-4e25-944d-dc0fc490d627,https://elagente.ca/ontomlff/MLFFElasticityResult_6649f0f5-7eaf-4d5c-b323-e45d37721432,[],[],0.8758370856016314,eV/Å^3,2.1878372289494763,/scratch/kenko/akg4pyscf/.graphchat-workspaces/kenko_room/mlff_elasticity_benchmark/workflow_runs/MACE_OMAT/elasticity_MACE_OMAT/structures/MgO3Si_9b709142/output.json,mp-1016928,cif,https://elagente.ca/grafico/ConceptualAtoms_5d074563-e4f9-4e25-944d-dc0fc490d627,mp-1016928
RuV3,1.3934297115489467,https://elagente.ca/grafico/ConceptualAtoms_5d28e1cf-f414-4072-9236-f2b4e33133dd,https://elagente.ca/ontomlff/MLFFElasticityResult_085690c8-96b0-43e0-9e67-21d6083bbf0b,[],[],0.5613931882342817,eV/Å^3,1.4847805179077698,/scratch/kenko/akg4pyscf/.graphchat-workspaces/kenko_room/mlff_elasticity_benchmark/workflow_runs/MACE_OMAT/elasticity_MACE_OMAT/structures/RuV3_5bf7fd46/output.json,mp-865382,cif,https://elagente.ca/grafico/ConceptualAtoms_5d28e1cf-f414-4072-9236-f2b4e33133dd,mp-865382
Fe2N2,1.1660571658031378,https://elagente.ca/grafico/ConceptualAtoms_5da0749f-71f2-4919-a231-d5990743b138,https://elagente.ca/ontomlff/MLFFElasticityResult_33afbb99-cd93-4903-b732-de63d493121a,[],[],0.6475313686752022,eV/Å^3,1.6391737546671532,/scratch/kenko/akg4pyscf/.graphchat-workspaces/kenko_room/mlff_elasticity_benchmark/workflow_runs/MACE_OMAT/elasticity_MACE_OMAT/structures/Fe2N2_25793903/output.json,mp-12120,cif,https://elagente.ca/grafico/ConceptualAtoms_5da0749f-71f2-4919-a231-d5990743b138,mp-12120
H4Mg3O9Si2,0.8992674554045685,https://elagente.ca/grafico/ConceptualAtoms_5db4b2b8-c7dc-4fe4-b183-66c5e14879ef,https://elagente.ca/ontomlff/MLFFElasticityResult_6c95661d-c75f-496f-841b-70db7a7509b8,[],[],0.6067217982404011,eV/Å^3,1.4859768803023263,/scratch/kenko/akg4pyscf/.graphchat-workspaces/kenko_room/mlff_elasticity_benchmark/workflow_runs/MACE_OMAT/elasticity_MACE_OMAT/structures/H4Mg3O9Si2_cca10781/output.json,mp-23764,cif,https://elagente.ca/grafico/ConceptualAtoms_5db4b2b8-c7dc-4fe4-b183-66c5e14879ef,mp-23764
AlHfIr2,1.285571035683301,https://elagente.ca/grafico/ConceptualAtoms_5dc7b78d-baf7-43fd-aea2-27565db50015,https://elagente.ca/ontomlff/MLFFElasticityResult_f3eecd35-0c3b-4d1b-9eb9-d8ccbf86bc42,[],[],-1.0896873587759368,eV/Å^3,-4.556457259350706,/scratch/kenko/akg4pyscf/.graphchat-workspaces/kenko_room/mlff_elasticity_benchmark/workflow_runs/MACE_OMAT/elasticity_MACE_OMAT/structures/AlHfIr2_8fdb1f46/output.json,mp-982870,cif,https://elagente.ca/grafico/ConceptualAtoms_5dc7b78d-baf7-43fd-aea2-27565db50015,mp-982870
BeRu2V,1.602500598041583,https://elagente.ca/grafico/ConceptualAtoms_5e060286-e101-43a4-b3b9-d39f4b7e99a9,https://elagente.ca/ontomlff/MLFFElasticityResult_9e9c0073-b1c6-4424-b602-33c46c5ea4f5,[],[],0.6624323465744493,eV/Å^3,1.7466268949826078,/scratch/kenko/akg4pyscf/.graphchat-workspaces/kenko_room/mlff_elasticity_benchmark/workflow_runs/MACE_OMAT/elasticity_MACE_OMAT/structures/BeRu2V_2f09325b/output.json,mp-867874,cif,https://elagente.ca/grafico/ConceptualAtoms_5e060286-e101-43a4-b3b9-d39f4b7e99a9,mp-867874
As4Mo5,1.1877553770726939,https://elagente.ca/grafico/ConceptualAtoms_5e222bed-3185-407e-8096-317ae6931a77,https://elagente.ca/ontomlff/MLFFElasticityResult_8b89baab-5ae8-4d2c-b7a5-a077bdaaba1f,[],[],0.6511909308074804,eV/Å^3,1.6517192282799902,/scratch/kenko/akg4pyscf/.graphchat-workspaces/kenko_room/mlff_elasticity_benchmark/workflow_runs/MACE_OMAT/elasticity_MACE_OMAT/structures/As4Mo5_fb5ef680/output.json,mp-1743,cif,https://elagente.ca/grafico/ConceptualAtoms_5e222bed-3185-407e-8096-317ae6931a77,mp-1743
BaS,0.25597824309448597,https://elagente.ca/grafico/ConceptualAtoms_5e3a3d25-e1a0-400b-87f2-a34a2ad6148a,https://elagente.ca/ontomlff/MLFFElasticityResult_e656e28d-779e-4d5d-84b2-66242fe26c03,[],[],0.15595754308994525,eV/Å^3,0.38889343664978393,/scratch/kenko/akg4pyscf/.graphchat-workspaces/kenko_room/mlff_elasticity_benchmark/workflow_runs/MACE_OMAT/elasticity_MACE_OMAT/structures/BaS_32764d51/output.json,mp-1500,cif,https://elagente.ca/grafico/ConceptualAtoms_5e3a3d25-e1a0-400b-87f2-a34a2ad6148a,mp-1500
O2STm2,0.8798420953160393,https://elagente.ca/grafico/ConceptualAtoms_5e6c8f8a-4bdd-427b-83fd-453d02499fa4,https://elagente.ca/ontomlff/MLFFElasticityResult_70e23a14-d1f8-48d5-9e10-c74919273101,[],[],0.5274746488973305,eV/Å^3,1.3188659203888453,/scratch/kenko/akg4pyscf/.graphchat-workspaces/kenko_room/mlff_elasticity_benchmark/workflow_runs/MACE_OMAT/elasticity_MACE_OMAT/structures/O2STm2_561c8526/output.json,mp-3556,cif,https://elagente.ca/grafico/ConceptualAtoms_5e6c8f8a-4bdd-427b-83fd-453d02499fa4,mp-3556
C4Be4N8,2.0135389344078742,https://elagente.ca/grafico/ConceptualAtoms_5ecf2d82-07e8-4d6a-b659-2f9fac18d820,https://elagente.ca/ontomlff/MLFFElasticityResult_105ed53e-7294-48c3-b772-369ffae144e9,[],[],1.8895450889542988,eV/Å^3,4.317951374754832,/scratch/kenko/akg4pyscf/.graphchat-workspaces/kenko_room/mlff_elasticity_benchmark/workflow_runs/MACE_OMAT/elasticity_MACE_OMAT/structures/C4Be4N8_1e8367ac/output.json,mp-1189451,cif,https://elagente.ca/grafico/ConceptualAtoms_5ecf2d82-07e8-4d6a-b659-2f9fac18d820,mp-1189451
Cu2K2Se2,0.20977934349023308,https://elagente.ca/grafico/ConceptualAtoms_5eddf108-3d71-4af4-b5ea-7da1693cfcbc,https://elagente.ca/ontomlff/MLFFElasticityResult_fa059c6e-4f9f-4f9f-b351-c678dd7de06c,[],[],0.14247274012307432,eV/Å^3,0.34851877071826404,/scratch/kenko/akg4pyscf/.graphchat-workspaces/kenko_room/mlff_elasticity_benchmark/workflow_runs/MACE_OMAT/elasticity_MACE_OMAT/structures/Cu2K2Se2_49f44c66/output.json,mp-7435,cif,https://elagente.ca/grafico/ConceptualAtoms_5eddf108-3d71-4af4-b5ea-7da1693cfcbc,mp-7435
IrNb,1.6495758694751164,https://elagente.ca/grafico/ConceptualAtoms_5ef29c0a-33f6-475a-a68a-85bd09076707,https://elagente.ca/ontomlff/MLFFElasticityResult_618b574b-f6cd-42ee-bd80-892ff5712001,[],[],0.6519515032479901,eV/Å^3,1.7281817110820652,/scratch/kenko/akg4pyscf/.graphchat-workspaces/kenko_room/mlff_elasticity_benchmark/workflow_runs/MACE_OMAT/elasticity_MACE_OMAT/structures/IrNb_6bdf55c3/output.json,mp-1359,cif,https://elagente.ca/grafico/ConceptualAtoms_5ef29c0a-33f6-475a-a68a-85bd09076707,mp-1359
IrRu,2.170545288827709,https://elagente.ca/grafico/ConceptualAtoms_5f36958b-bd1f-43cf-a14b-48054ed2f833,https://elagente.ca/ontomlff/MLFFElasticityResult_78f6798f-b628-4e07-8887-3a0da5e1fd45,[],[],1.492168654331306,eV/Å^3,3.641940118521369,/scratch/kenko/akg4pyscf/.graphchat-workspaces/kenko_room/mlff_elasticity_benchmark/workflow_runs/MACE_OMAT/elasticity_MACE_OMAT/structures/IrRu_2edff4e7/output.json,mp-1223860,cif,https://elagente.ca/grafico/ConceptualAtoms_5f36958b-bd1f-43cf-a14b-48054ed2f833,mp-1223860
Cs2F6LiTl,0.3111549336928428,https://elagente.ca/grafico/ConceptualAtoms_5f6309b4-ce16-4c6b-95ba-ed76795295d4,https://elagente.ca/ontomlff/MLFFElasticityResult_2113ca10-4370-477a-82ca-4131317c59d3,[],[],0.1616349663121558,eV/Å^3,0.4133337148872305,/scratch/kenko/akg4pyscf/.graphchat-workspaces/kenko_room/mlff_elasticity_benchmark/workflow_runs/MACE_OMAT/elasticity_MACE_OMAT/structures/Cs2F6LiTl_f1bddcfb/output.json,mp-989562,cif,https://elagente.ca/grafico/ConceptualAtoms_5f6309b4-ce16-4c6b-95ba-ed76795295d4,mp-989562
B2Be,1.2194966620986423,https://elagente.ca/grafico/ConceptualAtoms_5fb1dca3-1b27-4e30-9315-4088cddb3346,https://elagente.ca/ontomlff/MLFFElasticityResult_8c3aa19a-2e8f-45ca-9cea-f5f910f22a3e,[],[],0.5009852605935399,eV/Å^3,1.3219332610770747,/scratch/kenko/akg4pyscf/.graphchat-workspaces/kenko_room/mlff_elasticity_benchmark/workflow_runs/MACE_OMAT/elasticity_MACE_OMAT/structures/B2Be_2dd301a7/output.json,mp-1009823,cif,https://elagente.ca/grafico/ConceptualAtoms_5fb1dca3-1b27-4e30-9315-4088cddb3346,mp-1009823
PdSn3Sr,0.3310553273457202,https://elagente.ca/grafico/ConceptualAtoms_5fbd4f66-7f5d-41fa-82f7-2a281c77af84,https://elagente.ca/ontomlff/MLFFElasticityResult_1667b648-eb80-4ce6-a8be-c01dda96a9b1,[],[],0.15875140548886313,eV/Å^3,0.41061927853371594,/scratch/kenko/akg4pyscf/.graphchat-workspaces/kenko_room/mlff_elasticity_benchmark/workflow_runs/MACE_OMAT/elasticity_MACE_OMAT/structures/PdSn3Sr_6ad9990e/output.json,mp-30834,cif,https://elagente.ca/grafico/ConceptualAtoms_5fbd4f66-7f5d-41fa-82f7-2a281c77af84,mp-30834
Ba3BiN,0.18596524751502996,https://elagente.ca/grafico/ConceptualAtoms_5feabbc0-5afa-4912-8745-aa37800390b7,https://elagente.ca/ontomlff/MLFFElasticityResult_6cf9891e-8f9d-4a9b-881f-13477ab383a7,[],[],0.14935786977906712,eV/Å^3,0.3534493916186085,/scratch/kenko/akg4pyscf/.graphchat-workspaces/kenko_room/mlff_elasticity_benchmark/workflow_runs/MACE_OMAT/elasticity_MACE_OMAT/structures/Ba3BiN_4e4044dd/output.json,mp-1013549,cif,https://elagente.ca/grafico/ConceptualAtoms_5feabbc0-5afa-4912-8745-aa37800390b7,mp-1013549
H4Cl2Hg2N2,0.3858512116988234,https://elagente.ca/grafico/ConceptualAtoms_5ff36a20-88f8-4344-9b17-a33e0b247b7b,https://elagente.ca/ontomlff/MLFFElasticityResult_f893330c-434f-440b-9aaa-74a286f59f41,[],[],0.19357392675989865,eV/Å^3,0.49752268158816193,/scratch/kenko/akg4pyscf/.graphchat-workspaces/kenko_room/mlff_elasticity_benchmark/workflow_runs/MACE_OMAT/elasticity_MACE_OMAT/structures/H4Cl2Hg2N2_a3fe4caa/output.json,mp-643754,cif,https://elagente.ca/grafico/ConceptualAtoms_5ff36a20-88f8-4344-9b17-a33e0b247b7b,mp-643754
DyHoMg2,0.2674422434113123,https://elagente.ca/grafico/ConceptualAtoms_604d6b4f-2104-4751-9c86-92ed2408d9b4,https://elagente.ca/ontomlff/MLFFElasticityResult_278f0873-8a97-4cf2-a946-38c7d5e36572,[],[],0.14965026698394757,eV/Å^3,0.3783759788485275,/scratch/kenko/akg4pyscf/.graphchat-workspaces/kenko_room/mlff_elasticity_benchmark/workflow_runs/MACE_OMAT/elasticity_MACE_OMAT/structures/DyHoMg2_2ec138e9/output.json,mp-862692,cif,https://elagente.ca/grafico/ConceptualAtoms_604d6b4f-2104-4751-9c86-92ed2408d9b4,mp-862692
Au2Ba2P2,0.35563824013914597,https://elagente.ca/grafico/ConceptualAtoms_6090cbfc-a550-4cea-80fb-1c7ff3410b34,https://elagente.ca/ontomlff/MLFFElasticityResult_02864a3d-3a00-43de-b1a0-c5b647d02894,[],[],0.19814192436838052,eV/Å^3,0.5013226958139614,/scratch/kenko/akg4pyscf/.graphchat-workspaces/kenko_room/mlff_elasticity_benchmark/workflow_runs/MACE_OMAT/elasticity_MACE_OMAT/structures/Au2Ba2P2_f2eadf9e/output.json,mp-985439,cif,https://elagente.ca/grafico/ConceptualAtoms_6090cbfc-a550-4cea-80fb-1c7ff3410b34,mp-985439
LuMg2Pr,0.2445139612223884,https://elagente.ca/grafico/ConceptualAtoms_60deaae1-762b-4b22-a578-194a3e893e0f,https://elagente.ca/ontomlff/MLFFElasticityResult_f15fbb01-d9ec-492a-ac6f-1fe2420d36b8,[],[],0.14317066609181167,eV/Å^3,0.35937097097472537,/scratch/kenko/akg4pyscf/.graphchat-workspaces/kenko_room/mlff_elasticity_benchmark/workflow_runs/MACE_OMAT/elasticity_MACE_OMAT/structures/LuMg2Pr_b8efaf0a/output.json,mp-975972,cif,https://elagente.ca/grafico/ConceptualAtoms_60deaae1-762b-4b22-a578-194a3e893e0f,mp-975972
AsPr,0.4240933209296437,https://elagente.ca/grafico/ConceptualAtoms_61120c52-ed3e-45d6-a9ca-944e4956d13a,https://elagente.ca/ontomlff/MLFFElasticityResult_c3df25ae-426d-433b-aaf9-8c4548b76f87,[],[],0.28077213173877524,eV/Å^3,0.6900362684152158,/scratch/kenko/akg4pyscf/.graphchat-workspaces/kenko_room/mlff_elasticity_benchmark/workflow_runs/MACE_OMAT/elasticity_MACE_OMAT/structures/AsPr_6cf4eaa5/output.json,mp-10622,cif,https://elagente.ca/grafico/ConceptualAtoms_61120c52-ed3e-45d6-a9ca-944e4956d13a,mp-10622
Cd2S8Sc4,0.44539460403046216,https://elagente.ca/grafico/ConceptualAtoms_615c1441-69e2-472a-a9fb-2c846a5edad9,https://elagente.ca/ontomlff/MLFFElasticityResult_a1f8a91b-45b3-49cd-888c-ff404a959d19,[],[],0.2782069131857645,eV/Å^3,0.690791085436113,/scratch/kenko/akg4pyscf/.graphchat-workspaces/kenko_room/mlff_elasticity_benchmark/workflow_runs/MACE_OMAT/elasticity_MACE_OMAT/structures/Cd2S8Sc4_3ef561b7/output.json,mp-10953,cif,https://elagente.ca/grafico/ConceptualAtoms_615c1441-69e2-472a-a9fb-2c846a5edad9,mp-10953
O14Sn4Y4,1.0598841479962438,https://elagente.ca/grafico/ConceptualAtoms_61da80e1-a280-4ceb-9a17-c008948b9a4a,https://elagente.ca/ontomlff/MLFFElasticityResult_ca62c00a-8250-46e5-bd6b-3e5345b5c507,[],[],0.6249149146121817,eV/Å^3,1.566810663272631,/scratch/kenko/akg4pyscf/.graphchat-workspaces/kenko_room/mlff_elasticity_benchmark/workflow_runs/MACE_OMAT/elasticity_MACE_OMAT/structures/O14Sn4Y4_d7269ff5/output.json,mp-3370,cif,https://elagente.ca/grafico/ConceptualAtoms_61da80e1-a280-4ceb-9a17-c008948b9a4a,mp-3370
TlYb,0.32592144243733867,https://elagente.ca/grafico/ConceptualAtoms_6209dbee-258b-439d-bdf3-3e1c2dc6749b,https://elagente.ca/ontomlff/MLFFElasticityResult_d3145f98-7bff-43e1-958c-f1649be5d724,[],[],0.13389085989317806,eV/Å^3,0.35329401076014416,/scratch/kenko/akg4pyscf/.graphchat-workspaces/kenko_room/mlff_elasticity_benchmark/workflow_runs/MACE_OMAT/elasticity_MACE_OMAT/structures/TlYb_6475ad42/output.json,mp-11576,cif,https://elagente.ca/grafico/ConceptualAtoms_6209dbee-258b-439d-bdf3-3e1c2dc6749b,mp-11576
Hf2Hg,0.7455256537240282,https://elagente.ca/grafico/ConceptualAtoms_62acc2c7-96ee-4745-a600-9cadba752e46,https://elagente.ca/ontomlff/MLFFElasticityResult_c65484ba-23e7-4b1e-ba74-150288a39de2,[],[],0.2952415204479104,eV/Å^3,0.7824380626916407,/scratch/kenko/akg4pyscf/.graphchat-workspaces/kenko_room/mlff_elasticity_benchmark/workflow_runs/MACE_OMAT/elasticity_MACE_OMAT/structures/Hf2Hg_4a673145/output.json,mp-1018154,cif,https://elagente.ca/grafico/ConceptualAtoms_62acc2c7-96ee-4745-a600-9cadba752e46,mp-1018154
Ag3Na,0.31301791777236043,https://elagente.ca/grafico/ConceptualAtoms_632167a1-ca74-4af2-a1e0-b54acd933ebe,https://elagente.ca/ontomlff/MLFFElasticityResult_96bb0a59-0608-4382-af91-c01bd726a384,[],[],0.1249395402859172,eV/Å^3,0.3308054992881694,/scratch/kenko/akg4pyscf/.graphchat-workspaces/kenko_room/mlff_elasticity_benchmark/workflow_runs/MACE_OMAT/elasticity_MACE_OMAT/structures/Ag3Na_409d3f6e/output.json,mp-973174,cif,https://elagente.ca/grafico/ConceptualAtoms_632167a1-ca74-4af2-a1e0-b54acd933ebe,mp-973174
Ba3O7Zr2,0.774003521216504,https://elagente.ca/grafico/ConceptualAtoms_632528db-9626-4d1b-bf7b-d2372595607e,https://elagente.ca/ontomlff/MLFFElasticityResult_055c67a4-1114-4dea-bba2-a4062564ab3c,[],[],0.47552963692286965,eV/Å^3,1.1840954135751853,/scratch/kenko/akg4pyscf/.graphchat-workspaces/kenko_room/mlff_elasticity_benchmark/workflow_runs/MACE_OMAT/elasticity_MACE_OMAT/structures/Ba3O7Zr2_27b8b96d/output.json,mp-755895,cif,https://elagente.ca/grafico/ConceptualAtoms_632528db-9626-4d1b-bf7b-d2372595607e,mp-755895
Bi8Pt4,0.46329311951971486,https://elagente.ca/grafico/ConceptualAtoms_63ad4f68-38a9-434a-9f3e-330da69033c0,https://elagente.ca/ontomlff/MLFFElasticityResult_ee2be53c-3419-4b84-b9e0-12e119af1292,[],[],0.24769796748004907,eV/Å^3,0.6306944167154427,/scratch/kenko/akg4pyscf/.graphchat-workspaces/kenko_room/mlff_elasticity_benchmark/workflow_runs/MACE_OMAT/elasticity_MACE_OMAT/structures/Bi8Pt4_31edb3c6/output.json,mp-22864,cif,https://elagente.ca/grafico/ConceptualAtoms_63ad4f68-38a9-434a-9f3e-330da69033c0,mp-22864
La2Mn2N6,1.004942806344713,https://elagente.ca/grafico/ConceptualAtoms_63b19ebf-c5c6-4fa7-89f6-5a0c060e6743,https://elagente.ca/ontomlff/MLFFElasticityResult_37bf9746-d439-4a56-942d-85af5c5bfa95,[],[],0.4355193062708029,eV/Å^3,1.1416379618380683,/scratch/kenko/akg4pyscf/.graphchat-workspaces/kenko_room/mlff_elasticity_benchmark/workflow_runs/MACE_OMAT/elasticity_MACE_OMAT/structures/La2Mn2N6_585d04fd/output.json,mp-989554,cif,https://elagente.ca/grafico/ConceptualAtoms_63b19ebf-c5c6-4fa7-89f6-5a0c060e6743,mp-989554
Cl14Nb6Te2,0.4171205624686283,https://elagente.ca/grafico/ConceptualAtoms_63bc6660-c14c-4b09-8f0c-65222abb7170,https://elagente.ca/ontomlff/MLFFElasticityResult_d92916e0-8d14-459a-b454-659507aee816,[],[],0.2298899604026543,eV/Å^3,0.5826332531533251,/scratch/kenko/akg4pyscf/.graphchat-workspaces/kenko_room/mlff_elasticity_benchmark/workflow_runs/MACE_OMAT/elasticity_MACE_OMAT/structures/Cl14Nb6Te2_afa56f8d/output.json,mp-28938,cif,https://elagente.ca/grafico/ConceptualAtoms_63bc6660-c14c-4b09-8f0c-65222abb7170,mp-28938
Ge4Sm2,0.471446816295562,https://elagente.ca/grafico/ConceptualAtoms_63dcd169-c000-4a1d-87fe-b0fe60ffe818,https://elagente.ca/ontomlff/MLFFElasticityResult_eaa52839-5733-414e-a548-2e773c37866c,[],[],0.20072105074299573,eV/Å^3,0.527325865437227,/scratch/kenko/akg4pyscf/.graphchat-workspaces/kenko_room/mlff_elasticity_benchmark/workflow_runs/MACE_OMAT/elasticity_MACE_OMAT/structures/Ge4Sm2_c2718609/output.json,mp-12750,cif,https://elagente.ca/grafico/ConceptualAtoms_63dcd169-c000-4a1d-87fe-b0fe60ffe818,mp-12750
H2Al2O4,1.2087544445435752,https://elagente.ca/grafico/ConceptualAtoms_640b81cb-10cd-40f6-8522-328ea3664cd8,https://elagente.ca/ontomlff/MLFFElasticityResult_7f3ded9b-6e06-4ceb-8716-0d28b5af2a26,[],[],0.8420534988940807,eV/Å^3,2.0501060079952023,/scratch/kenko/akg4pyscf/.graphchat-workspaces/kenko_room/mlff_elasticity_benchmark/workflow_runs/MACE_OMAT/elasticity_MACE_OMAT/structures/H2Al2O4_fee48015/output.json,mp-625054,cif,https://elagente.ca/grafico/ConceptualAtoms_640b81cb-10cd-40f6-8522-328ea3664cd8,mp-625054
Pd3Zr,1.1992057728096932,https://elagente.ca/grafico/ConceptualAtoms_64647234-cb72-4663-86af-d76e0e02b6e3,https://elagente.ca/ontomlff/MLFFElasticityResult_94c4015b-7004-4baa-be53-d08448b541e8,[],[],0.5327646864069275,eV/Å^3,1.3921352506045748,/scratch/kenko/akg4pyscf/.graphchat-workspaces/kenko_room/mlff_elasticity_benchmark/workflow_runs/MACE_OMAT/elasticity_MACE_OMAT/structures/Pd3Zr_cf2abc34/output.json,mp-1017543,cif,https://elagente.ca/grafico/ConceptualAtoms_64647234-cb72-4663-86af-d76e0e02b6e3,mp-1017543
Mg3Pa,0.34681354563277644,https://elagente.ca/grafico/ConceptualAtoms_6531a772-399c-4a88-8af8-89a245ed8f04,https://elagente.ca/ontomlff/MLFFElasticityResult_fa65c3d3-e066-4950-ba6e-d819566b59d2,[],[],0.241182732308353,eV/Å^3,0.5873870318870126,/scratch/kenko/akg4pyscf/.graphchat-workspaces/kenko_room/mlff_elasticity_benchmark/workflow_runs/MACE_OMAT/elasticity_MACE_OMAT/structures/Mg3Pa_391540be/output.json,mp-978291,cif,https://elagente.ca/grafico/ConceptualAtoms_6531a772-399c-4a88-8af8-89a245ed8f04,mp-978291
KNi2S2,0.43104442751196476,https://elagente.ca/grafico/ConceptualAtoms_65f047ef-621b-403b-87bf-1828cf60f4bc,https://elagente.ca/ontomlff/MLFFElasticityResult_47e1ea69-30bf-4b2d-9b11-d7d5185e1b13,[],[],0.1983104558628378,eV/Å^3,0.515826063327926,/scratch/kenko/akg4pyscf/.graphchat-workspaces/kenko_room/mlff_elasticity_benchmark/workflow_runs/MACE_OMAT/elasticity_MACE_OMAT/structures/KNi2S2_fc55c3e9/output.json,mp-558518,cif,https://elagente.ca/grafico/ConceptualAtoms_65f047ef-621b-403b-87bf-1828cf60f4bc,mp-558518
HgO2Rb2,0.1732044460108997,https://elagente.ca/grafico/ConceptualAtoms_661e6069-9ad8-4bda-bc1e-70e15547af9c,https://elagente.ca/ontomlff/MLFFElasticityResult_0ae5ffcb-17ee-418f-a6ce-52ab250e5b44,[],[],0.10529187780695523,eV/Å^3,0.26265294019745306,/scratch/kenko/akg4pyscf/.graphchat-workspaces/kenko_room/mlff_elasticity_benchmark/workflow_runs/MACE_OMAT/elasticity_MACE_OMAT/structures/HgO2Rb2_8bdb6f6b/output.json,mp-5072,cif,https://elagente.ca/grafico/ConceptualAtoms_661e6069-9ad8-4bda-bc1e-70e15547af9c,mp-5072
B2Gd,0.9522119753872305,https://elagente.ca/grafico/ConceptualAtoms_66a067a6-abf6-481f-bd38-d8d02b92774c,https://elagente.ca/ontomlff/MLFFElasticityResult_606aa86a-4d2e-46c1-b38a-e1987440f319,[],[],0.9079259600786844,eV/Å^3,2.066865144654982,/scratch/kenko/akg4pyscf/.graphchat-workspaces/kenko_room/mlff_elasticity_benchmark/workflow_runs/MACE_OMAT/elasticity_MACE_OMAT/structures/B2Gd_93a99d31/output.json,mp-425,cif,https://elagente.ca/grafico/ConceptualAtoms_66a067a6-abf6-481f-bd38-d8d02b92774c,mp-425
CuOsZr2,1.007064546353206,https://elagente.ca/grafico/ConceptualAtoms_66bc2523-a94c-4225-b509-a6e686eafe58,https://elagente.ca/ontomlff/MLFFElasticityResult_f9583d64-e41a-4bf2-8f6d-d65c63a89090,[],[],0.32568142014655377,eV/Å^3,0.881968956863345,/scratch/kenko/akg4pyscf/.graphchat-workspaces/kenko_room/mlff_elasticity_benchmark/workflow_runs/MACE_OMAT/elasticity_MACE_OMAT/structures/CuOsZr2_2883923a/output.json,mp-864897,cif,https://elagente.ca/grafico/ConceptualAtoms_66bc2523-a94c-4225-b509-a6e686eafe58,mp-864897
Ba2Pt4,0.6560162956136522,https://elagente.ca/grafico/ConceptualAtoms_67522ee7-f130-4fdb-80e3-f7f4a7a5496c,https://elagente.ca/ontomlff/MLFFElasticityResult_feecb714-6d4e-4323-b4a8-a6333e5c3ac5,[],[],0.25740469759391604,eV/Å^3,0.6828967794841437,/scratch/kenko/akg4pyscf/.graphchat-workspaces/kenko_room/mlff_elasticity_benchmark/workflow_runs/MACE_OMAT/elasticity_MACE_OMAT/structures/Ba2Pt4_e53e00a0/output.json,mp-747,cif,https://elagente.ca/grafico/ConceptualAtoms_67522ee7-f130-4fdb-80e3-f7f4a7a5496c,mp-747
Ba2CeO6Pt,0.8035139712001494,https://elagente.ca/grafico/ConceptualAtoms_676e7c7e-7934-444e-b50a-7ab0ba35d229,https://elagente.ca/ontomlff/MLFFElasticityResult_fc608556-e681-4339-b84e-01724b50c741,[],[],0.43628485833401154,eV/Å^3,1.1082686319217818,/scratch/kenko/akg4pyscf/.graphchat-workspaces/kenko_room/mlff_elasticity_benchmark/workflow_runs/MACE_OMAT/elasticity_MACE_OMAT/structures/Ba2CeO6Pt_e2b16f90/output.json,mp-21879,cif,https://elagente.ca/grafico/ConceptualAtoms_676e7c7e-7934-444e-b50a-7ab0ba35d229,mp-21879
EuMg,0.15792922978443202,https://elagente.ca/grafico/ConceptualAtoms_678f7329-ef59-4994-a230-9645d731c2b4,https://elagente.ca/ontomlff/MLFFElasticityResult_d8ba17b4-a8af-4fe7-914d-2952eb1878fa,[],[],0.09620457159316939,eV/Å^3,0.2399008449939242,/scratch/kenko/akg4pyscf/.graphchat-workspaces/kenko_room/mlff_elasticity_benchmark/workflow_runs/MACE_OMAT/elasticity_MACE_OMAT/structures/EuMg_6619842a/output.json,mp-21253,cif,https://elagente.ca/grafico/ConceptualAtoms_678f7329-ef59-4994-a230-9645d731c2b4,mp-21253
H32N16O24,0.7113062440505773,https://elagente.ca/grafico/ConceptualAtoms_67b495a7-a7e6-41af-98cc-ad18952e7c9a,https://elagente.ca/ontomlff/MLFFElasticityResult_7152dbdf-8bc1-4481-9530-3720fbed0315,[],[],0.5075570130567805,eV/Å^3,1.230091269732271,/scratch/kenko/akg4pyscf/.graphchat-workspaces/kenko_room/mlff_elasticity_benchmark/workflow_runs/MACE_OMAT/elasticity_MACE_OMAT/structures/H32N16O24_1d4cde95/output.json,mp-24834,cif,https://elagente.ca/grafico/ConceptualAtoms_67b495a7-a7e6-41af-98cc-ad18952e7c9a,mp-24834
C4Sn2Ti6,1.1750683300632374,https://elagente.ca/grafico/ConceptualAtoms_67c05ba2-2dd1-4de4-b4bf-f73d4f0a3c97,https://elagente.ca/ontomlff/MLFFElasticityResult_5a01f396-8935-469b-8b8a-ea326a0972d1,[],[],0.8231942828298463,eV/Å^3,2.002066791612006,/scratch/kenko/akg4pyscf/.graphchat-workspaces/kenko_room/mlff_elasticity_benchmark/workflow_runs/MACE_OMAT/elasticity_MACE_OMAT/structures/C4Sn2Ti6_f3bbfe0b/output.json,mp-21023,cif,https://elagente.ca/grafico/ConceptualAtoms_67c05ba2-2dd1-4de4-b4bf-f73d4f0a3c97,mp-21023
B6Cr10,1.8638409855205151,https://elagente.ca/grafico/ConceptualAtoms_67ce6f7d-db26-4ef1-989a-ba7e8684bb5a,https://elagente.ca/ontomlff/MLFFElasticityResult_001effb3-a1d4-4e73-beaf-e5e7531f9a72,[],[],1.4059708815557863,eV/Å^3,3.3704288888340277,/scratch/kenko/akg4pyscf/.graphchat-workspaces/kenko_room/mlff_elasticity_benchmark/workflow_runs/MACE_OMAT/elasticity_MACE_OMAT/structures/B6Cr10_5150a4ac/output.json,mp-15617,cif,https://elagente.ca/grafico/ConceptualAtoms_67ce6f7d-db26-4ef1-989a-ba7e8684bb5a,mp-15617
Ge2Pr2Sc2,0.40435065376894036,https://elagente.ca/grafico/ConceptualAtoms_67d9ceda-9466-45c6-b58c-46d6c279357a,https://elagente.ca/ontomlff/MLFFElasticityResult_b817ed29-4e8c-4a8b-afac-9382cf31fdf0,[],[],0.23580550637175712,eV/Å^3,0.5922825502970708,/scratch/kenko/akg4pyscf/.graphchat-workspaces/kenko_room/mlff_elasticity_benchmark/workflow_runs/MACE_OMAT/elasticity_MACE_OMAT/structures/Ge2Pr2Sc2_fa3c9761/output.json,mp-4738,cif,https://elagente.ca/grafico/ConceptualAtoms_67d9ceda-9466-45c6-b58c-46d6c279357a,mp-4738
C2H2Na2O4,0.42144985199273505,https://elagente.ca/grafico/ConceptualAtoms_67d9cf80-7a75-4ed3-871d-d7bb2d259fdf,https://elagente.ca/ontomlff/MLFFElasticityResult_959b8433-bbd3-4b21-84da-8a6bb9c62ca8,[],[],0.256978215097593,eV/Å^3,0.6407106311974209,/scratch/kenko/akg4pyscf/.graphchat-workspaces/kenko_room/mlff_elasticity_benchmark/workflow_runs/MACE_OMAT/elasticity_MACE_OMAT/structures/C2H2Na2O4_89d4318c/output.json,mp-23684,cif,https://elagente.ca/grafico/ConceptualAtoms_67d9cf80-7a75-4ed3-871d-d7bb2d259fdf,mp-23684
DyPd,0.5508141062898979,https://elagente.ca/grafico/ConceptualAtoms_67df96dd-8a20-4560-9b8b-f4f67512a97f,https://elagente.ca/ontomlff/MLFFElasticityResult_345b2e43-cb6a-46db-b291-3fd655ae2d10,[],[],0.17858038272733567,eV/Å^3,0.4834900978800754,/scratch/kenko/akg4pyscf/.graphchat-workspaces/kenko_room/mlff_elasticity_benchmark/workflow_runs/MACE_OMAT/elasticity_MACE_OMAT/structures/DyPd_cbb4bbd3/output.json,mp-2226,cif,https://elagente.ca/grafico/ConceptualAtoms_67df96dd-8a20-4560-9b8b-f4f67512a97f,mp-2226
Cu2Ge2Ti2,0.8843421744408035,https://elagente.ca/grafico/ConceptualAtoms_680bd401-1988-4580-a8b3-91a4a6632f75,https://elagente.ca/ontomlff/MLFFElasticityResult_a3d88c64-90e4-4cce-85b0-fb30dffb749e,[],[],0.4437451078110051,eV/Å^3,1.1404788736581264,/scratch/kenko/akg4pyscf/.graphchat-workspaces/kenko_room/mlff_elasticity_benchmark/workflow_runs/MACE_OMAT/elasticity_MACE_OMAT/structures/Cu2Ge2Ti2_3faf7c88/output.json,mp-753490,cif,https://elagente.ca/grafico/ConceptualAtoms_680bd401-1988-4580-a8b3-91a4a6632f75,mp-753490
O3PdRb,0.5549338230767246,https://elagente.ca/grafico/ConceptualAtoms_688751f5-67a7-4324-974b-1eca1715498c,https://elagente.ca/ontomlff/MLFFElasticityResult_e1e76649-a643-47c2-9950-737e0b780cec,[],[],0.2950596307865341,eV/Å^3,0.7519140619298177,/scratch/kenko/akg4pyscf/.graphchat-workspaces/kenko_room/mlff_elasticity_benchmark/workflow_runs/MACE_OMAT/elasticity_MACE_OMAT/structures/O3PdRb_32307d22/output.json,mp-975255,cif,https://elagente.ca/grafico/ConceptualAtoms_688751f5-67a7-4324-974b-1eca1715498c,mp-975255
Br3CsPd,0.2161642061563412,https://elagente.ca/grafico/ConceptualAtoms_68e56cd8-792f-4e35-a8ca-36f5aecc1f34,https://elagente.ca/ontomlff/MLFFElasticityResult_62fefff3-3358-41df-9ba3-6324e2b618c0,[],[],0.10677891797360808,eV/Å^3,0.2750481254999097,/scratch/kenko/akg4pyscf/.graphchat-workspaces/kenko_room/mlff_elasticity_benchmark/workflow_runs/MACE_OMAT/elasticity_MACE_OMAT/structures/Br3CsPd_1fc361db/output.json,mp-998307,cif,https://elagente.ca/grafico/ConceptualAtoms_68e56cd8-792f-4e35-a8ca-36f5aecc1f34,mp-998307
Cu10Zn16,0.6822646531372529,https://elagente.ca/grafico/ConceptualAtoms_68f6654e-8c17-4838-a5fc-0afb9721da93,https://elagente.ca/ontomlff/MLFFElasticityResult_297711a7-2e1e-44fc-885f-8c038fe2712d,[],[],0.30962396789865,eV/Å^3,0.8068218203220818,/scratch/kenko/akg4pyscf/.graphchat-workspaces/kenko_room/mlff_elasticity_benchmark/workflow_runs/MACE_OMAT/elasticity_MACE_OMAT/structures/Cu10Zn16_35253dab/output.json,mp-1368,cif,https://elagente.ca/grafico/ConceptualAtoms_68f6654e-8c17-4838-a5fc-0afb9721da93,mp-1368
In2LiRu,0.6176231892442765,https://elagente.ca/grafico/ConceptualAtoms_6966efaa-4db8-4d9f-8e13-e55453ba9f0e,https://elagente.ca/ontomlff/MLFFElasticityResult_60381f60-4a42-444a-8eb8-a3d98a3320d0,[],[],0.2151325156959667,eV/Å^3,0.5782573836220993,/scratch/kenko/akg4pyscf/.graphchat-workspaces/kenko_room/mlff_elasticity_benchmark/workflow_runs/MACE_OMAT/elasticity_MACE_OMAT/structures/In2LiRu_ac95e084/output.json,mp-672340,cif,https://elagente.ca/grafico/ConceptualAtoms_6966efaa-4db8-4d9f-8e13-e55453ba9f0e,mp-672340
As2Ca2Rb2,0.14915728386798044,https://elagente.ca/grafico/ConceptualAtoms_69a2f5a1-4d63-4808-b6e3-91c1868da383,https://elagente.ca/ontomlff/MLFFElasticityResult_f63d0da1-6fe3-4c28-aec1-aba4c70f5dad,[],[],0.10631815745889561,eV/Å^3,0.2577206991749102,/scratch/kenko/akg4pyscf/.graphchat-workspaces/kenko_room/mlff_elasticity_benchmark/workflow_runs/MACE_OMAT/elasticity_MACE_OMAT/structures/As2Ca2Rb2_1b8c9c1e/output.json,mp-9845,cif,https://elagente.ca/grafico/ConceptualAtoms_69a2f5a1-4d63-4808-b6e3-91c1868da383,mp-9845
CNi3Zn,1.1696521763688046,https://elagente.ca/grafico/ConceptualAtoms_69e02e05-86e3-4767-bea7-6b8105ea43f1,https://elagente.ca/ontomlff/MLFFElasticityResult_bde9c38b-c442-486d-a64c-2447e1559753,[],[],0.46780743442507156,eV/Å^3,1.2383304363374839,/scratch/kenko/akg4pyscf/.graphchat-workspaces/kenko_room/mlff_elasticity_benchmark/workflow_runs/MACE_OMAT/elasticity_MACE_OMAT/structures/CNi3Zn_55ef03ce/output.json,mp-16290,cif,https://elagente.ca/grafico/ConceptualAtoms_69e02e05-86e3-4767-bea7-6b8105ea43f1,mp-16290
Cl2Li5N,0.2601501268310702,https://elagente.ca/grafico/ConceptualAtoms_69feb42b-9ff9-410b-b001-6ea2017fabf0,https://elagente.ca/ontomlff/MLFFElasticityResult_fe3cd4bc-b26d-4df8-b603-973543e6173f,[],[],0.18891398352744831,eV/Å^3,0.4562927908127939,/scratch/kenko/akg4pyscf/.graphchat-workspaces/kenko_room/mlff_elasticity_benchmark/workflow_runs/MACE_OMAT/elasticity_MACE_OMAT/structures/Cl2Li5N_552543c0/output.json,mp-29151,cif,https://elagente.ca/grafico/ConceptualAtoms_69feb42b-9ff9-410b-b001-6ea2017fabf0,mp-29151
B8O14Sr2,1.37336451724667,https://elagente.ca/grafico/ConceptualAtoms_6a1e637a-f232-47e8-978b-70846057e28b,https://elagente.ca/ontomlff/MLFFElasticityResult_10e07912-78ae-4bc6-89b6-040d95df979b,[],[],0.9918833794222801,eV/Å^3,2.398280960966696,/scratch/kenko/akg4pyscf/.graphchat-workspaces/kenko_room/mlff_elasticity_benchmark/workflow_runs/MACE_OMAT/elasticity_MACE_OMAT/structures/B8O14Sr2_cc7bd1f2/output.json,mp-5540,cif,https://elagente.ca/grafico/ConceptualAtoms_6a1e637a-f232-47e8-978b-70846057e28b,mp-5540
Al8Li24N16,0.7543317363502632,https://elagente.ca/grafico/ConceptualAtoms_6b58a521-ef67-49f1-a3cd-2ed2aeac95b7,https://elagente.ca/ontomlff/MLFFElasticityResult_857a5030-6cd6-43ca-8f50-30ac51165547,[],[],0.6709010987643984,eV/Å^3,1.552453610790373,/scratch/kenko/akg4pyscf/.graphchat-workspaces/kenko_room/mlff_elasticity_benchmark/workflow_runs/MACE_OMAT/elasticity_MACE_OMAT/structures/Al8Li24N16_c6c28bb0/output.json,mp-13944,cif,https://elagente.ca/grafico/ConceptualAtoms_6b58a521-ef67-49f1-a3cd-2ed2aeac95b7,mp-13944
InLi3,0.1505657775061454,https://elagente.ca/grafico/ConceptualAtoms_6b6ca6b8-b4f3-495e-8513-d53bdcdf3f21,https://elagente.ca/ontomlff/MLFFElasticityResult_15fa32ea-43d6-4590-a1c6-aff54becc603,[],[],0.07293907842926813,eV/Å^3,0.18839554294376365,/scratch/kenko/akg4pyscf/.graphchat-workspaces/kenko_room/mlff_elasticity_benchmark/workflow_runs/MACE_OMAT/elasticity_MACE_OMAT/structures/InLi3_e21771dd/output.json,mp-976055,cif,https://elagente.ca/grafico/ConceptualAtoms_6b6ca6b8-b4f3-495e-8513-d53bdcdf3f21,mp-976055
B4TaZr,1.837305922137443,https://elagente.ca/grafico/ConceptualAtoms_6bc3df5a-07e4-4fe1-ae22-bf963d4e01eb,https://elagente.ca/ontomlff/MLFFElasticityResult_522c7c17-29c0-46bf-9af6-60b26957f9ff,[],[],1.4134505444191632,eV/Å^3,3.3749063521476854,/scratch/kenko/akg4pyscf/.graphchat-workspaces/kenko_room/mlff_elasticity_benchmark/workflow_runs/MACE_OMAT/elasticity_MACE_OMAT/structures/B4TaZr_38c516fe/output.json,mp-1215209,cif,https://elagente.ca/grafico/ConceptualAtoms_6bc3df5a-07e4-4fe1-ae22-bf963d4e01eb,mp-1215209
Cu6N10Sr12,0.4511382400955203,https://elagente.ca/grafico/ConceptualAtoms_6c35fcbf-c456-4f98-b99a-cb935f92814c,https://elagente.ca/ontomlff/MLFFElasticityResult_c03c5509-ded3-48c9-8291-b50257036caa,[],[],0.238561850124057,eV/Å^3,0.6084382000171331,/scratch/kenko/akg4pyscf/.graphchat-workspaces/kenko_room/mlff_elasticity_benchmark/workflow_runs/MACE_OMAT/elasticity_MACE_OMAT/structures/Cu6N10Sr12_fe4ec488/output.json,mp-29136,cif,https://elagente.ca/grafico/ConceptualAtoms_6c35fcbf-c456-4f98-b99a-cb935f92814c,mp-29136
Al22Na2O34,1.1331364739214846,https://elagente.ca/grafico/ConceptualAtoms_6ce9170c-4eb5-4c3b-b050-f79d56b9eaaf,https://elagente.ca/ontomlff/MLFFElasticityResult_67614390-be93-4511-baa5-6f76d6815b9e,[],[],0.7945922708384512,eV/Å^3,1.932148327488903,/scratch/kenko/akg4pyscf/.graphchat-workspaces/kenko_room/mlff_elasticity_benchmark/workflow_runs/MACE_OMAT/elasticity_MACE_OMAT/structures/Al22Na2O34_d5371d2b/output.json,mp-3405,cif,https://elagente.ca/grafico/ConceptualAtoms_6ce9170c-4eb5-4c3b-b050-f79d56b9eaaf,mp-3405
Ir4P4Sr4,0.7014331352425285,https://elagente.ca/grafico/ConceptualAtoms_6cf925b7-e5d9-44e4-b96f-9a4a9ad26980,https://elagente.ca/ontomlff/MLFFElasticityResult_80f34948-95db-4588-b401-723836092105,[],[],0.3070406399752782,eV/Å^3,0.8038336659140086,/scratch/kenko/akg4pyscf/.graphchat-workspaces/kenko_room/mlff_elasticity_benchmark/workflow_runs/MACE_OMAT/elasticity_MACE_OMAT/structures/Ir4P4Sr4_5d024bf1/output.json,mp-12923,cif,https://elagente.ca/grafico/ConceptualAtoms_6cf925b7-e5d9-44e4-b96f-9a4a9ad26980,mp-12923
BSc3Tl,0.46038700148137646,https://elagente.ca/grafico/ConceptualAtoms_6d4e2e8e-a031-468c-8e22-0630032ffaed,https://elagente.ca/ontomlff/MLFFElasticityResult_bf3171c6-1e6b-433c-b95a-7b1ac9f51a8f,[],[],0.37348368228087436,eV/Å^3,0.8819582135321331,/scratch/kenko/akg4pyscf/.graphchat-workspaces/kenko_room/mlff_elasticity_benchmark/workflow_runs/MACE_OMAT/elasticity_MACE_OMAT/structures/BSc3Tl_40977586/output.json,mp-10140,cif,https://elagente.ca/grafico/ConceptualAtoms_6d4e2e8e-a031-468c-8e22-0630032ffaed,mp-10140
CuLiO2,0.8541115553316436,https://elagente.ca/grafico/ConceptualAtoms_6d6e133d-d05e-4ec7-87bb-f2aca49aa44e,https://elagente.ca/ontomlff/MLFFElasticityResult_32f21bce-2682-4841-95bf-2c6f1766205b,[],[],0.42365542125696715,eV/Å^3,1.090640230479609,/scratch/kenko/akg4pyscf/.graphchat-workspaces/kenko_room/mlff_elasticity_benchmark/workflow_runs/MACE_OMAT/elasticity_MACE_OMAT/structures/CuLiO2_f5d94df2/output.json,mp-754912,cif,https://elagente.ca/grafico/ConceptualAtoms_6d6e133d-d05e-4ec7-87bb-f2aca49aa44e,mp-754912
Ni2P2Zr4,0.980347132146205,https://elagente.ca/grafico/ConceptualAtoms_6dd424c6-939a-400b-8a7a-8d0b47226a22,https://elagente.ca/ontomlff/MLFFElasticityResult_c568c526-8c8f-47cb-b663-0560e13cb3b6,[],[],0.5422710745592593,eV/Å^3,1.3735560834539375,/scratch/kenko/akg4pyscf/.graphchat-workspaces/kenko_room/mlff_elasticity_benchmark/workflow_runs/MACE_OMAT/elasticity_MACE_OMAT/structures/Ni2P2Zr4_abb20c5d/output.json,mp-29153,cif,https://elagente.ca/grafico/ConceptualAtoms_6dd424c6-939a-400b-8a7a-8d0b47226a22,mp-29153
O4Ta2,1.534573193488762,https://elagente.ca/grafico/ConceptualAtoms_6e1ba8ca-0b54-44c0-b9b1-19a5fdeafbeb,https://elagente.ca/ontomlff/MLFFElasticityResult_f9f5dcb4-3ca4-440e-8ea4-64351a8ac053,[],[],0.8627468362288039,eV/Å^3,2.1797506104500197,/scratch/kenko/akg4pyscf/.graphchat-workspaces/kenko_room/mlff_elasticity_benchmark/workflow_runs/MACE_OMAT/elasticity_MACE_OMAT/structures/O4Ta2_b635aeac/output.json,mp-20994,cif,https://elagente.ca/grafico/ConceptualAtoms_6e1ba8ca-0b54-44c0-b9b1-19a5fdeafbeb,mp-20994
BiNaO6Ti2,1.0694293470253928,https://elagente.ca/grafico/ConceptualAtoms_6ecc37aa-ea11-4eb5-9006-fc3f5ad74a57,https://elagente.ca/ontomlff/MLFFElasticityResult_02ceb251-835e-44dc-97f1-57169f8d5b4b,[],[],0.5745476939976741,eV/Å^3,1.4618513396627673,/scratch/kenko/akg4pyscf/.graphchat-workspaces/kenko_room/mlff_elasticity_benchmark/workflow_runs/MACE_OMAT/elasticity_MACE_OMAT/structures/BiNaO6Ti2_1e4e7403/output.json,mp-39681,cif,https://elagente.ca/grafico/ConceptualAtoms_6ecc37aa-ea11-4eb5-9006-fc3f5ad74a57,mp-39681
Cl6Cs2Pt,0.1975740067612738,https://elagente.ca/grafico/ConceptualAtoms_6f0fb78a-9206-4a25-8db4-57c4460f7e72,https://elagente.ca/ontomlff/MLFFElasticityResult_e0b68397-146d-4e73-8779-e7b773f647bb,[],[],0.1213012010025479,eV/Å^3,0.3020821625025907,/scratch/kenko/akg4pyscf/.graphchat-workspaces/kenko_room/mlff_elasticity_benchmark/workflow_runs/MACE_OMAT/elasticity_MACE_OMAT/structures/Cl6Cs2Pt_6be6eb87/output.json,mp-23406,cif,https://elagente.ca/grafico/ConceptualAtoms_6f0fb78a-9206-4a25-8db4-57c4460f7e72,mp-23406
Ru6Tc2,1.9189323997038872,https://elagente.ca/grafico/ConceptualAtoms_6f2fb468-1a81-45a9-9380-3cd9d2e3a8ee,https://elagente.ca/ontomlff/MLFFElasticityResult_9cdd31c8-0f15-45cc-9d65-5675afb897df,[],[],1.2058626697253092,eV/Å^3,2.9910581460361643,/scratch/kenko/akg4pyscf/.graphchat-workspaces/kenko_room/mlff_elasticity_benchmark/workflow_runs/MACE_OMAT/elasticity_MACE_OMAT/structures/Ru6Tc2_14183a12/output.json,mp-867356,cif,https://elagente.ca/grafico/ConceptualAtoms_6f2fb468-1a81-45a9-9380-3cd9d2e3a8ee,mp-867356
Be5Fe,1.0250465905192878,https://elagente.ca/grafico/ConceptualAtoms_6f4055be-e4cb-446d-8db6-ae5a15385d1d,https://elagente.ca/ontomlff/MLFFElasticityResult_b4754aee-d44d-407f-8e88-a8ba1be0886f,[],[],0.7523221374180835,eV/Å^3,1.8133393205342867,/scratch/kenko/akg4pyscf/.graphchat-workspaces/kenko_room/mlff_elasticity_benchmark/workflow_runs/MACE_OMAT/elasticity_MACE_OMAT/structures/Be5Fe_df321703/output.json,mp-1025010,cif,https://elagente.ca/grafico/ConceptualAtoms_6f4055be-e4cb-446d-8db6-ae5a15385d1d,mp-1025010
CLa3Pb,0.37381664646641416,https://elagente.ca/grafico/ConceptualAtoms_6f59fa16-85c4-41cc-9679-7c15bc42da52,https://elagente.ca/ontomlff/MLFFElasticityResult_9e94773a-aab0-4e67-9eda-cd4add0a1a6e,[],[],0.24473876298768166,eV/Å^3,0.6026889340579166,/scratch/kenko/akg4pyscf/.graphchat-workspaces/kenko_room/mlff_elasticity_benchmark/workflow_runs/MACE_OMAT/elasticity_MACE_OMAT/structures/CLa3Pb_ede1e478/output.json,mp-10611,cif,https://elagente.ca/grafico/ConceptualAtoms_6f59fa16-85c4-41cc-9679-7c15bc42da52,mp-10611
BiHoPt,0.5792051604933621,https://elagente.ca/grafico/ConceptualAtoms_6f75a5b5-2ce4-4702-b580-6382d919a746,https://elagente.ca/ontomlff/MLFFElasticityResult_5e965183-6ae6-453b-89d3-26597f1bd84f,[],[],0.30756071994272577,eV/Å^3,0.7839260031910917,/scratch/kenko/akg4pyscf/.graphchat-workspaces/kenko_room/mlff_elasticity_benchmark/workflow_runs/MACE_OMAT/elasticity_MACE_OMAT/structures/BiHoPt_ef0fbb16/output.json,mp-30455,cif,https://elagente.ca/grafico/ConceptualAtoms_6f75a5b5-2ce4-4702-b580-6382d919a746,mp-30455
S2W2,1.440165378011103,https://elagente.ca/grafico/ConceptualAtoms_6f92b6a0-2770-4119-988a-e9199e94fae5,https://elagente.ca/ontomlff/MLFFElasticityResult_0028b5ca-db4b-4713-9d8f-9ae49cf635a0,[],[],0.8910579479354825,eV/Å^3,2.2161215399690595,/scratch/kenko/akg4pyscf/.graphchat-workspaces/kenko_room/mlff_elasticity_benchmark/workflow_runs/MACE_OMAT/elasticity_MACE_OMAT/structures/S2W2_4af178bb/output.json,mp-1004526,cif,https://elagente.ca/grafico/ConceptualAtoms_6f92b6a0-2770-4119-988a-e9199e94fae5,mp-1004526
Li4N4Ru4,1.1386776383114154,https://elagente.ca/grafico/ConceptualAtoms_6fb656b6-96de-4090-b888-9e9d2fb64d85,https://elagente.ca/ontomlff/MLFFElasticityResult_d51b56a6-b272-4b1e-a1f0-e86853629d4f,[],[],0.5092867098587794,eV/Å^3,1.329629429176401,/scratch/kenko/akg4pyscf/.graphchat-workspaces/kenko_room/mlff_elasticity_benchmark/workflow_runs/MACE_OMAT/elasticity_MACE_OMAT/structures/Li4N4Ru4_aa53ea42/output.json,mp-1029251,cif,https://elagente.ca/grafico/ConceptualAtoms_6fb656b6-96de-4090-b888-9e9d2fb64d85,mp-1029251
PdTe2,0.493910456450776,https://elagente.ca/grafico/ConceptualAtoms_700cfe66-f3ab-4f1f-8e4a-12f4409be16d,https://elagente.ca/ontomlff/MLFFElasticityResult_88d5ddf8-b76e-44d7-8de2-455e66b8e90f,[],[],0.18420345537777283,eV/Å^3,0.4915078923700817,/scratch/kenko/akg4pyscf/.graphchat-workspaces/kenko_room/mlff_elasticity_benchmark/workflow_runs/MACE_OMAT/elasticity_MACE_OMAT/structures/PdTe2_f33cf508/output.json,mp-782,cif,https://elagente.ca/grafico/ConceptualAtoms_700cfe66-f3ab-4f1f-8e4a-12f4409be16d,mp-782
Au2PrSn,0.5119097704405585,https://elagente.ca/grafico/ConceptualAtoms_703a76d3-2387-4bc0-9968-cc34158f683d,https://elagente.ca/ontomlff/MLFFElasticityResult_03fa261a-56b7-49d6-9613-620f309ac2c0,[],[],0.13753005719665218,eV/Å^3,0.37867818462299296,/scratch/kenko/akg4pyscf/.graphchat-workspaces/kenko_room/mlff_elasticity_benchmark/workflow_runs/MACE_OMAT/elasticity_MACE_OMAT/structures/Au2PrSn_eb5c0d46/output.json,mp-862805,cif,https://elagente.ca/grafico/ConceptualAtoms_703a76d3-2387-4bc0-9968-cc34158f683d,mp-862805
CAlLa3,0.39224140750504566,https://elagente.ca/grafico/ConceptualAtoms_70419ef0-6dec-452e-8529-cb09d5bcff21,https://elagente.ca/ontomlff/MLFFElasticityResult_baa8e599-82be-4eef-be60-ee29440e2502,[],[],0.24980681095441049,eV/Å^3,0.6181857635814053,/scratch/kenko/akg4pyscf/.graphchat-workspaces/kenko_room/mlff_elasticity_benchmark/workflow_runs/MACE_OMAT/elasticity_MACE_OMAT/structures/CAlLa3_a3c06e43/output.json,mp-10600,cif,https://elagente.ca/grafico/ConceptualAtoms_70419ef0-6dec-452e-8529-cb09d5bcff21,mp-10600
AlNNd3,0.2462773771566092,https://elagente.ca/grafico/ConceptualAtoms_7045f310-9f52-48ee-a6af-cfafd67a5032,https://elagente.ca/ontomlff/MLFFElasticityResult_a15d8358-3bde-4e8c-b896-af76232a85cd,[],[],0.037639532661441294,eV/Å^3,0.10744485895011158,/scratch/kenko/akg4pyscf/.graphchat-workspaces/kenko_room/mlff_elasticity_benchmark/workflow_runs/MACE_OMAT/elasticity_MACE_OMAT/structures/AlNNd3_64e6db62/output.json,mp-21910,cif,https://elagente.ca/grafico/ConceptualAtoms_7045f310-9f52-48ee-a6af-cfafd67a5032,mp-21910
Bi2Cl2O4Pb2,0.49018598161158927,https://elagente.ca/grafico/ConceptualAtoms_70a5f8d8-483f-4ce1-ad2a-8c64042aaeba,https://elagente.ca/ontomlff/MLFFElasticityResult_f09a8877-44bd-42af-9323-cde320506e52,[],[],0.24603450424749418,eV/Å^3,0.6323131535118927,/scratch/kenko/akg4pyscf/.graphchat-workspaces/kenko_room/mlff_elasticity_benchmark/workflow_runs/MACE_OMAT/elasticity_MACE_OMAT/structures/Bi2Cl2O4Pb2_b6525c58/output.json,mp-23084,cif,https://elagente.ca/grafico/ConceptualAtoms_70a5f8d8-483f-4ce1-ad2a-8c64042aaeba,mp-23084
ErRu2Si2,1.0972154580678968,https://elagente.ca/grafico/ConceptualAtoms_70cb75d1-e43f-4378-9132-393ec913be92,https://elagente.ca/ontomlff/MLFFElasticityResult_258acca3-77ab-4d4a-9ebc-a4f982c4b4a1,[],[],0.6118098999791415,eV/Å^3,1.5477528355737928,/scratch/kenko/akg4pyscf/.graphchat-workspaces/kenko_room/mlff_elasticity_benchmark/workflow_runs/MACE_OMAT/elasticity_MACE_OMAT/structures/ErRu2Si2_dd7d79bb/output.json,mp-5022,cif,https://elagente.ca/grafico/ConceptualAtoms_70cb75d1-e43f-4378-9132-393ec913be92,mp-5022
Ag2MgSc,0.4178264489614967,https://elagente.ca/grafico/ConceptualAtoms_70f4c3ff-5d7d-4fd3-9234-cf4fbd1a15e1,https://elagente.ca/ontomlff/MLFFElasticityResult_45cc5bb3-ee37-41c0-83dd-69f25d5a2343,[],[],0.18265590270829182,eV/Å^3,0.4782740379702549,/scratch/kenko/akg4pyscf/.graphchat-workspaces/kenko_room/mlff_elasticity_benchmark/workflow_runs/MACE_OMAT/elasticity_MACE_OMAT/structures/Ag2MgSc_e1505d45/output.json,mp-977554,cif,https://elagente.ca/grafico/ConceptualAtoms_70f4c3ff-5d7d-4fd3-9234-cf4fbd1a15e1,mp-977554
BaIn4,0.21184261137611632,https://elagente.ca/grafico/ConceptualAtoms_7109c0fc-19ec-4511-ad46-2fc0084f89fb,https://elagente.ca/ontomlff/MLFFElasticityResult_4089e5a9-58b0-4b30-9c7c-f29d39e1c49a,[],[],0.11402685823712015,eV/Å^3,0.2900411790600741,/scratch/kenko/akg4pyscf/.graphchat-workspaces/kenko_room/mlff_elasticity_benchmark/workflow_runs/MACE_OMAT/elasticity_MACE_OMAT/structures/BaIn4_d0ac09c5/output.json,mp-22687,cif,https://elagente.ca/grafico/ConceptualAtoms_7109c0fc-19ec-4511-ad46-2fc0084f89fb,mp-22687
Ca2Te2,0.22589224324923868,https://elagente.ca/grafico/ConceptualAtoms_711e3047-17e5-4cfc-b760-1aafc9d2a223,https://elagente.ca/ontomlff/MLFFElasticityResult_7014110a-34b6-495b-b2c7-119627f9bb2c,[],[],0.15475423727241847,eV/Å^3,0.3779533063436767,/scratch/kenko/akg4pyscf/.graphchat-workspaces/kenko_room/mlff_elasticity_benchmark/workflow_runs/MACE_OMAT/elasticity_MACE_OMAT/structures/Ca2Te2_d3344f62/output.json,mp-569170,cif,https://elagente.ca/grafico/ConceptualAtoms_711e3047-17e5-4cfc-b760-1aafc9d2a223,mp-569170
RuYb3,0.3453017945240779,https://elagente.ca/grafico/ConceptualAtoms_711fa9b0-803b-4a32-8cbd-55be42007f14,https://elagente.ca/ontomlff/MLFFElasticityResult_816662e9-4b14-47f9-b86f-0027e0daa54e,[],[],0.11338205379166867,eV/Å^3,0.3065893077000805,/scratch/kenko/akg4pyscf/.graphchat-workspaces/kenko_room/mlff_elasticity_benchmark/workflow_runs/MACE_OMAT/elasticity_MACE_OMAT/structures/RuYb3_0615d54a/output.json,mp-979937,cif,https://elagente.ca/grafico/ConceptualAtoms_711fa9b0-803b-4a32-8cbd-55be42007f14,mp-979937
AlCo2Sc,0.8613693139342238,https://elagente.ca/grafico/ConceptualAtoms_71238096-0b7e-4c6a-9cf3-4d43085db3e6,https://elagente.ca/ontomlff/MLFFElasticityResult_0feca47f-04cf-4584-aeef-49438e1702c5,[],[],0.5063455156592392,eV/Å^3,1.2701548361635555,/scratch/kenko/akg4pyscf/.graphchat-workspaces/kenko_room/mlff_elasticity_benchmark/workflow_runs/MACE_OMAT/elasticity_MACE_OMAT/structures/AlCo2Sc_58485cbe/output.json,mp-862602,cif,https://elagente.ca/grafico/ConceptualAtoms_71238096-0b7e-4c6a-9cf3-4d43085db3e6,mp-862602
AlRh,1.224576778599356,https://elagente.ca/grafico/ConceptualAtoms_71b61417-f59e-475b-9b95-9592cd4af302,https://elagente.ca/ontomlff/MLFFElasticityResult_23579111-98a1-4d38-beb0-2ab7b4c0463f,[],[],0.610920888246899,eV/Å^3,1.5714408122627954,/scratch/kenko/akg4pyscf/.graphchat-workspaces/kenko_room/mlff_elasticity_benchmark/workflow_runs/MACE_OMAT/elasticity_MACE_OMAT/structures/AlRh_ee9ceb5c/output.json,mp-364,cif,https://elagente.ca/grafico/ConceptualAtoms_71b61417-f59e-475b-9b95-9592cd4af302,mp-364
As2Ba2Cu2,0.3043814552411115,https://elagente.ca/grafico/ConceptualAtoms_71c24973-a024-4c14-8102-ef31595e87c4,https://elagente.ca/ontomlff/MLFFElasticityResult_8a6e0b2c-6c08-4381-99f9-28ea8cdec3b5,[],[],0.20297786478683927,eV/Å^3,0.49819299857131266,/scratch/kenko/akg4pyscf/.graphchat-workspaces/kenko_room/mlff_elasticity_benchmark/workflow_runs/MACE_OMAT/elasticity_MACE_OMAT/structures/As2Ba2Cu2_3b296ee2/output.json,mp-9898,cif,https://elagente.ca/grafico/ConceptualAtoms_71c24973-a024-4c14-8102-ef31595e87c4,mp-9898
Ce2,0.436449611862031,https://elagente.ca/grafico/ConceptualAtoms_71d3c9a1-1e0c-4a7b-98b5-50e4ccad7d29,https://elagente.ca/ontomlff/MLFFElasticityResult_6a58bb70-5aa4-44fd-b6f3-3b28adb14dd3,[],[],0.2336659909011201,eV/Å^3,0.5948425533906967,/scratch/kenko/akg4pyscf/.graphchat-workspaces/kenko_room/mlff_elasticity_benchmark/workflow_runs/MACE_OMAT/elasticity_MACE_OMAT/structures/Ce2_7eca0d8c/output.json,mp-28,cif,https://elagente.ca/grafico/ConceptualAtoms_71d3c9a1-1e0c-4a7b-98b5-50e4ccad7d29,mp-28
CU,1.0590462980330626,https://elagente.ca/grafico/ConceptualAtoms_7319d461-8c72-4488-9746-ae60881ca110,https://elagente.ca/ontomlff/MLFFElasticityResult_7b380a19-41f0-4615-aa0a-7fc474a095e8,[],[],0.29305221252496627,eV/Å^3,0.8049132342921418,/scratch/kenko/akg4pyscf/.graphchat-workspaces/kenko_room/mlff_elasticity_benchmark/workflow_runs/MACE_OMAT/elasticity_MACE_OMAT/structures/CU_acf6855d/output.json,mp-2489,cif,https://elagente.ca/grafico/ConceptualAtoms_7319d461-8c72-4488-9746-ae60881ca110,mp-2489
LiMgPd2,0.4994201363287418,https://elagente.ca/grafico/ConceptualAtoms_7345eebb-8d89-4f58-912f-79b794b654c2,https://elagente.ca/ontomlff/MLFFElasticityResult_111b06d1-a184-4087-bd3c-e42643db14ca,[],[],0.1960192795356704,eV/Å^3,0.5200226289365152,/scratch/kenko/akg4pyscf/.graphchat-workspaces/kenko_room/mlff_elasticity_benchmark/workflow_runs/MACE_OMAT/elasticity_MACE_OMAT/structures/LiMgPd2_22ef2077/output.json,mp-977399,cif,https://elagente.ca/grafico/ConceptualAtoms_7345eebb-8d89-4f58-912f-79b794b654c2,mp-977399
Cu3In3Tb3,0.47509059711881724,https://elagente.ca/grafico/ConceptualAtoms_7359278c-ef1e-45ae-b57c-e9df88a59cd7,https://elagente.ca/ontomlff/MLFFElasticityResult_3841c81b-02bd-4917-8371-82b23df30fc4,[],[],0.22603729446333293,eV/Å^3,0.585289421028983,/scratch/kenko/akg4pyscf/.graphchat-workspaces/kenko_room/mlff_elasticity_benchmark/workflow_runs/MACE_OMAT/elasticity_MACE_OMAT/structures/Cu3In3Tb3_3af2f280/output.json,mp-19782,cif,https://elagente.ca/grafico/ConceptualAtoms_7359278c-ef1e-45ae-b57c-e9df88a59cd7,mp-19782
O8Si4,1.0820119313235261,https://elagente.ca/grafico/ConceptualAtoms_7441c31d-5af4-428b-9204-6c5b2112827f,https://elagente.ca/ontomlff/MLFFElasticityResult_88be67ff-baf9-4db1-b999-95147eadd809,[],[],0.6412830703864141,eV/Å^3,1.606475727752768,/scratch/kenko/akg4pyscf/.graphchat-workspaces/kenko_room/mlff_elasticity_benchmark/workflow_runs/MACE_OMAT/elasticity_MACE_OMAT/structures/O8Si4_fabf9486/output.json,mp-555483,cif,https://elagente.ca/grafico/ConceptualAtoms_7441c31d-5af4-428b-9204-6c5b2112827f,mp-555483
Au2CdHo,0.4829638827191578,https://elagente.ca/grafico/ConceptualAtoms_744a1bc5-dd57-4d18-8050-e5caa56542cf,https://elagente.ca/ontomlff/MLFFElasticityResult_e80bd714-93db-417b-9fab-901ef1d08f8b,[],[],0.15243261681558407,eV/Å^3,0.4137669369818814,/scratch/kenko/akg4pyscf/.graphchat-workspaces/kenko_room/mlff_elasticity_benchmark/workflow_runs/MACE_OMAT/elasticity_MACE_OMAT/structures/Au2CdHo_f9ec4172/output.json,mp-977415,cif,https://elagente.ca/grafico/ConceptualAtoms_744a1bc5-dd57-4d18-8050-e5caa56542cf,mp-977415
Be2PdRh,1.220865464351585,https://elagente.ca/grafico/ConceptualAtoms_74958551-6c0f-45ec-937b-d35d4d8e4abb,https://elagente.ca/ontomlff/MLFFElasticityResult_aa5db48f-8182-439a-b47d-09b78e7c55b7,[],[],0.649959461075786,eV/Å^3,1.6560058060381428,/scratch/kenko/akg4pyscf/.graphchat-workspaces/kenko_room/mlff_elasticity_benchmark/workflow_runs/MACE_OMAT/elasticity_MACE_OMAT/structures/Be2PdRh_df8f09c4/output.json,mp-866115,cif,https://elagente.ca/grafico/ConceptualAtoms_74958551-6c0f-45ec-937b-d35d4d8e4abb,mp-866115
Al2Si2Y,0.5551065630058643,https://elagente.ca/grafico/ConceptualAtoms_74a513d8-49e0-495a-9d5c-674c46c43339,https://elagente.ca/ontomlff/MLFFElasticityResult_280fdad6-3beb-494e-b361-7ae4898d57e9,[],[],0.3337776160266162,eV/Å^3,0.8341461433417106,/scratch/kenko/akg4pyscf/.graphchat-workspaces/kenko_room/mlff_elasticity_benchmark/workflow_runs/MACE_OMAT/elasticity_MACE_OMAT/structures/Al2Si2Y_91e291a2/output.json,mp-10435,cif,https://elagente.ca/grafico/ConceptualAtoms_74a513d8-49e0-495a-9d5c-674c46c43339,mp-10435
Mg2Ni3P,0.7826362350159882,https://elagente.ca/grafico/ConceptualAtoms_74e0fced-0699-49ae-9ad9-6f84ff813bcd,https://elagente.ca/ontomlff/MLFFElasticityResult_621585fe-e0c7-40b3-bc72-c944297995a3,[],[],0.44569649234060116,eV/Å^3,1.1237679631546251,/scratch/kenko/akg4pyscf/.graphchat-workspaces/kenko_room/mlff_elasticity_benchmark/workflow_runs/MACE_OMAT/elasticity_MACE_OMAT/structures/Mg2Ni3P_c6a37f77/output.json,mp-8969,cif,https://elagente.ca/grafico/ConceptualAtoms_74e0fced-0699-49ae-9ad9-6f84ff813bcd,mp-8969
ErTe,0.40746992700161555,https://elagente.ca/grafico/ConceptualAtoms_752f1d95-281f-4df5-9187-1b1cd358cc00,https://elagente.ca/ontomlff/MLFFElasticityResult_7c407f92-05fb-4443-ae93-b5cd11042998,[],[],0.141651900894589,eV/Å^3,0.3808258925146773,/scratch/kenko/akg4pyscf/.graphchat-workspaces/kenko_room/mlff_elasticity_benchmark/workflow_runs/MACE_OMAT/elasticity_MACE_OMAT/structures/ErTe_327560f3/output.json,mp-1280,cif,https://elagente.ca/grafico/ConceptualAtoms_752f1d95-281f-4df5-9187-1b1cd358cc00,mp-1280
Sb4Se12Tl12,0.2011472615227014,https://elagente.ca/grafico/ConceptualAtoms_75bac3a0-43b3-4067-a6d2-0a3343467e8f,https://elagente.ca/ontomlff/MLFFElasticityResult_e0f3b6db-7a35-4b81-842f-06a896f30120,[],[],0.08763469820251042,eV/Å^3,0.2295654966932066,/scratch/kenko/akg4pyscf/.graphchat-workspaces/kenko_room/mlff_elasticity_benchmark/workflow_runs/MACE_OMAT/elasticity_MACE_OMAT/structures/Sb4Se12Tl12_a2aa772c/output.json,mp-4876,cif,https://elagente.ca/grafico/ConceptualAtoms_75bac3a0-43b3-4067-a6d2-0a3343467e8f,mp-4876
AgPdYb2,0.3210692759424008,https://elagente.ca/grafico/ConceptualAtoms_76123915-8b45-45e0-9623-3a8af380af45,https://elagente.ca/ontomlff/MLFFElasticityResult_907139d3-27a4-484a-b57d-b1ab5bbbaab7,[],[],0.1521843361992828,eV/Å^3,0.3942608222313686,/scratch/kenko/akg4pyscf/.graphchat-workspaces/kenko_room/mlff_elasticity_benchmark/workflow_runs/MACE_OMAT/elasticity_MACE_OMAT/structures/AgPdYb2_def456c5/output.json,mp-979989,cif,https://elagente.ca/grafico/ConceptualAtoms_76123915-8b45-45e0-9623-3a8af380af45,mp-979989
Ga2Sm,0.4197258889842337,https://elagente.ca/grafico/ConceptualAtoms_762e5c81-08e1-47a5-897e-320671d8fcdb,https://elagente.ca/ontomlff/MLFFElasticityResult_aa74b0d5-2fd4-46d7-b8c8-664803fd65d6,[],[],0.34715278495264656,eV/Å^3,0.8163831420508308,/scratch/kenko/akg4pyscf/.graphchat-workspaces/kenko_room/mlff_elasticity_benchmark/workflow_runs/MACE_OMAT/elasticity_MACE_OMAT/structures/Ga2Sm_18e92eab/output.json,mp-477,cif,https://elagente.ca/grafico/ConceptualAtoms_762e5c81-08e1-47a5-897e-320671d8fcdb,mp-477
Li3Sm,0.12368778408718652,https://elagente.ca/grafico/ConceptualAtoms_763ccf48-e5a2-467f-b82b-e07cf70ad37d,https://elagente.ca/ontomlff/MLFFElasticityResult_55927252-e0e4-4fad-8a7b-cebd720d858c,[],[],0.03446801346555402,eV/Å^3,0.09461524584708537,/scratch/kenko/akg4pyscf/.graphchat-workspaces/kenko_room/mlff_elasticity_benchmark/workflow_runs/MACE_OMAT/elasticity_MACE_OMAT/structures/Li3Sm_73b01563/output.json,mp-977286,cif,https://elagente.ca/grafico/ConceptualAtoms_763ccf48-e5a2-467f-b82b-e07cf70ad37d,mp-977286
AsInPt5,1.2040288460680904,https://elagente.ca/grafico/ConceptualAtoms_764e99f1-9dc9-4250-a0bc-56b951fdaccc,https://elagente.ca/ontomlff/MLFFElasticityResult_ec0b24ef-4474-450a-be9f-77524e44be03,[],[],0.36858972441231264,eV/Å^3,1.0033807527932403,/scratch/kenko/akg4pyscf/.graphchat-workspaces/kenko_room/mlff_elasticity_benchmark/workflow_runs/MACE_OMAT/elasticity_MACE_OMAT/structures/AsInPt5_ef03203c/output.json,mp-1025212,cif,https://elagente.ca/grafico/ConceptualAtoms_764e99f1-9dc9-4250-a0bc-56b951fdaccc,mp-1025212
LaN3Os,1.572996206386914,https://elagente.ca/grafico/ConceptualAtoms_76a4164a-9375-4143-b5db-37fa37a78b1d,https://elagente.ca/ontomlff/MLFFElasticityResult_2553ca63-6fc1-4efb-b0b8-247cfbf83429,[],[],0.6148118416439347,eV/Å^3,1.6318327456921504,/scratch/kenko/akg4pyscf/.graphchat-workspaces/kenko_room/mlff_elasticity_benchmark/workflow_runs/MACE_OMAT/elasticity_MACE_OMAT/structures/LaN3Os_d917fdf5/output.json,mp-989564,cif,https://elagente.ca/grafico/ConceptualAtoms_76a4164a-9375-4143-b5db-37fa37a78b1d,mp-989564
Pb2Sr2Zn2,0.20285763522154174,https://elagente.ca/grafico/ConceptualAtoms_76e861bc-cb69-4c3e-b060-c65c3dbbd877,https://elagente.ca/ontomlff/MLFFElasticityResult_b77b0cef-87b1-4a2e-b126-93c1b43fcd8d,[],[],0.13632250421818903,eV/Å^3,0.33412280998990007,/scratch/kenko/akg4pyscf/.graphchat-workspaces/kenko_room/mlff_elasticity_benchmark/workflow_runs/MACE_OMAT/elasticity_MACE_OMAT/structures/Pb2Sr2Zn2_dae2596d/output.json,mp-1019280,cif,https://elagente.ca/grafico/ConceptualAtoms_76e861bc-cb69-4c3e-b060-c65c3dbbd877,mp-1019280
FeMnTe,0.6711111468570261,https://elagente.ca/grafico/ConceptualAtoms_77803fb2-4b90-4636-9644-6f32e105ce20,https://elagente.ca/ontomlff/MLFFElasticityResult_e2479feb-aae8-423a-91ef-95ca4f484847,[],[],0.44535290103211167,eV/Å^3,1.0940523888687252,/scratch/kenko/akg4pyscf/.graphchat-workspaces/kenko_room/mlff_elasticity_benchmark/workflow_runs/MACE_OMAT/elasticity_MACE_OMAT/structures/FeMnTe_07517966/output.json,mp-1008872,cif,https://elagente.ca/grafico/ConceptualAtoms_77803fb2-4b90-4636-9644-6f32e105ce20,mp-1008872
Pd8Sb4,0.8209330699931425,https://elagente.ca/grafico/ConceptualAtoms_77a15d25-9339-4127-b042-9ed146cfd7d6,https://elagente.ca/ontomlff/MLFFElasticityResult_70a096d2-80e6-4494-857c-175fa982b1ec,[],[],0.2647584530314185,eV/Å^3,0.717176671793677,/scratch/kenko/akg4pyscf/.graphchat-workspaces/kenko_room/mlff_elasticity_benchmark/workflow_runs/MACE_OMAT/elasticity_MACE_OMAT/structures/Pd8Sb4_d1b970d0/output.json,mp-542106,cif,https://elagente.ca/grafico/ConceptualAtoms_77a15d25-9339-4127-b042-9ed146cfd7d6,mp-542106
F9Y3,0.7226720027858887,https://elagente.ca/grafico/ConceptualAtoms_77bf2e7c-df91-4329-8977-d964ff70bfd9,https://elagente.ca/ontomlff/MLFFElasticityResult_c5f1c1c5-488d-44bd-aa82-b6c4c7b4c54f,[],[],0.36892219692037675,eV/Å^3,0.9458203125694935,/scratch/kenko/akg4pyscf/.graphchat-workspaces/kenko_room/mlff_elasticity_benchmark/workflow_runs/MACE_OMAT/elasticity_MACE_OMAT/structures/F9Y3_e448cf01/output.json,mp-556242,cif,https://elagente.ca/grafico/ConceptualAtoms_77bf2e7c-df91-4329-8977-d964ff70bfd9,mp-556242
FeMn3,0.8777388585806472,https://elagente.ca/grafico/ConceptualAtoms_77dd1287-4037-4a0b-8297-0833e5e41e13,https://elagente.ca/ontomlff/MLFFElasticityResult_e29ca5ba-f411-4f8a-b46c-e3a812d28c5d,[],[],0.7455660121271592,eV/Å^3,1.7431457014946996,/scratch/kenko/akg4pyscf/.graphchat-workspaces/kenko_room/mlff_elasticity_benchmark/workflow_runs/MACE_OMAT/elasticity_MACE_OMAT/structures/FeMn3_560ed7f3/output.json,mp-999545,cif,https://elagente.ca/grafico/ConceptualAtoms_77dd1287-4037-4a0b-8297-0833e5e41e13,mp-999545
Ba2Fe4S6,0.44274433354005294,https://elagente.ca/grafico/ConceptualAtoms_7805b5ab-00c4-4fdf-b631-c795c737f528,https://elagente.ca/ontomlff/MLFFElasticityResult_16106707-f577-4e6c-b304-a7a4676e2269,[],[],0.30296826150645007,eV/Å^3,0.7400909729840887,/scratch/kenko/akg4pyscf/.graphchat-workspaces/kenko_room/mlff_elasticity_benchmark/workflow_runs/MACE_OMAT/elasticity_MACE_OMAT/structures/Ba2Fe4S6_f7789a36/output.json,mp-22739,cif,https://elagente.ca/grafico/ConceptualAtoms_7805b5ab-00c4-4fdf-b631-c795c737f528,mp-22739
S2Ti,0.3952457653387349,https://elagente.ca/grafico/ConceptualAtoms_786ca079-9085-4d8c-90ff-6560991b22fb,https://elagente.ca/ontomlff/MLFFElasticityResult_93e8978e-2132-4ad1-98d6-7d8927ad64da,[],[],0.23709426370160724,eV/Å^3,0.5927578199029823,/scratch/kenko/akg4pyscf/.graphchat-workspaces/kenko_room/mlff_elasticity_benchmark/workflow_runs/MACE_OMAT/elasticity_MACE_OMAT/structures/S2Ti_8c18c030/output.json,mp-558110,cif,https://elagente.ca/grafico/ConceptualAtoms_786ca079-9085-4d8c-90ff-6560991b22fb,mp-558110
Ag2Nb2O6,1.0528535050371048,https://elagente.ca/grafico/ConceptualAtoms_78734caf-0b8e-4182-b3a9-5ec16c5be48a,https://elagente.ca/ontomlff/MLFFElasticityResult_b8fd7d3d-b5ef-47f9-a9c0-7ede2748604d,[],[],0.4377516017138684,eV/Å^3,1.1534023296794158,/scratch/kenko/akg4pyscf/.graphchat-workspaces/kenko_room/mlff_elasticity_benchmark/workflow_runs/MACE_OMAT/elasticity_MACE_OMAT/structures/Ag2Nb2O6_3c1d70f1/output.json,mp-2349989,cif,https://elagente.ca/grafico/ConceptualAtoms_78734caf-0b8e-4182-b3a9-5ec16c5be48a,mp-2349989
Ag2Be4,0.7799302572278197,https://elagente.ca/grafico/ConceptualAtoms_787ef187-7080-4c43-ab44-5dd2ca8b3249,https://elagente.ca/ontomlff/MLFFElasticityResult_f4e92168-4267-4fb7-b049-35da796b03cf,[],[],0.526308516410023,eV/Å^3,1.2889837573356444,/scratch/kenko/akg4pyscf/.graphchat-workspaces/kenko_room/mlff_elasticity_benchmark/workflow_runs/MACE_OMAT/elasticity_MACE_OMAT/structures/Ag2Be4_e81ccaa1/output.json,mp-603,cif,https://elagente.ca/grafico/ConceptualAtoms_787ef187-7080-4c43-ab44-5dd2ca8b3249,mp-603
LiMgN,0.5923701699186185,https://elagente.ca/grafico/ConceptualAtoms_78b45b18-2ff1-46a1-a6fc-92d80b570896,https://elagente.ca/ontomlff/MLFFElasticityResult_1aa24138-1a9c-4bc3-9cdc-570525185a9b,[],[],0.5050455207200468,eV/Å^3,1.1798339256271868,/scratch/kenko/akg4pyscf/.graphchat-workspaces/kenko_room/mlff_elasticity_benchmark/workflow_runs/MACE_OMAT/elasticity_MACE_OMAT/structures/LiMgN_edd5ea52/output.json,mp-37906,cif,https://elagente.ca/grafico/ConceptualAtoms_78b45b18-2ff1-46a1-a6fc-92d80b570896,mp-37906
Ru8Y4,1.0360649680816971,https://elagente.ca/grafico/ConceptualAtoms_78e4f8eb-8c85-4bb1-9617-65f7bc7c8bb9,https://elagente.ca/ontomlff/MLFFElasticityResult_fec37322-ddb7-4f87-92b0-cc58a08aae2a,[],[],0.3061709758303759,eV/Å^3,0.8361485854140688,/scratch/kenko/akg4pyscf/.graphchat-workspaces/kenko_room/mlff_elasticity_benchmark/workflow_runs/MACE_OMAT/elasticity_MACE_OMAT/structures/Ru8Y4_643c6940/output.json,mp-568186,cif,https://elagente.ca/grafico/ConceptualAtoms_78e4f8eb-8c85-4bb1-9617-65f7bc7c8bb9,mp-568186
S28,0.20498150495648024,https://elagente.ca/grafico/ConceptualAtoms_79762b4c-d8fb-4fd8-b213-66ca66599f56,https://elagente.ca/ontomlff/MLFFElasticityResult_6274119d-c413-4787-be0c-1952146cda52,[],[],0.10961604514579187,eV/Å^3,0.27909793642094693,/scratch/kenko/akg4pyscf/.graphchat-workspaces/kenko_room/mlff_elasticity_benchmark/workflow_runs/MACE_OMAT/elasticity_MACE_OMAT/structures/S28_b2487141/output.json,mp-557559,cif,https://elagente.ca/grafico/ConceptualAtoms_79762b4c-d8fb-4fd8-b213-66ca66599f56,mp-557559
Ga4Ni2Tm2,0.6642164346391919,https://elagente.ca/grafico/ConceptualAtoms_79bd83bf-3f2d-4c7e-87d4-c00694f93b2b,https://elagente.ca/ontomlff/MLFFElasticityResult_9c68c959-095c-401b-bfb1-04dbc96e373c,[],[],0.34949505459070596,eV/Å^3,0.8920300852373906,/scratch/kenko/akg4pyscf/.graphchat-workspaces/kenko_room/mlff_elasticity_benchmark/workflow_runs/MACE_OMAT/elasticity_MACE_OMAT/structures/Ga4Ni2Tm2_8b692079/output.json,mp-1025504,cif,https://elagente.ca/grafico/ConceptualAtoms_79bd83bf-3f2d-4c7e-87d4-c00694f93b2b,mp-1025504
ErSmTl2,0.3419004696008464,https://elagente.ca/grafico/ConceptualAtoms_7a2fdb28-cb94-43cf-bfe8-f91864f3f294,https://elagente.ca/ontomlff/MLFFElasticityResult_e3528d4e-ed76-470f-85fa-8df33f0395b8,[],[],0.08383624968583443,eV/Å^3,0.2325048422294255,/scratch/kenko/akg4pyscf/.graphchat-workspaces/kenko_room/mlff_elasticity_benchmark/workflow_runs/MACE_OMAT/elasticity_MACE_OMAT/structures/ErSmTl2_071a10da/output.json,mp-978543,cif,https://elagente.ca/grafico/ConceptualAtoms_7a2fdb28-cb94-43cf-bfe8-f91864f3f294,mp-978543
H2Gd,0.44625608915585435,https://elagente.ca/grafico/ConceptualAtoms_7b5437c4-2801-4240-9d66-894db665877f,https://elagente.ca/ontomlff/MLFFElasticityResult_cb72a9e0-c9e7-4c21-8810-61dded3c1cbf,[],[],0.3321431488084995,eV/Å^3,0.7983595722972368,/scratch/kenko/akg4pyscf/.graphchat-workspaces/kenko_room/mlff_elasticity_benchmark/workflow_runs/MACE_OMAT/elasticity_MACE_OMAT/structures/H2Gd_5c045eca/output.json,mp-24092,cif,https://elagente.ca/grafico/ConceptualAtoms_7b5437c4-2801-4240-9d66-894db665877f,mp-24092
HoYZn2,0.3404352604557819,https://elagente.ca/grafico/ConceptualAtoms_7bc37392-9b93-43b7-8c18-d5ee60f51d5b,https://elagente.ca/ontomlff/MLFFElasticityResult_5d2b90be-9497-41b2-95da-47fbfa3ac684,[],[],0.19548245588272312,eV/Å^3,0.49223198311017596,/scratch/kenko/akg4pyscf/.graphchat-workspaces/kenko_room/mlff_elasticity_benchmark/workflow_runs/MACE_OMAT/elasticity_MACE_OMAT/structures/HoYZn2_0f817d49/output.json,mp-979427,cif,https://elagente.ca/grafico/ConceptualAtoms_7bc37392-9b93-43b7-8c18-d5ee60f51d5b,mp-979427
Na2Te,0.11755844010381937,https://elagente.ca/grafico/ConceptualAtoms_7bd0f9e9-001c-4cb3-8728-3f3587f46d13,https://elagente.ca/ontomlff/MLFFElasticityResult_e5967c09-80a0-4b96-bc3c-80bb64b4f8d1,[],[],0.08332507389836105,eV/Å^3,0.2022018616313805,/scratch/kenko/akg4pyscf/.graphchat-workspaces/kenko_room/mlff_elasticity_benchmark/workflow_runs/MACE_OMAT/elasticity_MACE_OMAT/structures/Na2Te_8435a48f/output.json,mp-2784,cif,https://elagente.ca/grafico/ConceptualAtoms_7bd0f9e9-001c-4cb3-8728-3f3587f46d13,mp-2784
Ba3OSi,0.23270481874675772,https://elagente.ca/grafico/ConceptualAtoms_7c42bf76-bf21-449f-9aea-c6417d247607,https://elagente.ca/ontomlff/MLFFElasticityResult_4cd076f2-ecb5-4647-a0e5-7b0f1412ce32,[],[],0.1602899663326132,eV/Å^3,0.3910770019741921,/scratch/kenko/akg4pyscf/.graphchat-workspaces/kenko_room/mlff_elasticity_benchmark/workflow_runs/MACE_OMAT/elasticity_MACE_OMAT/structures/Ba3OSi_c0c0c80b/output.json,mp-754940,cif,https://elagente.ca/grafico/ConceptualAtoms_7c42bf76-bf21-449f-9aea-c6417d247607,mp-754940
Mg8O24Si8,1.1294361499776007,https://elagente.ca/grafico/ConceptualAtoms_7cc66a0c-2366-476e-94d5-1c62d12063cd,https://elagente.ca/ontomlff/MLFFElasticityResult_339e51b4-2658-4554-8ca5-cf5d9bfd924b,[],[],0.7978774600479352,eV/Å^3,1.9374115230614166,/scratch/kenko/akg4pyscf/.graphchat-workspaces/kenko_room/mlff_elasticity_benchmark/workflow_runs/MACE_OMAT/elasticity_MACE_OMAT/structures/Mg8O24Si8_6aeb0ba1/output.json,mp-3470,cif,https://elagente.ca/grafico/ConceptualAtoms_7cc66a0c-2366-476e-94d5-1c62d12063cd,mp-3470
B2Ta4,1.6507425901560113,https://elagente.ca/grafico/ConceptualAtoms_7d2348ac-40ba-4e09-9315-62ca1333158b,https://elagente.ca/ontomlff/MLFFElasticityResult_0839c1fe-0328-4014-8462-fe3f780656bd,[],[],0.9333779477357844,eV/Å^3,2.3560702573856354,/scratch/kenko/akg4pyscf/.graphchat-workspaces/kenko_room/mlff_elasticity_benchmark/workflow_runs/MACE_OMAT/elasticity_MACE_OMAT/structures/B2Ta4_35432e3d/output.json,mp-1032,cif,https://elagente.ca/grafico/ConceptualAtoms_7d2348ac-40ba-4e09-9315-62ca1333158b,mp-1032
O3Y2,0.8880769594016042,https://elagente.ca/grafico/ConceptualAtoms_7d76160c-b4a8-4da0-ae11-8f0060f65fc8,https://elagente.ca/ontomlff/MLFFElasticityResult_7b5063c6-d029-4c23-a0e7-450926d63fd3,[],[],0.5369694242907515,eV/Å^3,1.3406944761301114,/scratch/kenko/akg4pyscf/.graphchat-workspaces/kenko_room/mlff_elasticity_benchmark/workflow_runs/MACE_OMAT/elasticity_MACE_OMAT/structures/O3Y2_6f435b16/output.json,mp-13061,cif,https://elagente.ca/grafico/ConceptualAtoms_7d76160c-b4a8-4da0-ae11-8f0060f65fc8,mp-13061
Mn6Sn6Y,0.4895058663627597,https://elagente.ca/grafico/ConceptualAtoms_7e0b86e4-77d9-4ecb-ab98-234dbb6fe77f,https://elagente.ca/ontomlff/MLFFElasticityResult_b4312500-7e2a-4a11-b138-1faa768fe303,[],[],0.4109219721669647,eV/Å^3,0.9632331209929045,/scratch/kenko/akg4pyscf/.graphchat-workspaces/kenko_room/mlff_elasticity_benchmark/workflow_runs/MACE_OMAT/elasticity_MACE_OMAT/structures/Mn6Sn6Y_b73d8bdd/output.json,mp-22260,cif,https://elagente.ca/grafico/ConceptualAtoms_7e0b86e4-77d9-4ecb-ab98-234dbb6fe77f,mp-22260
B24Re4Sc8,1.5361585988860638,https://elagente.ca/grafico/ConceptualAtoms_7e1d5fd7-8ead-4996-8a81-0dd692f57f42,https://elagente.ca/ontomlff/MLFFElasticityResult_d12d02da-2355-4554-a69b-7cb8f533e17e,[],[],1.2375372905547857,eV/Å^3,2.9266923795252424,/scratch/kenko/akg4pyscf/.graphchat-workspaces/kenko_room/mlff_elasticity_benchmark/workflow_runs/MACE_OMAT/elasticity_MACE_OMAT/structures/B24Re4Sc8_3580347a/output.json,mp-1196116,cif,https://elagente.ca/grafico/ConceptualAtoms_7e1d5fd7-8ead-4996-8a81-0dd692f57f42,mp-1196116
CaIrO3,1.131599359652139,https://elagente.ca/grafico/ConceptualAtoms_7e78ccb2-0d9a-44c6-83b8-13a80cfb8571,https://elagente.ca/ontomlff/MLFFElasticityResult_16ff286d-3eb8-4b9d-9d0e-065aec722dea,[],[],0.23870624247655298,eV/Å^3,0.6690726816651091,/scratch/kenko/akg4pyscf/.graphchat-workspaces/kenko_room/mlff_elasticity_benchmark/workflow_runs/MACE_OMAT/elasticity_MACE_OMAT/structures/CaIrO3_91a1c373/output.json,mp-1016872,cif,https://elagente.ca/grafico/ConceptualAtoms_7e78ccb2-0d9a-44c6-83b8-13a80cfb8571,mp-1016872
H2Li2Pd,0.31605932299477063,https://elagente.ca/grafico/ConceptualAtoms_7ecc97ed-517f-4a10-8b58-6c3b9fa75ddc,https://elagente.ca/ontomlff/MLFFElasticityResult_0160b59d-11bb-4ad7-ba43-b1a53a94e1e2,[],[],0.21035998652168103,eV/Å^3,0.5164924562749804,/scratch/kenko/akg4pyscf/.graphchat-workspaces/kenko_room/mlff_elasticity_benchmark/workflow_runs/MACE_OMAT/elasticity_MACE_OMAT/structures/H2Li2Pd_21f6069c/output.json,mp-644389,cif,https://elagente.ca/grafico/ConceptualAtoms_7ecc97ed-517f-4a10-8b58-6c3b9fa75ddc,mp-644389
Br6Cs2Pt,0.1735491264859591,https://elagente.ca/grafico/ConceptualAtoms_7eeef40f-ad29-430b-9513-088b95de8f27,https://elagente.ca/ontomlff/MLFFElasticityResult_859f066f-4705-467b-b4e7-2334cee3c974,[],[],0.10388946724297995,eV/Å^3,0.25982347955479684,/scratch/kenko/akg4pyscf/.graphchat-workspaces/kenko_room/mlff_elasticity_benchmark/workflow_runs/MACE_OMAT/elasticity_MACE_OMAT/structures/Br6Cs2Pt_d3137185/output.json,mp-30062,cif,https://elagente.ca/grafico/ConceptualAtoms_7eeef40f-ad29-430b-9513-088b95de8f27,mp-30062
CaPd,0.3514991217642133,https://elagente.ca/grafico/ConceptualAtoms_7f2fda69-ac98-473b-9a61-57da6754d662,https://elagente.ca/ontomlff/MLFFElasticityResult_7faf4af9-58f1-46d9-a2fe-69f2d40da299,[],[],0.13923417894363627,eV/Å^3,0.36898264663521657,/scratch/kenko/akg4pyscf/.graphchat-workspaces/kenko_room/mlff_elasticity_benchmark/workflow_runs/MACE_OMAT/elasticity_MACE_OMAT/structures/CaPd_fb4a8259/output.json,mp-213,cif,https://elagente.ca/grafico/ConceptualAtoms_7f2fda69-ac98-473b-9a61-57da6754d662,mp-213
Lu3,0.29416617527723266,https://elagente.ca/grafico/ConceptualAtoms_7f44d665-52df-41a0-acfb-227bb7fb6c05,https://elagente.ca/ontomlff/MLFFElasticityResult_e98d1ab8-d013-4292-8f11-4cb7ce81b062,[],[],0.19257017896332276,eV/Å^3,0.4742289445213112,/scratch/kenko/akg4pyscf/.graphchat-workspaces/kenko_room/mlff_elasticity_benchmark/workflow_runs/MACE_OMAT/elasticity_MACE_OMAT/structures/Lu3_7d25d347/output.json,mp-973571,cif,https://elagente.ca/grafico/ConceptualAtoms_7f44d665-52df-41a0-acfb-227bb7fb6c05,mp-973571
O12Si6,1.8077885979676762,https://elagente.ca/grafico/ConceptualAtoms_7f46f4c2-dc35-4f59-aa88-7df73c619d57,https://elagente.ca/ontomlff/MLFFElasticityResult_fdad46a2-fe5c-4718-b7f8-bbefc8dc828c,[],[],1.4067828959858555,eV/Å^3,3.3510975751517567,/scratch/kenko/akg4pyscf/.graphchat-workspaces/kenko_room/mlff_elasticity_benchmark/workflow_runs/MACE_OMAT/elasticity_MACE_OMAT/structures/O12Si6_1254ca75/output.json,mp-558733,cif,https://elagente.ca/grafico/ConceptualAtoms_7f46f4c2-dc35-4f59-aa88-7df73c619d57,mp-558733
Li8O12Ti4,1.0768819294266072,https://elagente.ca/grafico/ConceptualAtoms_7f600abd-aec4-4bab-951c-7a26c4d621d8,https://elagente.ca/ontomlff/MLFFElasticityResult_2c12a8f0-31fb-4d9e-896a-bee57962b29c,[],[],0.7121471411577989,eV/Å^3,1.7505574373735504,/scratch/kenko/akg4pyscf/.graphchat-workspaces/kenko_room/mlff_elasticity_benchmark/workflow_runs/MACE_OMAT/elasticity_MACE_OMAT/structures/Li8O12Ti4_a0fb9ab0/output.json,mp-2931,cif,https://elagente.ca/grafico/ConceptualAtoms_7f600abd-aec4-4bab-951c-7a26c4d621d8,mp-2931
Pd4Sn12,0.4466410997429371,https://elagente.ca/grafico/ConceptualAtoms_7f7be8c7-fe42-4dae-abcc-28e83f6a75d7,https://elagente.ca/ontomlff/MLFFElasticityResult_75bfc5b0-7210-4f41-b942-05f086cde324,[],[],0.1836308764733435,eV/Å^3,0.48449466471589825,/scratch/kenko/akg4pyscf/.graphchat-workspaces/kenko_room/mlff_elasticity_benchmark/workflow_runs/MACE_OMAT/elasticity_MACE_OMAT/structures/Pd4Sn12_3b60e716/output.json,mp-1371,cif,https://elagente.ca/grafico/ConceptualAtoms_7f7be8c7-fe42-4dae-abcc-28e83f6a75d7,mp-1371
AuMg,0.5069329548199983,https://elagente.ca/grafico/ConceptualAtoms_7f9238d3-3859-4327-8641-f39350464672,https://elagente.ca/ontomlff/MLFFElasticityResult_10cab48a-25a2-419c-9434-49188d427c3f,[],[],0.1755530657854552,eV/Å^3,0.4721559807351311,/scratch/kenko/akg4pyscf/.graphchat-workspaces/kenko_room/mlff_elasticity_benchmark/workflow_runs/MACE_OMAT/elasticity_MACE_OMAT/structures/AuMg_9c3e0c7b/output.json,mp-437,cif,https://elagente.ca/grafico/ConceptualAtoms_7f9238d3-3859-4327-8641-f39350464672,mp-437
HfNi2Si2,1.1745631173743107,https://elagente.ca/grafico/ConceptualAtoms_7fa8f834-7db6-42a8-9358-396002e116d0,https://elagente.ca/ontomlff/MLFFElasticityResult_df3f5b5c-37c0-4f8c-a27f-29649b2c28b4,[],[],0.6735584469543712,eV/Å^3,1.69640500717208,/scratch/kenko/akg4pyscf/.graphchat-workspaces/kenko_room/mlff_elasticity_benchmark/workflow_runs/MACE_OMAT/elasticity_MACE_OMAT/structures/HfNi2Si2_3519da06/output.json,mp-571147,cif,https://elagente.ca/grafico/ConceptualAtoms_7fa8f834-7db6-42a8-9358-396002e116d0,mp-571147
Au2Er,0.6325926115663636,https://elagente.ca/grafico/ConceptualAtoms_802a1367-c070-4d58-84c3-27f98a5adcb2,https://elagente.ca/ontomlff/MLFFElasticityResult_5b49c2f2-93a3-4a41-8126-50cb5d1d5773,[],[],0.2802267454511067,eV/Å^3,0.732516512206279,/scratch/kenko/akg4pyscf/.graphchat-workspaces/kenko_room/mlff_elasticity_benchmark/workflow_runs/MACE_OMAT/elasticity_MACE_OMAT/structures/Au2Er_b6fa5ebe/output.json,mp-2466,cif,https://elagente.ca/grafico/ConceptualAtoms_802a1367-c070-4d58-84c3-27f98a5adcb2,mp-2466
IrSc,1.0405902395794142,https://elagente.ca/grafico/ConceptualAtoms_812c4e44-f279-420a-8553-d590d0da9b68,https://elagente.ca/ontomlff/MLFFElasticityResult_be638d27-515e-445a-8adf-857354612f8e,[],[],0.43416189258339044,eV/Å^3,1.1434585788916813,/scratch/kenko/akg4pyscf/.graphchat-workspaces/kenko_room/mlff_elasticity_benchmark/workflow_runs/MACE_OMAT/elasticity_MACE_OMAT/structures/IrSc_a410f227/output.json,mp-1129,cif,https://elagente.ca/grafico/ConceptualAtoms_812c4e44-f279-420a-8553-d590d0da9b68,mp-1129
MoOsTa2,1.7117739226568915,https://elagente.ca/grafico/ConceptualAtoms_8130d190-d29c-4623-b451-7d8e7280f939,https://elagente.ca/ontomlff/MLFFElasticityResult_9439adf8-137e-470c-b50c-67a300ab7ad0,[],[],0.8040686965033554,eV/Å^3,2.0856440596702623,/scratch/kenko/akg4pyscf/.graphchat-workspaces/kenko_room/mlff_elasticity_benchmark/workflow_runs/MACE_OMAT/elasticity_MACE_OMAT/structures/MoOsTa2_683ce54d/output.json,mp-864770,cif,https://elagente.ca/grafico/ConceptualAtoms_8130d190-d29c-4623-b451-7d8e7280f939,mp-864770
Br4FeLi2,0.20126036178909817,https://elagente.ca/grafico/ConceptualAtoms_81ab74ab-54a2-4c4d-b8b3-83cadde89135,https://elagente.ca/ontomlff/MLFFElasticityResult_27aaf3d1-3975-42f8-accf-b49ccaa4ed63,[],[],0.09864054302865906,eV/Å^3,0.2543655764148428,/scratch/kenko/akg4pyscf/.graphchat-workspaces/kenko_room/mlff_elasticity_benchmark/workflow_runs/MACE_OMAT/elasticity_MACE_OMAT/structures/Br4FeLi2_64d89b4a/output.json,mp-22967,cif,https://elagente.ca/grafico/ConceptualAtoms_81ab74ab-54a2-4c4d-b8b3-83cadde89135,mp-22967
Cu2Si2Y2,0.5846081825203534,https://elagente.ca/grafico/ConceptualAtoms_81c8a633-8856-4c2d-8ed6-af0d343eef97,https://elagente.ca/ontomlff/MLFFElasticityResult_51b6a88e-1d2a-44be-aa48-46eae8b0d489,[],[],0.35650305695999396,eV/Å^3,0.8888342424714158,/scratch/kenko/akg4pyscf/.graphchat-workspaces/kenko_room/mlff_elasticity_benchmark/workflow_runs/MACE_OMAT/elasticity_MACE_OMAT/structures/Cu2Si2Y2_f312503f/output.json,mp-8126,cif,https://elagente.ca/grafico/ConceptualAtoms_81c8a633-8856-4c2d-8ed6-af0d343eef97,mp-8126
Nb4Se6,0.7316298948850917,https://elagente.ca/grafico/ConceptualAtoms_8311ef5a-8523-4a26-a48f-604a66cbd711,https://elagente.ca/ontomlff/MLFFElasticityResult_709bca3f-d589-419d-85a8-819152f0a199,[],[],0.4352050756267257,eV/Å^3,1.0895734392858518,/scratch/kenko/akg4pyscf/.graphchat-workspaces/kenko_room/mlff_elasticity_benchmark/workflow_runs/MACE_OMAT/elasticity_MACE_OMAT/structures/Nb4Se6_bdc09fe0/output.json,mp-2330,cif,https://elagente.ca/grafico/ConceptualAtoms_8311ef5a-8523-4a26-a48f-604a66cbd711,mp-2330
AsNSr3,0.28393877683588664,https://elagente.ca/grafico/ConceptualAtoms_8328efc4-a6b9-4d12-8c74-e4e0c8bfc0c8,https://elagente.ca/ontomlff/MLFFElasticityResult_090ad062-afa0-4e98-a098-f016f6c174fc,[],[],0.23974863238147465,eV/Å^3,0.5612725047684393,/scratch/kenko/akg4pyscf/.graphchat-workspaces/kenko_room/mlff_elasticity_benchmark/workflow_runs/MACE_OMAT/elasticity_MACE_OMAT/structures/AsNSr3_814e757f/output.json,mp-1013555,cif,https://elagente.ca/grafico/ConceptualAtoms_8328efc4-a6b9-4d12-8c74-e4e0c8bfc0c8,mp-1013555
B14Li6O24,1.0486989907465876,https://elagente.ca/grafico/ConceptualAtoms_832d6f95-4e56-475a-8000-df44e83cd7bb,https://elagente.ca/ontomlff/MLFFElasticityResult_fd40d188-322c-4a7b-84a1-3344080932dd,[],[],0.7260260865036291,eV/Å^3,1.769686891039113,/scratch/kenko/akg4pyscf/.graphchat-workspaces/kenko_room/mlff_elasticity_benchmark/workflow_runs/MACE_OMAT/elasticity_MACE_OMAT/structures/B14Li6O24_a90e9f08/output.json,mp-16828,cif,https://elagente.ca/grafico/ConceptualAtoms_832d6f95-4e56-475a-8000-df44e83cd7bb,mp-16828
CeGe2Rh2,0.8610180958826479,https://elagente.ca/grafico/ConceptualAtoms_8372419d-8b77-44c4-bc0e-ec81890a95ce,https://elagente.ca/ontomlff/MLFFElasticityResult_328c6541-62b0-4aad-8207-26ba1da56e92,[],[],0.4558961668274235,eV/Å^3,1.162511103178682,/scratch/kenko/akg4pyscf/.graphchat-workspaces/kenko_room/mlff_elasticity_benchmark/workflow_runs/MACE_OMAT/elasticity_MACE_OMAT/structures/CeGe2Rh2_66c12404/output.json,mp-5577,cif,https://elagente.ca/grafico/ConceptualAtoms_8372419d-8b77-44c4-bc0e-ec81890a95ce,mp-5577
Ba2O6TaY,0.8963780880550137,https://elagente.ca/grafico/ConceptualAtoms_837d4220-1958-4259-8c18-5df08b578cfb,https://elagente.ca/ontomlff/MLFFElasticityResult_a9e6789e-6efb-4ef1-a336-eadfaad71e90,[],[],0.5562602150990542,eV/Å^3,1.3827518476772727,/scratch/kenko/akg4pyscf/.graphchat-workspaces/kenko_room/mlff_elasticity_benchmark/workflow_runs/MACE_OMAT/elasticity_MACE_OMAT/structures/Ba2O6TaY_cdf7bb2e/output.json,mp-12385,cif,https://elagente.ca/grafico/ConceptualAtoms_837d4220-1958-4259-8c18-5df08b578cfb,mp-12385
Cs4I12Pb4,0.10685330436770413,https://elagente.ca/grafico/ConceptualAtoms_8398a6bd-cbbc-4f0b-9c83-c97c6e7b9bbd,https://elagente.ca/ontomlff/MLFFElasticityResult_7315846e-f978-433d-934b-5c5d4f04b698,[],[],0.05351661532350635,eV/Å^3,0.13758105831845457,/scratch/kenko/akg4pyscf/.graphchat-workspaces/kenko_room/mlff_elasticity_benchmark/workflow_runs/MACE_OMAT/elasticity_MACE_OMAT/structures/Cs4I12Pb4_fa4e753c/output.json,mp-540839,cif,https://elagente.ca/grafico/ConceptualAtoms_8398a6bd-cbbc-4f0b-9c83-c97c6e7b9bbd,mp-540839
C12Fe2K6N12,0.488581718965602,https://elagente.ca/grafico/ConceptualAtoms_83b92614-ac17-499e-afa4-4dfe17ebf45c,https://elagente.ca/ontomlff/MLFFElasticityResult_f1f3a25b-58ae-433a-98f4-f86ace6fc2bb,[],[],0.23359679615931186,eV/Å^3,0.6044575761011912,/scratch/kenko/akg4pyscf/.graphchat-workspaces/kenko_room/mlff_elasticity_benchmark/workflow_runs/MACE_OMAT/elasticity_MACE_OMAT/structures/C12Fe2K6N12_b059926f/output.json,mp-541627,cif,https://elagente.ca/grafico/ConceptualAtoms_83b92614-ac17-499e-afa4-4dfe17ebf45c,mp-541627
B6Er2Ni3,1.2552370215072828,https://elagente.ca/grafico/ConceptualAtoms_84876d4d-1325-4eef-9107-8ec5910dedd8,https://elagente.ca/ontomlff/MLFFElasticityResult_d88e035c-ca22-4cc3-8b63-718313d70362,[],[],0.866414772513248,eV/Å^3,2.1130693401498784,/scratch/kenko/akg4pyscf/.graphchat-workspaces/kenko_room/mlff_elasticity_benchmark/workflow_runs/MACE_OMAT/elasticity_MACE_OMAT/structures/B6Er2Ni3_25f496fc/output.json,mp-4071,cif,https://elagente.ca/grafico/ConceptualAtoms_84876d4d-1325-4eef-9107-8ec5910dedd8,mp-4071
Al12O24Sr6,0.8060681843033255,https://elagente.ca/grafico/ConceptualAtoms_84f76d10-b7c6-46e1-8037-8f68e9dd92b2,https://elagente.ca/ontomlff/MLFFElasticityResult_7f9a9112-885b-4aa0-9067-f10f634654cd,[],[],0.5326686644349043,eV/Å^3,1.3095463898187694,/scratch/kenko/akg4pyscf/.graphchat-workspaces/kenko_room/mlff_elasticity_benchmark/workflow_runs/MACE_OMAT/elasticity_MACE_OMAT/structures/Al12O24Sr6_be2d7b2a/output.json,mp-5492,cif,https://elagente.ca/grafico/ConceptualAtoms_84f76d10-b7c6-46e1-8037-8f68e9dd92b2,mp-5492
As4Cu2Y2,0.5886055307296134,https://elagente.ca/grafico/ConceptualAtoms_8574d3eb-5d6e-40ae-a568-97522e665e9c,https://elagente.ca/ontomlff/MLFFElasticityResult_4fadadc3-c47d-4d42-88ec-761151a81016,[],[],0.3589208553007559,eV/Å^3,0.8948706612972537,/scratch/kenko/akg4pyscf/.graphchat-workspaces/kenko_room/mlff_elasticity_benchmark/workflow_runs/MACE_OMAT/elasticity_MACE_OMAT/structures/As4Cu2Y2_306f9567/output.json,mp-10991,cif,https://elagente.ca/grafico/ConceptualAtoms_8574d3eb-5d6e-40ae-a568-97522e665e9c,mp-10991
Cu5Ho,0.68894824023402,https://elagente.ca/grafico/ConceptualAtoms_86210ffe-c283-4f9c-82da-0b28fd9048b5,https://elagente.ca/ontomlff/MLFFElasticityResult_abf8ee1b-f3e8-438c-b548-1a5ca63cab70,[],[],0.3379051483845456,eV/Å^3,0.8712724940934288,/scratch/kenko/akg4pyscf/.graphchat-workspaces/kenko_room/mlff_elasticity_benchmark/workflow_runs/MACE_OMAT/elasticity_MACE_OMAT/structures/Cu5Ho_14833382/output.json,mp-580364,cif,https://elagente.ca/grafico/ConceptualAtoms_86210ffe-c283-4f9c-82da-0b28fd9048b5,mp-580364
In3Pd3Sm3,0.5240294639017624,https://elagente.ca/grafico/ConceptualAtoms_8629fe2b-7c17-4910-9603-81c0b5c9b1d0,https://elagente.ca/ontomlff/MLFFElasticityResult_405d89a5-a174-4953-a060-a59f99670f7c,[],[],0.21761818913679487,eV/Å^3,0.573471147664179,/scratch/kenko/akg4pyscf/.graphchat-workspaces/kenko_room/mlff_elasticity_benchmark/workflow_runs/MACE_OMAT/elasticity_MACE_OMAT/structures/In3Pd3Sm3_ca88df68/output.json,mp-982004,cif,https://elagente.ca/grafico/ConceptualAtoms_8629fe2b-7c17-4910-9603-81c0b5c9b1d0,mp-982004
Ba2Cu3O7Y,0.7428185895884007,https://elagente.ca/grafico/ConceptualAtoms_867dde17-0454-4aa1-b167-dff6f1a87682,https://elagente.ca/ontomlff/MLFFElasticityResult_3a814aae-351d-4e8b-902c-9887d57c8734,[],[],0.41273363275557884,eV/Å^3,1.0447096043335589,/scratch/kenko/akg4pyscf/.graphchat-workspaces/kenko_room/mlff_elasticity_benchmark/workflow_runs/MACE_OMAT/elasticity_MACE_OMAT/structures/Ba2Cu3O7Y_fd955570/output.json,mp-20674,cif,https://elagente.ca/grafico/ConceptualAtoms_867dde17-0454-4aa1-b167-dff6f1a87682,mp-20674
B13N2,1.604015320472742,https://elagente.ca/grafico/ConceptualAtoms_876d10cd-78d7-4863-abbb-07d57c2d4844,https://elagente.ca/ontomlff/MLFFElasticityResult_2a9f2a7b-5edc-4727-9544-5ccc810771d5,[],[],1.6089333775934573,eV/Å^3,3.617327335785169,/scratch/kenko/akg4pyscf/.graphchat-workspaces/kenko_room/mlff_elasticity_benchmark/workflow_runs/MACE_OMAT/elasticity_MACE_OMAT/structures/B13N2_5aaaec4e/output.json,mp-534,cif,https://elagente.ca/grafico/ConceptualAtoms_876d10cd-78d7-4863-abbb-07d57c2d4844,mp-534
Ir2Li2Sn8,0.48124227777540607,https://elagente.ca/grafico/ConceptualAtoms_876d8ba4-24a6-4e07-a8c5-4fd23c5fbf24,https://elagente.ca/ontomlff/MLFFElasticityResult_1b55108f-82e7-45a6-ade9-0ddc6ac2d761,[],[],0.278885539192294,eV/Å^3,0.7012045358235204,/scratch/kenko/akg4pyscf/.graphchat-workspaces/kenko_room/mlff_elasticity_benchmark/workflow_runs/MACE_OMAT/elasticity_MACE_OMAT/structures/Ir2Li2Sn8_50ba515a/output.json,mp-21894,cif,https://elagente.ca/grafico/ConceptualAtoms_876d8ba4-24a6-4e07-a8c5-4fd23c5fbf24,mp-21894
Ge3Nd,0.42624892657791047,https://elagente.ca/grafico/ConceptualAtoms_876e2c08-940c-4f81-99b5-8cb37835f58e,https://elagente.ca/ontomlff/MLFFElasticityResult_075300c6-2cf8-411c-96e0-6c8f26cc9e78,[],[],0.15126651366203528,eV/Å^3,0.40579671836660863,/scratch/kenko/akg4pyscf/.graphchat-workspaces/kenko_room/mlff_elasticity_benchmark/workflow_runs/MACE_OMAT/elasticity_MACE_OMAT/structures/Ge3Nd_c7436583/output.json,mp-975664,cif,https://elagente.ca/grafico/ConceptualAtoms_876e2c08-940c-4f81-99b5-8cb37835f58e,mp-975664
Na8Re12S24,0.7478399650819901,https://elagente.ca/grafico/ConceptualAtoms_877cf372-1210-49d3-be8d-c12c34a72ce5,https://elagente.ca/ontomlff/MLFFElasticityResult_51733d40-016e-41b6-9a08-9c1370db6905,[],[],0.5006964277477183,eV/Å^3,1.2280253430296093,/scratch/kenko/akg4pyscf/.graphchat-workspaces/kenko_room/mlff_elasticity_benchmark/workflow_runs/MACE_OMAT/elasticity_MACE_OMAT/structures/Na8Re12S24_4db40a4f/output.json,mp-541895,cif,https://elagente.ca/grafico/ConceptualAtoms_877cf372-1210-49d3-be8d-c12c34a72ce5,mp-541895
Be5Hf,0.87936087224186,https://elagente.ca/grafico/ConceptualAtoms_879e18af-d4dd-4ae0-b535-55983b00b12c,https://elagente.ca/ontomlff/MLFFElasticityResult_de22bfe9-d4f5-4544-8950-3c7a9d106ce8,[],[],0.8801760285478086,eV/Å^3,1.9799372200989231,/scratch/kenko/akg4pyscf/.graphchat-workspaces/kenko_room/mlff_elasticity_benchmark/workflow_runs/MACE_OMAT/elasticity_MACE_OMAT/structures/Be5Hf_3d6f322b/output.json,mp-2025,cif,https://elagente.ca/grafico/ConceptualAtoms_879e18af-d4dd-4ae0-b535-55983b00b12c,mp-2025
Fe2Li2P2,0.7553151758141146,https://elagente.ca/grafico/ConceptualAtoms_87b5227e-d4f4-43db-808b-983d0388ddb7,https://elagente.ca/ontomlff/MLFFElasticityResult_f6d275ff-b9a4-42b5-ab99-dae7b1aaa86a,[],[],0.4607056269761276,eV/Å^3,1.1485890153814593,/scratch/kenko/akg4pyscf/.graphchat-workspaces/kenko_room/mlff_elasticity_benchmark/workflow_runs/MACE_OMAT/elasticity_MACE_OMAT/structures/Fe2Li2P2_82006789/output.json,mp-20049,cif,https://elagente.ca/grafico/ConceptualAtoms_87b5227e-d4f4-43db-808b-983d0388ddb7,mp-20049
Li3Th,0.1611506080876703,https://elagente.ca/grafico/ConceptualAtoms_87d2c443-92ec-4a68-a172-a91233ff9885,https://elagente.ca/ontomlff/MLFFElasticityResult_6e9bf4ac-211f-47c0-8f2a-7120b5c17900,[],[],0.07291937307136488,eV/Å^3,0.19008714382250583,/scratch/kenko/akg4pyscf/.graphchat-workspaces/kenko_room/mlff_elasticity_benchmark/workflow_runs/MACE_OMAT/elasticity_MACE_OMAT/structures/Li3Th_38289743/output.json,mp-977239,cif,https://elagente.ca/grafico/ConceptualAtoms_87d2c443-92ec-4a68-a172-a91233ff9885,mp-977239
HgO3Os,1.2276331080345142,https://elagente.ca/grafico/ConceptualAtoms_87e088d7-8723-439d-bad4-077696e00450,https://elagente.ca/ontomlff/MLFFElasticityResult_aac8aa63-47f5-4656-9293-e8e1c23c7032,[],[],0.3236803190544601,eV/Å^3,0.8925932848785351,/scratch/kenko/akg4pyscf/.graphchat-workspaces/kenko_room/mlff_elasticity_benchmark/workflow_runs/MACE_OMAT/elasticity_MACE_OMAT/structures/HgO3Os_b7baf958/output.json,mp-1016840,cif,https://elagente.ca/grafico/ConceptualAtoms_87e088d7-8723-439d-bad4-077696e00450,mp-1016840
Eu2Ge2Zn2,0.2967229762246603,https://elagente.ca/grafico/ConceptualAtoms_87edaa0c-6bed-480b-8273-06335b793643,https://elagente.ca/ontomlff/MLFFElasticityResult_f5a41467-ab4b-465f-8dda-7f6588c95758,[],[],0.21724943808755962,eV/Å^3,0.5238906235309068,/scratch/kenko/akg4pyscf/.graphchat-workspaces/kenko_room/mlff_elasticity_benchmark/workflow_runs/MACE_OMAT/elasticity_MACE_OMAT/structures/Eu2Ge2Zn2_2ab72f69/output.json,mp-1018699,cif,https://elagente.ca/grafico/ConceptualAtoms_87edaa0c-6bed-480b-8273-06335b793643,mp-1018699
Ag2Al7Ca3,0.3955507656032046,https://elagente.ca/grafico/ConceptualAtoms_8853a88d-9847-47ce-8b85-7872e3028063,https://elagente.ca/ontomlff/MLFFElasticityResult_77e9b1f6-87b5-44d1-9d4b-38b2a0940b37,[],[],0.2676594310332132,eV/Å^3,0.6551938058069002,/scratch/kenko/akg4pyscf/.graphchat-workspaces/kenko_room/mlff_elasticity_benchmark/workflow_runs/MACE_OMAT/elasticity_MACE_OMAT/structures/Ag2Al7Ca3_849cccfd/output.json,mp-11430,cif,https://elagente.ca/grafico/ConceptualAtoms_8853a88d-9847-47ce-8b85-7872e3028063,mp-11430
AgNaO2,0.449790676540877,https://elagente.ca/grafico/ConceptualAtoms_8879f385-9c67-4f0f-9707-323b0a4fe7c0,https://elagente.ca/ontomlff/MLFFElasticityResult_7f27a9c4-cc49-403a-affb-e99dff3ee244,[],[],0.23845655697559884,eV/Å^3,0.6079370487068929,/scratch/kenko/akg4pyscf/.graphchat-workspaces/kenko_room/mlff_elasticity_benchmark/workflow_runs/MACE_OMAT/elasticity_MACE_OMAT/structures/AgNaO2_272157a0/output.json,mp-754326,cif,https://elagente.ca/grafico/ConceptualAtoms_8879f385-9c67-4f0f-9707-323b0a4fe7c0,mp-754326
CuHgO2,0.42973189539482753,https://elagente.ca/grafico/ConceptualAtoms_88922811-16a9-4ebf-9780-01fc3c9b646c,https://elagente.ca/ontomlff/MLFFElasticityResult_e171683f-3c4d-4e31-900c-fabe721c4f99,[],[],0.1727706862560588,eV/Å^3,0.4570595349234048,/scratch/kenko/akg4pyscf/.graphchat-workspaces/kenko_room/mlff_elasticity_benchmark/workflow_runs/MACE_OMAT/elasticity_MACE_OMAT/structures/CuHgO2_45462c5b/output.json,mp-996973,cif,https://elagente.ca/grafico/ConceptualAtoms_88922811-16a9-4ebf-9780-01fc3c9b646c,mp-996973
O4Ru2,1.8036203018634434,https://elagente.ca/grafico/ConceptualAtoms_88c351d2-68d7-41dd-8b0d-1065a2d3270a,https://elagente.ca/ontomlff/MLFFElasticityResult_f26c2009-9172-4e80-987e-8375537f771f,[],[],0.8762941667216959,eV/Å^3,2.262472832613455,/scratch/kenko/akg4pyscf/.graphchat-workspaces/kenko_room/mlff_elasticity_benchmark/workflow_runs/MACE_OMAT/elasticity_MACE_OMAT/structures/O4Ru2_6029633b/output.json,mp-825,cif,https://elagente.ca/grafico/ConceptualAtoms_88c351d2-68d7-41dd-8b0d-1065a2d3270a,mp-825
Sb4Ta5,0.9154457489739412,https://elagente.ca/grafico/ConceptualAtoms_88fd4eaa-7726-4ae1-9a51-77be100f746a,https://elagente.ca/ontomlff/MLFFElasticityResult_5d054729-c830-4ac9-8a3c-1c1488ffec15,[],[],0.5531735694828519,eV/Å^3,1.3812967398047724,/scratch/kenko/akg4pyscf/.graphchat-workspaces/kenko_room/mlff_elasticity_benchmark/workflow_runs/MACE_OMAT/elasticity_MACE_OMAT/structures/Sb4Ta5_6b2ed321/output.json,mp-2598,cif,https://elagente.ca/grafico/ConceptualAtoms_88fd4eaa-7726-4ae1-9a51-77be100f746a,mp-2598
AgMg2Rh,0.5285883955821958,https://elagente.ca/grafico/ConceptualAtoms_89029917-4c1f-42ff-8a6a-5509eaceeaec,https://elagente.ca/ontomlff/MLFFElasticityResult_ca6a79ba-8216-4d54-ad6a-970739d1983d,[],[],0.2148978410824937,eV/Å^3,0.5677533938814769,/scratch/kenko/akg4pyscf/.graphchat-workspaces/kenko_room/mlff_elasticity_benchmark/workflow_runs/MACE_OMAT/elasticity_MACE_OMAT/structures/AgMg2Rh_446da84d/output.json,mp-864933,cif,https://elagente.ca/grafico/ConceptualAtoms_89029917-4c1f-42ff-8a6a-5509eaceeaec,mp-864933
Li3Nb,0.17378634538641574,https://elagente.ca/grafico/ConceptualAtoms_8963bf3f-6d29-46a9-b6c2-83cf20ee1bd5,https://elagente.ca/ontomlff/MLFFElasticityResult_57845a0b-7d75-4105-af2c-cd5fd7407f1f,[],[],0.1725670237876273,eV/Å^3,0.38895805643187015,/scratch/kenko/akg4pyscf/.graphchat-workspaces/kenko_room/mlff_elasticity_benchmark/workflow_runs/MACE_OMAT/elasticity_MACE_OMAT/structures/Li3Nb_a61e1154/output.json,mp-976263,cif,https://elagente.ca/grafico/ConceptualAtoms_8963bf3f-6d29-46a9-b6c2-83cf20ee1bd5,mp-976263
HfIr2Li,1.1292815480573117,https://elagente.ca/grafico/ConceptualAtoms_89954c60-cc0c-42d9-a11f-b2bb3354f6a2,https://elagente.ca/ontomlff/MLFFElasticityResult_901673e7-6edd-4e18-96cd-82f74fd9ed0b,[],[],0.5030802564644004,eV/Å^3,1.3141022733485495,/scratch/kenko/akg4pyscf/.graphchat-workspaces/kenko_room/mlff_elasticity_benchmark/workflow_runs/MACE_OMAT/elasticity_MACE_OMAT/structures/HfIr2Li_8210546c/output.json,mp-862610,cif,https://elagente.ca/grafico/ConceptualAtoms_89954c60-cc0c-42d9-a11f-b2bb3354f6a2,mp-862610
Cs4P4Si2,0.20633872741129794,https://elagente.ca/grafico/ConceptualAtoms_89a9931f-4079-4810-a7a1-d8435b73b566,https://elagente.ca/ontomlff/MLFFElasticityResult_46cd152e-a4bf-4d39-90da-c9c6023f34be,[],[],0.13542686117611175,eV/Å^3,0.3333508843752344,/scratch/kenko/akg4pyscf/.graphchat-workspaces/kenko_room/mlff_elasticity_benchmark/workflow_runs/MACE_OMAT/elasticity_MACE_OMAT/structures/Cs4P4Si2_849815f0/output.json,mp-8932,cif,https://elagente.ca/grafico/ConceptualAtoms_89a9931f-4079-4810-a7a1-d8435b73b566,mp-8932
B4HfTi,1.69731379498335,https://elagente.ca/grafico/ConceptualAtoms_89ac495e-ea00-41f3-b74c-58976c117bba,https://elagente.ca/ontomlff/MLFFElasticityResult_4a417e41-cd66-44e8-85c5-10fcc05e7a35,[],[],1.6309531136707658,eV/Å^3,3.705867015219563,/scratch/kenko/akg4pyscf/.graphchat-workspaces/kenko_room/mlff_elasticity_benchmark/workflow_runs/MACE_OMAT/elasticity_MACE_OMAT/structures/B4HfTi_7a3fe52b/output.json,mp-1224263,cif,https://elagente.ca/grafico/ConceptualAtoms_89ac495e-ea00-41f3-b74c-58976c117bba,mp-1224263
FeSb2Zr6,0.7247151257490625,https://elagente.ca/grafico/ConceptualAtoms_89b6f6b3-4519-4154-81cf-9549ab0237c1,https://elagente.ca/ontomlff/MLFFElasticityResult_3f514563-5246-45ff-b61a-e727206a68a4,[],[],0.37313407012839694,eV/Å^3,0.9554284055864729,/scratch/kenko/akg4pyscf/.graphchat-workspaces/kenko_room/mlff_elasticity_benchmark/workflow_runs/MACE_OMAT/elasticity_MACE_OMAT/structures/FeSb2Zr6_79d02074/output.json,mp-12962,cif,https://elagente.ca/grafico/ConceptualAtoms_89b6f6b3-4519-4154-81cf-9549ab0237c1,mp-12962
P3Ru3Ti3,1.3412511080547516,https://elagente.ca/grafico/ConceptualAtoms_8a1b30a3-bec0-4db6-82e8-5b284471e1db,https://elagente.ca/ontomlff/MLFFElasticityResult_2f9c5e14-b6fa-4e8d-b59d-eb9819d477c8,[],[],0.6863199837047985,eV/Å^3,1.7589422512334174,/scratch/kenko/akg4pyscf/.graphchat-workspaces/kenko_room/mlff_elasticity_benchmark/workflow_runs/MACE_OMAT/elasticity_MACE_OMAT/structures/P3Ru3Ti3_d30ca9b0/output.json,mp-10739,cif,https://elagente.ca/grafico/ConceptualAtoms_8a1b30a3-bec0-4db6-82e8-5b284471e1db,mp-10739
C4K4N4S4,0.2591696289989822,https://elagente.ca/grafico/ConceptualAtoms_8a331ada-d4fd-45d9-96ec-1320bcfbbb6c,https://elagente.ca/ontomlff/MLFFElasticityResult_72a69d26-d0eb-43c9-a3c9-1efdda86e2b7,[],[],0.15001618719790016,eV/Å^3,0.3772585409866636,/scratch/kenko/akg4pyscf/.graphchat-workspaces/kenko_room/mlff_elasticity_benchmark/workflow_runs/MACE_OMAT/elasticity_MACE_OMAT/structures/C4K4N4S4_32facad7/output.json,mp-6511,cif,https://elagente.ca/grafico/ConceptualAtoms_8a331ada-d4fd-45d9-96ec-1320bcfbbb6c,mp-6511
Sb2Sr4,0.16125320127424125,https://elagente.ca/grafico/ConceptualAtoms_8a3ea606-25af-4d27-9cab-da4f66070975,https://elagente.ca/ontomlff/MLFFElasticityResult_b4c25710-0e72-4888-bd32-1ef8134c1539,[],[],0.1276512614710398,eV/Å^3,0.30300012895762496,/scratch/kenko/akg4pyscf/.graphchat-workspaces/kenko_room/mlff_elasticity_benchmark/workflow_runs/MACE_OMAT/elasticity_MACE_OMAT/structures/Sb2Sr4_5af9266c/output.json,mp-15624,cif,https://elagente.ca/grafico/ConceptualAtoms_8a3ea606-25af-4d27-9cab-da4f66070975,mp-15624
C4N4Na4S4,0.2809473322353524,https://elagente.ca/grafico/ConceptualAtoms_8ab91e6e-e207-4b3f-aaed-8e9c3b234241,https://elagente.ca/ontomlff/MLFFElasticityResult_7c0d6f7a-aac0-4731-82a6-50077808e95a,[],[],0.17538017471496878,eV/Å^3,0.4355172597542077,/scratch/kenko/akg4pyscf/.graphchat-workspaces/kenko_room/mlff_elasticity_benchmark/workflow_runs/MACE_OMAT/elasticity_MACE_OMAT/structures/C4N4Na4S4_3ba17e3a/output.json,mp-6633,cif,https://elagente.ca/grafico/ConceptualAtoms_8ab91e6e-e207-4b3f-aaed-8e9c3b234241,mp-6633
H2I6,0.05758706928074667,https://elagente.ca/grafico/ConceptualAtoms_8ab9a2f8-f48f-479c-9906-4478aacad049,https://elagente.ca/ontomlff/MLFFElasticityResult_d2adab98-2beb-4aea-8b66-3ab67cb7416a,[],[],0.04110571809737905,eV/Å^3,0.09961531185608545,/scratch/kenko/akg4pyscf/.graphchat-workspaces/kenko_room/mlff_elasticity_benchmark/workflow_runs/MACE_OMAT/elasticity_MACE_OMAT/structures/H2I6_57554f5d/output.json,mp-2929431,cif,https://elagente.ca/grafico/ConceptualAtoms_8ab9a2f8-f48f-479c-9906-4478aacad049,mp-2929431
Be2O2,1.34054241999594,https://elagente.ca/grafico/ConceptualAtoms_8ac35610-f9c0-4d63-9af3-be0764ceebbd,https://elagente.ca/ontomlff/MLFFElasticityResult_4179a86b-94c1-4e1b-9b2d-b196887d6a62,[],[],1.0675202386691351,eV/Å^3,2.5307785794497883,/scratch/kenko/akg4pyscf/.graphchat-workspaces/kenko_room/mlff_elasticity_benchmark/workflow_runs/MACE_OMAT/elasticity_MACE_OMAT/structures/Be2O2_99f1ed5c/output.json,mp-2542,cif,https://elagente.ca/grafico/ConceptualAtoms_8ac35610-f9c0-4d63-9af3-be0764ceebbd,mp-2542
CRu,1.7447382670567744,https://elagente.ca/grafico/ConceptualAtoms_8b0235aa-1c6a-4929-8303-e920965a4d7c,https://elagente.ca/ontomlff/MLFFElasticityResult_78d3d98b-a25d-4a37-aa04-d0661b279a71,[],[],0.5384712377535492,eV/Å^3,1.4647292977566178,/scratch/kenko/akg4pyscf/.graphchat-workspaces/kenko_room/mlff_elasticity_benchmark/workflow_runs/MACE_OMAT/elasticity_MACE_OMAT/structures/CRu_75b1338d/output.json,mp-1009792,cif,https://elagente.ca/grafico/ConceptualAtoms_8b0235aa-1c6a-4929-8303-e920965a4d7c,mp-1009792
NbRu2Tm,1.1165477228064709,https://elagente.ca/grafico/ConceptualAtoms_8b417221-e21c-4b5a-8eb0-e577bbe5193d,https://elagente.ca/ontomlff/MLFFElasticityResult_89552612-76a5-49fc-8195-df6dfb2db2ce,[],[],0.49202154456827674,eV/Å^3,1.2870175264695807,/scratch/kenko/akg4pyscf/.graphchat-workspaces/kenko_room/mlff_elasticity_benchmark/workflow_runs/MACE_OMAT/elasticity_MACE_OMAT/structures/NbRu2Tm_f5900bc1/output.json,mp-865248,cif,https://elagente.ca/grafico/ConceptualAtoms_8b417221-e21c-4b5a-8eb0-e577bbe5193d,mp-865248
As4Rh4Ti4,1.140164539012991,https://elagente.ca/grafico/ConceptualAtoms_8b576a17-a683-41da-9762-460397f1dc28,https://elagente.ca/ontomlff/MLFFElasticityResult_fd08aba9-4078-4872-8547-74889e3f18be,[],[],0.596471691025757,eV/Å^3,1.5237081643214192,/scratch/kenko/akg4pyscf/.graphchat-workspaces/kenko_room/mlff_elasticity_benchmark/workflow_runs/MACE_OMAT/elasticity_MACE_OMAT/structures/As4Rh4Ti4_5214238c/output.json,mp-505540,cif,https://elagente.ca/grafico/ConceptualAtoms_8b576a17-a683-41da-9762-460397f1dc28,mp-505540
Ca2,0.11029976876362454,https://elagente.ca/grafico/ConceptualAtoms_8b63c8c7-adf8-495d-b65a-79b4a544953f,https://elagente.ca/ontomlff/MLFFElasticityResult_7a1eb245-675e-4cbc-8131-4eff68831739,[],[],0.06363638288522235,eV/Å^3,0.1601165790265063,/scratch/kenko/akg4pyscf/.graphchat-workspaces/kenko_room/mlff_elasticity_benchmark/workflow_runs/MACE_OMAT/elasticity_MACE_OMAT/structures/Ca2_610d71e1/output.json,mp-132,cif,https://elagente.ca/grafico/ConceptualAtoms_8b63c8c7-adf8-495d-b65a-79b4a544953f,mp-132
Hf4O14Y4,1.157604485957266,https://elagente.ca/grafico/ConceptualAtoms_8b75b39f-76a5-4503-843d-c0f2e313c755,https://elagente.ca/ontomlff/MLFFElasticityResult_0005cd33-f3d0-4032-b119-045f48b37813,[],[],0.6857398930769496,eV/Å^3,1.7179869019118534,/scratch/kenko/akg4pyscf/.graphchat-workspaces/kenko_room/mlff_elasticity_benchmark/workflow_runs/MACE_OMAT/elasticity_MACE_OMAT/structures/Hf4O14Y4_a0817fc6/output.json,mp-561442,cif,https://elagente.ca/grafico/ConceptualAtoms_8b75b39f-76a5-4503-843d-c0f2e313c755,mp-561442
La2MgO4,0.8573465488349504,https://elagente.ca/grafico/ConceptualAtoms_8b8eae77-37c7-4478-9b39-43c3d9ca5d94,https://elagente.ca/ontomlff/MLFFElasticityResult_ae3ca0d4-8e7e-4736-851e-0b2f43375b82,[],[],0.48250935947916096,eV/Å^3,1.21887047805632,/scratch/kenko/akg4pyscf/.graphchat-workspaces/kenko_room/mlff_elasticity_benchmark/workflow_runs/MACE_OMAT/elasticity_MACE_OMAT/structures/La2MgO4_2cf69647/output.json,mp-754808,cif,https://elagente.ca/grafico/ConceptualAtoms_8b8eae77-37c7-4478-9b39-43c3d9ca5d94,mp-754808
Be24P16,0.6416310145330784,https://elagente.ca/grafico/ConceptualAtoms_8bc75c13-0a8a-4c52-b7a8-06cd1ccc488a,https://elagente.ca/ontomlff/MLFFElasticityResult_680e8ceb-a87d-48f2-9c15-272edba206d4,[],[],0.4563037377342489,eV/Å^3,1.1065896326818216,/scratch/kenko/akg4pyscf/.graphchat-workspaces/kenko_room/mlff_elasticity_benchmark/workflow_runs/MACE_OMAT/elasticity_MACE_OMAT/structures/Be24P16_397c04c7/output.json,mp-567841,cif,https://elagente.ca/grafico/ConceptualAtoms_8bc75c13-0a8a-4c52-b7a8-06cd1ccc488a,mp-567841
Ba2Cu2O4,0.5058811334201615,https://elagente.ca/grafico/ConceptualAtoms_8bfccdbc-a0b1-4a68-91be-482219a52100,https://elagente.ca/ontomlff/MLFFElasticityResult_a7a31c14-37be-469b-8342-d05e070f1f8f,[],[],0.26988267645027125,eV/Å^3,0.687406468799167,/scratch/kenko/akg4pyscf/.graphchat-workspaces/kenko_room/mlff_elasticity_benchmark/workflow_runs/MACE_OMAT/elasticity_MACE_OMAT/structures/Ba2Cu2O4_5e4789f5/output.json,mp-997034,cif,https://elagente.ca/grafico/ConceptualAtoms_8bfccdbc-a0b1-4a68-91be-482219a52100,mp-997034
Ni2P2Y,0.9858195207560145,https://elagente.ca/grafico/ConceptualAtoms_8c62db1d-2293-491c-b3ae-f1aff3869408,https://elagente.ca/ontomlff/MLFFElasticityResult_c64f6c95-2776-4f23-9261-8b43560ed6be,[],[],0.5363067833107025,eV/Å^3,1.3619447198809478,/scratch/kenko/akg4pyscf/.graphchat-workspaces/kenko_room/mlff_elasticity_benchmark/workflow_runs/MACE_OMAT/elasticity_MACE_OMAT/structures/Ni2P2Y_b651b216/output.json,mp-568940,cif,https://elagente.ca/grafico/ConceptualAtoms_8c62db1d-2293-491c-b3ae-f1aff3869408,mp-568940
CaLi2Sn,0.194308776651541,https://elagente.ca/grafico/ConceptualAtoms_8c785e2c-ca92-4455-809c-7c6b0bde8419,https://elagente.ca/ontomlff/MLFFElasticityResult_b46c84ee-4458-42c7-bdf7-7e8ec92f6c97,[],[],0.20498812554264853,eV/Å^3,0.4549718876452346,/scratch/kenko/akg4pyscf/.graphchat-workspaces/kenko_room/mlff_elasticity_benchmark/workflow_runs/MACE_OMAT/elasticity_MACE_OMAT/structures/CaLi2Sn_4e32309e/output.json,mp-865964,cif,https://elagente.ca/grafico/ConceptualAtoms_8c785e2c-ca92-4455-809c-7c6b0bde8419,mp-865964
Hf6Si4,0.9281714249280002,https://elagente.ca/grafico/ConceptualAtoms_8d2727e4-9618-444b-af05-39154f7e5032,https://elagente.ca/ontomlff/MLFFElasticityResult_b0c86a38-ae6d-40b8-bb38-a6a5bdba06c0,[],[],0.6861181281642028,eV/Å^3,1.651433082142362,/scratch/kenko/akg4pyscf/.graphchat-workspaces/kenko_room/mlff_elasticity_benchmark/workflow_runs/MACE_OMAT/elasticity_MACE_OMAT/structures/Hf6Si4_ed93f1a2/output.json,mp-2105,cif,https://elagente.ca/grafico/ConceptualAtoms_8d2727e4-9618-444b-af05-39154f7e5032,mp-2105
Bi2CoY6,0.3351830876427831,https://elagente.ca/grafico/ConceptualAtoms_8d2c2e33-ed59-40ef-960e-297551d25828,https://elagente.ca/ontomlff/MLFFElasticityResult_db8afce0-b3e1-44a4-baaf-4003bb8e4165,[],[],0.18025818767049495,eV/Å^3,0.4585697812675969,/scratch/kenko/akg4pyscf/.graphchat-workspaces/kenko_room/mlff_elasticity_benchmark/workflow_runs/MACE_OMAT/elasticity_MACE_OMAT/structures/Bi2CoY6_e14703bd/output.json,mp-30921,cif,https://elagente.ca/grafico/ConceptualAtoms_8d2c2e33-ed59-40ef-960e-297551d25828,mp-30921
Ba3Br2In2O5,0.4541466756168171,https://elagente.ca/grafico/ConceptualAtoms_8d50268c-39f3-4186-b300-cc550617b2ef,https://elagente.ca/ontomlff/MLFFElasticityResult_33d31121-168c-43ca-bd8b-ec64dd7b5d42,[],[],0.26181376151870706,eV/Å^3,0.6588358620327133,/scratch/kenko/akg4pyscf/.graphchat-workspaces/kenko_room/mlff_elasticity_benchmark/workflow_runs/MACE_OMAT/elasticity_MACE_OMAT/structures/Ba3Br2In2O5_1a68f48a/output.json,mp-556004,cif,https://elagente.ca/grafico/ConceptualAtoms_8d50268c-39f3-4186-b300-cc550617b2ef,mp-556004
AgHgSc2,0.48459131744344747,https://elagente.ca/grafico/ConceptualAtoms_8d84a7fa-9b69-4f02-a0ab-ce666b6603ba,https://elagente.ca/ontomlff/MLFFElasticityResult_040a8aa1-e2ef-499d-a5a4-efc46ffae1a9,[],[],0.20106620387466817,eV/Å^3,0.529908841269481,/scratch/kenko/akg4pyscf/.graphchat-workspaces/kenko_room/mlff_elasticity_benchmark/workflow_runs/MACE_OMAT/elasticity_MACE_OMAT/structures/AgHgSc2_d0b239d9/output.json,mp-862702,cif,https://elagente.ca/grafico/ConceptualAtoms_8d84a7fa-9b69-4f02-a0ab-ce666b6603ba,mp-862702
BPrRh3,1.0893347149154349,https://elagente.ca/grafico/ConceptualAtoms_8d8a7874-78b9-4048-bf56-ccb1884ed7f2,https://elagente.ca/ontomlff/MLFFElasticityResult_164516ca-1863-4f33-93ab-c8ef3ca729a4,[],[],0.43625038112671427,eV/Å^3,1.1546194061812658,/scratch/kenko/akg4pyscf/.graphchat-workspaces/kenko_room/mlff_elasticity_benchmark/workflow_runs/MACE_OMAT/elasticity_MACE_OMAT/structures/BPrRh3_1b8877e1/output.json,mp-5200,cif,https://elagente.ca/grafico/ConceptualAtoms_8d8a7874-78b9-4048-bf56-ccb1884ed7f2,mp-5200
Au2MgZn,0.5723771779002951,https://elagente.ca/grafico/ConceptualAtoms_8e4fd848-b217-4c4e-b02a-f9f2a555bb6c,https://elagente.ca/ontomlff/MLFFElasticityResult_f33e4c26-04a2-4021-b351-94129da58226,[],[],0.11603174632038749,eV/Å^3,0.32606223246214094,/scratch/kenko/akg4pyscf/.graphchat-workspaces/kenko_room/mlff_elasticity_benchmark/workflow_runs/MACE_OMAT/elasticity_MACE_OMAT/structures/Au2MgZn_8e54a7c9/output.json,mp-864922,cif,https://elagente.ca/grafico/ConceptualAtoms_8e4fd848-b217-4c4e-b02a-f9f2a555bb6c,mp-864922
F6Pu2,0.780305332565991,https://elagente.ca/grafico/ConceptualAtoms_8e6dfce8-28b1-4d89-b2fa-a1d76482cd75,https://elagente.ca/ontomlff/MLFFElasticityResult_0841a2e7-6801-488e-8b75-c83877a4eccb,[],[],0.2673195398313626,eV/Å^3,0.7197654256500893,/scratch/kenko/akg4pyscf/.graphchat-workspaces/kenko_room/mlff_elasticity_benchmark/workflow_runs/MACE_OMAT/elasticity_MACE_OMAT/structures/F6Pu2_e9a0924d/output.json,mp-8033,cif,https://elagente.ca/grafico/ConceptualAtoms_8e6dfce8-28b1-4d89-b2fa-a1d76482cd75,mp-8033
SY,0.5555135339367092,https://elagente.ca/grafico/ConceptualAtoms_8e75dff5-3de8-4da6-bb9f-d319867b2bf4,https://elagente.ca/ontomlff/MLFFElasticityResult_fcea40dd-2be3-4a81-ab2b-84f11b6948ad,[],[],0.2903973198088753,eV/Å^3,0.7419125340234783,/scratch/kenko/akg4pyscf/.graphchat-workspaces/kenko_room/mlff_elasticity_benchmark/workflow_runs/MACE_OMAT/elasticity_MACE_OMAT/structures/SY_8bb29286/output.json,mp-1534,cif,https://elagente.ca/grafico/ConceptualAtoms_8e75dff5-3de8-4da6-bb9f-d319867b2bf4,mp-1534
MgRh2Zn,0.8244900594900785,https://elagente.ca/grafico/ConceptualAtoms_8e8ec2ee-22b3-4bbd-9db1-7a86850c34cb,https://elagente.ca/ontomlff/MLFFElasticityResult_354b3933-5c3a-4163-80c3-0b07cd080f24,[],[],0.41999412402895386,eV/Å^3,1.0770925426877334,/scratch/kenko/akg4pyscf/.graphchat-workspaces/kenko_room/mlff_elasticity_benchmark/workflow_runs/MACE_OMAT/elasticity_MACE_OMAT/structures/MgRh2Zn_0ff2db72/output.json,mp-977547,cif,https://elagente.ca/grafico/ConceptualAtoms_8e8ec2ee-22b3-4bbd-9db1-7a86850c34cb,mp-977547
Al2MgS4,0.41553936763946747,https://elagente.ca/grafico/ConceptualAtoms_8eb610fa-de98-44cd-8d36-5b873b39d560,https://elagente.ca/ontomlff/MLFFElasticityResult_66ea60ae-5fc3-448e-a677-b37819f4291d,[],[],0.272948085708579,eV/Å^3,0.6717615080170057,/scratch/kenko/akg4pyscf/.graphchat-workspaces/kenko_room/mlff_elasticity_benchmark/workflow_runs/MACE_OMAT/elasticity_MACE_OMAT/structures/Al2MgS4_96f3b0db/output.json,mp-16755,cif,https://elagente.ca/grafico/ConceptualAtoms_8eb610fa-de98-44cd-8d36-5b873b39d560,mp-16755
Ge4Ni4,0.920198847567123,https://elagente.ca/grafico/ConceptualAtoms_8efc02ba-ce9b-44d0-b3e0-216617eaf6be,https://elagente.ca/ontomlff/MLFFElasticityResult_327b8aea-92d9-4196-8610-37b78e749a7d,[],[],0.44968867598799445,eV/Å^3,1.1600922531717293,/scratch/kenko/akg4pyscf/.graphchat-workspaces/kenko_room/mlff_elasticity_benchmark/workflow_runs/MACE_OMAT/elasticity_MACE_OMAT/structures/Ge4Ni4_12e33e2f/output.json,mp-1099,cif,https://elagente.ca/grafico/ConceptualAtoms_8efc02ba-ce9b-44d0-b3e0-216617eaf6be,mp-1099
In3MgSr,0.2157146881544812,https://elagente.ca/grafico/ConceptualAtoms_8f04d0b5-1d74-4243-a48f-84bc79db1077,https://elagente.ca/ontomlff/MLFFElasticityResult_6ac06abf-541b-4524-84c8-d658aa92ef31,[],[],0.13177761426011736,eV/Å^3,0.32845061279076443,/scratch/kenko/akg4pyscf/.graphchat-workspaces/kenko_room/mlff_elasticity_benchmark/workflow_runs/MACE_OMAT/elasticity_MACE_OMAT/structures/In3MgSr_e00315e3/output.json,mp-571443,cif,https://elagente.ca/grafico/ConceptualAtoms_8f04d0b5-1d74-4243-a48f-84bc79db1077,mp-571443
Mn2P2Sr,0.5799113018575165,https://elagente.ca/grafico/ConceptualAtoms_8f58bb31-0db4-45f7-be0f-8188d2f7454f,https://elagente.ca/ontomlff/MLFFElasticityResult_91e75538-cae3-40ca-a3f6-a4b9a5770453,[],[],0.3897990162741021,eV/Å^3,0.9553455004341769,/scratch/kenko/akg4pyscf/.graphchat-workspaces/kenko_room/mlff_elasticity_benchmark/workflow_runs/MACE_OMAT/elasticity_MACE_OMAT/structures/Mn2P2Sr_2cc3ef5a/output.json,mp-5589,cif,https://elagente.ca/grafico/ConceptualAtoms_8f58bb31-0db4-45f7-be0f-8188d2f7454f,mp-5589
Al2Ge2Y2,0.5179437646742058,https://elagente.ca/grafico/ConceptualAtoms_8f86dd5f-5678-4aaf-ad52-0cdbf158c343,https://elagente.ca/ontomlff/MLFFElasticityResult_8f8551af-dc52-4c34-85a9-69e96c750e72,[],[],0.3410101318714767,eV/Å^3,0.838918033835981,/scratch/kenko/akg4pyscf/.graphchat-workspaces/kenko_room/mlff_elasticity_benchmark/workflow_runs/MACE_OMAT/elasticity_MACE_OMAT/structures/Al2Ge2Y2_67d6a373/output.json,mp-29736,cif,https://elagente.ca/grafico/ConceptualAtoms_8f86dd5f-5678-4aaf-ad52-0cdbf158c343,mp-29736
Hf4Pd4Si4,1.1267505502911752,https://elagente.ca/grafico/ConceptualAtoms_8f8a8bd9-e0a6-4c4f-89da-04d51534bbf2,https://elagente.ca/ontomlff/MLFFElasticityResult_49f9ea43-7998-4a58-b280-a037fb99c830,[],[],0.6055515760206858,eV/Å^3,1.5406556204692312,/scratch/kenko/akg4pyscf/.graphchat-workspaces/kenko_room/mlff_elasticity_benchmark/workflow_runs/MACE_OMAT/elasticity_MACE_OMAT/structures/Hf4Pd4Si4_5631e690/output.json,mp-10457,cif,https://elagente.ca/grafico/ConceptualAtoms_8f8a8bd9-e0a6-4c4f-89da-04d51534bbf2,mp-10457
Mo,1.6081992815635722,https://elagente.ca/grafico/ConceptualAtoms_8ff0ad58-54c6-49b5-8991-c458b50337ab,https://elagente.ca/ontomlff/MLFFElasticityResult_a3e4e32c-69bb-4aae-b2c2-306f46d54ae5,[],[],0.6732414079617235,eV/Å^3,1.772397607428199,/scratch/kenko/akg4pyscf/.graphchat-workspaces/kenko_room/mlff_elasticity_benchmark/workflow_runs/MACE_OMAT/elasticity_MACE_OMAT/structures/Mo_90a169ca/output.json,mp-129,cif,https://elagente.ca/grafico/ConceptualAtoms_8ff0ad58-54c6-49b5-8991-c458b50337ab,mp-129
AlLu2Zn,0.4278182431043075,https://elagente.ca/grafico/ConceptualAtoms_8ff23f6c-da01-42c5-8d8b-7979e84dc850,https://elagente.ca/ontomlff/MLFFElasticityResult_abe36431-97b6-4bbb-97c9-7a2411a35972,[],[],0.25340177177709017,eV/Å^3,0.6348602530676969,/scratch/kenko/akg4pyscf/.graphchat-workspaces/kenko_room/mlff_elasticity_benchmark/workflow_runs/MACE_OMAT/elasticity_MACE_OMAT/structures/AlLu2Zn_6b6116b6/output.json,mp-973538,cif,https://elagente.ca/grafico/ConceptualAtoms_8ff23f6c-da01-42c5-8d8b-7979e84dc850,mp-973538
Ag3Li,0.3896588053795753,https://elagente.ca/grafico/ConceptualAtoms_902f60a4-8d24-4f9a-9193-a4715aafbd25,https://elagente.ca/ontomlff/MLFFElasticityResult_202320be-eb3e-4aa2-baa3-fe44e246ce99,[],[],0.1520945794019259,eV/Å^3,0.4037519034409513,/scratch/kenko/akg4pyscf/.graphchat-workspaces/kenko_room/mlff_elasticity_benchmark/workflow_runs/MACE_OMAT/elasticity_MACE_OMAT/structures/Ag3Li_cd40ebde/output.json,mp-862716,cif,https://elagente.ca/grafico/ConceptualAtoms_902f60a4-8d24-4f9a-9193-a4715aafbd25,mp-862716
DyPd2Si2,0.8224154461605784,https://elagente.ca/grafico/ConceptualAtoms_903c9ecf-f732-4783-95a9-816c9812e4ef,https://elagente.ca/ontomlff/MLFFElasticityResult_db52ced7-fc1a-4628-a5be-46c58a94a7b1,[],[],0.4103484674835302,eV/Å^3,1.0554968529289372,/scratch/kenko/akg4pyscf/.graphchat-workspaces/kenko_room/mlff_elasticity_benchmark/workflow_runs/MACE_OMAT/elasticity_MACE_OMAT/structures/DyPd2Si2_16b17c8d/output.json,mp-3301,cif,https://elagente.ca/grafico/ConceptualAtoms_903c9ecf-f732-4783-95a9-816c9812e4ef,mp-3301
Ba2Rh4,0.5861713103041953,https://elagente.ca/grafico/ConceptualAtoms_906d05e6-6b20-4647-baed-dd8dae05e386,https://elagente.ca/ontomlff/MLFFElasticityResult_2957c740-401d-486e-a6a1-17658ec80ae7,[],[],0.24619451991037247,eV/Å^3,0.647879485117649,/scratch/kenko/akg4pyscf/.graphchat-workspaces/kenko_room/mlff_elasticity_benchmark/workflow_runs/MACE_OMAT/elasticity_MACE_OMAT/structures/Ba2Rh4_69a43c1a/output.json,mp-568430,cif,https://elagente.ca/grafico/ConceptualAtoms_906d05e6-6b20-4647-baed-dd8dae05e386,mp-568430
Cu2GeTe3,0.3034305360842342,https://elagente.ca/grafico/ConceptualAtoms_9079feb9-a505-4a36-b9ed-8c7c303758a9,https://elagente.ca/ontomlff/MLFFElasticityResult_2e18d883-ee0a-43db-8cce-d7a8fb1a5dae,[],[],0.16105272223962525,eV/Å^3,0.41052611387866256,/scratch/kenko/akg4pyscf/.graphchat-workspaces/kenko_room/mlff_elasticity_benchmark/workflow_runs/MACE_OMAT/elasticity_MACE_OMAT/structures/Cu2GeTe3_685c56b6/output.json,mp-12806,cif,https://elagente.ca/grafico/ConceptualAtoms_9079feb9-a505-4a36-b9ed-8c7c303758a9,mp-12806
GaGeRu2,1.3138897870658623,https://elagente.ca/grafico/ConceptualAtoms_9089d215-965c-488f-bc6e-14afe2c5eb8a,https://elagente.ca/ontomlff/MLFFElasticityResult_3adf7d93-f0f7-4022-b181-f3dc9838bbd3,[],[],0.5341034206392714,eV/Å^3,1.411103193657193,/scratch/kenko/akg4pyscf/.graphchat-workspaces/kenko_room/mlff_elasticity_benchmark/workflow_runs/MACE_OMAT/elasticity_MACE_OMAT/structures/GaGeRu2_c1cf043d/output.json,mp-865895,cif,https://elagente.ca/grafico/ConceptualAtoms_9089d215-965c-488f-bc6e-14afe2c5eb8a,mp-865895
ErGaRh2,0.9142678829209865,https://elagente.ca/grafico/ConceptualAtoms_9145c73f-8a24-4052-ac5a-14c3e8930ceb,https://elagente.ca/ontomlff/MLFFElasticityResult_5d6ded78-2f3e-4ff0-81fa-8ec2bb0d42c7,[],[],0.3557546302782051,eV/Å^3,0.9447281704444737,/scratch/kenko/akg4pyscf/.graphchat-workspaces/kenko_room/mlff_elasticity_benchmark/workflow_runs/MACE_OMAT/elasticity_MACE_OMAT/structures/ErGaRh2_7559e865/output.json,mp-863711,cif,https://elagente.ca/grafico/ConceptualAtoms_9145c73f-8a24-4052-ac5a-14c3e8930ceb,mp-863711
C2BaMgO6,0.6558683501941497,https://elagente.ca/grafico/ConceptualAtoms_91501b57-ca56-44d3-83ff-be1e55cce57f,https://elagente.ca/ontomlff/MLFFElasticityResult_01f1b799-ac49-434d-830e-69a18b2dfa00,[],[],0.42354695662721825,eV/Å^3,1.0455710826904359,/scratch/kenko/akg4pyscf/.graphchat-workspaces/kenko_room/mlff_elasticity_benchmark/workflow_runs/MACE_OMAT/elasticity_MACE_OMAT/structures/C2BaMgO6_74a7c517/output.json,mp-6504,cif,https://elagente.ca/grafico/ConceptualAtoms_91501b57-ca56-44d3-83ff-be1e55cce57f,mp-6504
CNNaO,0.3895203761309418,https://elagente.ca/grafico/ConceptualAtoms_9155b8a7-5c6f-46a4-a72e-c443caa0111a,https://elagente.ca/ontomlff/MLFFElasticityResult_9b92c6ee-d6eb-4617-b62d-04ba0d52ea96,[],[],0.23190848143136306,eV/Å^3,0.5805179237969772,/scratch/kenko/akg4pyscf/.graphchat-workspaces/kenko_room/mlff_elasticity_benchmark/workflow_runs/MACE_OMAT/elasticity_MACE_OMAT/structures/CNNaO_06c002dc/output.json,mp-546500,cif,https://elagente.ca/grafico/ConceptualAtoms_9155b8a7-5c6f-46a4-a72e-c443caa0111a,mp-546500
AgPr2Tl,0.29349740919882705,https://elagente.ca/grafico/ConceptualAtoms_91c9f11b-32c0-494f-843d-ffb686370411,https://elagente.ca/ontomlff/MLFFElasticityResult_a5ded000-939f-4339-9bd2-b564c414bd1e,[],[],0.08331746179666147,eV/Å^3,0.22834500942157407,/scratch/kenko/akg4pyscf/.graphchat-workspaces/kenko_room/mlff_elasticity_benchmark/workflow_runs/MACE_OMAT/elasticity_MACE_OMAT/structures/AgPr2Tl_4532e4fe/output.json,mp-978085,cif,https://elagente.ca/grafico/ConceptualAtoms_91c9f11b-32c0-494f-843d-ffb686370411,mp-978085
HgRb3,0.0185704956434299,https://elagente.ca/grafico/ConceptualAtoms_91e61cbd-501f-43f0-b75d-8345f24f4905,https://elagente.ca/ontomlff/MLFFElasticityResult_a4c54f62-8495-43be-b9f2-d527cc78dd87,[],[],0.004745089914782916,eV/Å^3,0.013117977988462159,/scratch/kenko/akg4pyscf/.graphchat-workspaces/kenko_room/mlff_elasticity_benchmark/workflow_runs/MACE_OMAT/elasticity_MACE_OMAT/structures/HgRb3_8a199702/output.json,mp-974990,cif,https://elagente.ca/grafico/ConceptualAtoms_91e61cbd-501f-43f0-b75d-8345f24f4905,mp-974990
Mg8Tm4,0.2595644000585431,https://elagente.ca/grafico/ConceptualAtoms_92423d29-1fcd-4707-95e2-30132778efca,https://elagente.ca/ontomlff/MLFFElasticityResult_a2d426b8-27f1-4c71-b5f5-e3b04dbc7bb9,[],[],0.15104763794463902,eV/Å^3,0.37952436984874865,/scratch/kenko/akg4pyscf/.graphchat-workspaces/kenko_room/mlff_elasticity_benchmark/workflow_runs/MACE_OMAT/elasticity_MACE_OMAT/structures/Mg8Tm4_e818f8be/output.json,mp-2214,cif,https://elagente.ca/grafico/ConceptualAtoms_92423d29-1fcd-4707-95e2-30132778efca,mp-2214
Sn2Sr2Zn2,0.24793324928747904,https://elagente.ca/grafico/ConceptualAtoms_92996271-e195-41e0-af70-5fabf590fbb5,https://elagente.ca/ontomlff/MLFFElasticityResult_a2aa381a-963d-42ea-8b6f-c4444cea3bf8,[],[],0.17789881282864378,eV/Å^3,0.4306866618987418,/scratch/kenko/akg4pyscf/.graphchat-workspaces/kenko_room/mlff_elasticity_benchmark/workflow_runs/MACE_OMAT/elasticity_MACE_OMAT/structures/Sn2Sr2Zn2_178de439/output.json,mp-1019279,cif,https://elagente.ca/grafico/ConceptualAtoms_92996271-e195-41e0-af70-5fabf590fbb5,mp-1019279
Cl4CrCs2,0.14631311289705634,https://elagente.ca/grafico/ConceptualAtoms_92f0f420-5845-4493-81d3-98b4f815bbd4,https://elagente.ca/ontomlff/MLFFElasticityResult_33baf982-115a-4cc4-ac4a-1e9af7b9b7bc,[],[],0.07743009857139503,eV/Å^3,0.19745814029135714,/scratch/kenko/akg4pyscf/.graphchat-workspaces/kenko_room/mlff_elasticity_benchmark/workflow_runs/MACE_OMAT/elasticity_MACE_OMAT/structures/Cl4CrCs2_14ed3057/output.json,mp-28497,cif,https://elagente.ca/grafico/ConceptualAtoms_92f0f420-5845-4493-81d3-98b4f815bbd4,mp-28497
Hg2Na,0.12528229052755788,https://elagente.ca/grafico/ConceptualAtoms_933e4264-01ec-409b-83d1-e20e04cc6b89,https://elagente.ca/ontomlff/MLFFElasticityResult_521c4c1e-e2da-4e9a-8e4d-060a90a6c953,[],[],0.05475087360097491,eV/Å^3,0.14336775881560912,/scratch/kenko/akg4pyscf/.graphchat-workspaces/kenko_room/mlff_elasticity_benchmark/workflow_runs/MACE_OMAT/elasticity_MACE_OMAT/structures/Hg2Na_1ca89adb/output.json,mp-11466,cif,https://elagente.ca/grafico/ConceptualAtoms_933e4264-01ec-409b-83d1-e20e04cc6b89,mp-11466
CdS,0.43684933453643593,https://elagente.ca/grafico/ConceptualAtoms_935cc797-678f-4b06-8044-d2afe2d05dd5,https://elagente.ca/ontomlff/MLFFElasticityResult_1fab31c1-55a8-4b08-8e64-0d18ddb7b0b1,[],[],0.2041314597550597,eV/Å^3,0.5298627535260092,/scratch/kenko/akg4pyscf/.graphchat-workspaces/kenko_room/mlff_elasticity_benchmark/workflow_runs/MACE_OMAT/elasticity_MACE_OMAT/structures/CdS_24e9fd15/output.json,mp-370,cif,https://elagente.ca/grafico/ConceptualAtoms_935cc797-678f-4b06-8044-d2afe2d05dd5,mp-370
Cl6Na3Y,0.19381721900304205,https://elagente.ca/grafico/ConceptualAtoms_939d8018-124d-489f-af01-c726201eda39,https://elagente.ca/ontomlff/MLFFElasticityResult_6fe7e41f-8682-45ac-b16a-4a59b73b58b2,[],[],0.10039541741444599,eV/Å^3,0.2568394761879809,/scratch/kenko/akg4pyscf/.graphchat-workspaces/kenko_room/mlff_elasticity_benchmark/workflow_runs/MACE_OMAT/elasticity_MACE_OMAT/structures/Cl6Na3Y_faa32e0c/output.json,mp-675104,cif,https://elagente.ca/grafico/ConceptualAtoms_939d8018-124d-489f-af01-c726201eda39,mp-675104
CoLiS2,0.5828694022477758,https://elagente.ca/grafico/ConceptualAtoms_945ba21a-faa5-40ce-aaeb-97e1ba559560,https://elagente.ca/ontomlff/MLFFElasticityResult_d15a5fe7-34e0-4a96-ac1a-29401eb8dadb,[],[],0.37661393358531137,eV/Å^3,0.9296207712281674,/scratch/kenko/akg4pyscf/.graphchat-workspaces/kenko_room/mlff_elasticity_benchmark/workflow_runs/MACE_OMAT/elasticity_MACE_OMAT/structures/CoLiS2_5b0db02b/output.json,mp-757100,cif,https://elagente.ca/grafico/ConceptualAtoms_945ba21a-faa5-40ce-aaeb-97e1ba559560,mp-757100
B2Ir3Th,1.6732061747082456,https://elagente.ca/grafico/ConceptualAtoms_94850edd-8a21-4bbe-b23e-b243e81e55f1,https://elagente.ca/ontomlff/MLFFElasticityResult_18719193-6b4a-4a51-9bc8-e71395ce6d1b,[],[],0.8115672933894493,eV/Å^3,2.0958472326001525,/scratch/kenko/akg4pyscf/.graphchat-workspaces/kenko_room/mlff_elasticity_benchmark/workflow_runs/MACE_OMAT/elasticity_MACE_OMAT/structures/B2Ir3Th_bea94866/output.json,mp-10115,cif,https://elagente.ca/grafico/ConceptualAtoms_94850edd-8a21-4bbe-b23e-b243e81e55f1,mp-10115
B12Si3,1.0480585761102512,https://elagente.ca/grafico/ConceptualAtoms_949d6019-6521-4063-88cb-612f995ce4dc,https://elagente.ca/ontomlff/MLFFElasticityResult_8dd8969e-a166-4cd9-b9a3-e115c93aa18a,[],[],0.9719843573487369,eV/Å^3,2.227383941158281,/scratch/kenko/akg4pyscf/.graphchat-workspaces/kenko_room/mlff_elasticity_benchmark/workflow_runs/MACE_OMAT/elasticity_MACE_OMAT/structures/B12Si3_45919fd1/output.json,mp-978496,cif,https://elagente.ca/grafico/ConceptualAtoms_949d6019-6521-4063-88cb-612f995ce4dc,mp-978496
Pt6Si2,1.419541463739782,https://elagente.ca/grafico/ConceptualAtoms_94a2ec52-d379-4d76-a3fc-92d44821839b,https://elagente.ca/ontomlff/MLFFElasticityResult_029c1b05-9f5d-4aab-a297-a297c012aa3c,[],[],0.4447830223871658,eV/Å^3,1.2081648439333206,/scratch/kenko/akg4pyscf/.graphchat-workspaces/kenko_room/mlff_elasticity_benchmark/workflow_runs/MACE_OMAT/elasticity_MACE_OMAT/structures/Pt6Si2_62114d3c/output.json,mp-13363,cif,https://elagente.ca/grafico/ConceptualAtoms_94a2ec52-d379-4d76-a3fc-92d44821839b,mp-13363
Nb8Ni2Si2,1.0918929789394385,https://elagente.ca/grafico/ConceptualAtoms_94c1bb44-eda4-4853-8e02-a536a3ee7dd7,https://elagente.ca/ontomlff/MLFFElasticityResult_5a88f5c1-c6eb-4f9a-bb7a-69f5d6ca3c88,[],[],0.515611720567879,eV/Å^3,1.3364671337058132,/scratch/kenko/akg4pyscf/.graphchat-workspaces/kenko_room/mlff_elasticity_benchmark/workflow_runs/MACE_OMAT/elasticity_MACE_OMAT/structures/Nb8Ni2Si2_684dec5f/output.json,mp-22396,cif,https://elagente.ca/grafico/ConceptualAtoms_94c1bb44-eda4-4853-8e02-a536a3ee7dd7,mp-22396
Cd6Sc2,0.3646869981014466,https://elagente.ca/grafico/ConceptualAtoms_94ca90b7-8a77-4286-a430-b62fd1113dfe,https://elagente.ca/ontomlff/MLFFElasticityResult_6f300c1c-7113-4e3c-bc27-2b8ef2fb54bc,[],[],0.18598373315276076,eV/Å^3,0.47688383925872263,/scratch/kenko/akg4pyscf/.graphchat-workspaces/kenko_room/mlff_elasticity_benchmark/workflow_runs/MACE_OMAT/elasticity_MACE_OMAT/structures/Cd6Sc2_df664d48/output.json,mp-30494,cif,https://elagente.ca/grafico/ConceptualAtoms_94ca90b7-8a77-4286-a430-b62fd1113dfe,mp-30494
ClCsINa,0.07292187414949042,https://elagente.ca/grafico/ConceptualAtoms_94d195f1-b38f-434f-9d85-b56d7c711d64,https://elagente.ca/ontomlff/MLFFElasticityResult_049dd14e-4d6f-4ded-8562-d9455c2ff83b,[],[],0.038240088362606034,eV/Å^3,0.09765094370933507,/scratch/kenko/akg4pyscf/.graphchat-workspaces/kenko_room/mlff_elasticity_benchmark/workflow_runs/MACE_OMAT/elasticity_MACE_OMAT/structures/ClCsINa_3d031de2/output.json,mp-1021431,cif,https://elagente.ca/grafico/ConceptualAtoms_94d195f1-b38f-434f-9d85-b56d7c711d64,mp-1021431
HoNaSe2,0.3196852584769233,https://elagente.ca/grafico/ConceptualAtoms_9553153d-22a7-4c6b-a586-060f8ef08d22,https://elagente.ca/ontomlff/MLFFElasticityResult_ac4f89cb-d11f-4460-a5d6-1c7a2db77b22,[],[],0.19817004792912368,eV/Å^3,0.49270278578473714,/scratch/kenko/akg4pyscf/.graphchat-workspaces/kenko_room/mlff_elasticity_benchmark/workflow_runs/MACE_OMAT/elasticity_MACE_OMAT/structures/HoNaSe2_b12894bf/output.json,mp-999474,cif,https://elagente.ca/grafico/ConceptualAtoms_9553153d-22a7-4c6b-a586-060f8ef08d22,mp-999474
PdSc2Tc,0.733624109327282,https://elagente.ca/grafico/ConceptualAtoms_955ef880-1051-4523-914a-15aa89e77488,https://elagente.ca/ontomlff/MLFFElasticityResult_3fd809a0-7ed3-4080-834d-122d316326a2,[],[],0.30133580844435104,eV/Å^3,0.7951396599434386,/scratch/kenko/akg4pyscf/.graphchat-workspaces/kenko_room/mlff_elasticity_benchmark/workflow_runs/MACE_OMAT/elasticity_MACE_OMAT/structures/PdSc2Tc_1808650d/output.json,mp-862423,cif,https://elagente.ca/grafico/ConceptualAtoms_955ef880-1051-4523-914a-15aa89e77488,mp-862423
Er2OsPd,0.6954280478712034,https://elagente.ca/grafico/ConceptualAtoms_957795c2-2101-4dd4-af52-486a6c4fca49,https://elagente.ca/ontomlff/MLFFElasticityResult_e8d0380f-c7cf-4ed9-a581-225f47d21db9,[],[],0.26422641134069436,eV/Å^3,0.7035722998249647,/scratch/kenko/akg4pyscf/.graphchat-workspaces/kenko_room/mlff_elasticity_benchmark/workflow_runs/MACE_OMAT/elasticity_MACE_OMAT/structures/Er2OsPd_1e000104/output.json,mp-867213,cif,https://elagente.ca/grafico/ConceptualAtoms_957795c2-2101-4dd4-af52-486a6c4fca49,mp-867213
SYb,0.4568370962547933,https://elagente.ca/grafico/ConceptualAtoms_958f7f4b-74b5-4339-b4e6-718391633b29,https://elagente.ca/ontomlff/MLFFElasticityResult_7dd6477f-2fd7-4495-b7e5-09ca04836ec5,[],[],0.3056739646896876,eV/Å^3,0.7497911434764831,/scratch/kenko/akg4pyscf/.graphchat-workspaces/kenko_room/mlff_elasticity_benchmark/workflow_runs/MACE_OMAT/elasticity_MACE_OMAT/structures/SYb_a7fcf342/output.json,mp-1820,cif,https://elagente.ca/grafico/ConceptualAtoms_958f7f4b-74b5-4339-b4e6-718391633b29,mp-1820
As2Co2,1.0442867359282455,https://elagente.ca/grafico/ConceptualAtoms_95f461b4-7f19-49db-b36b-ab3c60a520b1,https://elagente.ca/ontomlff/MLFFElasticityResult_a34ac07f-2b49-41fa-a792-51c11a476803,[],[],0.5606783871224725,eV/Å^3,1.426702575250915,/scratch/kenko/akg4pyscf/.graphchat-workspaces/kenko_room/mlff_elasticity_benchmark/workflow_runs/MACE_OMAT/elasticity_MACE_OMAT/structures/As2Co2_f6632fe4/output.json,mp-15679,cif,https://elagente.ca/grafico/ConceptualAtoms_95f461b4-7f19-49db-b36b-ab3c60a520b1,mp-15679
Al4Mg2O8,1.2191973013467807,https://elagente.ca/grafico/ConceptualAtoms_9624af50-33e5-455d-b3f7-af851cb5558a,https://elagente.ca/ontomlff/MLFFElasticityResult_40081347-b7f4-458f-9652-56c5a24e815d,[],[],0.81630384210132,eV/Å^3,2.002084867544167,/scratch/kenko/akg4pyscf/.graphchat-workspaces/kenko_room/mlff_elasticity_benchmark/workflow_runs/MACE_OMAT/elasticity_MACE_OMAT/structures/Al4Mg2O8_b42c00ee/output.json,mp-3536,cif,https://elagente.ca/grafico/ConceptualAtoms_9624af50-33e5-455d-b3f7-af851cb5558a,mp-3536
Mg4O8Si2,1.2137589247485658,https://elagente.ca/grafico/ConceptualAtoms_962c9130-840e-41df-b5fe-c373d2f3fa95,https://elagente.ca/ontomlff/MLFFElasticityResult_c1a036e1-9fc4-48ed-9267-2bf998735dab,[],[],0.8769335844756103,eV/Å^3,2.1201920496309685,/scratch/kenko/akg4pyscf/.graphchat-workspaces/kenko_room/mlff_elasticity_benchmark/workflow_runs/MACE_OMAT/elasticity_MACE_OMAT/structures/Mg4O8Si2_71d034d5/output.json,mp-5639,cif,https://elagente.ca/grafico/ConceptualAtoms_962c9130-840e-41df-b5fe-c373d2f3fa95,mp-5639
F6K2NaTl,0.30235239230514005,https://elagente.ca/grafico/ConceptualAtoms_9646f990-fd6c-4eae-93da-2d8a955f14ed,https://elagente.ca/ontomlff/MLFFElasticityResult_9c83a171-e369-462c-9494-7b0a3cec9044,[],[],0.13612140240791498,eV/Å^3,0.3550779246233588,/scratch/kenko/akg4pyscf/.graphchat-workspaces/kenko_room/mlff_elasticity_benchmark/workflow_runs/MACE_OMAT/elasticity_MACE_OMAT/structures/F6K2NaTl_ff42246b/output.json,mp-13798,cif,https://elagente.ca/grafico/ConceptualAtoms_9646f990-fd6c-4eae-93da-2d8a955f14ed,mp-13798
MnZn3,0.5614685203294305,https://elagente.ca/grafico/ConceptualAtoms_96ab6fdd-243b-48ee-badf-504b93fcb50a,https://elagente.ca/ontomlff/MLFFElasticityResult_eb961017-e686-4f0d-815d-608cdc961fc3,[],[],0.3424939995385009,eV/Å^3,0.8538639141218759,/scratch/kenko/akg4pyscf/.graphchat-workspaces/kenko_room/mlff_elasticity_benchmark/workflow_runs/MACE_OMAT/elasticity_MACE_OMAT/structures/MnZn3_74c648ac/output.json,mp-11504,cif,https://elagente.ca/grafico/ConceptualAtoms_96ab6fdd-243b-48ee-badf-504b93fcb50a,mp-11504
BiNa3,0.10978697207607803,https://elagente.ca/grafico/ConceptualAtoms_96ee87d5-9d97-4bf6-bf6a-6ae022d7c376,https://elagente.ca/ontomlff/MLFFElasticityResult_d45b74c1-cff1-4346-b2aa-b40518a91ef0,[],[],0.056182913643858245,eV/Å^3,0.14398717717971465,/scratch/kenko/akg4pyscf/.graphchat-workspaces/kenko_room/mlff_elasticity_benchmark/workflow_runs/MACE_OMAT/elasticity_MACE_OMAT/structures/BiNa3_4c0fde0a/output.json,mp-977189,cif,https://elagente.ca/grafico/ConceptualAtoms_96ee87d5-9d97-4bf6-bf6a-6ae022d7c376,mp-977189
Al2F14Mg2Na4,0.5232385944900213,https://elagente.ca/grafico/ConceptualAtoms_96f826ee-5a5b-4039-af77-ce251d5909b7,https://elagente.ca/ontomlff/MLFFElasticityResult_b1bd037a-b798-4e52-8d93-aed5869d4760,[],[],0.3277308749021997,eV/Å^3,0.8133735799019854,/scratch/kenko/akg4pyscf/.graphchat-workspaces/kenko_room/mlff_elasticity_benchmark/workflow_runs/MACE_OMAT/elasticity_MACE_OMAT/structures/Al2F14Mg2Na4_ebb555d3/output.json,mp-6319,cif,https://elagente.ca/grafico/ConceptualAtoms_96f826ee-5a5b-4039-af77-ce251d5909b7,mp-6319
H8O12P4Sr2,0.683578227413002,https://elagente.ca/grafico/ConceptualAtoms_974b07c3-1bba-4b3e-9a77-3f44399a4b90,https://elagente.ca/ontomlff/MLFFElasticityResult_378b80e5-2de3-4f3c-b0b7-3c7f02a24420,[],[],0.4684501723452648,eV/Å^3,1.1440212657452744,/scratch/kenko/akg4pyscf/.graphchat-workspaces/kenko_room/mlff_elasticity_benchmark/workflow_runs/MACE_OMAT/elasticity_MACE_OMAT/structures/H8O12P4Sr2_00eeadbc/output.json,mp-765294,cif,https://elagente.ca/grafico/ConceptualAtoms_974b07c3-1bba-4b3e-9a77-3f44399a4b90,mp-765294
Cl4Os,0.30424089351853567,https://elagente.ca/grafico/ConceptualAtoms_97a4864f-e19b-4cb3-8f0e-1fca49063322,https://elagente.ca/ontomlff/MLFFElasticityResult_626b1413-4736-429b-97bf-4bc088a93239,[],[],0.17843650095913158,eV/Å^3,0.4477707127157099,/scratch/kenko/akg4pyscf/.graphchat-workspaces/kenko_room/mlff_elasticity_benchmark/workflow_runs/MACE_OMAT/elasticity_MACE_OMAT/structures/Cl4Os_45abe00c/output.json,mp-571035,cif,https://elagente.ca/grafico/ConceptualAtoms_97a4864f-e19b-4cb3-8f0e-1fca49063322,mp-571035
Al5Ba5Pb,0.20632017624543664,https://elagente.ca/grafico/ConceptualAtoms_9845ef6c-d2bb-41d7-a018-f558eb36f9f7,https://elagente.ca/ontomlff/MLFFElasticityResult_62d0e1be-dc10-472f-bf78-31e4d824c4ff,[],[],0.14625938826268697,eV/Å^3,0.3549128281190856,/scratch/kenko/akg4pyscf/.graphchat-workspaces/kenko_room/mlff_elasticity_benchmark/workflow_runs/MACE_OMAT/elasticity_MACE_OMAT/structures/Al5Ba5Pb_0bfb8103/output.json,mp-568809,cif,https://elagente.ca/grafico/ConceptualAtoms_9845ef6c-d2bb-41d7-a018-f558eb36f9f7,mp-568809
O12Rh8,1.6198421244281551,https://elagente.ca/grafico/ConceptualAtoms_9848897a-361d-411c-aa38-06b993333470,https://elagente.ca/ontomlff/MLFFElasticityResult_961be02c-ea54-4ec9-adcb-d1787fa0df79,[],[],0.7952282164863873,eV/Å^3,2.0501857840759974,/scratch/kenko/akg4pyscf/.graphchat-workspaces/kenko_room/mlff_elasticity_benchmark/workflow_runs/MACE_OMAT/elasticity_MACE_OMAT/structures/O12Rh8_b4ed2f2d/output.json,mp-1716,cif,https://elagente.ca/grafico/ConceptualAtoms_9848897a-361d-411c-aa38-06b993333470,mp-1716
As4Mn4,0.4710006808350765,https://elagente.ca/grafico/ConceptualAtoms_9851e618-d748-4537-813a-b9c85feedd22,https://elagente.ca/ontomlff/MLFFElasticityResult_9ed7fa7d-6a55-4961-b16e-9fdad2be6a94,[],[],0.5953071659149782,eV/Å^3,1.2565349566129087,/scratch/kenko/akg4pyscf/.graphchat-workspaces/kenko_room/mlff_elasticity_benchmark/workflow_runs/MACE_OMAT/elasticity_MACE_OMAT/structures/As4Mn4_12824144/output.json,mp-22240,cif,https://elagente.ca/grafico/ConceptualAtoms_9851e618-d748-4537-813a-b9c85feedd22,mp-22240
Fe3NPt,1.145160933321085,https://elagente.ca/grafico/ConceptualAtoms_9863cb5b-91bb-464e-b262-cfd10ca13fec,https://elagente.ca/ontomlff/MLFFElasticityResult_f4afdc9e-b01a-4d77-bb9e-07fd43dd5351,[],[],0.4703232568301205,eV/Å^3,1.241065815174492,/scratch/kenko/akg4pyscf/.graphchat-workspaces/kenko_room/mlff_elasticity_benchmark/workflow_runs/MACE_OMAT/elasticity_MACE_OMAT/structures/Fe3NPt_d0ae21fc/output.json,mp-579496,cif,https://elagente.ca/grafico/ConceptualAtoms_9863cb5b-91bb-464e-b262-cfd10ca13fec,mp-579496
RhSbTh,0.7852205293506264,https://elagente.ca/grafico/ConceptualAtoms_98fc60d8-84cc-4b1f-b0f5-46606702c477,https://elagente.ca/ontomlff/MLFFElasticityResult_74f50a52-49af-4d44-b1db-1d3933932197,[],[],0.3540655200004894,eV/Å^3,0.9234050277316501,/scratch/kenko/akg4pyscf/.graphchat-workspaces/kenko_room/mlff_elasticity_benchmark/workflow_runs/MACE_OMAT/elasticity_MACE_OMAT/structures/RhSbTh_cdb8e297/output.json,mp-10623,cif,https://elagente.ca/grafico/ConceptualAtoms_98fc60d8-84cc-4b1f-b0f5-46606702c477,mp-10623
Hg2LiTb,0.2984173732647533,https://elagente.ca/grafico/ConceptualAtoms_99353c4f-2684-42b5-847b-92921e4b1b7a,https://elagente.ca/ontomlff/MLFFElasticityResult_f46ae762-7a74-46cf-824e-9606319cdc9f,[],[],0.1351707983771498,eV/Å^3,0.35231731063253297,/scratch/kenko/akg4pyscf/.graphchat-workspaces/kenko_room/mlff_elasticity_benchmark/workflow_runs/MACE_OMAT/elasticity_MACE_OMAT/structures/Hg2LiTb_1999d725/output.json,mp-864804,cif,https://elagente.ca/grafico/ConceptualAtoms_99353c4f-2684-42b5-847b-92921e4b1b7a,mp-864804
Ba2Cl2Cu3O4,0.351084739255904,https://elagente.ca/grafico/ConceptualAtoms_995b6d94-0019-4005-8ae7-00080d80de77,https://elagente.ca/ontomlff/MLFFElasticityResult_e6ba5749-0c34-419c-ba0d-0946fbe292e2,[],[],0.18318049613702997,eV/Å^3,0.4681257198606277,/scratch/kenko/akg4pyscf/.graphchat-workspaces/kenko_room/mlff_elasticity_benchmark/workflow_runs/MACE_OMAT/elasticity_MACE_OMAT/structures/Ba2Cl2Cu3O4_353c6777/output.json,mp-23085,cif,https://elagente.ca/grafico/ConceptualAtoms_995b6d94-0019-4005-8ae7-00080d80de77,mp-23085
CeRe4Si2,1.522029854969762,https://elagente.ca/grafico/ConceptualAtoms_998609d0-5e3a-45d8-8e10-d5fecaa27198,https://elagente.ca/ontomlff/MLFFElasticityResult_4bd3599a-6f96-418a-8879-71718aa8ce5d,[],[],0.7805222514859581,eV/Å^3,1.9997343907187113,/scratch/kenko/akg4pyscf/.graphchat-workspaces/kenko_room/mlff_elasticity_benchmark/workflow_runs/MACE_OMAT/elasticity_MACE_OMAT/structures/CeRe4Si2_1dc1ff7c/output.json,mp-27861,cif,https://elagente.ca/grafico/ConceptualAtoms_998609d0-5e3a-45d8-8e10-d5fecaa27198,mp-27861
As2BaZn2,0.3438084433239862,https://elagente.ca/grafico/ConceptualAtoms_9abdb891-805d-4ce5-b84a-24bbe24c377e,https://elagente.ca/ontomlff/MLFFElasticityResult_12c6c8e2-7a91-44fe-a8f6-e818c70f4fd5,[],[],0.1681116461334624,eV/Å^3,0.43365385195953354,/scratch/kenko/akg4pyscf/.graphchat-workspaces/kenko_room/mlff_elasticity_benchmark/workflow_runs/MACE_OMAT/elasticity_MACE_OMAT/structures/As2BaZn2_b7049e21/output.json,mp-570198,cif,https://elagente.ca/grafico/ConceptualAtoms_9abdb891-805d-4ce5-b84a-24bbe24c377e,mp-570198
Cr3Ge3Nb3,1.2565203892369596,https://elagente.ca/grafico/ConceptualAtoms_9b296da4-b3ae-4e4c-bc3c-ad949911f32e,https://elagente.ca/ontomlff/MLFFElasticityResult_3832c457-e2f7-4bd9-85af-35efb104d12f,[],[],0.8114024649754379,eV/Å^3,2.0030487918735274,/scratch/kenko/akg4pyscf/.graphchat-workspaces/kenko_room/mlff_elasticity_benchmark/workflow_runs/MACE_OMAT/elasticity_MACE_OMAT/structures/Cr3Ge3Nb3_8d64b4d8/output.json,mp-21440,cif,https://elagente.ca/grafico/ConceptualAtoms_9b296da4-b3ae-4e4c-bc3c-ad949911f32e,mp-21440
LaPd3,0.7028101347387117,https://elagente.ca/grafico/ConceptualAtoms_9b405b99-85d1-452f-a843-27d512034c6a,https://elagente.ca/ontomlff/MLFFElasticityResult_90cb6592-79ba-4099-bff9-ddea65fbbf67,[],[],0.2956047860415081,eV/Å^3,0.7777699607486928,/scratch/kenko/akg4pyscf/.graphchat-workspaces/kenko_room/mlff_elasticity_benchmark/workflow_runs/MACE_OMAT/elasticity_MACE_OMAT/structures/LaPd3_6a24d65b/output.json,mp-674,cif,https://elagente.ca/grafico/ConceptualAtoms_9b405b99-85d1-452f-a843-27d512034c6a,mp-674
Pa,1.0420448060571461,https://elagente.ca/grafico/ConceptualAtoms_9b548382-d43b-4b8a-b1d0-96df94608327,https://elagente.ca/ontomlff/MLFFElasticityResult_d1c60166-8e25-45ff-b6a0-44d4e69c4b70,[],[],0.050423864051952344,eV/Å^3,0.1488703460523382,/scratch/kenko/akg4pyscf/.graphchat-workspaces/kenko_room/mlff_elasticity_benchmark/workflow_runs/MACE_OMAT/elasticity_MACE_OMAT/structures/Pa_7fdcdde7/output.json,mp-10740,cif,https://elagente.ca/grafico/ConceptualAtoms_9b548382-d43b-4b8a-b1d0-96df94608327,mp-10740
Hg3,0.04020397912891979,https://elagente.ca/grafico/ConceptualAtoms_9c0b0301-d8e0-4767-9c07-d3f38e63076d,https://elagente.ca/ontomlff/MLFFElasticityResult_2ee2fc33-257c-49a5-b1fa-91ef0a34d38e,[],[],0.011282258682690779,eV/Å^3,0.030951515344194373,/scratch/kenko/akg4pyscf/.graphchat-workspaces/kenko_room/mlff_elasticity_benchmark/workflow_runs/MACE_OMAT/elasticity_MACE_OMAT/structures/Hg3_f03dae50/output.json,mp-10861,cif,https://elagente.ca/grafico/ConceptualAtoms_9c0b0301-d8e0-4767-9c07-d3f38e63076d,mp-10861
I6Sb2,0.1519597293427256,https://elagente.ca/grafico/ConceptualAtoms_9c4c13b1-5d2f-4f41-a363-77fe6788694a,https://elagente.ca/ontomlff/MLFFElasticityResult_31383af8-45cb-48c6-b0ab-ad5b6c7eb542,[],[],0.07388740353357887,eV/Å^3,0.19074662350318258,/scratch/kenko/akg4pyscf/.graphchat-workspaces/kenko_room/mlff_elasticity_benchmark/workflow_runs/MACE_OMAT/elasticity_MACE_OMAT/structures/I6Sb2_e92884e3/output.json,mp-23281,cif,https://elagente.ca/grafico/ConceptualAtoms_9c4c13b1-5d2f-4f41-a363-77fe6788694a,mp-23281
Ru4Si4Ti4,1.2413254726165417,https://elagente.ca/grafico/ConceptualAtoms_9ccf801c-9a19-455a-993c-c0dece694382,https://elagente.ca/ontomlff/MLFFElasticityResult_54eb00d4-e138-40b1-8feb-5432fa02da1e,[],[],0.6711243656094379,eV/Å^3,1.7059344716597316,/scratch/kenko/akg4pyscf/.graphchat-workspaces/kenko_room/mlff_elasticity_benchmark/workflow_runs/MACE_OMAT/elasticity_MACE_OMAT/structures/Ru4Si4Ti4_783e78bf/output.json,mp-505822,cif,https://elagente.ca/grafico/ConceptualAtoms_9ccf801c-9a19-455a-993c-c0dece694382,mp-505822
MgNi,0.5724336155332124,https://elagente.ca/grafico/ConceptualAtoms_9d0dee2c-c2e0-4a4d-8533-7f1ed4a4aff4,https://elagente.ca/ontomlff/MLFFElasticityResult_ae11aada-676e-4377-956b-e141888e08ad,[],[],0.22638914205548555,eV/Å^3,0.6000621512412905,/scratch/kenko/akg4pyscf/.graphchat-workspaces/kenko_room/mlff_elasticity_benchmark/workflow_runs/MACE_OMAT/elasticity_MACE_OMAT/structures/MgNi_c988349d/output.json,mp-1018140,cif,https://elagente.ca/grafico/ConceptualAtoms_9d0dee2c-c2e0-4a4d-8533-7f1ed4a4aff4,mp-1018140
CB2Ni2U,1.352590352943528,https://elagente.ca/grafico/ConceptualAtoms_9d3fa7d6-e61b-4da7-9b2f-f0590c24ee32,https://elagente.ca/ontomlff/MLFFElasticityResult_7ee0f98a-ad58-49e1-af49-c8eed912e0a3,[],[],0.7144475472945,eV/Å^3,1.8224633989376784,/scratch/kenko/akg4pyscf/.graphchat-workspaces/kenko_room/mlff_elasticity_benchmark/workflow_runs/MACE_OMAT/elasticity_MACE_OMAT/structures/CB2Ni2U_e7c236b0/output.json,mp-1025123,cif,https://elagente.ca/grafico/ConceptualAtoms_9d3fa7d6-e61b-4da7-9b2f-f0590c24ee32,mp-1025123
Pd2V,1.3013736447406312,https://elagente.ca/grafico/ConceptualAtoms_9d7855f1-708c-40a7-8b4c-dfdd3198a488,https://elagente.ca/ontomlff/MLFFElasticityResult_40696531-a9cf-4549-adaa-027410d62c5b,[],[],0.5448659068538482,eV/Å^3,1.4344090930897562,/scratch/kenko/akg4pyscf/.graphchat-workspaces/kenko_room/mlff_elasticity_benchmark/workflow_runs/MACE_OMAT/elasticity_MACE_OMAT/structures/Pd2V_04dd4d1f/output.json,mp-11549,cif,https://elagente.ca/grafico/ConceptualAtoms_9d7855f1-708c-40a7-8b4c-dfdd3198a488,mp-11549
N2Y2,0.9122153483205425,https://elagente.ca/grafico/ConceptualAtoms_9dac646a-9cf5-40f2-b325-afb5ad97d8b9,https://elagente.ca/ontomlff/MLFFElasticityResult_e9807edf-2781-48ac-8036-9ccd76bf83d6,[],[],0.499862249063464,eV/Å^3,1.2679831991629813,/scratch/kenko/akg4pyscf/.graphchat-workspaces/kenko_room/mlff_elasticity_benchmark/workflow_runs/MACE_OMAT/elasticity_MACE_OMAT/structures/N2Y2_be640007/output.json,mp-1017533,cif,https://elagente.ca/grafico/ConceptualAtoms_9dac646a-9cf5-40f2-b325-afb5ad97d8b9,mp-1017533
Cu4Sn4Tm3,0.514015953728433,https://elagente.ca/grafico/ConceptualAtoms_9dbe80ac-083e-4c71-b670-8d32ba92ae68,https://elagente.ca/ontomlff/MLFFElasticityResult_42e3e7c1-4cad-4469-9ee1-d910bfe131ad,[],[],0.33336169942585714,eV/Å^3,0.8223158925880996,/scratch/kenko/akg4pyscf/.graphchat-workspaces/kenko_room/mlff_elasticity_benchmark/workflow_runs/MACE_OMAT/elasticity_MACE_OMAT/structures/Cu4Sn4Tm3_a90df630/output.json,mp-1095591,cif,https://elagente.ca/grafico/ConceptualAtoms_9dbe80ac-083e-4c71-b670-8d32ba92ae68,mp-1095591
H3Bi,0.4630269269888435,https://elagente.ca/grafico/ConceptualAtoms_9dee01cd-3149-4eab-8ced-24bc297792c8,https://elagente.ca/ontomlff/MLFFElasticityResult_bc7dca67-203c-400f-84d8-2025e4700ef9,[],[],-0.01038004782268876,eV/Å^3,-0.03137459331685025,/scratch/kenko/akg4pyscf/.graphchat-workspaces/kenko_room/mlff_elasticity_benchmark/workflow_runs/MACE_OMAT/elasticity_MACE_OMAT/structures/H3Bi_021dd4fc/output.json,mp-984050,cif,https://elagente.ca/grafico/ConceptualAtoms_9dee01cd-3149-4eab-8ced-24bc297792c8,mp-984050
O8TeTi3,0.6687182771972833,https://elagente.ca/grafico/ConceptualAtoms_9df98b1b-307b-496e-815e-8a80eba1b86c,https://elagente.ca/ontomlff/MLFFElasticityResult_10aecebb-4ef0-4ff2-b133-625c7791292b,[],[],0.3370935392506207,eV/Å^3,0.8658004514769714,/scratch/kenko/akg4pyscf/.graphchat-workspaces/kenko_room/mlff_elasticity_benchmark/workflow_runs/MACE_OMAT/elasticity_MACE_OMAT/structures/O8TeTi3_4f8f4fe4/output.json,mp-774922,cif,https://elagente.ca/grafico/ConceptualAtoms_9df98b1b-307b-496e-815e-8a80eba1b86c,mp-774922
CaMg2Sb2,0.2523720458015406,https://elagente.ca/grafico/ConceptualAtoms_9e3a9748-fd50-49b2-8dd1-082a56eda7a9,https://elagente.ca/ontomlff/MLFFElasticityResult_b07e1bae-2644-4252-9aab-2d40e341d604,[],[],0.18196432777427768,eV/Å^3,0.4401160521329047,/scratch/kenko/akg4pyscf/.graphchat-workspaces/kenko_room/mlff_elasticity_benchmark/workflow_runs/MACE_OMAT/elasticity_MACE_OMAT/structures/CaMg2Sb2_8aa4a116/output.json,mp-9565,cif,https://elagente.ca/grafico/ConceptualAtoms_9e3a9748-fd50-49b2-8dd1-082a56eda7a9,mp-9565
N3Na,0.12781874911832056,https://elagente.ca/grafico/ConceptualAtoms_9e5925db-2f90-479a-bf08-7edbf66c75c1,https://elagente.ca/ontomlff/MLFFElasticityResult_70ddf5f5-9c1d-4e34-a854-5f04a986ade2,[],[],0.07140855734306015,eV/Å^3,0.1805946985455161,/scratch/kenko/akg4pyscf/.graphchat-workspaces/kenko_room/mlff_elasticity_benchmark/workflow_runs/MACE_OMAT/elasticity_MACE_OMAT/structures/N3Na_be247591/output.json,mp-1064272,cif,https://elagente.ca/grafico/ConceptualAtoms_9e5925db-2f90-479a-bf08-7edbf66c75c1,mp-1064272
F6KRu,0.5257477640129857,https://elagente.ca/grafico/ConceptualAtoms_9e920500-f290-439e-b5aa-dccbb61db744,https://elagente.ca/ontomlff/MLFFElasticityResult_a1ffb4f4-975f-44b4-8617-9f3606acd4a2,[],[],0.24990740326196215,eV/Å^3,0.6471794194745739,/scratch/kenko/akg4pyscf/.graphchat-workspaces/kenko_room/mlff_elasticity_benchmark/workflow_runs/MACE_OMAT/elasticity_MACE_OMAT/structures/F6KRu_c5761dbc/output.json,mp-8013,cif,https://elagente.ca/grafico/ConceptualAtoms_9e920500-f290-439e-b5aa-dccbb61db744,mp-8013
CaGe2Ni2,0.6044813028677309,https://elagente.ca/grafico/ConceptualAtoms_9f568a23-7478-4a09-8ef9-1fa10253234f,https://elagente.ca/ontomlff/MLFFElasticityResult_11141916-2d31-4896-94c7-19b1bdc40962,[],[],0.30278348417080475,eV/Å^3,0.7783863873089505,/scratch/kenko/akg4pyscf/.graphchat-workspaces/kenko_room/mlff_elasticity_benchmark/workflow_runs/MACE_OMAT/elasticity_MACE_OMAT/structures/CaGe2Ni2_7f6303ce/output.json,mp-2949,cif,https://elagente.ca/grafico/ConceptualAtoms_9f568a23-7478-4a09-8ef9-1fa10253234f,mp-2949
ScTc2W,1.349840263580107,https://elagente.ca/grafico/ConceptualAtoms_9f6966a9-1b2f-4a04-aca3-d79332a20d5b,https://elagente.ca/ontomlff/MLFFElasticityResult_aa182697-d333-416d-9291-ccf50f043c24,[],[],0.6280128565571588,eV/Å^3,1.6310846556602197,/scratch/kenko/akg4pyscf/.graphchat-workspaces/kenko_room/mlff_elasticity_benchmark/workflow_runs/MACE_OMAT/elasticity_MACE_OMAT/structures/ScTc2W_7f2fbf46/output.json,mp-862725,cif,https://elagente.ca/grafico/ConceptualAtoms_9f6966a9-1b2f-4a04-aca3-d79332a20d5b,mp-862725
CTh,0.8554357670379042,https://elagente.ca/grafico/ConceptualAtoms_9f7660cd-498b-4fb1-b167-7704748a4c98,https://elagente.ca/ontomlff/MLFFElasticityResult_c05511d5-7a01-44fd-8d41-f614a5181919,[],[],0.446920617543098,eV/Å^3,1.1419006541632912,/scratch/kenko/akg4pyscf/.graphchat-workspaces/kenko_room/mlff_elasticity_benchmark/workflow_runs/MACE_OMAT/elasticity_MACE_OMAT/structures/CTh_19d98ccb/output.json,mp-1164,cif,https://elagente.ca/grafico/ConceptualAtoms_9f7660cd-498b-4fb1-b167-7704748a4c98,mp-1164
Ag2In2Se4,0.2711805596319675,https://elagente.ca/grafico/ConceptualAtoms_a0119d85-c1bf-40aa-9d5a-b7dc7ef654c1,https://elagente.ca/ontomlff/MLFFElasticityResult_71d78b21-dcf4-4f29-95af-dcac8af7a5c7,[],[],0.13095645712628706,eV/Å^3,0.33839728824073373,/scratch/kenko/akg4pyscf/.graphchat-workspaces/kenko_room/mlff_elasticity_benchmark/workflow_runs/MACE_OMAT/elasticity_MACE_OMAT/structures/Ag2In2Se4_286cfdfb/output.json,mp-20554,cif,https://elagente.ca/grafico/ConceptualAtoms_a0119d85-c1bf-40aa-9d5a-b7dc7ef654c1,mp-20554
Pt4Y12,0.42939185390130163,https://elagente.ca/grafico/ConceptualAtoms_a062f965-6606-4277-ab8e-d109899e6dd9,https://elagente.ca/ontomlff/MLFFElasticityResult_56d67cad-7b42-4652-bc2b-d897a93445d8,[],[],0.17260561616876607,eV/Å^3,0.4566317117090407,/scratch/kenko/akg4pyscf/.graphchat-workspaces/kenko_room/mlff_elasticity_benchmark/workflow_runs/MACE_OMAT/elasticity_MACE_OMAT/structures/Pt4Y12_d977cb96/output.json,mp-7343,cif,https://elagente.ca/grafico/ConceptualAtoms_a062f965-6606-4277-ab8e-d109899e6dd9,mp-7343
Bi3Sc,0.3469775381676522,https://elagente.ca/grafico/ConceptualAtoms_a1bc1afe-e096-4741-92c5-b4c238338cc4,https://elagente.ca/ontomlff/MLFFElasticityResult_1a0c516c-cfcb-466d-b563-77a6dbb4093e,[],[],0.05344786374350824,eV/Å^3,0.15251265620693427,/scratch/kenko/akg4pyscf/.graphchat-workspaces/kenko_room/mlff_elasticity_benchmark/workflow_runs/MACE_OMAT/elasticity_MACE_OMAT/structures/Bi3Sc_7239e20f/output.json,mp-973175,cif,https://elagente.ca/grafico/ConceptualAtoms_a1bc1afe-e096-4741-92c5-b4c238338cc4,mp-973175
As2Ge2Te5,0.32769078458128664,https://elagente.ca/grafico/ConceptualAtoms_a1f52434-e573-48d6-b8a1-49a1b9693504,https://elagente.ca/ontomlff/MLFFElasticityResult_ca88fd44-2763-4138-badb-e9da17a8ef32,[],[],0.17051782562543716,eV/Å^3,0.435938247024258,/scratch/kenko/akg4pyscf/.graphchat-workspaces/kenko_room/mlff_elasticity_benchmark/workflow_runs/MACE_OMAT/elasticity_MACE_OMAT/structures/As2Ge2Te5_ef662b68/output.json,mp-14791,cif,https://elagente.ca/grafico/ConceptualAtoms_a1f52434-e573-48d6-b8a1-49a1b9693504,mp-14791
Hf4P2Sb2,0.7744609023876352,https://elagente.ca/grafico/ConceptualAtoms_a2212b10-505e-4692-8e86-8a68a38dad34,https://elagente.ca/ontomlff/MLFFElasticityResult_f2f6d35c-a592-4c2d-9fc7-fad230c1ba76,[],[],0.5126984208915685,eV/Å^3,1.2600429162331626,/scratch/kenko/akg4pyscf/.graphchat-workspaces/kenko_room/mlff_elasticity_benchmark/workflow_runs/MACE_OMAT/elasticity_MACE_OMAT/structures/Hf4P2Sb2_ae1a74c4/output.json,mp-567220,cif,https://elagente.ca/grafico/ConceptualAtoms_a2212b10-505e-4692-8e86-8a68a38dad34,mp-567220
Ga2MnSe4,0.339910347737045,https://elagente.ca/grafico/ConceptualAtoms_a2c0b73b-f0da-4b61-b80d-bae2b84ceb12,https://elagente.ca/ontomlff/MLFFElasticityResult_1b6c8bb2-8198-4da9-933e-4338306427b6,[],[],0.18257457408509503,eV/Å^3,0.4645498404498049,/scratch/kenko/akg4pyscf/.graphchat-workspaces/kenko_room/mlff_elasticity_benchmark/workflow_runs/MACE_OMAT/elasticity_MACE_OMAT/structures/Ga2MnSe4_b84faeac/output.json,mp-20261,cif,https://elagente.ca/grafico/ConceptualAtoms_a2c0b73b-f0da-4b61-b80d-bae2b84ceb12,mp-20261
F3La,0.8061565620871749,https://elagente.ca/grafico/ConceptualAtoms_a2cfe31e-5a50-4a1e-978e-e8130ec2bafd,https://elagente.ca/ontomlff/MLFFElasticityResult_4c65a156-a178-4288-8c7f-f32dad162255,[],[],0.09202054677828644,eV/Å^3,0.2659427628527649,/scratch/kenko/akg4pyscf/.graphchat-workspaces/kenko_room/mlff_elasticity_benchmark/workflow_runs/MACE_OMAT/elasticity_MACE_OMAT/structures/F3La_eadbb293/output.json,mp-13181,cif,https://elagente.ca/grafico/ConceptualAtoms_a2cfe31e-5a50-4a1e-978e-e8130ec2bafd,mp-13181
CaO4U,1.1384794349937444,https://elagente.ca/grafico/ConceptualAtoms_a3085a0a-42d8-4d17-ba15-a3032fa8946b,https://elagente.ca/ontomlff/MLFFElasticityResult_998ac131-d3bb-4403-a00d-6bff6cef9231,[],[],0.4565832376843658,eV/Å^3,1.2082307876257175,/scratch/kenko/akg4pyscf/.graphchat-workspaces/kenko_room/mlff_elasticity_benchmark/workflow_runs/MACE_OMAT/elasticity_MACE_OMAT/structures/CaO4U_5e6a7815/output.json,mp-3960,cif,https://elagente.ca/grafico/ConceptualAtoms_a3085a0a-42d8-4d17-ba15-a3032fa8946b,mp-3960
RhTm,0.7255959165976673,https://elagente.ca/grafico/ConceptualAtoms_a33d5c6e-6a27-4afe-9b4e-bd7437a97868,https://elagente.ca/ontomlff/MLFFElasticityResult_ee98c1e9-ee47-4121-b7d7-9d7ae75aa56d,[],[],0.2516968222260204,eV/Å^3,0.6768301914653505,/scratch/kenko/akg4pyscf/.graphchat-workspaces/kenko_room/mlff_elasticity_benchmark/workflow_runs/MACE_OMAT/elasticity_MACE_OMAT/structures/RhTm_49a32717/output.json,mp-11564,cif,https://elagente.ca/grafico/ConceptualAtoms_a33d5c6e-6a27-4afe-9b4e-bd7437a97868,mp-11564
Ni3Sn,0.9903643564011093,https://elagente.ca/grafico/ConceptualAtoms_a36e75b1-1699-4d37-ad54-c318977c6ef8,https://elagente.ca/ontomlff/MLFFElasticityResult_2c634451-ac1e-45d0-bef5-97ac3c1e000c,[],[],0.13534736817681575,eV/Å^3,0.38835088162597076,/scratch/kenko/akg4pyscf/.graphchat-workspaces/kenko_room/mlff_elasticity_benchmark/workflow_runs/MACE_OMAT/elasticity_MACE_OMAT/structures/Ni3Sn_ba163bd9/output.json,mp-11523,cif,https://elagente.ca/grafico/ConceptualAtoms_a36e75b1-1699-4d37-ad54-c318977c6ef8,mp-11523
Ni3Se2,0.7835034378423023,https://elagente.ca/grafico/ConceptualAtoms_a37db34e-793c-40ad-9b23-0d93851bf646,https://elagente.ca/ontomlff/MLFFElasticityResult_6d815f78-b40d-475c-897d-4aa27735ba9c,[],[],0.35815117338949715,eV/Å^3,0.9323845348561539,/scratch/kenko/akg4pyscf/.graphchat-workspaces/kenko_room/mlff_elasticity_benchmark/workflow_runs/MACE_OMAT/elasticity_MACE_OMAT/structures/Ni3Se2_2387f483/output.json,mp-2056,cif,https://elagente.ca/grafico/ConceptualAtoms_a37db34e-793c-40ad-9b23-0d93851bf646,mp-2056
Na4,0.048847076957206276,https://elagente.ca/grafico/ConceptualAtoms_a3943b20-cc2d-4b39-be79-62e748048c64,https://elagente.ca/ontomlff/MLFFElasticityResult_83281049-1a0b-4895-a998-070ec8035eba,[],[],0.023754907328324477,eV/Å^3,0.06132388078665896,/scratch/kenko/akg4pyscf/.graphchat-workspaces/kenko_room/mlff_elasticity_benchmark/workflow_runs/MACE_OMAT/elasticity_MACE_OMAT/structures/Na4_995a2077/output.json,mp-982370,cif,https://elagente.ca/grafico/ConceptualAtoms_a3943b20-cc2d-4b39-be79-62e748048c64,mp-982370
Ge2Si2,0.5086392650023058,https://elagente.ca/grafico/ConceptualAtoms_a3e387d0-5c47-4a1a-b64d-96319d24e4ed,https://elagente.ca/ontomlff/MLFFElasticityResult_7ff83747-1567-4751-816d-e3b1dbd0972a,[],[],0.4138093977999504,eV/Å^3,0.9765895836058082,/scratch/kenko/akg4pyscf/.graphchat-workspaces/kenko_room/mlff_elasticity_benchmark/workflow_runs/MACE_OMAT/elasticity_MACE_OMAT/structures/Ge2Si2_12145e08/output.json,mp-978534,cif,https://elagente.ca/grafico/ConceptualAtoms_a3e387d0-5c47-4a1a-b64d-96319d24e4ed,mp-978534
BiHf3,0.6158818425244996,https://elagente.ca/grafico/ConceptualAtoms_a3f2df74-60ea-40ea-a2a5-99e8648e39d0,https://elagente.ca/ontomlff/MLFFElasticityResult_e38f94c0-7284-499d-9aa1-b89c9735bfd2,[],[],0.11722324417960317,eV/Å^3,0.3306892642649962,/scratch/kenko/akg4pyscf/.graphchat-workspaces/kenko_room/mlff_elasticity_benchmark/workflow_runs/MACE_OMAT/elasticity_MACE_OMAT/structures/BiHf3_41d42147/output.json,mp-976419,cif,https://elagente.ca/grafico/ConceptualAtoms_a3f2df74-60ea-40ea-a2a5-99e8648e39d0,mp-976419
CrN2,1.2868685752095252,https://elagente.ca/grafico/ConceptualAtoms_a3f91759-ecf9-4b65-b400-da0309132e21,https://elagente.ca/ontomlff/MLFFElasticityResult_12eb2c78-d75e-4738-9c80-98ba631d781b,[],[],0.47292911001858784,eV/Å^3,1.2639516463110598,/scratch/kenko/akg4pyscf/.graphchat-workspaces/kenko_room/mlff_elasticity_benchmark/workflow_runs/MACE_OMAT/elasticity_MACE_OMAT/structures/CrN2_ac770fa5/output.json,mp-1014264,cif,https://elagente.ca/grafico/ConceptualAtoms_a3f91759-ecf9-4b65-b400-da0309132e21,mp-1014264
NiTcW,1.173739191125638,https://elagente.ca/grafico/ConceptualAtoms_a3fb82e8-8d0b-4ffb-bafe-07c79067037a,https://elagente.ca/ontomlff/MLFFElasticityResult_bf543905-96ac-4a1b-92d9-f9939b5074d2,[],[],0.25091508140161595,eV/Å^3,0.7026740639177305,/scratch/kenko/akg4pyscf/.graphchat-workspaces/kenko_room/mlff_elasticity_benchmark/workflow_runs/MACE_OMAT/elasticity_MACE_OMAT/structures/NiTcW_30085736/output.json,mp-631523,cif,https://elagente.ca/grafico/ConceptualAtoms_a3fb82e8-8d0b-4ffb-bafe-07c79067037a,mp-631523
AuGa2,0.4025694288140098,https://elagente.ca/grafico/ConceptualAtoms_a47bfa20-7651-4c17-bf11-48cb156270db,https://elagente.ca/ontomlff/MLFFElasticityResult_3bb35494-e213-4a74-9c7d-743ae335cf81,[],[],0.1454707020182039,eV/Å^3,0.3894965272742714,/scratch/kenko/akg4pyscf/.graphchat-workspaces/kenko_room/mlff_elasticity_benchmark/workflow_runs/MACE_OMAT/elasticity_MACE_OMAT/structures/AuGa2_43b8de5d/output.json,mp-2776,cif,https://elagente.ca/grafico/ConceptualAtoms_a47bfa20-7651-4c17-bf11-48cb156270db,mp-2776
Al2O8P2,0.9062862430445973,https://elagente.ca/grafico/ConceptualAtoms_a4d353f1-3e7c-4dfa-a6ef-506dd33f235c,https://elagente.ca/ontomlff/MLFFElasticityResult_e143b46f-b58e-4db3-8851-141dbaacabaf,[],[],0.5751740099967869,eV/Å^3,1.4242270812372697,/scratch/kenko/akg4pyscf/.graphchat-workspaces/kenko_room/mlff_elasticity_benchmark/workflow_runs/MACE_OMAT/elasticity_MACE_OMAT/structures/Al2O8P2_ab89255f/output.json,mp-4051,cif,https://elagente.ca/grafico/ConceptualAtoms_a4d353f1-3e7c-4dfa-a6ef-506dd33f235c,mp-4051
Ir3Ti,1.9538513393450678,https://elagente.ca/grafico/ConceptualAtoms_a4e8382d-af90-4e7b-830b-150b06a7d1a9,https://elagente.ca/ontomlff/MLFFElasticityResult_de5ae7f2-6639-44b3-9412-7100e8a2bed1,[],[],1.1951515995323185,eV/Å^3,2.9782079797802323,/scratch/kenko/akg4pyscf/.graphchat-workspaces/kenko_room/mlff_elasticity_benchmark/workflow_runs/MACE_OMAT/elasticity_MACE_OMAT/structures/Ir3Ti_a00808a4/output.json,mp-1089,cif,https://elagente.ca/grafico/ConceptualAtoms_a4e8382d-af90-4e7b-830b-150b06a7d1a9,mp-1089
HfOs3,1.8395190509913948,https://elagente.ca/grafico/ConceptualAtoms_a50e14ee-97bc-44de-b663-02e38725fd70,https://elagente.ca/ontomlff/MLFFElasticityResult_799ca8f2-71c9-4380-b40a-b1fce0c89208,[],[],0.7038656147010567,eV/Å^3,1.8727380480733435,/scratch/kenko/akg4pyscf/.graphchat-workspaces/kenko_room/mlff_elasticity_benchmark/workflow_runs/MACE_OMAT/elasticity_MACE_OMAT/structures/HfOs3_255d942c/output.json,mp-1007693,cif,https://elagente.ca/grafico/ConceptualAtoms_a50e14ee-97bc-44de-b663-02e38725fd70,mp-1007693
Cu2Dy2O2Se2,0.6642220706315229,https://elagente.ca/grafico/ConceptualAtoms_a5108459-c542-4f9a-809b-eea89c067df2,https://elagente.ca/ontomlff/MLFFElasticityResult_b8dd048b-a39c-4c3a-8e65-76fa77597b77,[],[],0.33894466919023236,eV/Å^3,0.8690175476659137,/scratch/kenko/akg4pyscf/.graphchat-workspaces/kenko_room/mlff_elasticity_benchmark/workflow_runs/MACE_OMAT/elasticity_MACE_OMAT/structures/Cu2Dy2O2Se2_b230e5ba/output.json,mp-9304,cif,https://elagente.ca/grafico/ConceptualAtoms_a5108459-c542-4f9a-809b-eea89c067df2,mp-9304
Nd4O16P4,1.1102543730284107,https://elagente.ca/grafico/ConceptualAtoms_a535bdf3-3343-4cda-999a-68939a9f0e06,https://elagente.ca/ontomlff/MLFFElasticityResult_33f9bbaa-1a73-4770-8f72-2550461b5b82,[],[],0.7157011406105331,eV/Å^3,1.767343644062256,/scratch/kenko/akg4pyscf/.graphchat-workspaces/kenko_room/mlff_elasticity_benchmark/workflow_runs/MACE_OMAT/elasticity_MACE_OMAT/structures/Nd4O16P4_8c920b98/output.json,mp-3584,cif,https://elagente.ca/grafico/ConceptualAtoms_a535bdf3-3343-4cda-999a-68939a9f0e06,mp-3584
AgRuSm2,0.5294022169232073,https://elagente.ca/grafico/ConceptualAtoms_a54590e1-11f1-436e-a97a-296ba1f9b21e,https://elagente.ca/ontomlff/MLFFElasticityResult_bcbfd99b-932e-4de6-973f-eda9a7baec2f,[],[],0.18547883448124816,eV/Å^3,0.4982485129686637,/scratch/kenko/akg4pyscf/.graphchat-workspaces/kenko_room/mlff_elasticity_benchmark/workflow_runs/MACE_OMAT/elasticity_MACE_OMAT/structures/AgRuSm2_1776ca21/output.json,mp-867869,cif,https://elagente.ca/grafico/ConceptualAtoms_a54590e1-11f1-436e-a97a-296ba1f9b21e,mp-867869
CuY,0.43958319352707365,https://elagente.ca/grafico/ConceptualAtoms_a56cf5a0-fd92-4c1d-bdd3-a8332430a48c,https://elagente.ca/ontomlff/MLFFElasticityResult_25bb3eb8-0d48-44af-bffd-45856d4c660d,[],[],0.2182692712997253,eV/Å^3,0.5618197388301983,/scratch/kenko/akg4pyscf/.graphchat-workspaces/kenko_room/mlff_elasticity_benchmark/workflow_runs/MACE_OMAT/elasticity_MACE_OMAT/structures/CuY_588f2673/output.json,mp-712,cif,https://elagente.ca/grafico/ConceptualAtoms_a56cf5a0-fd92-4c1d-bdd3-a8332430a48c,mp-712
BiTe2Tl,0.22562725137073955,https://elagente.ca/grafico/ConceptualAtoms_a59598d3-4239-4d96-a65f-e9e5fbe28830,https://elagente.ca/ontomlff/MLFFElasticityResult_4cc5c064-e302-4827-806a-053037712a42,[],[],0.11457896890801103,eV/Å^3,0.2939744621673722,/scratch/kenko/akg4pyscf/.graphchat-workspaces/kenko_room/mlff_elasticity_benchmark/workflow_runs/MACE_OMAT/elasticity_MACE_OMAT/structures/BiTe2Tl_9b727c79/output.json,mp-27438,cif,https://elagente.ca/grafico/ConceptualAtoms_a59598d3-4239-4d96-a65f-e9e5fbe28830,mp-27438
Er2Ge2,0.5752105926579436,https://elagente.ca/grafico/ConceptualAtoms_a5a31ab9-c9d8-4780-8805-24923faa5ff4,https://elagente.ca/ontomlff/MLFFElasticityResult_fed93571-3b4d-4a21-946e-d84db6c3dcd8,[],[],0.3686227929959045,eV/Å^3,0.9112175967002742,/scratch/kenko/akg4pyscf/.graphchat-workspaces/kenko_room/mlff_elasticity_benchmark/workflow_runs/MACE_OMAT/elasticity_MACE_OMAT/structures/Er2Ge2_aa29c4fc/output.json,mp-2264,cif,https://elagente.ca/grafico/ConceptualAtoms_a5a31ab9-c9d8-4780-8805-24923faa5ff4,mp-2264
CoNb2S4,0.6480885211736406,https://elagente.ca/grafico/ConceptualAtoms_a5c6fb3a-5de3-4b88-9b60-5b952986d08d,https://elagente.ca/ontomlff/MLFFElasticityResult_d537d275-c334-41c6-a261-56c649948d73,[],[],0.24869966997137483,eV/Å^3,0.6614854580448517,/scratch/kenko/akg4pyscf/.graphchat-workspaces/kenko_room/mlff_elasticity_benchmark/workflow_runs/MACE_OMAT/elasticity_MACE_OMAT/structures/CoNb2S4_b658bea7/output.json,mp-1025350,cif,https://elagente.ca/grafico/ConceptualAtoms_a5c6fb3a-5de3-4b88-9b60-5b952986d08d,mp-1025350
Hg2TmYb,0.38106697527215483,https://elagente.ca/grafico/ConceptualAtoms_a608721e-356c-4500-a7b4-c1b171647dca,https://elagente.ca/ontomlff/MLFFElasticityResult_7e8a2e63-38b8-40a4-a9f3-da9a1b7f2360,[],[],0.16921281198179186,eV/Å^3,0.4421873325757459,/scratch/kenko/akg4pyscf/.graphchat-workspaces/kenko_room/mlff_elasticity_benchmark/workflow_runs/MACE_OMAT/elasticity_MACE_OMAT/structures/Hg2TmYb_04031752/output.json,mp-972062,cif,https://elagente.ca/grafico/ConceptualAtoms_a608721e-356c-4500-a7b4-c1b171647dca,mp-972062
B2CrW,2.0037307921363015,https://elagente.ca/grafico/ConceptualAtoms_a60d0a77-1bc4-44b7-bfc5-ba9f89e6d58c,https://elagente.ca/ontomlff/MLFFElasticityResult_1d5ddced-97b6-4c91-9d81-e74be21df25f,[],[],1.3446028649212614,eV/Å^3,3.296448402545794,/scratch/kenko/akg4pyscf/.graphchat-workspaces/kenko_room/mlff_elasticity_benchmark/workflow_runs/MACE_OMAT/elasticity_MACE_OMAT/structures/B2CrW_3808fd33/output.json,mp-1226242,cif,https://elagente.ca/grafico/ConceptualAtoms_a60d0a77-1bc4-44b7-bfc5-ba9f89e6d58c,mp-1226242
AsGd,0.4510219212238462,https://elagente.ca/grafico/ConceptualAtoms_a60d5782-0bc2-4db0-8fcb-242cf3b57b31,https://elagente.ca/ontomlff/MLFFElasticityResult_808855af-7279-47d2-a967-c0c5e8ac9b2d,[],[],0.305381594163324,eV/Å^3,0.747448590331995,/scratch/kenko/akg4pyscf/.graphchat-workspaces/kenko_room/mlff_elasticity_benchmark/workflow_runs/MACE_OMAT/elasticity_MACE_OMAT/structures/AsGd_1c876213/output.json,mp-510374,cif,https://elagente.ca/grafico/ConceptualAtoms_a60d5782-0bc2-4db0-8fcb-242cf3b57b31,mp-510374
Cu4O12Y4,1.01990979981296,https://elagente.ca/grafico/ConceptualAtoms_a63f3e5f-3222-4b47-8298-8d161adf723d,https://elagente.ca/ontomlff/MLFFElasticityResult_05831ee3-27b9-4295-83b6-11e6a8ce0ec6,[],[],0.5059953908372433,eV/Å^3,1.302575827680792,/scratch/kenko/akg4pyscf/.graphchat-workspaces/kenko_room/mlff_elasticity_benchmark/workflow_runs/MACE_OMAT/elasticity_MACE_OMAT/structures/Cu4O12Y4_44d3638b/output.json,mp-1340758,cif,https://elagente.ca/grafico/ConceptualAtoms_a63f3e5f-3222-4b47-8298-8d161adf723d,mp-1340758
Mo2Ni6,1.4522061435767375,https://elagente.ca/grafico/ConceptualAtoms_a6e4846d-f933-4a9b-9892-cd9a72d70e71,https://elagente.ca/ontomlff/MLFFElasticityResult_9776d340-ebde-4b95-9c65-98db920582a6,[],[],0.6030829415040311,eV/Å^3,1.589250275989013,/scratch/kenko/akg4pyscf/.graphchat-workspaces/kenko_room/mlff_elasticity_benchmark/workflow_runs/MACE_OMAT/elasticity_MACE_OMAT/structures/Mo2Ni6_f5715951/output.json,mp-11506,cif,https://elagente.ca/grafico/ConceptualAtoms_a6e4846d-f933-4a9b-9892-cd9a72d70e71,mp-11506
Ir4Os,2.426516171377855,https://elagente.ca/grafico/ConceptualAtoms_a70a8142-114c-413e-a766-c1f98751c417,https://elagente.ca/ontomlff/MLFFElasticityResult_1773de1a-0869-46bb-86b3-39b384cd1245,[],[],1.5611017073051432,eV/Å^3,3.8563166721378854,/scratch/kenko/akg4pyscf/.graphchat-workspaces/kenko_room/mlff_elasticity_benchmark/workflow_runs/MACE_OMAT/elasticity_MACE_OMAT/structures/Ir4Os_716344c0/output.json,mp-1223677,cif,https://elagente.ca/grafico/ConceptualAtoms_a70a8142-114c-413e-a766-c1f98751c417,mp-1223677
GaLi2Rh,0.5125873179219861,https://elagente.ca/grafico/ConceptualAtoms_a74b6ec3-51d7-4496-b00b-ef7a10a1b901,https://elagente.ca/ontomlff/MLFFElasticityResult_5b5aa037-c837-4158-974c-c40ec3ebac76,[],[],0.2289361775528535,eV/Å^3,0.597808993127627,/scratch/kenko/akg4pyscf/.graphchat-workspaces/kenko_room/mlff_elasticity_benchmark/workflow_runs/MACE_OMAT/elasticity_MACE_OMAT/structures/GaLi2Rh_631d4e3d/output.json,mp-2988,cif,https://elagente.ca/grafico/ConceptualAtoms_a74b6ec3-51d7-4496-b00b-ef7a10a1b901,mp-2988
ErFe2Si2,0.9535183590639592,https://elagente.ca/grafico/ConceptualAtoms_a750cd91-c7b6-44b6-ac59-f6eba302f9d2,https://elagente.ca/ontomlff/MLFFElasticityResult_88fc5650-b65c-440b-b6e0-69b35f85f5b6,[],[],0.6125098535931472,eV/Å^3,1.5134627826810272,/scratch/kenko/akg4pyscf/.graphchat-workspaces/kenko_room/mlff_elasticity_benchmark/workflow_runs/MACE_OMAT/elasticity_MACE_OMAT/structures/ErFe2Si2_31baa998/output.json,mp-5688,cif,https://elagente.ca/grafico/ConceptualAtoms_a750cd91-c7b6-44b6-ac59-f6eba302f9d2,mp-5688
InMgYb2,0.2708187551184452,https://elagente.ca/grafico/ConceptualAtoms_a75efaa8-810b-420e-a7b0-91a529b51207,https://elagente.ca/ontomlff/MLFFElasticityResult_165f62f7-1220-4cf2-a94f-07a8fba1c7e5,[],[],0.14579337872804077,eV/Å^3,0.37083471324915124,/scratch/kenko/akg4pyscf/.graphchat-workspaces/kenko_room/mlff_elasticity_benchmark/workflow_runs/MACE_OMAT/elasticity_MACE_OMAT/structures/InMgYb2_8d09e7d1/output.json,mp-864756,cif,https://elagente.ca/grafico/ConceptualAtoms_a75efaa8-810b-420e-a7b0-91a529b51207,mp-864756
BaNb4O6,1.3304249309178189,https://elagente.ca/grafico/ConceptualAtoms_a7cc01b2-d785-4781-9ded-51faab31183e,https://elagente.ca/ontomlff/MLFFElasticityResult_071e67d0-a314-4580-9115-b7be413030ee,[],[],0.6551903346153822,eV/Å^3,1.6884090993836232,/scratch/kenko/akg4pyscf/.graphchat-workspaces/kenko_room/mlff_elasticity_benchmark/workflow_runs/MACE_OMAT/elasticity_MACE_OMAT/structures/BaNb4O6_bc40411a/output.json,mp-505517,cif,https://elagente.ca/grafico/ConceptualAtoms_a7cc01b2-d785-4781-9ded-51faab31183e,mp-505517
Si2Yb2,0.5191526513461485,https://elagente.ca/grafico/ConceptualAtoms_a7eaf7f8-16a1-4538-b6da-7aa5334f2984,https://elagente.ca/ontomlff/MLFFElasticityResult_39ff4085-3e4f-46ae-a3d3-5cc6132dfc72,[],[],0.3537556158814513,eV/Å^3,0.8648319158231397,/scratch/kenko/akg4pyscf/.graphchat-workspaces/kenko_room/mlff_elasticity_benchmark/workflow_runs/MACE_OMAT/elasticity_MACE_OMAT/structures/Si2Yb2_c146d90d/output.json,mp-10651,cif,https://elagente.ca/grafico/ConceptualAtoms_a7eaf7f8-16a1-4538-b6da-7aa5334f2984,mp-10651
Li8Si8,0.37820675477688415,https://elagente.ca/grafico/ConceptualAtoms_a80dcd17-0e29-4136-a31a-c0409bbeafb7,https://elagente.ca/ontomlff/MLFFElasticityResult_ab16afe3-47c2-488b-b6e2-a77c654081be,[],[],0.24776703824895013,eV/Å^3,0.6100783085301641,/scratch/kenko/akg4pyscf/.graphchat-workspaces/kenko_room/mlff_elasticity_benchmark/workflow_runs/MACE_OMAT/elasticity_MACE_OMAT/structures/Li8Si8_a54f0bea/output.json,mp-795,cif,https://elagente.ca/grafico/ConceptualAtoms_a80dcd17-0e29-4136-a31a-c0409bbeafb7,mp-795
Er2Sn4,0.366556754446431,https://elagente.ca/grafico/ConceptualAtoms_a83e90e9-8bbe-45d8-b5b6-8028078f7365,https://elagente.ca/ontomlff/MLFFElasticityResult_f1e974da-5e74-4e4e-aa08-cfc54ad8d69c,[],[],0.2560223135695693,eV/Å^3,0.6230176290241133,/scratch/kenko/akg4pyscf/.graphchat-workspaces/kenko_room/mlff_elasticity_benchmark/workflow_runs/MACE_OMAT/elasticity_MACE_OMAT/structures/Er2Sn4_71ca8f7c/output.json,mp-30613,cif,https://elagente.ca/grafico/ConceptualAtoms_a83e90e9-8bbe-45d8-b5b6-8028078f7365,mp-30613
Ga2Pd2Ti2,0.8659819085772711,https://elagente.ca/grafico/ConceptualAtoms_a84e4c5f-6c0b-4c34-87ce-c1fd1db97226,https://elagente.ca/ontomlff/MLFFElasticityResult_3f6c109a-ea51-4a98-8588-b6ddf978442a,[],[],0.30679577658093365,eV/Å^3,0.8231769771662045,/scratch/kenko/akg4pyscf/.graphchat-workspaces/kenko_room/mlff_elasticity_benchmark/workflow_runs/MACE_OMAT/elasticity_MACE_OMAT/structures/Ga2Pd2Ti2_98ed010c/output.json,mp-1025045,cif,https://elagente.ca/grafico/ConceptualAtoms_a84e4c5f-6c0b-4c34-87ce-c1fd1db97226,mp-1025045
CdLi2Sb,0.21086635227664396,https://elagente.ca/grafico/ConceptualAtoms_a86b72c3-334f-479a-a24e-198a43dd7761,https://elagente.ca/ontomlff/MLFFElasticityResult_8fda7155-40b1-4420-b2a2-89b794fbd164,[],[],0.08855199125880117,eV/Å^3,0.23303539376054827,/scratch/kenko/akg4pyscf/.graphchat-workspaces/kenko_room/mlff_elasticity_benchmark/workflow_runs/MACE_OMAT/elasticity_MACE_OMAT/structures/CdLi2Sb_a0ebc5ca/output.json,mp-16271,cif,https://elagente.ca/grafico/ConceptualAtoms_a86b72c3-334f-479a-a24e-198a43dd7761,mp-16271
Mg4Si2,0.2606143394290567,https://elagente.ca/grafico/ConceptualAtoms_a94eca60-de49-48ef-943f-e7729929ebb1,https://elagente.ca/ontomlff/MLFFElasticityResult_c072eeaf-5a13-4664-af1e-773c553e0c21,[],[],0.10070677807554484,eV/Å^3,0.26764571808999826,/scratch/kenko/akg4pyscf/.graphchat-workspaces/kenko_room/mlff_elasticity_benchmark/workflow_runs/MACE_OMAT/elasticity_MACE_OMAT/structures/Mg4Si2_5bf9a247/output.json,mp-570657,cif,https://elagente.ca/grafico/ConceptualAtoms_a94eca60-de49-48ef-943f-e7729929ebb1,mp-570657
B4TaV,1.8015713039391752,https://elagente.ca/grafico/ConceptualAtoms_a9962587-92cf-48d2-835f-a17714aa5679,https://elagente.ca/ontomlff/MLFFElasticityResult_85e3abc8-aac3-4b2f-83f6-6630fea8cfe9,[],[],1.4033403186564386,eV/Å^3,3.3422117479499858,/scratch/kenko/akg4pyscf/.graphchat-workspaces/kenko_room/mlff_elasticity_benchmark/workflow_runs/MACE_OMAT/elasticity_MACE_OMAT/structures/B4TaV_1c88dc03/output.json,mp-1217818,cif,https://elagente.ca/grafico/ConceptualAtoms_a9962587-92cf-48d2-835f-a17714aa5679,mp-1217818
Al2Ca3Si2,0.3089904673603483,https://elagente.ca/grafico/ConceptualAtoms_a9a567ad-bd82-45fd-8751-4028334bc7fe,https://elagente.ca/ontomlff/MLFFElasticityResult_2c761f11-a58c-44ce-b4e9-efb3f5cb8e34,[],[],0.2505711433909651,eV/Å^3,0.5917551387081356,/scratch/kenko/akg4pyscf/.graphchat-workspaces/kenko_room/mlff_elasticity_benchmark/workflow_runs/MACE_OMAT/elasticity_MACE_OMAT/structures/Al2Ca3Si2_46c09c43/output.json,mp-9577,cif,https://elagente.ca/grafico/ConceptualAtoms_a9a567ad-bd82-45fd-8751-4028334bc7fe,mp-9577
Ca2Zn2,0.11914260052298817,https://elagente.ca/grafico/ConceptualAtoms_a9cf057b-8f6f-4d57-a367-6c4e18eb40c8,https://elagente.ca/ontomlff/MLFFElasticityResult_0e88398a-778e-4001-af85-a6753fdfbf5f,[],[],0.020275611943202813,eV/Å^3,0.05756157193499363,/scratch/kenko/akg4pyscf/.graphchat-workspaces/kenko_room/mlff_elasticity_benchmark/workflow_runs/MACE_OMAT/elasticity_MACE_OMAT/structures/Ca2Zn2_249c7a5b/output.json,mp-1039123,cif,https://elagente.ca/grafico/ConceptualAtoms_a9cf057b-8f6f-4d57-a367-6c4e18eb40c8,mp-1039123
BeO,1.308638812717184,https://elagente.ca/grafico/ConceptualAtoms_aaaf1347-991b-4eb5-9e47-26f6c3d3f6b5,https://elagente.ca/ontomlff/MLFFElasticityResult_f910dc8c-81cd-467c-88c3-a95eb25e6a8f,[],[],1.0109169035449428,eV/Å^3,2.4117334014774703,/scratch/kenko/akg4pyscf/.graphchat-workspaces/kenko_room/mlff_elasticity_benchmark/workflow_runs/MACE_OMAT/elasticity_MACE_OMAT/structures/BeO_69e02647/output.json,mp-1778,cif,https://elagente.ca/grafico/ConceptualAtoms_aaaf1347-991b-4eb5-9e47-26f6c3d3f6b5,mp-1778
Lu4Os8,1.4700713268925614,https://elagente.ca/grafico/ConceptualAtoms_ab979983-00c1-4556-be46-bdb23da7f1f7,https://elagente.ca/ontomlff/MLFFElasticityResult_49d94c95-f675-4ed2-89a5-59984fcc40a8,[],[],0.49438280064803086,eV/Å^3,1.3336472108326032,/scratch/kenko/akg4pyscf/.graphchat-workspaces/kenko_room/mlff_elasticity_benchmark/workflow_runs/MACE_OMAT/elasticity_MACE_OMAT/structures/Lu4Os8_b7829be2/output.json,mp-567590,cif,https://elagente.ca/grafico/ConceptualAtoms_ab979983-00c1-4556-be46-bdb23da7f1f7,mp-567590
F3HgRb,0.29379824973152113,https://elagente.ca/grafico/ConceptualAtoms_aba505ab-516f-4257-bd0b-275df918400a,https://elagente.ca/ontomlff/MLFFElasticityResult_dba62143-68c2-43a3-bf70-85603b5936c0,[],[],0.08993988938886038,eV/Å^3,0.24483594973846795,/scratch/kenko/akg4pyscf/.graphchat-workspaces/kenko_room/mlff_elasticity_benchmark/workflow_runs/MACE_OMAT/elasticity_MACE_OMAT/structures/F3HgRb_40405442/output.json,mp-7482,cif,https://elagente.ca/grafico/ConceptualAtoms_aba505ab-516f-4257-bd0b-275df918400a,mp-7482
I6Pr2,0.10505478774049898,https://elagente.ca/grafico/ConceptualAtoms_abaf6d1a-f1b9-42ff-a945-6999e8c17b16,https://elagente.ca/ontomlff/MLFFElasticityResult_c082d0f8-3b1a-4d2c-89ec-942c68620993,[],[],0.05992344170920148,eV/Å^3,0.15105049884368,/scratch/kenko/akg4pyscf/.graphchat-workspaces/kenko_room/mlff_elasticity_benchmark/workflow_runs/MACE_OMAT/elasticity_MACE_OMAT/structures/I6Pr2_3a9efcb4/output.json,mp-862800,cif,https://elagente.ca/grafico/ConceptualAtoms_abaf6d1a-f1b9-42ff-a945-6999e8c17b16,mp-862800
CRe2Si2Y2,1.0862578778436203,https://elagente.ca/grafico/ConceptualAtoms_abd098ef-24d9-44a9-a1d7-76483586fd8e,https://elagente.ca/ontomlff/MLFFElasticityResult_1bf271c3-1d64-4f2c-8930-e1e41037a48b,[],[],0.581900094921608,eV/Å^3,1.4812094081032863,/scratch/kenko/akg4pyscf/.graphchat-workspaces/kenko_room/mlff_elasticity_benchmark/workflow_runs/MACE_OMAT/elasticity_MACE_OMAT/structures/CRe2Si2Y2_3e41f3be/output.json,mp-1025205,cif,https://elagente.ca/grafico/ConceptualAtoms_abd098ef-24d9-44a9-a1d7-76483586fd8e,mp-1025205
PSbSr3,0.19936290670066187,https://elagente.ca/grafico/ConceptualAtoms_abd25759-3d68-4785-8218-4cea1d9d2d89,https://elagente.ca/ontomlff/MLFFElasticityResult_5d1030ff-15a1-477c-a2b4-7773ff40aabe,[],[],0.13008861794479512,eV/Å^3,0.32054500026794414,/scratch/kenko/akg4pyscf/.graphchat-workspaces/kenko_room/mlff_elasticity_benchmark/workflow_runs/MACE_OMAT/elasticity_MACE_OMAT/structures/PSbSr3_a9b5a9d0/output.json,mp-1013588,cif,https://elagente.ca/grafico/ConceptualAtoms_abd25759-3d68-4785-8218-4cea1d9d2d89,mp-1013588
NNa3,0.1377905740215494,https://elagente.ca/grafico/ConceptualAtoms_abeb1787-7f1a-4284-8f87-5c675d27a8a1,https://elagente.ca/ontomlff/MLFFElasticityResult_ceb5b092-48d2-4a63-b2f8-b127b72e303e,[],[],0.07603004770445257,eV/Å^3,0.19265564832187831,/scratch/kenko/akg4pyscf/.graphchat-workspaces/kenko_room/mlff_elasticity_benchmark/workflow_runs/MACE_OMAT/elasticity_MACE_OMAT/structures/NNa3_ad641292/output.json,mp-2639,cif,https://elagente.ca/grafico/ConceptualAtoms_abeb1787-7f1a-4284-8f87-5c675d27a8a1,mp-2639
CaNdRh2,0.4848656857490027,https://elagente.ca/grafico/ConceptualAtoms_abf5082b-c42e-476d-bf9a-b5f4cd488c67,https://elagente.ca/ontomlff/MLFFElasticityResult_185584b3-f5c1-4e3d-a11d-e153672e7ad8,[],[],0.17060533762811847,eV/Å^3,0.4580882162991663,/scratch/kenko/akg4pyscf/.graphchat-workspaces/kenko_room/mlff_elasticity_benchmark/workflow_runs/MACE_OMAT/elasticity_MACE_OMAT/structures/CaNdRh2_d402c571/output.json,mp-866227,cif,https://elagente.ca/grafico/ConceptualAtoms_abf5082b-c42e-476d-bf9a-b5f4cd488c67,mp-866227
Se4Ta2,0.5919897261877578,https://elagente.ca/grafico/ConceptualAtoms_ac98396a-3387-40db-b548-7eb2020555e8,https://elagente.ca/ontomlff/MLFFElasticityResult_d0644059-2beb-4edb-9acf-39dea50db95a,[],[],0.32790390093641875,eV/Å^3,0.8303930887298039,/scratch/kenko/akg4pyscf/.graphchat-workspaces/kenko_room/mlff_elasticity_benchmark/workflow_runs/MACE_OMAT/elasticity_MACE_OMAT/structures/Se4Ta2_7acf6293/output.json,mp-500,cif,https://elagente.ca/grafico/ConceptualAtoms_ac98396a-3387-40db-b548-7eb2020555e8,mp-500
Be12Pt,0.8851489388133329,https://elagente.ca/grafico/ConceptualAtoms_ad169f8f-9d37-457a-af3a-cc6d6c5f64ac,https://elagente.ca/ontomlff/MLFFElasticityResult_23a21d67-6121-4f74-9fd0-b607177d0d8b,[],[],0.7730671318105755,eV/Å^3,1.7962639368361943,/scratch/kenko/akg4pyscf/.graphchat-workspaces/kenko_room/mlff_elasticity_benchmark/workflow_runs/MACE_OMAT/elasticity_MACE_OMAT/structures/Be12Pt_ce70bedb/output.json,mp-571622,cif,https://elagente.ca/grafico/ConceptualAtoms_ad169f8f-9d37-457a-af3a-cc6d6c5f64ac,mp-571622
Hf4S20Y8,0.629111045074622,https://elagente.ca/grafico/ConceptualAtoms_ad6c3ea5-f8b5-4867-a34b-85025ff29bd6,https://elagente.ca/ontomlff/MLFFElasticityResult_13fed6b5-ee58-48fd-8619-215ef2a28724,[],[],0.343651950353312,eV/Å^3,0.872151567142795,/scratch/kenko/akg4pyscf/.graphchat-workspaces/kenko_room/mlff_elasticity_benchmark/workflow_runs/MACE_OMAT/elasticity_MACE_OMAT/structures/Hf4S20Y8_f32d4650/output.json,mp-16919,cif,https://elagente.ca/grafico/ConceptualAtoms_ad6c3ea5-f8b5-4867-a34b-85025ff29bd6,mp-16919
RhSc6Te2,0.5121854286633993,https://elagente.ca/grafico/ConceptualAtoms_ad8992b5-e86d-4bc4-a8c9-0ca87310cbaf,https://elagente.ca/ontomlff/MLFFElasticityResult_e88e8ebb-c5bb-4250-b507-7e05a31ca53f,[],[],0.23512175413060493,eV/Å^3,0.6117552982557524,/scratch/kenko/akg4pyscf/.graphchat-workspaces/kenko_room/mlff_elasticity_benchmark/workflow_runs/MACE_OMAT/elasticity_MACE_OMAT/structures/RhSc6Te2_5b98fbcb/output.json,mp-31072,cif,https://elagente.ca/grafico/ConceptualAtoms_ad8992b5-e86d-4bc4-a8c9-0ca87310cbaf,mp-31072
Dy2Li2Se4,0.35909147348745885,https://elagente.ca/grafico/ConceptualAtoms_ad924cab-ca2e-4781-8f6e-6dbae159abc2,https://elagente.ca/ontomlff/MLFFElasticityResult_db55691d-5a20-4811-ace2-26f8dbf47b8f,[],[],0.2321923712687996,eV/Å^3,0.5730612729713238,/scratch/kenko/akg4pyscf/.graphchat-workspaces/kenko_room/mlff_elasticity_benchmark/workflow_runs/MACE_OMAT/elasticity_MACE_OMAT/structures/Dy2Li2Se4_bb71f3f7/output.json,mp-35717,cif,https://elagente.ca/grafico/ConceptualAtoms_ad924cab-ca2e-4781-8f6e-6dbae159abc2,mp-35717
As2Cu2Sr2,0.34881926129649354,https://elagente.ca/grafico/ConceptualAtoms_ae64c83c-f124-4609-aa08-5609743fe136,https://elagente.ca/ontomlff/MLFFElasticityResult_7e06b42f-5c18-4c96-86cf-adc4aa1c958e,[],[],0.25124649057113824,eV/Å^3,0.6078091539978079,/scratch/kenko/akg4pyscf/.graphchat-workspaces/kenko_room/mlff_elasticity_benchmark/workflow_runs/MACE_OMAT/elasticity_MACE_OMAT/structures/As2Cu2Sr2_0bc67b90/output.json,mp-12557,cif,https://elagente.ca/grafico/ConceptualAtoms_ae64c83c-f124-4609-aa08-5609743fe136,mp-12557
CdCl4Rb2,0.13838140702614976,https://elagente.ca/grafico/ConceptualAtoms_ae6a9f2d-27cf-4a55-8a08-9dc229b52718,https://elagente.ca/ontomlff/MLFFElasticityResult_8af6bdb8-8c82-47e3-9de6-4f61e7e6bbe8,[],[],0.069473268270685,eV/Å^3,0.1785413845509981,/scratch/kenko/akg4pyscf/.graphchat-workspaces/kenko_room/mlff_elasticity_benchmark/workflow_runs/MACE_OMAT/elasticity_MACE_OMAT/structures/CdCl4Rb2_f9f512ec/output.json,mp-29873,cif,https://elagente.ca/grafico/ConceptualAtoms_ae6a9f2d-27cf-4a55-8a08-9dc229b52718,mp-29873
Mo12N4Ni8,1.8369930549751283,https://elagente.ca/grafico/ConceptualAtoms_aec3abb1-8682-4022-aa04-d7032d0952ae,https://elagente.ca/ontomlff/MLFFElasticityResult_03c0134a-c87b-4010-be73-0fbf3391211f,[],[],0.8465718219290599,eV/Å^3,2.201526821528008,/scratch/kenko/akg4pyscf/.graphchat-workspaces/kenko_room/mlff_elasticity_benchmark/workflow_runs/MACE_OMAT/elasticity_MACE_OMAT/structures/Mo12N4Ni8_4b72454c/output.json,mp-4091,cif,https://elagente.ca/grafico/ConceptualAtoms_aec3abb1-8682-4022-aa04-d7032d0952ae,mp-4091
ClILiNa,0.12589566626657686,https://elagente.ca/grafico/ConceptualAtoms_aed8dd99-921e-464d-ade5-6b02c9b57be3,https://elagente.ca/ontomlff/MLFFElasticityResult_bb3a5608-0bcb-49c2-beb7-97402e20cdb7,[],[],0.07284360105589002,eV/Å^3,0.18319786318652265,/scratch/kenko/akg4pyscf/.graphchat-workspaces/kenko_room/mlff_elasticity_benchmark/workflow_runs/MACE_OMAT/elasticity_MACE_OMAT/structures/ClILiNa_28b77ce8/output.json,mp-1002069,cif,https://elagente.ca/grafico/ConceptualAtoms_aed8dd99-921e-464d-ade5-6b02c9b57be3,mp-1002069
InZr3,0.5520344288117391,https://elagente.ca/grafico/ConceptualAtoms_af16d2ce-e926-45cf-9922-ce4da81c6802,https://elagente.ca/ontomlff/MLFFElasticityResult_76aeedb3-f2d8-492d-9de6-c17fd02cce47,[],[],0.2574045380437896,eV/Å^3,0.6683356544628579,/scratch/kenko/akg4pyscf/.graphchat-workspaces/kenko_room/mlff_elasticity_benchmark/workflow_runs/MACE_OMAT/elasticity_MACE_OMAT/structures/InZr3_a705efed/output.json,mp-20695,cif,https://elagente.ca/grafico/ConceptualAtoms_af16d2ce-e926-45cf-9922-ce4da81c6802,mp-20695
Ni2Si2Yb,0.8194689551313238,https://elagente.ca/grafico/ConceptualAtoms_af239554-8db0-4f64-9c54-5f761ff9ff24,https://elagente.ca/ontomlff/MLFFElasticityResult_6e2ce042-8471-4204-8c7b-ce3e40758d13,[],[],0.4438592031768652,eV/Å^3,1.1279322638695592,/scratch/kenko/akg4pyscf/.graphchat-workspaces/kenko_room/mlff_elasticity_benchmark/workflow_runs/MACE_OMAT/elasticity_MACE_OMAT/structures/Ni2Si2Yb_39ea10f4/output.json,mp-5916,cif,https://elagente.ca/grafico/ConceptualAtoms_af239554-8db0-4f64-9c54-5f761ff9ff24,mp-5916
Na12O14Ti4,0.5467164852294752,https://elagente.ca/grafico/ConceptualAtoms_af3eae81-7792-415c-9cb5-02756f4f7149,https://elagente.ca/ontomlff/MLFFElasticityResult_9ac01590-6f70-4cbd-9251-c24c6e6a49a1,[],[],0.30161530682303533,eV/Å^3,0.764295744052847,/scratch/kenko/akg4pyscf/.graphchat-workspaces/kenko_room/mlff_elasticity_benchmark/workflow_runs/MACE_OMAT/elasticity_MACE_OMAT/structures/Na12O14Ti4_2883ce3a/output.json,mp-778364,cif,https://elagente.ca/grafico/ConceptualAtoms_af3eae81-7792-415c-9cb5-02756f4f7149,mp-778364
HgNd2Sn,0.40725955675494957,https://elagente.ca/grafico/ConceptualAtoms_af40826e-27e0-4b0d-b5b1-aa0c116c36a6,https://elagente.ca/ontomlff/MLFFElasticityResult_daf210d1-05d5-467b-b481-8e7f408e8f4c,[],[],0.09335185131944687,eV/Å^3,0.2601763830279831,/scratch/kenko/akg4pyscf/.graphchat-workspaces/kenko_room/mlff_elasticity_benchmark/workflow_runs/MACE_OMAT/elasticity_MACE_OMAT/structures/HgNd2Sn_a2fa0445/output.json,mp-864633,cif,https://elagente.ca/grafico/ConceptualAtoms_af40826e-27e0-4b0d-b5b1-aa0c116c36a6,mp-864633
Mg2O6Ti2,1.1883821211957117,https://elagente.ca/grafico/ConceptualAtoms_af95dc4f-49b6-48d2-9588-329bb588bd86,https://elagente.ca/ontomlff/MLFFElasticityResult_585d7480-5f18-4653-84c3-cadb03329e4b,[],[],0.7240884887589569,eV/Å^3,1.8055538095814232,/scratch/kenko/akg4pyscf/.graphchat-workspaces/kenko_room/mlff_elasticity_benchmark/workflow_runs/MACE_OMAT/elasticity_MACE_OMAT/structures/Mg2O6Ti2_c84b666a/output.json,mp-3771,cif,https://elagente.ca/grafico/ConceptualAtoms_af95dc4f-49b6-48d2-9588-329bb588bd86,mp-3771
Co6La4,0.4766410159945559,https://elagente.ca/grafico/ConceptualAtoms_aff2c538-3432-4aca-a845-b2f7e3ef3157,https://elagente.ca/ontomlff/MLFFElasticityResult_9c5352d8-5889-429e-9c1c-9053a958b925,[],[],0.09967313650699222,eV/Å^3,0.27953439594312895,/scratch/kenko/akg4pyscf/.graphchat-workspaces/kenko_room/mlff_elasticity_benchmark/workflow_runs/MACE_OMAT/elasticity_MACE_OMAT/structures/Co6La4_0670af24/output.json,mp-569054,cif,https://elagente.ca/grafico/ConceptualAtoms_aff2c538-3432-4aca-a845-b2f7e3ef3157,mp-569054
AuPm2Ru,0.5610918762518857,https://elagente.ca/grafico/ConceptualAtoms_b0408b79-b504-4614-b1d8-e83b076f0aab,https://elagente.ca/ontomlff/MLFFElasticityResult_b572b262-7948-4bce-adce-765c564d5fc4,[],[],0.1813344956134983,eV/Å^3,0.491098809015912,/scratch/kenko/akg4pyscf/.graphchat-workspaces/kenko_room/mlff_elasticity_benchmark/workflow_runs/MACE_OMAT/elasticity_MACE_OMAT/structures/AuPm2Ru_34d0c0ac/output.json,mp-863733,cif,https://elagente.ca/grafico/ConceptualAtoms_b0408b79-b504-4614-b1d8-e83b076f0aab,mp-863733
In3Nd3Rh3,0.5535998487281589,https://elagente.ca/grafico/ConceptualAtoms_b08cbb4a-b380-4c76-a936-ef744d6139b3,https://elagente.ca/ontomlff/MLFFElasticityResult_e4264f72-cfe1-4a82-b681-f8585c2975a9,[],[],0.1942726384415598,eV/Å^3,0.5217822450798796,/scratch/kenko/akg4pyscf/.graphchat-workspaces/kenko_room/mlff_elasticity_benchmark/workflow_runs/MACE_OMAT/elasticity_MACE_OMAT/structures/In3Nd3Rh3_1c406eb1/output.json,mp-31330,cif,https://elagente.ca/grafico/ConceptualAtoms_b08cbb4a-b380-4c76-a936-ef744d6139b3,mp-31330
I4,0.06486861991755119,https://elagente.ca/grafico/ConceptualAtoms_b0a8e990-44ae-429c-aeea-b258bc622daa,https://elagente.ca/ontomlff/MLFFElasticityResult_e8be428c-4d07-42a0-a329-83bc6b66848c,[],[],0.03468723810899853,eV/Å^3,0.08831935881540927,/scratch/kenko/akg4pyscf/.graphchat-workspaces/kenko_room/mlff_elasticity_benchmark/workflow_runs/MACE_OMAT/elasticity_MACE_OMAT/structures/I4_73f3be75/output.json,mp-23153,cif,https://elagente.ca/grafico/ConceptualAtoms_b0a8e990-44ae-429c-aeea-b258bc622daa,mp-23153
Pt2V2,1.534907266408221,https://elagente.ca/grafico/ConceptualAtoms_b10e8b7a-2ed1-437c-a720-fe4196776399,https://elagente.ca/ontomlff/MLFFElasticityResult_6e2a422b-2c94-4def-acac-879a8173c2e3,[],[],0.7384257783346133,eV/Å^3,1.9091248534220995,/scratch/kenko/akg4pyscf/.graphchat-workspaces/kenko_room/mlff_elasticity_benchmark/workflow_runs/MACE_OMAT/elasticity_MACE_OMAT/structures/Pt2V2_c5282e16/output.json,mp-1017531,cif,https://elagente.ca/grafico/ConceptualAtoms_b10e8b7a-2ed1-437c-a720-fe4196776399,mp-1017531
Fe3NNi,1.205371127474343,https://elagente.ca/grafico/ConceptualAtoms_b188894a-9980-4f0a-b0e4-369933432c34,https://elagente.ca/ontomlff/MLFFElasticityResult_fb84246b-1cb3-4737-ae86-554eb4a587d7,[],[],0.4654919302633839,eV/Å^3,1.2372129121868436,/scratch/kenko/akg4pyscf/.graphchat-workspaces/kenko_room/mlff_elasticity_benchmark/workflow_runs/MACE_OMAT/elasticity_MACE_OMAT/structures/Fe3NNi_9de3dfec/output.json,mp-567703,cif,https://elagente.ca/grafico/ConceptualAtoms_b188894a-9980-4f0a-b0e4-369933432c34,mp-567703
Al3Hf,0.741422949634823,https://elagente.ca/grafico/ConceptualAtoms_b1968cbb-9b1e-4f4e-bf3b-d1a8596a164d,https://elagente.ca/ontomlff/MLFFElasticityResult_2d50e30a-b631-4f47-97a7-91f6c1a843df,[],[],0.47853399620891335,eV/Å^3,1.1814271945513708,/scratch/kenko/akg4pyscf/.graphchat-workspaces/kenko_room/mlff_elasticity_benchmark/workflow_runs/MACE_OMAT/elasticity_MACE_OMAT/structures/Al3Hf_2b477233/output.json,mp-2614,cif,https://elagente.ca/grafico/ConceptualAtoms_b1968cbb-9b1e-4f4e-bf3b-d1a8596a164d,mp-2614
Co2NbZn,0.9880450886146033,https://elagente.ca/grafico/ConceptualAtoms_b1ae82a3-3687-4dfd-b083-2d4dce4f6718,https://elagente.ca/ontomlff/MLFFElasticityResult_9e1d72de-0a30-47e9-910f-620f21254610,[],[],0.3041424728958351,eV/Å^3,0.8275178872336095,/scratch/kenko/akg4pyscf/.graphchat-workspaces/kenko_room/mlff_elasticity_benchmark/workflow_runs/MACE_OMAT/elasticity_MACE_OMAT/structures/Co2NbZn_186bb7c7/output.json,mp-864857,cif,https://elagente.ca/grafico/ConceptualAtoms_b1ae82a3-3687-4dfd-b083-2d4dce4f6718,mp-864857
GeMnSc2,0.46390497868471064,https://elagente.ca/grafico/ConceptualAtoms_b1dccdde-b329-46d4-8284-a32fd7716fad,https://elagente.ca/ontomlff/MLFFElasticityResult_a48ce8fa-dfdc-47e1-a050-5c848faaebf6,[],[],0.22586408123215007,eV/Å^3,0.5829794007150406,/scratch/kenko/akg4pyscf/.graphchat-workspaces/kenko_room/mlff_elasticity_benchmark/workflow_runs/MACE_OMAT/elasticity_MACE_OMAT/structures/GeMnSc2_0d08cf2a/output.json,mp-999258,cif,https://elagente.ca/grafico/ConceptualAtoms_b1dccdde-b329-46d4-8284-a32fd7716fad,mp-999258
N3Os3,2.3250070275906274,https://elagente.ca/grafico/ConceptualAtoms_b28059cb-c407-433d-ba83-ef86fc770ea0,https://elagente.ca/ontomlff/MLFFElasticityResult_18d951d4-19b5-4a79-ae57-1840fae0eb40,[],[],0.6649312850217184,eV/Å^3,1.8211800970797813,/scratch/kenko/akg4pyscf/.graphchat-workspaces/kenko_room/mlff_elasticity_benchmark/workflow_runs/MACE_OMAT/elasticity_MACE_OMAT/structures/N3Os3_271a5732/output.json,mp-1018849,cif,https://elagente.ca/grafico/ConceptualAtoms_b28059cb-c407-433d-ba83-ef86fc770ea0,mp-1018849
Ag2Yb,0.3852146404345618,https://elagente.ca/grafico/ConceptualAtoms_b2eb5005-002a-4b36-b62e-77fe24f969a5,https://elagente.ca/ontomlff/MLFFElasticityResult_63140ce6-9996-4495-9610-ff48f2c28bad,[],[],0.15301692366911218,eV/Å^3,0.4053756442108771,/scratch/kenko/akg4pyscf/.graphchat-workspaces/kenko_room/mlff_elasticity_benchmark/workflow_runs/MACE_OMAT/elasticity_MACE_OMAT/structures/Ag2Yb_94f91b51/output.json,mp-1008617,cif,https://elagente.ca/grafico/ConceptualAtoms_b2eb5005-002a-4b36-b62e-77fe24f969a5,mp-1008617
IRb,0.07217057943366273,https://elagente.ca/grafico/ConceptualAtoms_b314180f-5d9f-4dfc-b3cb-f79840fd4ed6,https://elagente.ca/ontomlff/MLFFElasticityResult_4c64235c-b4c0-4b86-94eb-caa050208d7f,[],[],0.03495478048090641,eV/Å^3,0.09028780833938276,/scratch/kenko/akg4pyscf/.graphchat-workspaces/kenko_room/mlff_elasticity_benchmark/workflow_runs/MACE_OMAT/elasticity_MACE_OMAT/structures/IRb_255d7c7d/output.json,mp-23302,cif,https://elagente.ca/grafico/ConceptualAtoms_b314180f-5d9f-4dfc-b3cb-f79840fd4ed6,mp-23302
Al18Mn6Si2,0.8127055268200549,https://elagente.ca/grafico/ConceptualAtoms_b33ca2bb-e73c-49f5-8d5d-664fe33236e0,https://elagente.ca/ontomlff/MLFFElasticityResult_4570b421-5778-45c6-812d-879cdcda805f,[],[],0.551071435091852,eV/Å^3,1.3484361598452033,/scratch/kenko/akg4pyscf/.graphchat-workspaces/kenko_room/mlff_elasticity_benchmark/workflow_runs/MACE_OMAT/elasticity_MACE_OMAT/structures/Al18Mn6Si2_26be58d5/output.json,mp-15819,cif,https://elagente.ca/grafico/ConceptualAtoms_b33ca2bb-e73c-49f5-8d5d-664fe33236e0,mp-15819
AlOs2Ta,1.6292266972472709,https://elagente.ca/grafico/ConceptualAtoms_b396e036-dfcb-44f0-ba89-6ab8f9d5d077,https://elagente.ca/ontomlff/MLFFElasticityResult_de74a3fa-37e4-4470-853e-6e688a7c5bca,[],[],0.9599092348269271,eV/Å^3,2.407006885192317,/scratch/kenko/akg4pyscf/.graphchat-workspaces/kenko_room/mlff_elasticity_benchmark/workflow_runs/MACE_OMAT/elasticity_MACE_OMAT/structures/AlOs2Ta_8d23436a/output.json,mp-862445,cif,https://elagente.ca/grafico/ConceptualAtoms_b396e036-dfcb-44f0-ba89-6ab8f9d5d077,mp-862445
Cd6Er2,0.34178129217038666,https://elagente.ca/grafico/ConceptualAtoms_b3d93392-75a5-4734-97ef-1f79b45f12b3,https://elagente.ca/ontomlff/MLFFElasticityResult_70ffab34-9fba-40c8-ad3a-ef7812e1c1f5,[],[],0.17652536182090145,eV/Å^3,0.45179423772381394,/scratch/kenko/akg4pyscf/.graphchat-workspaces/kenko_room/mlff_elasticity_benchmark/workflow_runs/MACE_OMAT/elasticity_MACE_OMAT/structures/Cd6Er2_0260b75b/output.json,mp-7303,cif,https://elagente.ca/grafico/ConceptualAtoms_b3d93392-75a5-4734-97ef-1f79b45f12b3,mp-7303
AgInLi2,0.25021185359576126,https://elagente.ca/grafico/ConceptualAtoms_b3ec3128-cbf8-4082-935c-d5eaee69912c,https://elagente.ca/ontomlff/MLFFElasticityResult_6f9c45ff-659e-4331-bae4-14eb4de3a32c,[],[],0.1338120067828376,eV/Å^3,0.34070097912348096,/scratch/kenko/akg4pyscf/.graphchat-workspaces/kenko_room/mlff_elasticity_benchmark/workflow_runs/MACE_OMAT/elasticity_MACE_OMAT/structures/AgInLi2_ea9f6131/output.json,mp-30344,cif,https://elagente.ca/grafico/ConceptualAtoms_b3ec3128-cbf8-4082-935c-d5eaee69912c,mp-30344
Co7Mo6,1.6663477967836862,https://elagente.ca/grafico/ConceptualAtoms_b41f3d22-859b-4526-8b1e-6caed55b81ee,https://elagente.ca/ontomlff/MLFFElasticityResult_930a1e75-24cb-40a4-8548-a1654db63940,[],[],0.7748736437171897,eV/Å^3,2.0126511746492852,/scratch/kenko/akg4pyscf/.graphchat-workspaces/kenko_room/mlff_elasticity_benchmark/workflow_runs/MACE_OMAT/elasticity_MACE_OMAT/structures/Co7Mo6_bc2bddb9/output.json,mp-567747,cif,https://elagente.ca/grafico/ConceptualAtoms_b41f3d22-859b-4526-8b1e-6caed55b81ee,mp-567747
Ba2N4Ti2,0.9250528805751876,https://elagente.ca/grafico/ConceptualAtoms_b462bb46-f8c6-4d82-9a7e-66dd1197f89a,https://elagente.ca/ontomlff/MLFFElasticityResult_7ebcf14d-675c-447d-8160-5c1d7a8ce21b,[],[],0.5635583844299676,eV/Å^3,1.4052978210632572,/scratch/kenko/akg4pyscf/.graphchat-workspaces/kenko_room/mlff_elasticity_benchmark/workflow_runs/MACE_OMAT/elasticity_MACE_OMAT/structures/Ba2N4Ti2_eaf810c5/output.json,mp-1029374,cif,https://elagente.ca/grafico/ConceptualAtoms_b462bb46-f8c6-4d82-9a7e-66dd1197f89a,mp-1029374
CrN2W,1.9434834932041634,https://elagente.ca/grafico/ConceptualAtoms_b4a24c26-2771-4558-bde4-2c883fc45582,https://elagente.ca/ontomlff/MLFFElasticityResult_0b079075-0e6e-44a6-9729-e385117b539b,[],[],1.1856813185074695,eV/Å^3,2.9559263185500018,/scratch/kenko/akg4pyscf/.graphchat-workspaces/kenko_room/mlff_elasticity_benchmark/workflow_runs/MACE_OMAT/elasticity_MACE_OMAT/structures/CrN2W_07d51b52/output.json,mp-15226,cif,https://elagente.ca/grafico/ConceptualAtoms_b4a24c26-2771-4558-bde4-2c883fc45582,mp-15226
CuZr,0.7337387054553667,https://elagente.ca/grafico/ConceptualAtoms_b4d61083-80f7-48cf-b635-960b98deefd1,https://elagente.ca/ontomlff/MLFFElasticityResult_c367ca62-d5fa-4f81-a2b7-49c91e4a99b2,[],[],0.18116997765697987,eV/Å^3,0.5021783945357015,/scratch/kenko/akg4pyscf/.graphchat-workspaces/kenko_room/mlff_elasticity_benchmark/workflow_runs/MACE_OMAT/elasticity_MACE_OMAT/structures/CuZr_38e57a93/output.json,mp-2210,cif,https://elagente.ca/grafico/ConceptualAtoms_b4d61083-80f7-48cf-b635-960b98deefd1,mp-2210
CuNi2Zn,0.9654407160409111,https://elagente.ca/grafico/ConceptualAtoms_b52a3008-6c23-4ef3-9b53-047a143b914d,https://elagente.ca/ontomlff/MLFFElasticityResult_07f048eb-fda6-45b5-9c7a-63431a7eabe7,[],[],0.29505728280457244,eV/Å^3,0.8033337573747702,/scratch/kenko/akg4pyscf/.graphchat-workspaces/kenko_room/mlff_elasticity_benchmark/workflow_runs/MACE_OMAT/elasticity_MACE_OMAT/structures/CuNi2Zn_44b25688/output.json,mp-971738,cif,https://elagente.ca/grafico/ConceptualAtoms_b52a3008-6c23-4ef3-9b53-047a143b914d,mp-971738
BN,0.6485141630157162,https://elagente.ca/grafico/ConceptualAtoms_b57c2abe-f50b-4f6b-b690-e665f6593000,https://elagente.ca/ontomlff/MLFFElasticityResult_c16e8f29-fec6-4842-bb20-3cc915cc0d51,[],[],0.47541517288988,eV/Å^3,1.1461667835052987,/scratch/kenko/akg4pyscf/.graphchat-workspaces/kenko_room/mlff_elasticity_benchmark/workflow_runs/MACE_OMAT/elasticity_MACE_OMAT/structures/BN_3268d222/output.json,mp-13150,cif,https://elagente.ca/grafico/ConceptualAtoms_b57c2abe-f50b-4f6b-b690-e665f6593000,mp-13150
Hf3Ni9,1.1503369004162243,https://elagente.ca/grafico/ConceptualAtoms_b57ed619-cc21-4a24-8622-e79ad6dcdf09,https://elagente.ca/ontomlff/MLFFElasticityResult_01273c8a-5b1b-491c-a172-3507b4864613,[],[],0.5253737895955024,eV/Å^3,1.3678787156204337,/scratch/kenko/akg4pyscf/.graphchat-workspaces/kenko_room/mlff_elasticity_benchmark/workflow_runs/MACE_OMAT/elasticity_MACE_OMAT/structures/Hf3Ni9_a54b658d/output.json,mp-7285,cif,https://elagente.ca/grafico/ConceptualAtoms_b57ed619-cc21-4a24-8622-e79ad6dcdf09,mp-7285
Ce3Mg3Pt3,0.4686808452671856,https://elagente.ca/grafico/ConceptualAtoms_b5af265a-e774-4788-870f-bfd1531d0db6,https://elagente.ca/ontomlff/MLFFElasticityResult_19791a99-480c-4d92-a031-925cd09954a2,[],[],0.19877310691879824,eV/Å^3,0.5224589713510701,/scratch/kenko/akg4pyscf/.graphchat-workspaces/kenko_room/mlff_elasticity_benchmark/workflow_runs/MACE_OMAT/elasticity_MACE_OMAT/structures/Ce3Mg3Pt3_3a3b7fa0/output.json,mp-19934,cif,https://elagente.ca/grafico/ConceptualAtoms_b5af265a-e774-4788-870f-bfd1531d0db6,mp-19934
OsTcV2,1.5544509478724264,https://elagente.ca/grafico/ConceptualAtoms_b5b41798-809a-4e4d-9fc1-c0b88bafd1cc,https://elagente.ca/ontomlff/MLFFElasticityResult_fd7ff755-17cc-4e2b-9c79-2ed8bb26eb95,[],[],0.7280854057483324,eV/Å^3,1.889283892489489,/scratch/kenko/akg4pyscf/.graphchat-workspaces/kenko_room/mlff_elasticity_benchmark/workflow_runs/MACE_OMAT/elasticity_MACE_OMAT/structures/OsTcV2_670ddda4/output.json,mp-865499,cif,https://elagente.ca/grafico/ConceptualAtoms_b5b41798-809a-4e4d-9fc1-c0b88bafd1cc,mp-865499
Pt4Se6Tl2,0.4939655816613102,https://elagente.ca/grafico/ConceptualAtoms_b5fd2ab1-655f-46bd-b61a-a3b18c77a30f,https://elagente.ca/ontomlff/MLFFElasticityResult_0cd66b2f-c51f-4f2a-836e-776236ae05d0,[],[],0.21237776585271387,eV/Å^3,0.5572684672603925,/scratch/kenko/akg4pyscf/.graphchat-workspaces/kenko_room/mlff_elasticity_benchmark/workflow_runs/MACE_OMAT/elasticity_MACE_OMAT/structures/Pt4Se6Tl2_4f84c018/output.json,mp-541487,cif,https://elagente.ca/grafico/ConceptualAtoms_b5fd2ab1-655f-46bd-b61a-a3b18c77a30f,mp-541487
CsI,0.01988479172751691,https://elagente.ca/grafico/ConceptualAtoms_b639711e-5b65-4626-b80c-429c0e2c533e,https://elagente.ca/ontomlff/MLFFElasticityResult_5040fd35-cc62-4cb5-8c00-d3f2d12b8562,[],[],0.017177103196236086,eV/Å^3,0.040010528766575536,/scratch/kenko/akg4pyscf/.graphchat-workspaces/kenko_room/mlff_elasticity_benchmark/workflow_runs/MACE_OMAT/elasticity_MACE_OMAT/structures/CsI_619066d1/output.json,mp-614603,cif,https://elagente.ca/grafico/ConceptualAtoms_b639711e-5b65-4626-b80c-429c0e2c533e,mp-614603
Sn6Y10,0.4054656024286621,https://elagente.ca/grafico/ConceptualAtoms_b68f4a54-bbee-466a-a9c0-224ba4656780,https://elagente.ca/ontomlff/MLFFElasticityResult_886ce365-b71c-4568-8bca-155d8057a96d,[],[],0.3012008014536237,eV/Å^3,0.7242625274254072,/scratch/kenko/akg4pyscf/.graphchat-workspaces/kenko_room/mlff_elasticity_benchmark/workflow_runs/MACE_OMAT/elasticity_MACE_OMAT/structures/Sn6Y10_52cc6418/output.json,mp-567412,cif,https://elagente.ca/grafico/ConceptualAtoms_b68f4a54-bbee-466a-a9c0-224ba4656780,mp-567412
GeO3Sm,0.8421929954268296,https://elagente.ca/grafico/ConceptualAtoms_b6b02009-c77a-43c0-a102-74f4c21beffa,https://elagente.ca/ontomlff/MLFFElasticityResult_ffec7e17-71ef-40ca-b23b-e795c4e49d9a,[],[],0.41818242745333695,eV/Å^3,1.0763903609043304,/scratch/kenko/akg4pyscf/.graphchat-workspaces/kenko_room/mlff_elasticity_benchmark/workflow_runs/MACE_OMAT/elasticity_MACE_OMAT/structures/GeO3Sm_33378162/output.json,mp-978926,cif,https://elagente.ca/grafico/ConceptualAtoms_b6b02009-c77a-43c0-a102-74f4c21beffa,mp-978926
EuNi2Si2,0.6960923758358658,https://elagente.ca/grafico/ConceptualAtoms_b6e721b4-8e0f-47e5-ab94-061eb2b540d9,https://elagente.ca/ontomlff/MLFFElasticityResult_b17bd809-7aed-49af-ae57-434a66113202,[],[],0.3920105896870495,eV/Å^3,0.9901594188155074,/scratch/kenko/akg4pyscf/.graphchat-workspaces/kenko_room/mlff_elasticity_benchmark/workflow_runs/MACE_OMAT/elasticity_MACE_OMAT/structures/EuNi2Si2_cea81a0d/output.json,mp-4768,cif,https://elagente.ca/grafico/ConceptualAtoms_b6e721b4-8e0f-47e5-ab94-061eb2b540d9,mp-4768
Cu3Pd,0.9129562793906072,https://elagente.ca/grafico/ConceptualAtoms_b6eb0454-f186-4577-8aad-b0b9b337e4b3,https://elagente.ca/ontomlff/MLFFElasticityResult_8791224d-a960-40a8-bd2e-d7723be2107c,[],[],0.35134232337094884,eV/Å^3,0.9341891126927061,/scratch/kenko/akg4pyscf/.graphchat-workspaces/kenko_room/mlff_elasticity_benchmark/workflow_runs/MACE_OMAT/elasticity_MACE_OMAT/structures/Cu3Pd_d6f282e4/output.json,mp-580357,cif,https://elagente.ca/grafico/ConceptualAtoms_b6eb0454-f186-4577-8aad-b0b9b337e4b3,mp-580357
Ge2Rh2Th,0.9693440615537627,https://elagente.ca/grafico/ConceptualAtoms_b6ee3140-7d76-4f13-9aec-97dad8db8574,https://elagente.ca/ontomlff/MLFFElasticityResult_beea9e15-1e0a-4926-b483-05d8330cf185,[],[],0.4701202319464437,eV/Å^3,1.2140879953547437,/scratch/kenko/akg4pyscf/.graphchat-workspaces/kenko_room/mlff_elasticity_benchmark/workflow_runs/MACE_OMAT/elasticity_MACE_OMAT/structures/Ge2Rh2Th_8c2c68cf/output.json,mp-3011,cif,https://elagente.ca/grafico/ConceptualAtoms_b6ee3140-7d76-4f13-9aec-97dad8db8574,mp-3011
DyMg3,0.2597180963277616,https://elagente.ca/grafico/ConceptualAtoms_b76a9723-7d5f-4dbf-aaf5-5900cfb7c9dc,https://elagente.ca/ontomlff/MLFFElasticityResult_be8c8b16-bb3a-4b49-9c73-d5cdbb6ff26e,[],[],0.16913270944770228,eV/Å^3,0.4169006098098417,/scratch/kenko/akg4pyscf/.graphchat-workspaces/kenko_room/mlff_elasticity_benchmark/workflow_runs/MACE_OMAT/elasticity_MACE_OMAT/structures/DyMg3_27f00875/output.json,mp-1546,cif,https://elagente.ca/grafico/ConceptualAtoms_b76a9723-7d5f-4dbf-aaf5-5900cfb7c9dc,mp-1546
Mn2N6Sr6,0.5063756477536961,https://elagente.ca/grafico/ConceptualAtoms_b7857689-5566-4abc-89f5-f5dc3bce3226,https://elagente.ca/ontomlff/MLFFElasticityResult_d00834a8-658d-45e6-a492-40be71c80b95,[],[],0.3123308957229811,eV/Å^3,0.7772009851488214,/scratch/kenko/akg4pyscf/.graphchat-workspaces/kenko_room/mlff_elasticity_benchmark/workflow_runs/MACE_OMAT/elasticity_MACE_OMAT/structures/Mn2N6Sr6_d548c5cc/output.json,mp-9325,cif,https://elagente.ca/grafico/ConceptualAtoms_b7857689-5566-4abc-89f5-f5dc3bce3226,mp-9325
Cd2Cu2F8,0.6015033146525813,https://elagente.ca/grafico/ConceptualAtoms_b7931b61-acab-4543-a408-5432a749aaa3,https://elagente.ca/ontomlff/MLFFElasticityResult_c150d56a-47c2-4a33-a8b8-54bdcb649788,[],[],0.2483076954833977,eV/Å^3,0.6548175985807576,/scratch/kenko/akg4pyscf/.graphchat-workspaces/kenko_room/mlff_elasticity_benchmark/workflow_runs/MACE_OMAT/elasticity_MACE_OMAT/structures/Cd2Cu2F8_c1b60c13/output.json,mp-9075,cif,https://elagente.ca/grafico/ConceptualAtoms_b7931b61-acab-4543-a408-5432a749aaa3,mp-9075
Cu5Dy,0.6793941779274537,https://elagente.ca/grafico/ConceptualAtoms_b8e4498d-777e-418f-8c94-eab2f67a5681,https://elagente.ca/ontomlff/MLFFElasticityResult_2170fe43-a20e-4cb7-94c6-6b13ae8134d5,[],[],0.337531356920454,eV/Å^3,0.8687289984345851,/scratch/kenko/akg4pyscf/.graphchat-workspaces/kenko_room/mlff_elasticity_benchmark/workflow_runs/MACE_OMAT/elasticity_MACE_OMAT/structures/Cu5Dy_1adc8bed/output.json,mp-30578,cif,https://elagente.ca/grafico/ConceptualAtoms_b8e4498d-777e-418f-8c94-eab2f67a5681,mp-30578
Ru4S8,1.1195889518533284,https://elagente.ca/grafico/ConceptualAtoms_b921aa97-acf6-4d78-bcbe-691179cb5765,https://elagente.ca/ontomlff/MLFFElasticityResult_79edd75a-f6ab-47c1-ada4-9b7c1c835351,[],[],0.9552646755489149,eV/Å^3,2.231215493478018,/scratch/kenko/akg4pyscf/.graphchat-workspaces/kenko_room/mlff_elasticity_benchmark/workflow_runs/MACE_OMAT/elasticity_MACE_OMAT/structures/Ru4S8_21897133/output.json,mp-2030,cif,https://elagente.ca/grafico/ConceptualAtoms_b921aa97-acf6-4d78-bcbe-691179cb5765,mp-2030
Gd2O2S,0.7643782584968668,https://elagente.ca/grafico/ConceptualAtoms_b93b35ec-3dd9-4e7e-9c65-e929fa66b3fe,https://elagente.ca/ontomlff/MLFFElasticityResult_4068be7f-845a-4ea3-a406-6dcdaaaa0f48,[],[],0.42943254915690854,eV/Å^3,1.0850935107657391,/scratch/kenko/akg4pyscf/.graphchat-workspaces/kenko_room/mlff_elasticity_benchmark/workflow_runs/MACE_OMAT/elasticity_MACE_OMAT/structures/Gd2O2S_88a58beb/output.json,mp-4805,cif,https://elagente.ca/grafico/ConceptualAtoms_b93b35ec-3dd9-4e7e-9c65-e929fa66b3fe,mp-4805
ErIr,0.8875940527332289,https://elagente.ca/grafico/ConceptualAtoms_b98fd0a3-aeb6-4053-86d0-8542f3e7fde2,https://elagente.ca/ontomlff/MLFFElasticityResult_a913809d-a0fd-444f-b6fb-23bed8899300,[],[],0.2415621588633539,eV/Å^3,0.6644123456078249,/scratch/kenko/akg4pyscf/.graphchat-workspaces/kenko_room/mlff_elasticity_benchmark/workflow_runs/MACE_OMAT/elasticity_MACE_OMAT/structures/ErIr_dc276d7d/output.json,mp-2713,cif,https://elagente.ca/grafico/ConceptualAtoms_b98fd0a3-aeb6-4053-86d0-8542f3e7fde2,mp-2713
Ca2Ge2N4,0.8537930983131565,https://elagente.ca/grafico/ConceptualAtoms_b99fedde-bc55-43b0-83ca-275443aa923e,https://elagente.ca/ontomlff/MLFFElasticityResult_1107904b-88bc-4588-a5cc-6a8bbe7916a3,[],[],0.5549408578823142,eV/Å^3,1.3683581470363073,/scratch/kenko/akg4pyscf/.graphchat-workspaces/kenko_room/mlff_elasticity_benchmark/workflow_runs/MACE_OMAT/elasticity_MACE_OMAT/structures/Ca2Ge2N4_30efe519/output.json,mp-1029446,cif,https://elagente.ca/grafico/ConceptualAtoms_b99fedde-bc55-43b0-83ca-275443aa923e,mp-1029446
BiO3Sc,0.9370308527180344,https://elagente.ca/grafico/ConceptualAtoms_b9be42ad-e1e9-4800-84cf-98f9d5b6a799,https://elagente.ca/ontomlff/MLFFElasticityResult_3d94f40b-70fe-4d0c-ab98-c4c89eabf28c,[],[],0.4598877578629518,eV/Å^3,1.185687710241769,/scratch/kenko/akg4pyscf/.graphchat-workspaces/kenko_room/mlff_elasticity_benchmark/workflow_runs/MACE_OMAT/elasticity_MACE_OMAT/structures/BiO3Sc_664f17ce/output.json,mp-550008,cif,https://elagente.ca/grafico/ConceptualAtoms_b9be42ad-e1e9-4800-84cf-98f9d5b6a799,mp-550008
C2Co2Y2,0.8481808122317132,https://elagente.ca/grafico/ConceptualAtoms_ba3727fe-c5e8-4343-ab75-594dc58a0f59,https://elagente.ca/ontomlff/MLFFElasticityResult_a2be862f-ac93-4406-98f4-3e18319033f0,[],[],0.42087829371780405,eV/Å^3,1.0834307604975115,/scratch/kenko/akg4pyscf/.graphchat-workspaces/kenko_room/mlff_elasticity_benchmark/workflow_runs/MACE_OMAT/elasticity_MACE_OMAT/structures/C2Co2Y2_a8f3c15b/output.json,mp-21422,cif,https://elagente.ca/grafico/ConceptualAtoms_ba3727fe-c5e8-4343-ab75-594dc58a0f59,mp-21422
Cl6Lu2,0.18614234077723188,https://elagente.ca/grafico/ConceptualAtoms_ba6103d4-0ce1-4a22-a5ca-a05953df3083,https://elagente.ca/ontomlff/MLFFElasticityResult_a901f401-906e-4bff-9274-58368818afbe,[],[],0.09956399371367852,eV/Å^3,0.2534953662823891,/scratch/kenko/akg4pyscf/.graphchat-workspaces/kenko_room/mlff_elasticity_benchmark/workflow_runs/MACE_OMAT/elasticity_MACE_OMAT/structures/Cl6Lu2_672de724/output.json,mp-865324,cif,https://elagente.ca/grafico/ConceptualAtoms_ba6103d4-0ce1-4a22-a5ca-a05953df3083,mp-865324
Ca2O8Sn3,0.8483737438399257,https://elagente.ca/grafico/ConceptualAtoms_baeec3c3-7aa6-45c3-b952-bbf7a0b7dbd3,https://elagente.ca/ontomlff/MLFFElasticityResult_11a729d5-b7f4-4ed7-9ac7-aac8d63d3645,[],[],0.4889587381825544,eV/Å^3,1.2304810139934752,/scratch/kenko/akg4pyscf/.graphchat-workspaces/kenko_room/mlff_elasticity_benchmark/workflow_runs/MACE_OMAT/elasticity_MACE_OMAT/structures/Ca2O8Sn3_240043a2/output.json,mp-1386610,cif,https://elagente.ca/grafico/ConceptualAtoms_baeec3c3-7aa6-45c3-b952-bbf7a0b7dbd3,mp-1386610
As8O20,0.9452433185865645,https://elagente.ca/grafico/ConceptualAtoms_bb10bb95-eba5-4da4-bab0-b6d5f647c0ca,https://elagente.ca/ontomlff/MLFFElasticityResult_97c69c4b-6f3f-4426-a7e4-c2a370570738,[],[],0.7475622178240703,eV/Å^3,1.7748074721668923,/scratch/kenko/akg4pyscf/.graphchat-workspaces/kenko_room/mlff_elasticity_benchmark/workflow_runs/MACE_OMAT/elasticity_MACE_OMAT/structures/As8O20_44337550/output.json,mp-555434,cif,https://elagente.ca/grafico/ConceptualAtoms_bb10bb95-eba5-4da4-bab0-b6d5f647c0ca,mp-555434
O8Si4,0.9530735708433712,https://elagente.ca/grafico/ConceptualAtoms_bbdb1301-07a6-4290-8921-fb2db5d73e7b,https://elagente.ca/ontomlff/MLFFElasticityResult_4d87b3d1-b373-4e1b-bd8b-ce32635f042f,[],[],0.6462360928467255,eV/Å^3,1.5813045697933727,/scratch/kenko/akg4pyscf/.graphchat-workspaces/kenko_room/mlff_elasticity_benchmark/workflow_runs/MACE_OMAT/elasticity_MACE_OMAT/structures/O8Si4_96f823c3/output.json,mp-554573,cif,https://elagente.ca/grafico/ConceptualAtoms_bbdb1301-07a6-4290-8921-fb2db5d73e7b,mp-554573
Lu16O24,0.9725054188307265,https://elagente.ca/grafico/ConceptualAtoms_bcbc044c-874e-47cb-bbee-cc3a89de9a80,https://elagente.ca/ontomlff/MLFFElasticityResult_20a1cc7a-b76a-4fbb-ba67-df3721579565,[],[],0.5983274958950607,eV/Å^3,1.4895117521603372,/scratch/kenko/akg4pyscf/.graphchat-workspaces/kenko_room/mlff_elasticity_benchmark/workflow_runs/MACE_OMAT/elasticity_MACE_OMAT/structures/Lu16O24_c0a5f076/output.json,mp-1427,cif,https://elagente.ca/grafico/ConceptualAtoms_bcbc044c-874e-47cb-bbee-cc3a89de9a80,mp-1427
Ag4Ca2,0.2964612366191314,https://elagente.ca/grafico/ConceptualAtoms_bcdaebf9-8463-43b6-b7d6-19d80a3c5ec6,https://elagente.ca/ontomlff/MLFFElasticityResult_c2b02020-da90-4215-8b33-4fcc11436634,[],[],0.12776706623837883,eV/Å^3,0.3351536961064616,/scratch/kenko/akg4pyscf/.graphchat-workspaces/kenko_room/mlff_elasticity_benchmark/workflow_runs/MACE_OMAT/elasticity_MACE_OMAT/structures/Ag4Ca2_62888cff/output.json,mp-13270,cif,https://elagente.ca/grafico/ConceptualAtoms_bcdaebf9-8463-43b6-b7d6-19d80a3c5ec6,mp-13270
C3B12,1.028848664332298,https://elagente.ca/grafico/ConceptualAtoms_bcfb5e17-2fb3-48e0-8065-4262530b7e31,https://elagente.ca/ontomlff/MLFFElasticityResult_05e6371c-3055-45ce-bb88-4b3c93a22a2c,[],[],0.7203367890501127,eV/Å^3,1.7521048772523677,/scratch/kenko/akg4pyscf/.graphchat-workspaces/kenko_room/mlff_elasticity_benchmark/workflow_runs/MACE_OMAT/elasticity_MACE_OMAT/structures/C3B12_8de52042/output.json,mp-571655,cif,https://elagente.ca/grafico/ConceptualAtoms_bcfb5e17-2fb3-48e0-8065-4262530b7e31,mp-571655
CPd3Y,0.9022325632088954,https://elagente.ca/grafico/ConceptualAtoms_bdce2fbc-6dfe-4d8e-ab5a-2270dc3f2958,https://elagente.ca/ontomlff/MLFFElasticityResult_ff875959-8c9a-49c1-934b-69b90df159d6,[],[],0.11791209206582548,eV/Å^3,0.3389697110470058,/scratch/kenko/akg4pyscf/.graphchat-workspaces/kenko_room/mlff_elasticity_benchmark/workflow_runs/MACE_OMAT/elasticity_MACE_OMAT/structures/CPd3Y_a6eafecc/output.json,mp-1018629,cif,https://elagente.ca/grafico/ConceptualAtoms_bdce2fbc-6dfe-4d8e-ab5a-2270dc3f2958,mp-1018629
Cu2Si2Sr,0.5064838399080878,https://elagente.ca/grafico/ConceptualAtoms_bddf4c35-c256-4ff7-9e94-6972e4c0dc6e,https://elagente.ca/ontomlff/MLFFElasticityResult_7da575d4-a88c-44bb-89d9-1e0489824498,[],[],0.35875630663369085,eV/Å^3,0.8706908910856643,/scratch/kenko/akg4pyscf/.graphchat-workspaces/kenko_room/mlff_elasticity_benchmark/workflow_runs/MACE_OMAT/elasticity_MACE_OMAT/structures/Cu2Si2Sr_3480d344/output.json,mp-7877,cif,https://elagente.ca/grafico/ConceptualAtoms_bddf4c35-c256-4ff7-9e94-6972e4c0dc6e,mp-7877
Ga4S4,0.3436367832890743,https://elagente.ca/grafico/ConceptualAtoms_be359bcb-52ff-4d08-9b1c-86689352cb0a,https://elagente.ca/ontomlff/MLFFElasticityResult_a0348bdb-b56c-4b92-83ac-901b4f92d37e,[],[],0.2618243945832759,eV/Å^3,0.6263871518476568,/scratch/kenko/akg4pyscf/.graphchat-workspaces/kenko_room/mlff_elasticity_benchmark/workflow_runs/MACE_OMAT/elasticity_MACE_OMAT/structures/Ga4S4_75104016/output.json,mp-2507,cif,https://elagente.ca/grafico/ConceptualAtoms_be359bcb-52ff-4d08-9b1c-86689352cb0a,mp-2507
O8Si2Zr2,1.4815882560827958,https://elagente.ca/grafico/ConceptualAtoms_be89bd93-ac1c-4eeb-b265-8f6ef3c281ba,https://elagente.ca/ontomlff/MLFFElasticityResult_2b0405a0-9aaa-4b33-b6e2-da3f3a510b61,[],[],0.8928078939993812,eV/Å^3,2.230407709555008,/scratch/kenko/akg4pyscf/.graphchat-workspaces/kenko_room/mlff_elasticity_benchmark/workflow_runs/MACE_OMAT/elasticity_MACE_OMAT/structures/O8Si2Zr2_9b5fad59/output.json,mp-11736,cif,https://elagente.ca/grafico/ConceptualAtoms_be89bd93-ac1c-4eeb-b265-8f6ef3c281ba,mp-11736
AlRu2Ti,1.352841416511807,https://elagente.ca/grafico/ConceptualAtoms_bf0496a9-e403-4afd-aeff-8982508ed652,https://elagente.ca/ontomlff/MLFFElasticityResult_05040e67-3b3f-400d-8bbb-c47015f4cea8,[],[],0.6578939958936627,eV/Å^3,1.6983727462333689,/scratch/kenko/akg4pyscf/.graphchat-workspaces/kenko_room/mlff_elasticity_benchmark/workflow_runs/MACE_OMAT/elasticity_MACE_OMAT/structures/AlRu2Ti_f8966346/output.json,mp-866155,cif,https://elagente.ca/grafico/ConceptualAtoms_bf0496a9-e403-4afd-aeff-8982508ed652,mp-866155
O8Zr4,1.3418712948274745,https://elagente.ca/grafico/ConceptualAtoms_bf0b78d6-98f5-4e42-9686-b10d74b9081f,https://elagente.ca/ontomlff/MLFFElasticityResult_8f13b85c-6cd0-4c1a-82ce-9730a4be4895,[],[],0.6647058006508152,eV/Å^3,1.711513764409801,/scratch/kenko/akg4pyscf/.graphchat-workspaces/kenko_room/mlff_elasticity_benchmark/workflow_runs/MACE_OMAT/elasticity_MACE_OMAT/structures/O8Zr4_5132f0f7/output.json,mp-755089,cif,https://elagente.ca/grafico/ConceptualAtoms_bf0b78d6-98f5-4e42-9686-b10d74b9081f,mp-755089
CrS2,0.26125486840085715,https://elagente.ca/grafico/ConceptualAtoms_bf21ebfc-fc49-43e0-aea9-494dcd4addf3,https://elagente.ca/ontomlff/MLFFElasticityResult_d22736e1-7cd3-48f1-8601-02e518a19d8f,[],[],0.24375733545900993,eV/Å^3,0.5577935542717066,/scratch/kenko/akg4pyscf/.graphchat-workspaces/kenko_room/mlff_elasticity_benchmark/workflow_runs/MACE_OMAT/elasticity_MACE_OMAT/structures/CrS2_4a0791dd/output.json,mp-1413688,cif,https://elagente.ca/grafico/ConceptualAtoms_bf21ebfc-fc49-43e0-aea9-494dcd4addf3,mp-1413688
ErLa3,0.1762616357168299,https://elagente.ca/grafico/ConceptualAtoms_c0615669-389d-4cdd-8145-7ceda38a7c0d,https://elagente.ca/ontomlff/MLFFElasticityResult_e8cb962b-6ff9-4e7c-80b3-f23aa24e23c7,[],[],0.12725490621811955,eV/Å^3,0.3077121497709352,/scratch/kenko/akg4pyscf/.graphchat-workspaces/kenko_room/mlff_elasticity_benchmark/workflow_runs/MACE_OMAT/elasticity_MACE_OMAT/structures/ErLa3_fd2d1bd2/output.json,mp-972912,cif,https://elagente.ca/grafico/ConceptualAtoms_c0615669-389d-4cdd-8145-7ceda38a7c0d,mp-972912
Ba2F6Zn,0.456619304107412,https://elagente.ca/grafico/ConceptualAtoms_c0668194-be90-4f96-b74e-02932c54548b,https://elagente.ca/ontomlff/MLFFElasticityResult_a6cfc422-c6da-42b2-9e3b-b553a4d9fe3f,[],[],0.20050934482695618,eV/Å^3,0.5247230759339349,/scratch/kenko/akg4pyscf/.graphchat-workspaces/kenko_room/mlff_elasticity_benchmark/workflow_runs/MACE_OMAT/elasticity_MACE_OMAT/structures/Ba2F6Zn_2aaee1e6/output.json,mp-7739,cif,https://elagente.ca/grafico/ConceptualAtoms_c0668194-be90-4f96-b74e-02932c54548b,mp-7739
Hf2IrMo,1.1392884405055697,https://elagente.ca/grafico/ConceptualAtoms_c09dd9c8-22df-4292-9c6a-3fa2c4d01a6c,https://elagente.ca/ontomlff/MLFFElasticityResult_09cb3e3c-0460-49e5-86d8-780ff8430f17,[],[],0.51697278195023,eV/Å^3,1.347153273248176,/scratch/kenko/akg4pyscf/.graphchat-workspaces/kenko_room/mlff_elasticity_benchmark/workflow_runs/MACE_OMAT/elasticity_MACE_OMAT/structures/Hf2IrMo_28c8ffd9/output.json,mp-864684,cif,https://elagente.ca/grafico/ConceptualAtoms_c09dd9c8-22df-4292-9c6a-3fa2c4d01a6c,mp-864684
Ba2F8Zn2,0.4684354997979606,https://elagente.ca/grafico/ConceptualAtoms_c0b438d3-70af-4baf-82dc-8dfaf74e914e,https://elagente.ca/ontomlff/MLFFElasticityResult_d1c4cd0e-9851-458c-80e8-32026fe78ff0,[],[],0.2000073238416511,eV/Å^3,0.5252647576806111,/scratch/kenko/akg4pyscf/.graphchat-workspaces/kenko_room/mlff_elasticity_benchmark/workflow_runs/MACE_OMAT/elasticity_MACE_OMAT/structures/Ba2F8Zn2_ff73774f/output.json,mp-3881,cif,https://elagente.ca/grafico/ConceptualAtoms_c0b438d3-70af-4baf-82dc-8dfaf74e914e,mp-3881
Hf2LiOs,0.8568138892828108,https://elagente.ca/grafico/ConceptualAtoms_c0b78c84-a313-4315-bd8c-d84d3796ec67,https://elagente.ca/ontomlff/MLFFElasticityResult_507eadba-43cd-42d3-824a-ffd54556aaa9,[],[],0.380276983228106,eV/Å^3,0.9938051558964458,/scratch/kenko/akg4pyscf/.graphchat-workspaces/kenko_room/mlff_elasticity_benchmark/workflow_runs/MACE_OMAT/elasticity_MACE_OMAT/structures/Hf2LiOs_b85d6b45/output.json,mp-862684,cif,https://elagente.ca/grafico/ConceptualAtoms_c0b78c84-a313-4315-bd8c-d84d3796ec67,mp-862684
Cu2K2Te2,0.1769066063879618,https://elagente.ca/grafico/ConceptualAtoms_c1871da7-1e12-4896-9888-e8bfe80fe387,https://elagente.ca/ontomlff/MLFFElasticityResult_44bf2488-94f4-4dff-a19a-9ad02905cd97,[],[],0.1205994828982257,eV/Å^3,0.2948071808360172,/scratch/kenko/akg4pyscf/.graphchat-workspaces/kenko_room/mlff_elasticity_benchmark/workflow_runs/MACE_OMAT/elasticity_MACE_OMAT/structures/Cu2K2Te2_84b3c93e/output.json,mp-7436,cif,https://elagente.ca/grafico/ConceptualAtoms_c1871da7-1e12-4896-9888-e8bfe80fe387,mp-7436
Si3U,0.8106476515244967,https://elagente.ca/grafico/ConceptualAtoms_c1b03f5c-48ed-454d-909f-8da642e9a5d7,https://elagente.ca/ontomlff/MLFFElasticityResult_485de9e3-9c8e-4cee-8e28-074303bf8aa0,[],[],0.46932218307335927,eV/Å^3,1.1802073120515015,/scratch/kenko/akg4pyscf/.graphchat-workspaces/kenko_room/mlff_elasticity_benchmark/workflow_runs/MACE_OMAT/elasticity_MACE_OMAT/structures/Si3U_ba89a508/output.json,mp-2800,cif,https://elagente.ca/grafico/ConceptualAtoms_c1b03f5c-48ed-454d-909f-8da642e9a5d7,mp-2800
BaMn2P2,0.6028471669049221,https://elagente.ca/grafico/ConceptualAtoms_c1cdce3e-6d30-4d02-8afd-6e7c839d3df2,https://elagente.ca/ontomlff/MLFFElasticityResult_3a45b72b-63a5-4fb7-a9cf-1f761448aa0c,[],[],0.33457416613506524,eV/Å^3,0.8470255813281327,/scratch/kenko/akg4pyscf/.graphchat-workspaces/kenko_room/mlff_elasticity_benchmark/workflow_runs/MACE_OMAT/elasticity_MACE_OMAT/structures/BaMn2P2_f40b0a1e/output.json,mp-19857,cif,https://elagente.ca/grafico/ConceptualAtoms_c1cdce3e-6d30-4d02-8afd-6e7c839d3df2,mp-19857
CaCd2Sb2,0.2741726963816112,https://elagente.ca/grafico/ConceptualAtoms_c1d78785-00d7-4f58-9935-0a410070bb85,https://elagente.ca/ontomlff/MLFFElasticityResult_b7641841-3e00-42d9-b38d-75b7a113ed4b,[],[],0.15185273422084672,eV/Å^3,0.38456084004438734,/scratch/kenko/akg4pyscf/.graphchat-workspaces/kenko_room/mlff_elasticity_benchmark/workflow_runs/MACE_OMAT/elasticity_MACE_OMAT/structures/CaCd2Sb2_f6696850/output.json,mp-7430,cif,https://elagente.ca/grafico/ConceptualAtoms_c1d78785-00d7-4f58-9935-0a410070bb85,mp-7430
Be2IrTi,1.1819093142417545,https://elagente.ca/grafico/ConceptualAtoms_c1f4732d-f918-4d65-ae52-b6b9afb34e94,https://elagente.ca/ontomlff/MLFFElasticityResult_0a6055fc-f1eb-4269-b618-518c4ab282d1,[],[],0.298355189948671,eV/Å^3,0.8255958292365884,/scratch/kenko/akg4pyscf/.graphchat-workspaces/kenko_room/mlff_elasticity_benchmark/workflow_runs/MACE_OMAT/elasticity_MACE_OMAT/structures/Be2IrTi_fc7d50f9/output.json,mp-866139,cif,https://elagente.ca/grafico/ConceptualAtoms_c1f4732d-f918-4d65-ae52-b6b9afb34e94,mp-866139
Cu2Fe2S4,0.363321134583797,https://elagente.ca/grafico/ConceptualAtoms_c282d464-96be-4c4b-8656-2b6df8ff5d23,https://elagente.ca/ontomlff/MLFFElasticityResult_1772fb45-a32b-4957-8ad4-a3a3120e1a73,[],[],0.2010886470752164,eV/Å^3,0.5093038644294788,/scratch/kenko/akg4pyscf/.graphchat-workspaces/kenko_room/mlff_elasticity_benchmark/workflow_runs/MACE_OMAT/elasticity_MACE_OMAT/structures/Cu2Fe2S4_c928c74f/output.json,mp-3497,cif,https://elagente.ca/grafico/ConceptualAtoms_c282d464-96be-4c4b-8656-2b6df8ff5d23,mp-3497
CdF3Rb,0.33632153774463325,https://elagente.ca/grafico/ConceptualAtoms_c33df63e-cf36-48ee-affa-d94be77ac592,https://elagente.ca/ontomlff/MLFFElasticityResult_8bc1add7-2072-482c-9bab-37467f1de375,[],[],0.14632003189608536,eV/Å^3,0.3833645716994578,/scratch/kenko/akg4pyscf/.graphchat-workspaces/kenko_room/mlff_elasticity_benchmark/workflow_runs/MACE_OMAT/elasticity_MACE_OMAT/structures/CdF3Rb_6881f00a/output.json,mp-6951,cif,https://elagente.ca/grafico/ConceptualAtoms_c33df63e-cf36-48ee-affa-d94be77ac592,mp-6951
GaRh2Tb,0.8632368749291797,https://elagente.ca/grafico/ConceptualAtoms_c3432709-21e4-47de-beb8-0742db1e000d,https://elagente.ca/ontomlff/MLFFElasticityResult_1c44672d-5e77-4e4d-b923-3d0a4f7e375c,[],[],0.305095697245874,eV/Å^3,0.8188211723051664,/scratch/kenko/akg4pyscf/.graphchat-workspaces/kenko_room/mlff_elasticity_benchmark/workflow_runs/MACE_OMAT/elasticity_MACE_OMAT/structures/GaRh2Tb_22c8ce41/output.json,mp-977421,cif,https://elagente.ca/grafico/ConceptualAtoms_c3432709-21e4-47de-beb8-0742db1e000d,mp-977421
LuTh3,0.3570054157367085,https://elagente.ca/grafico/ConceptualAtoms_c38a445c-004e-468b-9a6e-d8d8b75111f8,https://elagente.ca/ontomlff/MLFFElasticityResult_08f810f8-1762-4317-b1e2-dae68292576e,[],[],0.2106442076491073,eV/Å^3,0.5280728634114152,/scratch/kenko/akg4pyscf/.graphchat-workspaces/kenko_room/mlff_elasticity_benchmark/workflow_runs/MACE_OMAT/elasticity_MACE_OMAT/structures/LuTh3_fb57c48d/output.json,mp-973556,cif,https://elagente.ca/grafico/ConceptualAtoms_c38a445c-004e-468b-9a6e-d8d8b75111f8,mp-973556
Hg2Ti6,0.7299659083056695,https://elagente.ca/grafico/ConceptualAtoms_c3b4cb22-14ae-4d9d-a0fe-e359259b7cbc,https://elagente.ca/ontomlff/MLFFElasticityResult_0716541f-23c3-4241-801d-35adee23fa9e,[],[],0.34223988518657716,eV/Å^3,0.887949781586259,/scratch/kenko/akg4pyscf/.graphchat-workspaces/kenko_room/mlff_elasticity_benchmark/workflow_runs/MACE_OMAT/elasticity_MACE_OMAT/structures/Hg2Ti6_3a56cb8d/output.json,mp-2354,cif,https://elagente.ca/grafico/ConceptualAtoms_c3b4cb22-14ae-4d9d-a0fe-e359259b7cbc,mp-2354
LiMgPtSn,0.5384349687202727,https://elagente.ca/grafico/ConceptualAtoms_c3f1c335-c9e3-4170-aea3-0c4d69e7a4db,https://elagente.ca/ontomlff/MLFFElasticityResult_d69c992e-6ccd-445e-b38d-01df9334e128,[],[],0.2513643314084216,eV/Å^3,0.6525473762345589,/scratch/kenko/akg4pyscf/.graphchat-workspaces/kenko_room/mlff_elasticity_benchmark/workflow_runs/MACE_OMAT/elasticity_MACE_OMAT/structures/LiMgPtSn_339f9b23/output.json,mp-11806,cif,https://elagente.ca/grafico/ConceptualAtoms_c3f1c335-c9e3-4170-aea3-0c4d69e7a4db,mp-11806
IrNiPm2,0.6101513447225149,https://elagente.ca/grafico/ConceptualAtoms_c492210b-2dc2-49a1-b3fe-ce8e29cdd3ff,https://elagente.ca/ontomlff/MLFFElasticityResult_9f502dc1-44ba-49d2-89b7-f9a2e39e2ad6,[],[],0.19252195329896493,eV/Å^3,0.5226002507176176,/scratch/kenko/akg4pyscf/.graphchat-workspaces/kenko_room/mlff_elasticity_benchmark/workflow_runs/MACE_OMAT/elasticity_MACE_OMAT/structures/IrNiPm2_ac787fe0/output.json,mp-863713,cif,https://elagente.ca/grafico/ConceptualAtoms_c492210b-2dc2-49a1-b3fe-ce8e29cdd3ff,mp-863713
Li2N2O6,0.5900510297163745,https://elagente.ca/grafico/ConceptualAtoms_c4c4dd86-241f-430d-973e-9a7b532418f7,https://elagente.ca/ontomlff/MLFFElasticityResult_4b765942-ebc5-47fb-b2d0-724078c05907,[],[],0.38055021167278286,eV/Å^3,0.9396444398139383,/scratch/kenko/akg4pyscf/.graphchat-workspaces/kenko_room/mlff_elasticity_benchmark/workflow_runs/MACE_OMAT/elasticity_MACE_OMAT/structures/Li2N2O6_1342c21d/output.json,mp-8180,cif,https://elagente.ca/grafico/ConceptualAtoms_c4c4dd86-241f-430d-973e-9a7b532418f7,mp-8180
Ti4Zn8,0.6470984522086506,https://elagente.ca/grafico/ConceptualAtoms_c50df0d8-34d7-418a-909b-e67a9952b6f2,https://elagente.ca/ontomlff/MLFFElasticityResult_1cc389a1-1eec-41f2-a4a8-f0a7100ab8a3,[],[],0.4364200458032984,eV/Å^3,1.0689507342941618,/scratch/kenko/akg4pyscf/.graphchat-workspaces/kenko_room/mlff_elasticity_benchmark/workflow_runs/MACE_OMAT/elasticity_MACE_OMAT/structures/Ti4Zn8_b956281f/output.json,mp-30882,cif,https://elagente.ca/grafico/ConceptualAtoms_c50df0d8-34d7-418a-909b-e67a9952b6f2,mp-30882
F8Ho2Na2,0.5742863591173333,https://elagente.ca/grafico/ConceptualAtoms_c512fc9f-2d25-47be-8cb3-6c871ea4174b,https://elagente.ca/ontomlff/MLFFElasticityResult_cf7a66c3-4a5f-4977-85ad-b97396868cb0,[],[],0.3087869585933066,eV/Å^3,0.7855646187888156,/scratch/kenko/akg4pyscf/.graphchat-workspaces/kenko_room/mlff_elasticity_benchmark/workflow_runs/MACE_OMAT/elasticity_MACE_OMAT/structures/F8Ho2Na2_80336212/output.json,mp-675798,cif,https://elagente.ca/grafico/ConceptualAtoms_c512fc9f-2d25-47be-8cb3-6c871ea4174b,mp-675798
Fe4Sb12,0.42185804556581125,https://elagente.ca/grafico/ConceptualAtoms_c53ea773-bb74-4904-85f4-62ce3b116196,https://elagente.ca/ontomlff/MLFFElasticityResult_fdca8310-1d01-4ac6-a564-cb458a964f1b,[],[],0.3358401336873811,eV/Å^3,0.7962285495762903,/scratch/kenko/akg4pyscf/.graphchat-workspaces/kenko_room/mlff_elasticity_benchmark/workflow_runs/MACE_OMAT/elasticity_MACE_OMAT/structures/Fe4Sb12_d810312f/output.json,mp-971669,cif,https://elagente.ca/grafico/ConceptualAtoms_c53ea773-bb74-4904-85f4-62ce3b116196,mp-971669
CuGaPt2,1.1579684319327592,https://elagente.ca/grafico/ConceptualAtoms_c5959063-5b21-40fe-8255-ae2e424d74fe,https://elagente.ca/ontomlff/MLFFElasticityResult_7d36e6c6-3951-4861-9b1f-5137bd5fd34b,[],[],-0.29062588259737043,eV/Å^3,-0.9514780152168824,/scratch/kenko/akg4pyscf/.graphchat-workspaces/kenko_room/mlff_elasticity_benchmark/workflow_runs/MACE_OMAT/elasticity_MACE_OMAT/structures/CuGaPt2_8a848dbd/output.json,mp-862791,cif,https://elagente.ca/grafico/ConceptualAtoms_c5959063-5b21-40fe-8255-ae2e424d74fe,mp-862791
BaIr2P2,0.8286555316596753,https://elagente.ca/grafico/ConceptualAtoms_c5db5224-0283-45e5-814e-706a657f3397,https://elagente.ca/ontomlff/MLFFElasticityResult_83967e3c-3ccd-4275-b3e7-0cc001481e8f,[],[],0.4307246208073471,eV/Å^3,1.1013510924639123,/scratch/kenko/akg4pyscf/.graphchat-workspaces/kenko_room/mlff_elasticity_benchmark/workflow_runs/MACE_OMAT/elasticity_MACE_OMAT/structures/BaIr2P2_554c60d7/output.json,mp-11169,cif,https://elagente.ca/grafico/ConceptualAtoms_c5db5224-0283-45e5-814e-706a657f3397,mp-11169
Bi2IO4Tm,0.6526668468156707,https://elagente.ca/grafico/ConceptualAtoms_c5eb05ff-7955-4a69-aaa9-ec30c61fd72f,https://elagente.ca/ontomlff/MLFFElasticityResult_fba9d58a-80d4-49f2-b75e-6dbc5c5e2cf1,[],[],0.3703735145439802,eV/Å^3,0.9343750503788938,/scratch/kenko/akg4pyscf/.graphchat-workspaces/kenko_room/mlff_elasticity_benchmark/workflow_runs/MACE_OMAT/elasticity_MACE_OMAT/structures/Bi2IO4Tm_91f9c372/output.json,mp-552738,cif,https://elagente.ca/grafico/ConceptualAtoms_c5eb05ff-7955-4a69-aaa9-ec30c61fd72f,mp-552738
AlNNd2O3,1.057511711218433,https://elagente.ca/grafico/ConceptualAtoms_c60efa5b-82a5-4735-be0d-54b64c3402f5,https://elagente.ca/ontomlff/MLFFElasticityResult_0e59943a-1674-42f0-a5bd-8e82138332cc,[],[],0.7110608366658501,eV/Å^3,1.7426108460264433,/scratch/kenko/akg4pyscf/.graphchat-workspaces/kenko_room/mlff_elasticity_benchmark/workflow_runs/MACE_OMAT/elasticity_MACE_OMAT/structures/AlNNd2O3_49a0acf4/output.json,mp-546679,cif,https://elagente.ca/grafico/ConceptualAtoms_c60efa5b-82a5-4735-be0d-54b64c3402f5,mp-546679
Na2SbTl,0.1594666507493459,https://elagente.ca/grafico/ConceptualAtoms_c66de928-1c38-4951-a407-2850952a3c5e,https://elagente.ca/ontomlff/MLFFElasticityResult_a3392a05-b354-4bf8-ab13-a06e488258b1,[],[],0.08641963688022727,eV/Å^3,0.2195912692436993,/scratch/kenko/akg4pyscf/.graphchat-workspaces/kenko_room/mlff_elasticity_benchmark/workflow_runs/MACE_OMAT/elasticity_MACE_OMAT/structures/Na2SbTl_9d12db62/output.json,mp-866132,cif,https://elagente.ca/grafico/ConceptualAtoms_c66de928-1c38-4951-a407-2850952a3c5e,mp-866132
Hg2SmYb,0.3498535104809326,https://elagente.ca/grafico/ConceptualAtoms_c6b1ff44-f528-4af7-a636-2ba9fe23e731,https://elagente.ca/ontomlff/MLFFElasticityResult_49f41d7d-0c1d-4365-bf04-c6c1311ced9a,[],[],0.15319424792970088,eV/Å^3,0.4010459297986632,/scratch/kenko/akg4pyscf/.graphchat-workspaces/kenko_room/mlff_elasticity_benchmark/workflow_runs/MACE_OMAT/elasticity_MACE_OMAT/structures/Hg2SmYb_7f0d5a55/output.json,mp-866020,cif,https://elagente.ca/grafico/ConceptualAtoms_c6b1ff44-f528-4af7-a636-2ba9fe23e731,mp-866020
Ge2S2U2,0.5590380635241354,https://elagente.ca/grafico/ConceptualAtoms_c6de92a8-b053-489e-8d41-60e1a454a69b,https://elagente.ca/ontomlff/MLFFElasticityResult_cdeba427-89bf-491a-98ad-cc5d40cec798,[],[],0.4506862955508703,eV/Å^3,1.0656812798393398,/scratch/kenko/akg4pyscf/.graphchat-workspaces/kenko_room/mlff_elasticity_benchmark/workflow_runs/MACE_OMAT/elasticity_MACE_OMAT/structures/Ge2S2U2_65d502b1/output.json,mp-20913,cif,https://elagente.ca/grafico/ConceptualAtoms_c6de92a8-b053-489e-8d41-60e1a454a69b,mp-20913
Pt12Si10,1.2520685488984964,https://elagente.ca/grafico/ConceptualAtoms_c8405472-c518-404b-8882-3f33b565adde,https://elagente.ca/ontomlff/MLFFElasticityResult_b9604996-9b94-438a-8e13-180bd3ac1420,[],[],0.5289131350392369,eV/Å^3,1.390887818265933,/scratch/kenko/akg4pyscf/.graphchat-workspaces/kenko_room/mlff_elasticity_benchmark/workflow_runs/MACE_OMAT/elasticity_MACE_OMAT/structures/Pt12Si10_a018b7eb/output.json,mp-29661,cif,https://elagente.ca/grafico/ConceptualAtoms_c8405472-c518-404b-8882-3f33b565adde,mp-29661
Cs6I18Sb4,0.112108155710746,https://elagente.ca/grafico/ConceptualAtoms_c86bdb5f-e1eb-4aa4-ba64-3e3acf15152d,https://elagente.ca/ontomlff/MLFFElasticityResult_74d98b24-869d-4dc5-87d8-4b3b1df0f33f,[],[],0.06378596417435102,eV/Å^3,0.16085144549767713,/scratch/kenko/akg4pyscf/.graphchat-workspaces/kenko_room/mlff_elasticity_benchmark/workflow_runs/MACE_OMAT/elasticity_MACE_OMAT/structures/Cs6I18Sb4_dd39b0cf/output.json,mp-23029,cif,https://elagente.ca/grafico/ConceptualAtoms_c86bdb5f-e1eb-4aa4-ba64-3e3acf15152d,mp-23029
CdHgTm2,0.38179765763331397,https://elagente.ca/grafico/ConceptualAtoms_c89619b2-11a1-428d-a664-e1c02753ad0f,https://elagente.ca/ontomlff/MLFFElasticityResult_4558b077-e8f8-4d59-b357-bc7baaff7b0f,[],[],0.1436309142082421,eV/Å^3,0.38288004156630745,/scratch/kenko/akg4pyscf/.graphchat-workspaces/kenko_room/mlff_elasticity_benchmark/workflow_runs/MACE_OMAT/elasticity_MACE_OMAT/structures/CdHgTm2_2aa71707/output.json,mp-979258,cif,https://elagente.ca/grafico/ConceptualAtoms_c89619b2-11a1-428d-a664-e1c02753ad0f,mp-979258
Li4S4Ti,0.295043275541809,https://elagente.ca/grafico/ConceptualAtoms_c8b8f5ff-1ecf-496c-a473-f0164fa75796,https://elagente.ca/ontomlff/MLFFElasticityResult_bfbc9075-f667-4f81-be4c-c32fede0f491,[],[],0.18370277661957723,eV/Å^3,0.4563880433462702,/scratch/kenko/akg4pyscf/.graphchat-workspaces/kenko_room/mlff_elasticity_benchmark/workflow_runs/MACE_OMAT/elasticity_MACE_OMAT/structures/Li4S4Ti_3e3f5733/output.json,mp-861182,cif,https://elagente.ca/grafico/ConceptualAtoms_c8b8f5ff-1ecf-496c-a473-f0164fa75796,mp-861182
In2Pt4Y2,0.6998198704285773,https://elagente.ca/grafico/ConceptualAtoms_c8c7a41b-c9b1-4e17-9e4f-9ee308e5cead,https://elagente.ca/ontomlff/MLFFElasticityResult_432e04a5-45d1-4dce-82ff-34f990facabc,[],[],0.3111933945344058,eV/Å^3,0.8130634664713385,/scratch/kenko/akg4pyscf/.graphchat-workspaces/kenko_room/mlff_elasticity_benchmark/workflow_runs/MACE_OMAT/elasticity_MACE_OMAT/structures/In2Pt4Y2_f674c2db/output.json,mp-510441,cif,https://elagente.ca/grafico/ConceptualAtoms_c8c7a41b-c9b1-4e17-9e4f-9ee308e5cead,mp-510441
N12Sr2,0.49589839187425855,https://elagente.ca/grafico/ConceptualAtoms_c9312d64-011b-4424-a577-9778cbdfb2e7,https://elagente.ca/ontomlff/MLFFElasticityResult_b73e6b0e-d0c4-430e-b7e4-8ce381aaa823,[],[],0.29927152811820923,eV/Å^3,0.7474534488818035,/scratch/kenko/akg4pyscf/.graphchat-workspaces/kenko_room/mlff_elasticity_benchmark/workflow_runs/MACE_OMAT/elasticity_MACE_OMAT/structures/N12Sr2_3a4fc7d8/output.json,mp-2131,cif,https://elagente.ca/grafico/ConceptualAtoms_c9312d64-011b-4424-a577-9778cbdfb2e7,mp-2131
Ca2Ir2Sn4,0.5421558113505764,https://elagente.ca/grafico/ConceptualAtoms_c98f34da-8af1-45a3-bd4a-5533bdd2caa0,https://elagente.ca/ontomlff/MLFFElasticityResult_5b3bea7f-f881-40c6-bf37-22a1f054ae9d,[],[],0.24550639146346853,eV/Å^3,0.6399258554648715,/scratch/kenko/akg4pyscf/.graphchat-workspaces/kenko_room/mlff_elasticity_benchmark/workflow_runs/MACE_OMAT/elasticity_MACE_OMAT/structures/Ca2Ir2Sn4_bc47f401/output.json,mp-11957,cif,https://elagente.ca/grafico/ConceptualAtoms_c98f34da-8af1-45a3-bd4a-5533bdd2caa0,mp-11957
CaP2Zn2,0.42883818751425606,https://elagente.ca/grafico/ConceptualAtoms_c9b4311a-ffa3-44f8-9256-91cbc3b06439,https://elagente.ca/ontomlff/MLFFElasticityResult_6d1e5d3b-d717-485f-bc9d-06607f9678c6,[],[],0.2988437511852366,eV/Å^3,0.7275330147680602,/scratch/kenko/akg4pyscf/.graphchat-workspaces/kenko_room/mlff_elasticity_benchmark/workflow_runs/MACE_OMAT/elasticity_MACE_OMAT/structures/CaP2Zn2_6b3f1f82/output.json,mp-9569,cif,https://elagente.ca/grafico/ConceptualAtoms_c9b4311a-ffa3-44f8-9256-91cbc3b06439,mp-9569
Cs2Pt4Se6,0.38765251997051936,https://elagente.ca/grafico/ConceptualAtoms_c9ca4dcb-7806-4b5f-aecd-f515b5fc0cc4,https://elagente.ca/ontomlff/MLFFElasticityResult_c5db3e47-2ba8-4918-a10a-b5b05b6308e8,[],[],0.18724751383021077,eV/Å^3,0.48383963892243925,/scratch/kenko/akg4pyscf/.graphchat-workspaces/kenko_room/mlff_elasticity_benchmark/workflow_runs/MACE_OMAT/elasticity_MACE_OMAT/structures/Cs2Pt4Se6_62cc6449/output.json,mp-573316,cif,https://elagente.ca/grafico/ConceptualAtoms_c9ca4dcb-7806-4b5f-aecd-f515b5fc0cc4,mp-573316
Be26Hf2,0.773149540661844,https://elagente.ca/grafico/ConceptualAtoms_ca4dbf45-b365-4d41-87b1-606a2c9dbf57,https://elagente.ca/ontomlff/MLFFElasticityResult_03409c30-96b5-459a-b3e5-b093279daa80,[],[],0.9512679365542804,eV/Å^3,2.0237924000038254,/scratch/kenko/akg4pyscf/.graphchat-workspaces/kenko_room/mlff_elasticity_benchmark/workflow_runs/MACE_OMAT/elasticity_MACE_OMAT/structures/Be26Hf2_fbd3c98f/output.json,mp-1878,cif,https://elagente.ca/grafico/ConceptualAtoms_ca4dbf45-b365-4d41-87b1-606a2c9dbf57,mp-1878
Tl2,0.14846823769936765,https://elagente.ca/grafico/ConceptualAtoms_ca4f8bc5-c3e4-4eb2-a364-51933e7d838e,https://elagente.ca/ontomlff/MLFFElasticityResult_ec2e004a-8159-45c5-99bc-31dfbceb1233,[],[],0.030057520855184275,eV/Å^3,0.08447208104182828,/scratch/kenko/akg4pyscf/.graphchat-workspaces/kenko_room/mlff_elasticity_benchmark/workflow_runs/MACE_OMAT/elasticity_MACE_OMAT/structures/Tl2_f2c2daba/output.json,mp-82,cif,https://elagente.ca/grafico/ConceptualAtoms_ca4f8bc5-c3e4-4eb2-a364-51933e7d838e,mp-82
B24UZr,1.4257979839340007,https://elagente.ca/grafico/ConceptualAtoms_caf83486-012a-41bf-820d-16793a5d2a8c,https://elagente.ca/ontomlff/MLFFElasticityResult_0754065e-9630-41ab-848c-b389944b2a51,[],[],1.385893360130161,eV/Å^3,3.140231927121224,/scratch/kenko/akg4pyscf/.graphchat-workspaces/kenko_room/mlff_elasticity_benchmark/workflow_runs/MACE_OMAT/elasticity_MACE_OMAT/structures/B24UZr_cbe01e01/output.json,mp-1215198,cif,https://elagente.ca/grafico/ConceptualAtoms_caf83486-012a-41bf-820d-16793a5d2a8c,mp-1215198
Ba3BiN,0.0732103674562987,https://elagente.ca/grafico/ConceptualAtoms_cb6d1a32-8d67-4a2e-9494-ff7920dad93d,https://elagente.ca/ontomlff/MLFFElasticityResult_4cc3fb4b-345a-49be-a522-4b19ecaf5c54,[],[],0.02245148120172929,eV/Å^3,0.06110778594749793,/scratch/kenko/akg4pyscf/.graphchat-workspaces/kenko_room/mlff_elasticity_benchmark/workflow_runs/MACE_OMAT/elasticity_MACE_OMAT/structures/Ba3BiN_22a79e4f/output.json,mp-1013710,cif,https://elagente.ca/grafico/ConceptualAtoms_cb6d1a32-8d67-4a2e-9494-ff7920dad93d,mp-1013710
Ga2RuSc,0.7833633209622421,https://elagente.ca/grafico/ConceptualAtoms_cc0720dc-68e5-4a22-9e40-2ce7c6f195df,https://elagente.ca/ontomlff/MLFFElasticityResult_a7fd5391-b6cd-4313-8b63-a690bdee1ce8,[],[],0.09621596559768479,eV/Å^3,0.27729505012563416,/scratch/kenko/akg4pyscf/.graphchat-workspaces/kenko_room/mlff_elasticity_benchmark/workflow_runs/MACE_OMAT/elasticity_MACE_OMAT/structures/Ga2RuSc_4519cff4/output.json,mp-973067,cif,https://elagente.ca/grafico/ConceptualAtoms_cc0720dc-68e5-4a22-9e40-2ce7c6f195df,mp-973067
CrKS2,0.4249330693976867,https://elagente.ca/grafico/ConceptualAtoms_cc543cba-28c9-417e-8b03-096b8f4a4519,https://elagente.ca/ontomlff/MLFFElasticityResult_51d0c15d-14b2-4e30-a8dd-708ec01524b1,[],[],0.256667313100289,eV/Å^3,0.6409528702585612,/scratch/kenko/akg4pyscf/.graphchat-workspaces/kenko_room/mlff_elasticity_benchmark/workflow_runs/MACE_OMAT/elasticity_MACE_OMAT/structures/CrKS2_ea87563b/output.json,mp-4026,cif,https://elagente.ca/grafico/ConceptualAtoms_cc543cba-28c9-417e-8b03-096b8f4a4519,mp-4026
CN2Na2,0.46631423830525176,https://elagente.ca/grafico/ConceptualAtoms_cc7a0e74-d277-4e6d-bb07-a9f64fc03a29,https://elagente.ca/ontomlff/MLFFElasticityResult_d1185e07-1402-4425-b0db-e98b32b0041c,[],[],0.2766052902694713,eV/Å^3,0.6928269817375803,/scratch/kenko/akg4pyscf/.graphchat-workspaces/kenko_room/mlff_elasticity_benchmark/workflow_runs/MACE_OMAT/elasticity_MACE_OMAT/structures/CN2Na2_52dfd093/output.json,mp-541989,cif,https://elagente.ca/grafico/ConceptualAtoms_cc7a0e74-d277-4e6d-bb07-a9f64fc03a29,mp-541989
P2Pd3S8,0.3896603502552136,https://elagente.ca/grafico/ConceptualAtoms_cca98a08-1ae2-456f-91a7-6a976a3f4461,https://elagente.ca/ontomlff/MLFFElasticityResult_e00d7d73-2c2f-4cfe-b979-9121a5279850,[],[],0.22134298326933863,eV/Å^3,0.558313918542136,/scratch/kenko/akg4pyscf/.graphchat-workspaces/kenko_room/mlff_elasticity_benchmark/workflow_runs/MACE_OMAT/elasticity_MACE_OMAT/structures/P2Pd3S8_cb81f707/output.json,mp-3006,cif,https://elagente.ca/grafico/ConceptualAtoms_cca98a08-1ae2-456f-91a7-6a976a3f4461,mp-3006
B6Zr,1.0502205449272977,https://elagente.ca/grafico/ConceptualAtoms_ccc55f01-183d-4735-be83-6b386fa0cb7e,https://elagente.ca/ontomlff/MLFFElasticityResult_29930071-a1a9-4947-85a9-de4ad3aa0d9c,[],[],0.4384704950260805,eV/Å^3,1.154712713295742,/scratch/kenko/akg4pyscf/.graphchat-workspaces/kenko_room/mlff_elasticity_benchmark/workflow_runs/MACE_OMAT/elasticity_MACE_OMAT/structures/B6Zr_c78d6851/output.json,mp-1001788,cif,https://elagente.ca/grafico/ConceptualAtoms_ccc55f01-183d-4735-be83-6b386fa0cb7e,mp-1001788
AcInTe2,0.2632839861134012,https://elagente.ca/grafico/ConceptualAtoms_ccce8ce9-2a5e-48ec-b5bc-881cf0b4ad09,https://elagente.ca/ontomlff/MLFFElasticityResult_9d3870c8-c5ea-4a40-a47b-adce46b75de5,[],[],0.11092010671831742,eV/Å^3,0.29178457095605714,/scratch/kenko/akg4pyscf/.graphchat-workspaces/kenko_room/mlff_elasticity_benchmark/workflow_runs/MACE_OMAT/elasticity_MACE_OMAT/structures/AcInTe2_5ec97d69/output.json,mp-861460,cif,https://elagente.ca/grafico/ConceptualAtoms_ccce8ce9-2a5e-48ec-b5bc-881cf0b4ad09,mp-861460
CsF3Mg,0.41362771785581176,https://elagente.ca/grafico/ConceptualAtoms_cccf669c-d5f8-44c0-a392-e7c710ddfa3e,https://elagente.ca/ontomlff/MLFFElasticityResult_4e27a801-7473-4f34-9f16-d04490b04524,[],[],0.23881892486442302,eV/Å^3,0.6008230675692666,/scratch/kenko/akg4pyscf/.graphchat-workspaces/kenko_room/mlff_elasticity_benchmark/workflow_runs/MACE_OMAT/elasticity_MACE_OMAT/structures/CsF3Mg_5413f79d/output.json,mp-8401,cif,https://elagente.ca/grafico/ConceptualAtoms_cccf669c-d5f8-44c0-a392-e7c710ddfa3e,mp-8401
Be17Ti2,0.8165416417079386,https://elagente.ca/grafico/ConceptualAtoms_ccf27d9b-c077-4f6b-83f0-364f6bd8af17,https://elagente.ca/ontomlff/MLFFElasticityResult_00053d84-4706-417b-84d6-7ac51deadf9f,[],[],0.973079380205037,eV/Å^3,2.089294859766102,/scratch/kenko/akg4pyscf/.graphchat-workspaces/kenko_room/mlff_elasticity_benchmark/workflow_runs/MACE_OMAT/elasticity_MACE_OMAT/structures/Be17Ti2_7dd199f6/output.json,mp-12648,cif,https://elagente.ca/grafico/ConceptualAtoms_ccf27d9b-c077-4f6b-83f0-364f6bd8af17,mp-12648
GaNNd3,0.26608510799969487,https://elagente.ca/grafico/ConceptualAtoms_ccf574a0-fbfa-487f-b665-2f91219c30b7,https://elagente.ca/ontomlff/MLFFElasticityResult_55a95e9b-b3e3-4528-9db3-38cbf763aa21,[],[],0.038476664580477396,eV/Å^3,0.11012200837415186,/scratch/kenko/akg4pyscf/.graphchat-workspaces/kenko_room/mlff_elasticity_benchmark/workflow_runs/MACE_OMAT/elasticity_MACE_OMAT/structures/GaNNd3_4afa9568/output.json,mp-636273,cif,https://elagente.ca/grafico/ConceptualAtoms_ccf574a0-fbfa-487f-b665-2f91219c30b7,mp-636273
Co2Ge2Nd,0.7425418532615591,https://elagente.ca/grafico/ConceptualAtoms_cd04eae4-1e70-4f5a-8792-b43c4d0d38d9,https://elagente.ca/ontomlff/MLFFElasticityResult_c2f64e84-d530-4543-924e-11dc638101ad,[],[],0.4643418242166254,eV/Å^3,1.1527402474295707,/scratch/kenko/akg4pyscf/.graphchat-workspaces/kenko_room/mlff_elasticity_benchmark/workflow_runs/MACE_OMAT/elasticity_MACE_OMAT/structures/Co2Ge2Nd_5f4fa61c/output.json,mp-4999,cif,https://elagente.ca/grafico/ConceptualAtoms_cd04eae4-1e70-4f5a-8792-b43c4d0d38d9,mp-4999
Te4Zr12,0.6240679177225537,https://elagente.ca/grafico/ConceptualAtoms_cd187e6a-ce38-448a-abff-c04865690bab,https://elagente.ca/ontomlff/MLFFElasticityResult_2c49ddc4-beda-46d1-9f17-a42a968a7a67,[],[],0.35151961597504233,eV/Å^3,0.8878573029444506,/scratch/kenko/akg4pyscf/.graphchat-workspaces/kenko_room/mlff_elasticity_benchmark/workflow_runs/MACE_OMAT/elasticity_MACE_OMAT/structures/Te4Zr12_4fd6b976/output.json,mp-1793,cif,https://elagente.ca/grafico/ConceptualAtoms_cd187e6a-ce38-448a-abff-c04865690bab,mp-1793
Co2S2,0.8299804797538731,https://elagente.ca/grafico/ConceptualAtoms_cd31c0cc-fa31-4bee-aad7-8f5565afe4d2,https://elagente.ca/ontomlff/MLFFElasticityResult_ee271829-65ab-4d13-9c41-5496cfe35181,[],[],0.36214797868997595,eV/Å^3,0.9484912221994458,/scratch/kenko/akg4pyscf/.graphchat-workspaces/kenko_room/mlff_elasticity_benchmark/workflow_runs/MACE_OMAT/elasticity_MACE_OMAT/structures/Co2S2_04b42c8a/output.json,mp-1274,cif,https://elagente.ca/grafico/ConceptualAtoms_cd31c0cc-fa31-4bee-aad7-8f5565afe4d2,mp-1274
CdGeLi2,0.2455180306762929,https://elagente.ca/grafico/ConceptualAtoms_ce157b79-7c2c-4417-9dfa-02ccc2e6464a,https://elagente.ca/ontomlff/MLFFElasticityResult_8e8183e4-2a7c-4b53-8b5b-6fbb8a18a178,[],[],0.12072568650474373,eV/Å^3,0.3111737870225891,/scratch/kenko/akg4pyscf/.graphchat-workspaces/kenko_room/mlff_elasticity_benchmark/workflow_runs/MACE_OMAT/elasticity_MACE_OMAT/structures/CdGeLi2_7534e13d/output.json,mp-10686,cif,https://elagente.ca/grafico/ConceptualAtoms_ce157b79-7c2c-4417-9dfa-02ccc2e6464a,mp-10686
Au2Ni6,1.042918397186217,https://elagente.ca/grafico/ConceptualAtoms_cfa18de4-67de-42cd-bdf1-a6afd2a19681,https://elagente.ca/ontomlff/MLFFElasticityResult_0e947601-87a1-40fb-bade-726b73ba4db8,[],[],0.40741804060305326,eV/Å^3,1.0814328591805527,/scratch/kenko/akg4pyscf/.graphchat-workspaces/kenko_room/mlff_elasticity_benchmark/workflow_runs/MACE_OMAT/elasticity_MACE_OMAT/structures/Au2Ni6_1d9f80af/output.json,mp-976838,cif,https://elagente.ca/grafico/ConceptualAtoms_cfa18de4-67de-42cd-bdf1-a6afd2a19681,mp-976838
Ge2Ni2Pt4,1.303111451065233,https://elagente.ca/grafico/ConceptualAtoms_d02317a4-4817-4e7d-9371-2be687263c8f,https://elagente.ca/ontomlff/MLFFElasticityResult_4641af89-8d17-4403-b6c5-d0a4cf74ba63,[],[],0.41915246130519246,eV/Å^3,1.1356904986177234,/scratch/kenko/akg4pyscf/.graphchat-workspaces/kenko_room/mlff_elasticity_benchmark/workflow_runs/MACE_OMAT/elasticity_MACE_OMAT/structures/Ge2Ni2Pt4_956cd650/output.json,mp-29752,cif,https://elagente.ca/grafico/ConceptualAtoms_d02317a4-4817-4e7d-9371-2be687263c8f,mp-29752
LiRh,0.6503137187998443,https://elagente.ca/grafico/ConceptualAtoms_d0a64b32-b119-4e25-a58b-594f29d2e61d,https://elagente.ca/ontomlff/MLFFElasticityResult_c630bcac-7013-400c-b046-990170cf6387,[],[],0.3222031172977535,eV/Å^3,0.8295988902200105,/scratch/kenko/akg4pyscf/.graphchat-workspaces/kenko_room/mlff_elasticity_benchmark/workflow_runs/MACE_OMAT/elasticity_MACE_OMAT/structures/LiRh_54db38ee/output.json,mp-600561,cif,https://elagente.ca/grafico/ConceptualAtoms_d0a64b32-b119-4e25-a58b-594f29d2e61d,mp-600561
AlCo2Ti,1.0680977214880818,https://elagente.ca/grafico/ConceptualAtoms_d104fd8d-eeac-4af6-bf96-6faa0833bed8,https://elagente.ca/ontomlff/MLFFElasticityResult_15322ac3-35d5-4cb0-8e3e-4a76c6486cbc,[],[],0.5578574891568023,eV/Å^3,1.4254125662377446,/scratch/kenko/akg4pyscf/.graphchat-workspaces/kenko_room/mlff_elasticity_benchmark/workflow_runs/MACE_OMAT/elasticity_MACE_OMAT/structures/AlCo2Ti_59e902a4/output.json,mp-5407,cif,https://elagente.ca/grafico/ConceptualAtoms_d104fd8d-eeac-4af6-bf96-6faa0833bed8,mp-5407
Lu6MoSb2,0.42980694141811127,https://elagente.ca/grafico/ConceptualAtoms_d15828f7-29ad-4952-95ac-2e40b76c6d51,https://elagente.ca/ontomlff/MLFFElasticityResult_92ce57f5-51c4-4882-90c6-0e5fe30a9c5c,[],[],0.268395133856966,eV/Å^3,0.6664605140069615,/scratch/kenko/akg4pyscf/.graphchat-workspaces/kenko_room/mlff_elasticity_benchmark/workflow_runs/MACE_OMAT/elasticity_MACE_OMAT/structures/Lu6MoSb2_b97880c8/output.json,mp-11755,cif,https://elagente.ca/grafico/ConceptualAtoms_d15828f7-29ad-4952-95ac-2e40b76c6d51,mp-11755
Au9Cd9,0.545021868453569,https://elagente.ca/grafico/ConceptualAtoms_d19fb34e-8571-4ec2-b491-26f5ded1c759,https://elagente.ca/ontomlff/MLFFElasticityResult_cf382036-597c-4146-a262-2f4108b86aa3,[],[],0.10792277725199836,eV/Å^3,0.30372116569458046,/scratch/kenko/akg4pyscf/.graphchat-workspaces/kenko_room/mlff_elasticity_benchmark/workflow_runs/MACE_OMAT/elasticity_MACE_OMAT/structures/Au9Cd9_9bb14362/output.json,mp-16886,cif,https://elagente.ca/grafico/ConceptualAtoms_d19fb34e-8571-4ec2-b491-26f5ded1c759,mp-16886
Hf3N4,1.4193773024196878,https://elagente.ca/grafico/ConceptualAtoms_d234383b-3251-4b13-b833-14bca012e7a4,https://elagente.ca/ontomlff/MLFFElasticityResult_2d0c3ceb-8e50-4b91-9776-33b02abdfa83,[],[],0.8839481621102055,eV/Å^3,2.1959797334930444,/scratch/kenko/akg4pyscf/.graphchat-workspaces/kenko_room/mlff_elasticity_benchmark/workflow_runs/MACE_OMAT/elasticity_MACE_OMAT/structures/Hf3N4_f61c66dd/output.json,mp-754434,cif,https://elagente.ca/grafico/ConceptualAtoms_d234383b-3251-4b13-b833-14bca012e7a4,mp-754434
Bi2FeTb6,0.3147583829333523,https://elagente.ca/grafico/ConceptualAtoms_d23f3f15-3715-4bfd-8047-2bacf816e8b5,https://elagente.ca/ontomlff/MLFFElasticityResult_eb18a65b-489b-4f83-8b85-3aba18b6636b,[],[],0.18223664217198327,eV/Å^3,0.4582682590173881,/scratch/kenko/akg4pyscf/.graphchat-workspaces/kenko_room/mlff_elasticity_benchmark/workflow_runs/MACE_OMAT/elasticity_MACE_OMAT/structures/Bi2FeTb6_5918d6e4/output.json,mp-22972,cif,https://elagente.ca/grafico/ConceptualAtoms_d23f3f15-3715-4bfd-8047-2bacf816e8b5,mp-22972
Al3Si2Tb2,0.5822123434044901,https://elagente.ca/grafico/ConceptualAtoms_d2442995-3a3d-4d9c-98f7-d6a78bd7dae3,https://elagente.ca/ontomlff/MLFFElasticityResult_89a028d8-38e3-4205-a301-b0ef017b4b66,[],[],0.39710600961399456,eV/Å^3,0.970638805714232,/scratch/kenko/akg4pyscf/.graphchat-workspaces/kenko_room/mlff_elasticity_benchmark/workflow_runs/MACE_OMAT/elasticity_MACE_OMAT/structures/Al3Si2Tb2_613cad2b/output.json,mp-3194,cif,https://elagente.ca/grafico/ConceptualAtoms_d2442995-3a3d-4d9c-98f7-d6a78bd7dae3,mp-3194
Fe3Sn3,0.6273672828938543,https://elagente.ca/grafico/ConceptualAtoms_d260cf38-0ff7-4caa-8a77-79d8ffffafa6,https://elagente.ca/ontomlff/MLFFElasticityResult_6d607c46-4753-4caa-ab97-35fec5fec446,[],[],0.42533993222265587,eV/Å^3,1.0408059861523085,/scratch/kenko/akg4pyscf/.graphchat-workspaces/kenko_room/mlff_elasticity_benchmark/workflow_runs/MACE_OMAT/elasticity_MACE_OMAT/structures/Fe3Sn3_afe46db0/output.json,mp-21260,cif,https://elagente.ca/grafico/ConceptualAtoms_d260cf38-0ff7-4caa-8a77-79d8ffffafa6,mp-21260
C2Br2N2,0.16819122531878655,https://elagente.ca/grafico/ConceptualAtoms_d2669e15-6f1e-451d-a0ee-75e96704670f,https://elagente.ca/ontomlff/MLFFElasticityResult_9dd36cb6-f148-45c3-b283-2b1580e8e15a,[],[],0.10111748349718888,eV/Å^3,0.2527090888910986,/scratch/kenko/akg4pyscf/.graphchat-workspaces/kenko_room/mlff_elasticity_benchmark/workflow_runs/MACE_OMAT/elasticity_MACE_OMAT/structures/C2Br2N2_cfdb2a82/output.json,mp-27989,cif,https://elagente.ca/grafico/ConceptualAtoms_d2669e15-6f1e-451d-a0ee-75e96704670f,mp-27989
Mn2NdSi2,0.7395733252024032,https://elagente.ca/grafico/ConceptualAtoms_d282566b-1176-4ad4-aeab-d63f3e547a71,https://elagente.ca/ontomlff/MLFFElasticityResult_19997c9a-5b64-4be0-9253-2a53b1b16b87,[],[],0.5289911367478913,eV/Å^3,1.281448253505513,/scratch/kenko/akg4pyscf/.graphchat-workspaces/kenko_room/mlff_elasticity_benchmark/workflow_runs/MACE_OMAT/elasticity_MACE_OMAT/structures/Mn2NdSi2_c7eb5ad2/output.json,mp-3018,cif,https://elagente.ca/grafico/ConceptualAtoms_d282566b-1176-4ad4-aeab-d63f3e547a71,mp-3018
CsMn2P2,0.4296345803574019,https://elagente.ca/grafico/ConceptualAtoms_d2cda671-ed11-428c-ac76-a6eee4e9c987,https://elagente.ca/ontomlff/MLFFElasticityResult_3ce2d645-d70c-4595-8554-0835c2d4eed9,[],[],0.25632234645715213,eV/Å^3,0.6414106659251296,/scratch/kenko/akg4pyscf/.graphchat-workspaces/kenko_room/mlff_elasticity_benchmark/workflow_runs/MACE_OMAT/elasticity_MACE_OMAT/structures/CsMn2P2_87166da9/output.json,mp-11181,cif,https://elagente.ca/grafico/ConceptualAtoms_d2cda671-ed11-428c-ac76-a6eee4e9c987,mp-11181
FKNb4O5,1.20000397442452,https://elagente.ca/grafico/ConceptualAtoms_d2d4ac40-843a-40d4-b60e-c3ee97688cfd,https://elagente.ca/ontomlff/MLFFElasticityResult_b4e491b4-b46c-433a-b0e1-13caf6446831,[],[],0.6141622249346927,eV/Å^3,1.573967701497929,/scratch/kenko/akg4pyscf/.graphchat-workspaces/kenko_room/mlff_elasticity_benchmark/workflow_runs/MACE_OMAT/elasticity_MACE_OMAT/structures/FKNb4O5_bc793ea5/output.json,mp-549490,cif,https://elagente.ca/grafico/ConceptualAtoms_d2d4ac40-843a-40d4-b60e-c3ee97688cfd,mp-549490
NaO3Pd,0.6346341037746817,https://elagente.ca/grafico/ConceptualAtoms_d2e72249-62ae-4731-8876-8d258f7192c5,https://elagente.ca/ontomlff/MLFFElasticityResult_592b9f35-893b-4aa9-8a22-2cb0db64e0dd,[],[],0.2350980240073467,eV/Å^3,0.6277750366401275,/scratch/kenko/akg4pyscf/.graphchat-workspaces/kenko_room/mlff_elasticity_benchmark/workflow_runs/MACE_OMAT/elasticity_MACE_OMAT/structures/NaO3Pd_7f9a7505/output.json,mp-976968,cif,https://elagente.ca/grafico/ConceptualAtoms_d2e72249-62ae-4731-8876-8d258f7192c5,mp-976968
CuRh2Sn,1.1301883112974207,https://elagente.ca/grafico/ConceptualAtoms_d335ab1c-bc73-4c8f-b768-4af6ad2a6cfd,https://elagente.ca/ontomlff/MLFFElasticityResult_ec8c1ba7-e819-4a35-9ec7-3afbb0e1c96f,[],[],0.4123251087527038,eV/Å^3,1.1028573317317563,/scratch/kenko/akg4pyscf/.graphchat-workspaces/kenko_room/mlff_elasticity_benchmark/workflow_runs/MACE_OMAT/elasticity_MACE_OMAT/structures/CuRh2Sn_6841cb80/output.json,mp-30595,cif,https://elagente.ca/grafico/ConceptualAtoms_d335ab1c-bc73-4c8f-b768-4af6ad2a6cfd,mp-30595
C2Na2Pd,0.3026245972120225,https://elagente.ca/grafico/ConceptualAtoms_d36891bc-542a-47f2-b809-f229e99ec207,https://elagente.ca/ontomlff/MLFFElasticityResult_9e9c791a-a6ac-4d86-a285-441e8fb98a8c,[],[],0.1667660022945791,eV/Å^3,0.42266017973909026,/scratch/kenko/akg4pyscf/.graphchat-workspaces/kenko_room/mlff_elasticity_benchmark/workflow_runs/MACE_OMAT/elasticity_MACE_OMAT/structures/C2Na2Pd_38c5fa39/output.json,mp-4823,cif,https://elagente.ca/grafico/ConceptualAtoms_d36891bc-542a-47f2-b809-f229e99ec207,mp-4823
Ca2Zn2,0.20592051312207083,https://elagente.ca/grafico/ConceptualAtoms_d39f1ebb-66ad-4625-a692-5567bca9e06b,https://elagente.ca/ontomlff/MLFFElasticityResult_b6e7c653-f84a-4d27-a9bf-1193c33c2fee,[],[],0.0817754713385471,eV/Å^3,0.21664789832465137,/scratch/kenko/akg4pyscf/.graphchat-workspaces/kenko_room/mlff_elasticity_benchmark/workflow_runs/MACE_OMAT/elasticity_MACE_OMAT/structures/Ca2Zn2_b15f25e1/output.json,mp-30483,cif,https://elagente.ca/grafico/ConceptualAtoms_d39f1ebb-66ad-4625-a692-5567bca9e06b,mp-30483
As2YbZn2,0.413974249048798,https://elagente.ca/grafico/ConceptualAtoms_d3c77762-f433-47d9-9840-dca25056bc3b,https://elagente.ca/ontomlff/MLFFElasticityResult_a8e2182b-3b73-45aa-9cf1-59d9724f6c2d,[],[],0.26622713118849983,eV/Å^3,0.6576936448031977,/scratch/kenko/akg4pyscf/.graphchat-workspaces/kenko_room/mlff_elasticity_benchmark/workflow_runs/MACE_OMAT/elasticity_MACE_OMAT/structures/As2YbZn2_d035dc1f/output.json,mp-10314,cif,https://elagente.ca/grafico/ConceptualAtoms_d3c77762-f433-47d9-9840-dca25056bc3b,mp-10314
Ga6Mg12,0.2735389204672455,https://elagente.ca/grafico/ConceptualAtoms_d3d207dc-4054-4483-813e-b32f73a3453f,https://elagente.ca/ontomlff/MLFFElasticityResult_1b29f13e-c673-4a20-892b-54e55a3140ae,[],[],0.15947173800409525,eV/Å^3,0.40057152365943227,/scratch/kenko/akg4pyscf/.graphchat-workspaces/kenko_room/mlff_elasticity_benchmark/workflow_runs/MACE_OMAT/elasticity_MACE_OMAT/structures/Ga6Mg12_84ef46fd/output.json,mp-30650,cif,https://elagente.ca/grafico/ConceptualAtoms_d3d207dc-4054-4483-813e-b32f73a3453f,mp-30650
Au4Sb8,0.471303750495554,https://elagente.ca/grafico/ConceptualAtoms_d3f196dd-0e2b-4455-af5e-5d8d9850a61b,https://elagente.ca/ontomlff/MLFFElasticityResult_23792937-cc8d-40bb-a671-8e0cfae1e633,[],[],0.21569261973769718,eV/Å^3,0.561431328118961,/scratch/kenko/akg4pyscf/.graphchat-workspaces/kenko_room/mlff_elasticity_benchmark/workflow_runs/MACE_OMAT/elasticity_MACE_OMAT/structures/Au4Sb8_33f7fa5d/output.json,mp-738,cif,https://elagente.ca/grafico/ConceptualAtoms_d3f196dd-0e2b-4455-af5e-5d8d9850a61b,mp-738
Hg4K2,0.06549019621139998,https://elagente.ca/grafico/ConceptualAtoms_d3f76e65-fba5-4780-a6de-ee5963875ec2,https://elagente.ca/ontomlff/MLFFElasticityResult_75cc6a23-519b-43f5-aacc-58d7862ba241,[],[],0.03579393172732237,eV/Å^3,0.09083335016110032,/scratch/kenko/akg4pyscf/.graphchat-workspaces/kenko_room/mlff_elasticity_benchmark/workflow_runs/MACE_OMAT/elasticity_MACE_OMAT/structures/Hg4K2_4e077b52/output.json,mp-30717,cif,https://elagente.ca/grafico/ConceptualAtoms_d3f76e65-fba5-4780-a6de-ee5963875ec2,mp-30717
Ga2N2,0.28834722403246826,https://elagente.ca/grafico/ConceptualAtoms_d413a43b-835a-4f57-a004-19fa8709b6ac,https://elagente.ca/ontomlff/MLFFElasticityResult_f94b5f87-e90c-49b6-a055-4b8dea68f592,[],[],0.1960994721814782,eV/Å^3,0.47958054278037343,/scratch/kenko/akg4pyscf/.graphchat-workspaces/kenko_room/mlff_elasticity_benchmark/workflow_runs/MACE_OMAT/elasticity_MACE_OMAT/structures/Ga2N2_59499867/output.json,mp-1007824,cif,https://elagente.ca/grafico/ConceptualAtoms_d413a43b-835a-4f57-a004-19fa8709b6ac,mp-1007824
Dy8O16Sr4,0.8493241260430334,https://elagente.ca/grafico/ConceptualAtoms_d416b56b-9d87-4ffa-badc-509a900e0a15,https://elagente.ca/ontomlff/MLFFElasticityResult_74d418ca-4678-4617-90e3-2664ae7c2771,[],[],0.5253397915060212,eV/Å^3,1.3066208741642686,/scratch/kenko/akg4pyscf/.graphchat-workspaces/kenko_room/mlff_elasticity_benchmark/workflow_runs/MACE_OMAT/elasticity_MACE_OMAT/structures/Dy8O16Sr4_9040bab6/output.json,mp-556075,cif,https://elagente.ca/grafico/ConceptualAtoms_d416b56b-9d87-4ffa-badc-509a900e0a15,mp-556075
Ir4Lu4Si4,1.0168123093577246,https://elagente.ca/grafico/ConceptualAtoms_d425ad9b-3f8a-4db1-a5a0-7833f69cbc46,https://elagente.ca/ontomlff/MLFFElasticityResult_c0008b09-b52f-43d8-8420-75cd6b7acdfa,[],[],0.5960969688577871,eV/Å^3,1.4959599372269636,/scratch/kenko/akg4pyscf/.graphchat-workspaces/kenko_room/mlff_elasticity_benchmark/workflow_runs/MACE_OMAT/elasticity_MACE_OMAT/structures/Ir4Lu4Si4_2ccb3884/output.json,mp-22440,cif,https://elagente.ca/grafico/ConceptualAtoms_d425ad9b-3f8a-4db1-a5a0-7833f69cbc46,mp-22440
Pd2Ta,1.4708163662813427,https://elagente.ca/grafico/ConceptualAtoms_d51a86d4-951a-4681-83dc-768ffc6cae3b,https://elagente.ca/ontomlff/MLFFElasticityResult_0bdedc2c-2928-47c4-a1c6-24984be0ba1b,[],[],0.5000643825527958,eV/Å^3,1.3474824908969087,/scratch/kenko/akg4pyscf/.graphchat-workspaces/kenko_room/mlff_elasticity_benchmark/workflow_runs/MACE_OMAT/elasticity_MACE_OMAT/structures/Pd2Ta_4ff25b33/output.json,mp-30835,cif,https://elagente.ca/grafico/ConceptualAtoms_d51a86d4-951a-4681-83dc-768ffc6cae3b,mp-30835
Cu4Na4O4,0.4053867627736497,https://elagente.ca/grafico/ConceptualAtoms_d5518b8c-5fcb-409c-a1dd-282be285cb52,https://elagente.ca/ontomlff/MLFFElasticityResult_2fd8b816-65ac-4ae0-a840-07de6f0f5670,[],[],0.20442863833153602,eV/Å^3,0.5250315282694554,/scratch/kenko/akg4pyscf/.graphchat-workspaces/kenko_room/mlff_elasticity_benchmark/workflow_runs/MACE_OMAT/elasticity_MACE_OMAT/structures/Cu4Na4O4_e5a7ec2f/output.json,mp-7469,cif,https://elagente.ca/grafico/ConceptualAtoms_d5518b8c-5fcb-409c-a1dd-282be285cb52,mp-7469
Al8CaMn4,0.5804139281349541,https://elagente.ca/grafico/ConceptualAtoms_d57166cc-6fce-4da5-b798-6482e25544af,https://elagente.ca/ontomlff/MLFFElasticityResult_21cb0962-7672-4a71-a425-e034891432c8,[],[],0.4561059139063369,eV/Å^3,1.0842945010727245,/scratch/kenko/akg4pyscf/.graphchat-workspaces/kenko_room/mlff_elasticity_benchmark/workflow_runs/MACE_OMAT/elasticity_MACE_OMAT/structures/Al8CaMn4_8d039209/output.json,mp-10878,cif,https://elagente.ca/grafico/ConceptualAtoms_d57166cc-6fce-4da5-b798-6482e25544af,mp-10878
Rh2Se2,0.7534122923948177,https://elagente.ca/grafico/ConceptualAtoms_d5827010-37e2-498f-ba49-028cfa0d8c1c,https://elagente.ca/ontomlff/MLFFElasticityResult_834e3782-8c01-4527-a8e3-bf06505500e0,[],[],0.22008589389292224,eV/Å^3,0.6016711929497937,/scratch/kenko/akg4pyscf/.graphchat-workspaces/kenko_room/mlff_elasticity_benchmark/workflow_runs/MACE_OMAT/elasticity_MACE_OMAT/structures/Rh2Se2_d0b932ff/output.json,mp-900,cif,https://elagente.ca/grafico/ConceptualAtoms_d5827010-37e2-498f-ba49-028cfa0d8c1c,mp-900
Gd4O12Sc4,1.0457020247351325,https://elagente.ca/grafico/ConceptualAtoms_d5c7c726-6539-47c9-84a6-8f5a8bbebe4e,https://elagente.ca/ontomlff/MLFFElasticityResult_9ce031e6-a916-4c2b-ae84-33e07d0532d0,[],[],0.613012419497355,eV/Å^3,1.5384193763459222,/scratch/kenko/akg4pyscf/.graphchat-workspaces/kenko_room/mlff_elasticity_benchmark/workflow_runs/MACE_OMAT/elasticity_MACE_OMAT/structures/Gd4O12Sc4_2389c1fa/output.json,mp-5690,cif,https://elagente.ca/grafico/ConceptualAtoms_d5c7c726-6539-47c9-84a6-8f5a8bbebe4e,mp-5690
CaMg6Mo,0.321242622637483,https://elagente.ca/grafico/ConceptualAtoms_d68aa638-0b56-44ec-8b85-0f6ab64ef1f8,https://elagente.ca/ontomlff/MLFFElasticityResult_9c9f234e-9d1a-488b-b2b7-2d72a6460567,[],[],0.19958727299506346,eV/Å^3,0.4960336463495357,/scratch/kenko/akg4pyscf/.graphchat-workspaces/kenko_room/mlff_elasticity_benchmark/workflow_runs/MACE_OMAT/elasticity_MACE_OMAT/structures/CaMg6Mo_9af23e19/output.json,mp-1023161,cif,https://elagente.ca/grafico/ConceptualAtoms_d68aa638-0b56-44ec-8b85-0f6ab64ef1f8,mp-1023161
B3F12Li3,0.4747095710391433,https://elagente.ca/grafico/ConceptualAtoms_d6adf3b2-96a2-4537-aee6-5586c0dfb63a,https://elagente.ca/ontomlff/MLFFElasticityResult_9830ce38-0e68-4828-90a5-d420582cbdb5,[],[],0.3164499928992643,eV/Å^3,0.7767511798159272,/scratch/kenko/akg4pyscf/.graphchat-workspaces/kenko_room/mlff_elasticity_benchmark/workflow_runs/MACE_OMAT/elasticity_MACE_OMAT/structures/B3F12Li3_62e397c7/output.json,mp-12403,cif,https://elagente.ca/grafico/ConceptualAtoms_d6adf3b2-96a2-4537-aee6-5586c0dfb63a,mp-12403
Nd4Tl2,0.26426219462922856,https://elagente.ca/grafico/ConceptualAtoms_d6d8f298-a0c5-46ed-b37c-3ffb070f83c1,https://elagente.ca/ontomlff/MLFFElasticityResult_157069b4-0c59-4681-8c8f-8af35fc84b6f,[],[],0.12699330508968976,eV/Å^3,0.32837831004523604,/scratch/kenko/akg4pyscf/.graphchat-workspaces/kenko_room/mlff_elasticity_benchmark/workflow_runs/MACE_OMAT/elasticity_MACE_OMAT/structures/Nd4Tl2_7224a816/output.json,mp-2816,cif,https://elagente.ca/grafico/ConceptualAtoms_d6d8f298-a0c5-46ed-b37c-3ffb070f83c1,mp-2816
Pd4Sn4,0.6376316783457427,https://elagente.ca/grafico/ConceptualAtoms_d730c7e7-9328-49b8-8dfe-c6fd43b326c7,https://elagente.ca/ontomlff/MLFFElasticityResult_d6786a1b-9cce-44d6-ab44-48c4df0967bd,[],[],0.2661768451898153,eV/Å^3,0.7009888524912987,/scratch/kenko/akg4pyscf/.graphchat-workspaces/kenko_room/mlff_elasticity_benchmark/workflow_runs/MACE_OMAT/elasticity_MACE_OMAT/structures/Pd4Sn4_f93faf9d/output.json,mp-2369,cif,https://elagente.ca/grafico/ConceptualAtoms_d730c7e7-9328-49b8-8dfe-c6fd43b326c7,mp-2369
HoO3Sr,0.6100515614548623,https://elagente.ca/grafico/ConceptualAtoms_d739894a-a61c-478a-a39c-39b65fef6d4b,https://elagente.ca/ontomlff/MLFFElasticityResult_7ae0c15b-9398-4ffe-ba81-e7df0bdbb56b,[],[],0.2759402919876234,eV/Å^3,0.7193598916333375,/scratch/kenko/akg4pyscf/.graphchat-workspaces/kenko_room/mlff_elasticity_benchmark/workflow_runs/MACE_OMAT/elasticity_MACE_OMAT/structures/HoO3Sr_ca3a747f/output.json,mp-971996,cif,https://elagente.ca/grafico/ConceptualAtoms_d739894a-a61c-478a-a39c-39b65fef6d4b,mp-971996
Ca3NSb,0.35538973691534537,https://elagente.ca/grafico/ConceptualAtoms_d7b6bee8-754c-4875-abf3-2c4d5b215946,https://elagente.ca/ontomlff/MLFFElasticityResult_481c8b1a-ebbf-4bb2-a280-b200e51cd855,[],[],0.30287651954332295,eV/Å^3,0.7076117604780662,/scratch/kenko/akg4pyscf/.graphchat-workspaces/kenko_room/mlff_elasticity_benchmark/workflow_runs/MACE_OMAT/elasticity_MACE_OMAT/structures/Ca3NSb_164dda15/output.json,mp-1013548,cif,https://elagente.ca/grafico/ConceptualAtoms_d7b6bee8-754c-4875-abf3-2c4d5b215946,mp-1013548
Al3Ho3Ni3,0.5945418898493842,https://elagente.ca/grafico/ConceptualAtoms_d835acd8-3a8f-426c-af5b-5d6c09100bce,https://elagente.ca/ontomlff/MLFFElasticityResult_e78801ad-373e-46b1-ae6a-c214d8c3b164,[],[],0.2641319963948673,eV/Å^3,0.6901880287215505,/scratch/kenko/akg4pyscf/.graphchat-workspaces/kenko_room/mlff_elasticity_benchmark/workflow_runs/MACE_OMAT/elasticity_MACE_OMAT/structures/Al3Ho3Ni3_91b3d21f/output.json,mp-2909,cif,https://elagente.ca/grafico/ConceptualAtoms_d835acd8-3a8f-426c-af5b-5d6c09100bce,mp-2909
NY,0.9457088904093678,https://elagente.ca/grafico/ConceptualAtoms_d85c870e-fecf-41a3-b973-7624889504cd,https://elagente.ca/ontomlff/MLFFElasticityResult_38947af3-a6e6-4ac9-8bf5-7daac1f2ffab,[],[],0.7407250765536088,eV/Å^3,1.7621167831009343,/scratch/kenko/akg4pyscf/.graphchat-workspaces/kenko_room/mlff_elasticity_benchmark/workflow_runs/MACE_OMAT/elasticity_MACE_OMAT/structures/NY_b25d4f4f/output.json,mp-2114,cif,https://elagente.ca/grafico/ConceptualAtoms_d85c870e-fecf-41a3-b973-7624889504cd,mp-2114
Li2O4Ti2,1.2233979970651472,https://elagente.ca/grafico/ConceptualAtoms_d8cd56c8-4610-4ac4-8ace-a38a3faf9a85,https://elagente.ca/ontomlff/MLFFElasticityResult_612638aa-f723-4208-8753-123833e1d8fc,[],[],0.7462898601945245,eV/Å^3,1.860549241936431,/scratch/kenko/akg4pyscf/.graphchat-workspaces/kenko_room/mlff_elasticity_benchmark/workflow_runs/MACE_OMAT/elasticity_MACE_OMAT/structures/Li2O4Ti2_a162f527/output.json,mp-764648,cif,https://elagente.ca/grafico/ConceptualAtoms_d8cd56c8-4610-4ac4-8ace-a38a3faf9a85,mp-764648
Co4Ge4,1.011000068355462,https://elagente.ca/grafico/ConceptualAtoms_d8f51d47-aa75-4743-9401-de2fcf84915a,https://elagente.ca/ontomlff/MLFFElasticityResult_67c0a04b-a036-48ea-b0e7-703ea908c7d5,[],[],0.5582702630271932,eV/Å^3,1.4144580620875318,/scratch/kenko/akg4pyscf/.graphchat-workspaces/kenko_room/mlff_elasticity_benchmark/workflow_runs/MACE_OMAT/elasticity_MACE_OMAT/structures/Co4Ge4_17b0ee63/output.json,mp-21237,cif,https://elagente.ca/grafico/ConceptualAtoms_d8f51d47-aa75-4743-9401-de2fcf84915a,mp-21237
Dy2Zn4,0.38682555430636434,https://elagente.ca/grafico/ConceptualAtoms_d970fe5e-c24d-441f-9f1f-aaa9cb9db796,https://elagente.ca/ontomlff/MLFFElasticityResult_f0a2423e-14e2-437b-a41f-b24225c902b8,[],[],0.22107553758936832,eV/Å^3,0.5570973040765319,/scratch/kenko/akg4pyscf/.graphchat-workspaces/kenko_room/mlff_elasticity_benchmark/workflow_runs/MACE_OMAT/elasticity_MACE_OMAT/structures/Dy2Zn4_1f1a68ee/output.json,mp-570093,cif,https://elagente.ca/grafico/ConceptualAtoms_d970fe5e-c24d-441f-9f1f-aaa9cb9db796,mp-570093
BrCu,0.35053466467359673,https://elagente.ca/grafico/ConceptualAtoms_d99ea13c-c594-4947-8798-8cda6f10d421,https://elagente.ca/ontomlff/MLFFElasticityResult_8c156d6b-a6a3-4e5e-ae6a-3009891938c0,[],[],0.06523969873469848,eV/Å^3,0.18428629235176788,/scratch/kenko/akg4pyscf/.graphchat-workspaces/kenko_room/mlff_elasticity_benchmark/workflow_runs/MACE_OMAT/elasticity_MACE_OMAT/structures/BrCu_4a5ecfd2/output.json,mp-570354,cif,https://elagente.ca/grafico/ConceptualAtoms_d99ea13c-c594-4947-8798-8cda6f10d421,mp-570354
Na3Tl,0.08020949310018333,https://elagente.ca/grafico/ConceptualAtoms_d9ec6d02-0abb-494a-a0ce-a73b81c26afe,https://elagente.ca/ontomlff/MLFFElasticityResult_d68bcef7-b289-48f5-9246-ad4a01b73dbb,[],[],0.03927249519388909,eV/Å^3,0.10128668698541568,/scratch/kenko/akg4pyscf/.graphchat-workspaces/kenko_room/mlff_elasticity_benchmark/workflow_runs/MACE_OMAT/elasticity_MACE_OMAT/structures/Na3Tl_d4d6e3d0/output.json,mp-977403,cif,https://elagente.ca/grafico/ConceptualAtoms_d9ec6d02-0abb-494a-a0ce-a73b81c26afe,mp-977403
BiSc,0.3720505625299948,https://elagente.ca/grafico/ConceptualAtoms_da255dc2-3d3b-4b03-8029-165727308b2f,https://elagente.ca/ontomlff/MLFFElasticityResult_ebededad-4c12-47bd-b638-9cadd24827aa,[],[],0.1936403731385965,eV/Å^3,0.4950374240563968,/scratch/kenko/akg4pyscf/.graphchat-workspaces/kenko_room/mlff_elasticity_benchmark/workflow_runs/MACE_OMAT/elasticity_MACE_OMAT/structures/BiSc_09cb8b01/output.json,mp-570632,cif,https://elagente.ca/grafico/ConceptualAtoms_da255dc2-3d3b-4b03-8029-165727308b2f,mp-570632
Ca4Mg4Sn4,0.26358662513042264,https://elagente.ca/grafico/ConceptualAtoms_dacc893d-ecb5-4385-84c2-019cf69da2ea,https://elagente.ca/ontomlff/MLFFElasticityResult_e41d43bf-54fe-4e15-a18c-b825c4470c76,[],[],0.2075386267158753,eV/Å^3,0.49317879848859125,/scratch/kenko/akg4pyscf/.graphchat-workspaces/kenko_room/mlff_elasticity_benchmark/workflow_runs/MACE_OMAT/elasticity_MACE_OMAT/structures/Ca4Mg4Sn4_ac169660/output.json,mp-4864,cif,https://elagente.ca/grafico/ConceptualAtoms_dacc893d-ecb5-4385-84c2-019cf69da2ea,mp-4864
Ge6N8,1.1141754323342483,https://elagente.ca/grafico/ConceptualAtoms_db78ce80-df06-4aa0-a99e-35b2df7750f8,https://elagente.ca/ontomlff/MLFFElasticityResult_db71f769-1c28-4473-8641-f0f92150daff,[],[],0.8764511513482294,eV/Å^3,2.083131083740328,/scratch/kenko/akg4pyscf/.graphchat-workspaces/kenko_room/mlff_elasticity_benchmark/workflow_runs/MACE_OMAT/elasticity_MACE_OMAT/structures/Ge6N8_c1a91051/output.json,mp-13852,cif,https://elagente.ca/grafico/ConceptualAtoms_db78ce80-df06-4aa0-a99e-35b2df7750f8,mp-13852
P4Pt4Sc4,1.0488154767921387,https://elagente.ca/grafico/ConceptualAtoms_db911a77-61eb-4c3b-a0a1-2ee727c70cf3,https://elagente.ca/ontomlff/MLFFElasticityResult_24a60af8-171c-4010-b029-1e89ec565874,[],[],0.503214186749528,eV/Å^3,1.3014934655976411,/scratch/kenko/akg4pyscf/.graphchat-workspaces/kenko_room/mlff_elasticity_benchmark/workflow_runs/MACE_OMAT/elasticity_MACE_OMAT/structures/P4Pt4Sc4_71cd357c/output.json,mp-12480,cif,https://elagente.ca/grafico/ConceptualAtoms_db911a77-61eb-4c3b-a0a1-2ee727c70cf3,mp-12480
O10Si2Zn4,0.7821251260177797,https://elagente.ca/grafico/ConceptualAtoms_dbe0c068-aca0-4124-a476-15af73bed342,https://elagente.ca/ontomlff/MLFFElasticityResult_9d3109f3-d8f9-4466-8af4-5dc6367028d1,[],[],0.48542988109285873,eV/Å^3,1.2066515348351228,/scratch/kenko/akg4pyscf/.graphchat-workspaces/kenko_room/mlff_elasticity_benchmark/workflow_runs/MACE_OMAT/elasticity_MACE_OMAT/structures/O10Si2Zn4_cc1a520c/output.json,mp-1189355,cif,https://elagente.ca/grafico/ConceptualAtoms_dbe0c068-aca0-4124-a476-15af73bed342,mp-1189355
B4Co4Mo4,2.023727887374135,https://elagente.ca/grafico/ConceptualAtoms_dd91cf99-2869-44e0-9aa3-50774f14a38c,https://elagente.ca/ontomlff/MLFFElasticityResult_e9a2f2bb-c1ae-44f3-aad5-0e33dcaf346d,[],[],1.0768556414546708,eV/Å^3,2.7438804261717973,/scratch/kenko/akg4pyscf/.graphchat-workspaces/kenko_room/mlff_elasticity_benchmark/workflow_runs/MACE_OMAT/elasticity_MACE_OMAT/structures/B4Co4Mo4_675430e1/output.json,mp-21347,cif,https://elagente.ca/grafico/ConceptualAtoms_dd91cf99-2869-44e0-9aa3-50774f14a38c,mp-21347
Ga4Pd4,0.8630340955276452,https://elagente.ca/grafico/ConceptualAtoms_dd987311-99d1-4e13-94ee-12567c7189eb,https://elagente.ca/ontomlff/MLFFElasticityResult_8ce3b6c7-09ff-496c-bf04-9e05b47f765b,[],[],0.35310433861993096,eV/Å^3,0.932181216667795,/scratch/kenko/akg4pyscf/.graphchat-workspaces/kenko_room/mlff_elasticity_benchmark/workflow_runs/MACE_OMAT/elasticity_MACE_OMAT/structures/Ga4Pd4_389a756c/output.json,mp-1078526,cif,https://elagente.ca/grafico/ConceptualAtoms_dd987311-99d1-4e13-94ee-12567c7189eb,mp-1078526
Ce2Os4,1.4943890242492859,https://elagente.ca/grafico/ConceptualAtoms_ddbc1beb-0e13-4b61-aa77-d7951a218e72,https://elagente.ca/ontomlff/MLFFElasticityResult_73db35f7-c2bf-4538-ac55-c5f7db886b39,[],[],0.2521746611209361,eV/Å^3,0.71623625127161,/scratch/kenko/akg4pyscf/.graphchat-workspaces/kenko_room/mlff_elasticity_benchmark/workflow_runs/MACE_OMAT/elasticity_MACE_OMAT/structures/Ce2Os4_483cdf98/output.json,mp-2098,cif,https://elagente.ca/grafico/ConceptualAtoms_ddbc1beb-0e13-4b61-aa77-d7951a218e72,mp-2098
BaO4Sr3,0.49683431895365093,https://elagente.ca/grafico/ConceptualAtoms_de2a5215-ae5a-4ddd-bff9-f9ba91df1a89,https://elagente.ca/ontomlff/MLFFElasticityResult_08497c59-59da-4c31-a2e7-b1e71973d27b,[],[],0.307704339443872,eV/Å^3,0.7651524305164843,/scratch/kenko/akg4pyscf/.graphchat-workspaces/kenko_room/mlff_elasticity_benchmark/workflow_runs/MACE_OMAT/elasticity_MACE_OMAT/structures/BaO4Sr3_70a63731/output.json,mp-984729,cif,https://elagente.ca/grafico/ConceptualAtoms_de2a5215-ae5a-4ddd-bff9-f9ba91df1a89,mp-984729
AuCs,0.058831890500840534,https://elagente.ca/grafico/ConceptualAtoms_de398238-1e41-4869-ab2a-28039602fa1b,https://elagente.ca/ontomlff/MLFFElasticityResult_26704607-fe77-4e58-bfb4-39db30957176,[],[],0.03681294033269891,eV/Å^3,0.09137921673346826,/scratch/kenko/akg4pyscf/.graphchat-workspaces/kenko_room/mlff_elasticity_benchmark/workflow_runs/MACE_OMAT/elasticity_MACE_OMAT/structures/AuCs_a4148943/output.json,mp-2667,cif,https://elagente.ca/grafico/ConceptualAtoms_de398238-1e41-4869-ab2a-28039602fa1b,mp-2667
Dy2I2S2,0.24231974895871142,https://elagente.ca/grafico/ConceptualAtoms_de4572fb-d828-4921-a887-a4d9fda0aee5,https://elagente.ca/ontomlff/MLFFElasticityResult_7baacbcc-894e-4bd4-af24-c6d3e5612449,[],[],0.13225565074868095,eV/Å^3,0.33569413843667983,/scratch/kenko/akg4pyscf/.graphchat-workspaces/kenko_room/mlff_elasticity_benchmark/workflow_runs/MACE_OMAT/elasticity_MACE_OMAT/structures/Dy2I2S2_9798a50e/output.json,mp-28929,cif,https://elagente.ca/grafico/ConceptualAtoms_de4572fb-d828-4921-a887-a4d9fda0aee5,mp-28929
Cl4Pd2,0.1367174506660495,https://elagente.ca/grafico/ConceptualAtoms_decd9995-fb9b-48fb-aca8-7471624f1684,https://elagente.ca/ontomlff/MLFFElasticityResult_388aa87b-ef17-44f0-91a5-97def5b8f2e3,[],[],0.0810872170258591,eV/Å^3,0.20310729149659595,/scratch/kenko/akg4pyscf/.graphchat-workspaces/kenko_room/mlff_elasticity_benchmark/workflow_runs/MACE_OMAT/elasticity_MACE_OMAT/structures/Cl4Pd2_7550c4ee/output.json,mp-569008,cif,https://elagente.ca/grafico/ConceptualAtoms_decd9995-fb9b-48fb-aca8-7471624f1684,mp-569008
BSb,0.6426531354019023,https://elagente.ca/grafico/ConceptualAtoms_ded91ea2-ad05-4f5e-8d22-62d81554aa5f,https://elagente.ca/ontomlff/MLFFElasticityResult_3054c3b7-7d04-4add-ac6f-bcca90bad834,[],[],0.5649147640646994,eV/Å^3,1.3106951960173043,/scratch/kenko/akg4pyscf/.graphchat-workspaces/kenko_room/mlff_elasticity_benchmark/workflow_runs/MACE_OMAT/elasticity_MACE_OMAT/structures/BSb_3a182077/output.json,mp-997618,cif,https://elagente.ca/grafico/ConceptualAtoms_ded91ea2-ad05-4f5e-8d22-62d81554aa5f,mp-997618
B4Ti4,1.4750857690648682,https://elagente.ca/grafico/ConceptualAtoms_df85e441-29cd-49b0-88fb-5f478251d78e,https://elagente.ca/ontomlff/MLFFElasticityResult_5b570829-506d-42d6-86c0-acbf5368839a,[],[],1.2301532007971314,eV/Å^3,2.887718459926319,/scratch/kenko/akg4pyscf/.graphchat-workspaces/kenko_room/mlff_elasticity_benchmark/workflow_runs/MACE_OMAT/elasticity_MACE_OMAT/structures/B4Ti4_ed6568be/output.json,mp-7857,cif,https://elagente.ca/grafico/ConceptualAtoms_df85e441-29cd-49b0-88fb-5f478251d78e,mp-7857
O3RbSb,0.7332977646981095,https://elagente.ca/grafico/ConceptualAtoms_e00310b2-ff70-4c4f-bc4f-179e81207f22,https://elagente.ca/ontomlff/MLFFElasticityResult_75447462-c09d-4d3f-a350-f86509376413,[],[],0.6743767313934966,eV/Å^3,1.548452479339356,/scratch/kenko/akg4pyscf/.graphchat-workspaces/kenko_room/mlff_elasticity_benchmark/workflow_runs/MACE_OMAT/elasticity_MACE_OMAT/structures/O3RbSb_a2d4f5ad/output.json,mp-975206,cif,https://elagente.ca/grafico/ConceptualAtoms_e00310b2-ff70-4c4f-bc4f-179e81207f22,mp-975206
Al6W3,1.07092469069659,https://elagente.ca/grafico/ConceptualAtoms_e06cdd8e-ad73-4354-bc04-a72e2aec55fe,https://elagente.ca/ontomlff/MLFFElasticityResult_a909e80f-d357-4225-a499-525a3b809302,[],[],0.6472281032960063,eV/Å^3,1.6161112671829747,/scratch/kenko/akg4pyscf/.graphchat-workspaces/kenko_room/mlff_elasticity_benchmark/workflow_runs/MACE_OMAT/elasticity_MACE_OMAT/structures/Al6W3_398fbfb0/output.json,mp-12524,cif,https://elagente.ca/grafico/ConceptualAtoms_e06cdd8e-ad73-4354-bc04-a72e2aec55fe,mp-12524
EuN,0.7107761754658207,https://elagente.ca/grafico/ConceptualAtoms_e09ac89c-b62c-49d4-a119-aef416e88a94,https://elagente.ca/ontomlff/MLFFElasticityResult_6d29894d-a5be-427d-8fd0-1d55698934f0,[],[],0.41229918475782623,eV/Å^3,1.0364863699496345,/scratch/kenko/akg4pyscf/.graphchat-workspaces/kenko_room/mlff_elasticity_benchmark/workflow_runs/MACE_OMAT/elasticity_MACE_OMAT/structures/EuN_5d901ee4/output.json,mp-20340,cif,https://elagente.ca/grafico/ConceptualAtoms_e09ac89c-b62c-49d4-a119-aef416e88a94,mp-20340
AgBiTe2,0.3286139669197963,https://elagente.ca/grafico/ConceptualAtoms_e0cad2f2-1076-48d0-b5c7-fc643ee9db6b,https://elagente.ca/ontomlff/MLFFElasticityResult_d68e6aa5-ebc8-4e71-86bd-830ef841f414,[],[],0.14029804277177788,eV/Å^3,0.3684578189951851,/scratch/kenko/akg4pyscf/.graphchat-workspaces/kenko_room/mlff_elasticity_benchmark/workflow_runs/MACE_OMAT/elasticity_MACE_OMAT/structures/AgBiTe2_e42cb0dc/output.json,mp-29656,cif,https://elagente.ca/grafico/ConceptualAtoms_e0cad2f2-1076-48d0-b5c7-fc643ee9db6b,mp-29656
C4Ca16N16,0.5906015054634212,https://elagente.ca/grafico/ConceptualAtoms_e0e22b38-3cea-4f50-b07c-29b961fa243e,https://elagente.ca/ontomlff/MLFFElasticityResult_707b4b8b-b40f-4ae7-b938-c73b280d188d,[],[],0.3687920279649677,eV/Å^3,0.9157644150367527,/scratch/kenko/akg4pyscf/.graphchat-workspaces/kenko_room/mlff_elasticity_benchmark/workflow_runs/MACE_OMAT/elasticity_MACE_OMAT/structures/C4Ca16N16_7370054b/output.json,mp-5251,cif,https://elagente.ca/grafico/ConceptualAtoms_e0e22b38-3cea-4f50-b07c-29b961fa243e,mp-5251
Ga12Nd2,0.39285932586301253,https://elagente.ca/grafico/ConceptualAtoms_e124afdc-cce1-463e-a615-3bc5bc74d29b,https://elagente.ca/ontomlff/MLFFElasticityResult_41e50722-2554-41e8-8720-943a0083a316,[],[],0.23264081056957825,eV/Å^3,0.5828692297603194,/scratch/kenko/akg4pyscf/.graphchat-workspaces/kenko_room/mlff_elasticity_benchmark/workflow_runs/MACE_OMAT/elasticity_MACE_OMAT/structures/Ga12Nd2_c9de55a3/output.json,mp-1104008,cif,https://elagente.ca/grafico/ConceptualAtoms_e124afdc-cce1-463e-a615-3bc5bc74d29b,mp-1104008
Al2F12Na6,0.4740784606045138,https://elagente.ca/grafico/ConceptualAtoms_e1398ac4-aaf2-4310-84f0-41ee340955f0,https://elagente.ca/ontomlff/MLFFElasticityResult_e40dc0a6-cc94-44e7-a953-e1281bbf6d64,[],[],0.2961103584469972,eV/Å^3,0.7352512690041456,/scratch/kenko/akg4pyscf/.graphchat-workspaces/kenko_room/mlff_elasticity_benchmark/workflow_runs/MACE_OMAT/elasticity_MACE_OMAT/structures/Al2F12Na6_d21cfd9a/output.json,mp-3416,cif,https://elagente.ca/grafico/ConceptualAtoms_e1398ac4-aaf2-4310-84f0-41ee340955f0,mp-3416
AuGeSc,0.5808604404639754,https://elagente.ca/grafico/ConceptualAtoms_e16e9591-f819-4945-83f6-d6d1a5c3c95b,https://elagente.ca/ontomlff/MLFFElasticityResult_2269178f-b64d-407d-a4a2-5f5273d2b9fe,[],[],0.3197029143605233,eV/Å^3,0.8104241655456521,/scratch/kenko/akg4pyscf/.graphchat-workspaces/kenko_room/mlff_elasticity_benchmark/workflow_runs/MACE_OMAT/elasticity_MACE_OMAT/structures/AuGeSc_2cb6902b/output.json,mp-961697,cif,https://elagente.ca/grafico/ConceptualAtoms_e16e9591-f819-4945-83f6-d6d1a5c3c95b,mp-961697
B8Co8Sm2,1.3670228868885752,https://elagente.ca/grafico/ConceptualAtoms_e17f782c-38f3-4b20-bd75-3545c1861b95,https://elagente.ca/ontomlff/MLFFElasticityResult_9ec3f5e4-3b72-4734-9667-68203a5516d9,[],[],0.8305626370357069,eV/Å^3,2.072049305300622,/scratch/kenko/akg4pyscf/.graphchat-workspaces/kenko_room/mlff_elasticity_benchmark/workflow_runs/MACE_OMAT/elasticity_MACE_OMAT/structures/B8Co8Sm2_ea152a14/output.json,mp-1105839,cif,https://elagente.ca/grafico/ConceptualAtoms_e17f782c-38f3-4b20-bd75-3545c1861b95,mp-1105839
As2BaCo2,0.593435373800115,https://elagente.ca/grafico/ConceptualAtoms_e1904bed-43a8-44ac-9f3d-da9ccb196b62,https://elagente.ca/ontomlff/MLFFElasticityResult_89b12ad6-8465-4a7c-bd76-60234563af29,[],[],0.2649990141048838,eV/Å^3,0.6919936181445747,/scratch/kenko/akg4pyscf/.graphchat-workspaces/kenko_room/mlff_elasticity_benchmark/workflow_runs/MACE_OMAT/elasticity_MACE_OMAT/structures/As2BaCo2_23b71c50/output.json,mp-20563,cif,https://elagente.ca/grafico/ConceptualAtoms_e1904bed-43a8-44ac-9f3d-da9ccb196b62,mp-20563
Br6Cs2Ti2,0.1687220084813491,https://elagente.ca/grafico/ConceptualAtoms_e32d9626-f51a-4852-b4be-64003fb9dec2,https://elagente.ca/ontomlff/MLFFElasticityResult_2b62b807-271c-44fa-9730-6aa22ef7bc49,[],[],0.08621131527707915,eV/Å^3,0.22099379467645408,/scratch/kenko/akg4pyscf/.graphchat-workspaces/kenko_room/mlff_elasticity_benchmark/workflow_runs/MACE_OMAT/elasticity_MACE_OMAT/structures/Br6Cs2Ti2_f2cb6dd2/output.json,mp-22962,cif,https://elagente.ca/grafico/ConceptualAtoms_e32d9626-f51a-4852-b4be-64003fb9dec2,mp-22962
Be2,0.8354387208872129,https://elagente.ca/grafico/ConceptualAtoms_e33b5532-988e-4b48-b61b-8547b02672ce,https://elagente.ca/ontomlff/MLFFElasticityResult_19b39ca7-188e-4274-a465-830beaf9771c,[],[],0.8781365949726532,eV/Å^3,1.9508807762555587,/scratch/kenko/akg4pyscf/.graphchat-workspaces/kenko_room/mlff_elasticity_benchmark/workflow_runs/MACE_OMAT/elasticity_MACE_OMAT/structures/Be2_456a0d9a/output.json,mp-87,cif,https://elagente.ca/grafico/ConceptualAtoms_e33b5532-988e-4b48-b61b-8547b02672ce,mp-87
CoFe,1.2321489700098414,https://elagente.ca/grafico/ConceptualAtoms_e33b9584-9f1c-4636-805c-568c80a2d87d,https://elagente.ca/ontomlff/MLFFElasticityResult_2352d903-1b38-4431-aa56-255063afcaeb,[],[],0.5783004955656452,eV/Å^3,1.5001988728767104,/scratch/kenko/akg4pyscf/.graphchat-workspaces/kenko_room/mlff_elasticity_benchmark/workflow_runs/MACE_OMAT/elasticity_MACE_OMAT/structures/CoFe_61f1e215/output.json,mp-2090,cif,https://elagente.ca/grafico/ConceptualAtoms_e33b9584-9f1c-4636-805c-568c80a2d87d,mp-2090
As8S16Tl8,0.2525202797880297,https://elagente.ca/grafico/ConceptualAtoms_e344b9ee-218e-420a-81ef-c1f562ee9e45,https://elagente.ca/ontomlff/MLFFElasticityResult_8ba01bb3-0dab-40f3-a45f-ff650ce76e44,[],[],0.11370134548201304,eV/Å^3,0.29658932139489635,/scratch/kenko/akg4pyscf/.graphchat-workspaces/kenko_room/mlff_elasticity_benchmark/workflow_runs/MACE_OMAT/elasticity_MACE_OMAT/structures/As8S16Tl8_0451a814/output.json,mp-4988,cif,https://elagente.ca/grafico/ConceptualAtoms_e344b9ee-218e-420a-81ef-c1f562ee9e45,mp-4988
Rh6W2,1.955334127400854,https://elagente.ca/grafico/ConceptualAtoms_e38c4986-85b6-4e14-a9b2-769832096a43,https://elagente.ca/ontomlff/MLFFElasticityResult_3fb73ada-1385-4bea-9605-8b9082e0ce42,[],[],1.0200928306276433,eV/Å^3,2.606934753115383,/scratch/kenko/akg4pyscf/.graphchat-workspaces/kenko_room/mlff_elasticity_benchmark/workflow_runs/MACE_OMAT/elasticity_MACE_OMAT/structures/Rh6W2_76cb8e14/output.json,mp-30866,cif,https://elagente.ca/grafico/ConceptualAtoms_e38c4986-85b6-4e14-a9b2-769832096a43,mp-30866
Ga2,0.2923275409953733,https://elagente.ca/grafico/ConceptualAtoms_e3c604dd-4d41-46e4-bfdb-583250881c7c,https://elagente.ca/ontomlff/MLFFElasticityResult_5ca4e0c9-4f9b-4156-b2f1-099a7a561a01,[],[],0.04944854491441139,eV/Å^3,0.14042764144095649,/scratch/kenko/akg4pyscf/.graphchat-workspaces/kenko_room/mlff_elasticity_benchmark/workflow_runs/MACE_OMAT/elasticity_MACE_OMAT/structures/Ga2_d45815d7/output.json,mp-10021,cif,https://elagente.ca/grafico/ConceptualAtoms_e3c604dd-4d41-46e4-bfdb-583250881c7c,mp-10021
Cd2S8Yb4,0.4210277908616338,https://elagente.ca/grafico/ConceptualAtoms_e435a094-4bb8-4c73-a097-c2bffe3ebd43,https://elagente.ca/ontomlff/MLFFElasticityResult_02d7cd11-07fa-4491-9b19-0f4d9095e077,[],[],0.20832134302598557,eV/Å^3,0.5364816798648795,/scratch/kenko/akg4pyscf/.graphchat-workspaces/kenko_room/mlff_elasticity_benchmark/workflow_runs/MACE_OMAT/elasticity_MACE_OMAT/structures/Cd2S8Yb4_a5c87093/output.json,mp-2959,cif,https://elagente.ca/grafico/ConceptualAtoms_e435a094-4bb8-4c73-a097-c2bffe3ebd43,mp-2959
Li2Pd4Sn12,0.40480376560961007,https://elagente.ca/grafico/ConceptualAtoms_e46224d9-af6e-4f0e-a73b-c85caf394fb7,https://elagente.ca/ontomlff/MLFFElasticityResult_a625f076-0621-44c0-b2bf-7e22914689f4,[],[],0.16743703197565876,eV/Å^3,0.44144661660802137,/scratch/kenko/akg4pyscf/.graphchat-workspaces/kenko_room/mlff_elasticity_benchmark/workflow_runs/MACE_OMAT/elasticity_MACE_OMAT/structures/Li2Pd4Sn12_803263fe/output.json,mp-569331,cif,https://elagente.ca/grafico/ConceptualAtoms_e46224d9-af6e-4f0e-a73b-c85caf394fb7,mp-569331
Br2La2,0.21805268647810033,https://elagente.ca/grafico/ConceptualAtoms_e4aeae98-3c6c-4e65-94d0-12d36de88fae,https://elagente.ca/ontomlff/MLFFElasticityResult_1ef3feb2-30a7-401b-8181-5a5590434c0e,[],[],0.10334809817782109,eV/Å^3,0.2677443239405841,/scratch/kenko/akg4pyscf/.graphchat-workspaces/kenko_room/mlff_elasticity_benchmark/workflow_runs/MACE_OMAT/elasticity_MACE_OMAT/structures/Br2La2_291d90f1/output.json,mp-27679,cif,https://elagente.ca/grafico/ConceptualAtoms_e4aeae98-3c6c-4e65-94d0-12d36de88fae,mp-27679
Te,0.30423413722925674,https://elagente.ca/grafico/ConceptualAtoms_e4de34c6-2d34-4033-a3ed-b4e76fc3044b,https://elagente.ca/ontomlff/MLFFElasticityResult_ce9f0af5-d701-4d0c-a335-d43b3e7940e0,[],[],0.07373142751957618,eV/Å^3,0.20466101944061743,/scratch/kenko/akg4pyscf/.graphchat-workspaces/kenko_room/mlff_elasticity_benchmark/workflow_runs/MACE_OMAT/elasticity_MACE_OMAT/structures/Te_37d99087/output.json,mp-10654,cif,https://elagente.ca/grafico/ConceptualAtoms_e4de34c6-2d34-4033-a3ed-b4e76fc3044b,mp-10654
Co2S2Sb2,0.8136661872599048,https://elagente.ca/grafico/ConceptualAtoms_e5686c8e-e3d1-4db2-8242-3c45e8058cf9,https://elagente.ca/ontomlff/MLFFElasticityResult_35acca73-6b66-4795-a7ce-d5522dac325e,[],[],0.537562558711843,eV/Å^3,1.3216342182687986,/scratch/kenko/akg4pyscf/.graphchat-workspaces/kenko_room/mlff_elasticity_benchmark/workflow_runs/MACE_OMAT/elasticity_MACE_OMAT/structures/Co2S2Sb2_162fbab4/output.json,mp-4962,cif,https://elagente.ca/grafico/ConceptualAtoms_e5686c8e-e3d1-4db2-8242-3c45e8058cf9,mp-4962
Zr6,0.6316731453273394,https://elagente.ca/grafico/ConceptualAtoms_e57aa11c-e6f3-4b1b-b2c8-b65fae8cad7c,https://elagente.ca/ontomlff/MLFFElasticityResult_f11ee8dc-b4f8-4349-ae2f-1dfd9f030465,[],[],0.2787159806334716,eV/Å^3,0.7289371968391373,/scratch/kenko/akg4pyscf/.graphchat-workspaces/kenko_room/mlff_elasticity_benchmark/workflow_runs/MACE_OMAT/elasticity_MACE_OMAT/structures/Zr6_046b1bff/output.json,mp-1077723,cif,https://elagente.ca/grafico/ConceptualAtoms_e57aa11c-e6f3-4b1b-b2c8-b65fae8cad7c,mp-1077723
BiLiS2,0.33705274225792536,https://elagente.ca/grafico/ConceptualAtoms_e5fe1d9f-0cb2-4f27-a06f-958f3f0a0aec,https://elagente.ca/ontomlff/MLFFElasticityResult_db55e6f6-f92b-49ab-9df1-6bfdb065354c,[],[],0.20913212925657562,eV/Å^3,0.5198738282298859,/scratch/kenko/akg4pyscf/.graphchat-workspaces/kenko_room/mlff_elasticity_benchmark/workflow_runs/MACE_OMAT/elasticity_MACE_OMAT/structures/BiLiS2_560cb61b/output.json,mp-753506,cif,https://elagente.ca/grafico/ConceptualAtoms_e5fe1d9f-0cb2-4f27-a06f-958f3f0a0aec,mp-753506
Mg2Ni3Si,0.7722141050680842,https://elagente.ca/grafico/ConceptualAtoms_e622ee75-f08b-4c97-b038-92e8c1976e7f,https://elagente.ca/ontomlff/MLFFElasticityResult_393c1a78-9202-4b74-aa27-dbd99eb0f6b9,[],[],0.44719822847604546,eV/Å^3,1.1245203798832,/scratch/kenko/akg4pyscf/.graphchat-workspaces/kenko_room/mlff_elasticity_benchmark/workflow_runs/MACE_OMAT/elasticity_MACE_OMAT/structures/Mg2Ni3Si_a1f0ce8c/output.json,mp-15779,cif,https://elagente.ca/grafico/ConceptualAtoms_e622ee75-f08b-4c97-b038-92e8c1976e7f,mp-15779
HfHgO3,0.996661001451169,https://elagente.ca/grafico/ConceptualAtoms_e65bf407-6a57-4ade-968a-09ab2c3cfb5f,https://elagente.ca/ontomlff/MLFFElasticityResult_2ed50204-bd05-4638-97d5-6860a477ea7d,[],[],0.3120589552513251,eV/Å^3,0.8477036185234624,/scratch/kenko/akg4pyscf/.graphchat-workspaces/kenko_room/mlff_elasticity_benchmark/workflow_runs/MACE_OMAT/elasticity_MACE_OMAT/structures/HfHgO3_ab63f8d3/output.json,mp-1016841,cif,https://elagente.ca/grafico/ConceptualAtoms_e65bf407-6a57-4ade-968a-09ab2c3cfb5f,mp-1016841
B2Nb2,1.823957931228016,https://elagente.ca/grafico/ConceptualAtoms_e70cac6e-0b1e-4269-abf1-3c94e5fc401d,https://elagente.ca/ontomlff/MLFFElasticityResult_049b9062-4299-450d-9132-e4214ecd8f7a,[],[],1.37701783152513,eV/Å^3,3.3004761345721536,/scratch/kenko/akg4pyscf/.graphchat-workspaces/kenko_room/mlff_elasticity_benchmark/workflow_runs/MACE_OMAT/elasticity_MACE_OMAT/structures/B2Nb2_93dbd7aa/output.json,mp-2580,cif,https://elagente.ca/grafico/ConceptualAtoms_e70cac6e-0b1e-4269-abf1-3c94e5fc401d,mp-2580
N3Ta3,1.5906045242444566,https://elagente.ca/grafico/ConceptualAtoms_e72bada3-b0ca-4760-a601-54287d0e3849,https://elagente.ca/ontomlff/MLFFElasticityResult_cbcf6981-4172-46af-ba72-95bd02b16820,[],[],0.8462834027803217,eV/Å^3,2.1564098904132267,/scratch/kenko/akg4pyscf/.graphchat-workspaces/kenko_room/mlff_elasticity_benchmark/workflow_runs/MACE_OMAT/elasticity_MACE_OMAT/structures/N3Ta3_21aa0305/output.json,mp-1497,cif,https://elagente.ca/grafico/ConceptualAtoms_e72bada3-b0ca-4760-a601-54287d0e3849,mp-1497
AuKO2,0.3966016044624091,https://elagente.ca/grafico/ConceptualAtoms_e74db2a3-3c52-4ce1-ac76-9d197735135b,https://elagente.ca/ontomlff/MLFFElasticityResult_d25873c1-4e37-47f5-a981-ac46453beecf,[],[],0.22019165434787952,eV/Å^3,0.5574164819681425,/scratch/kenko/akg4pyscf/.graphchat-workspaces/kenko_room/mlff_elasticity_benchmark/workflow_runs/MACE_OMAT/elasticity_MACE_OMAT/structures/AuKO2_a74ec781/output.json,mp-27418,cif,https://elagente.ca/grafico/ConceptualAtoms_e74db2a3-3c52-4ce1-ac76-9d197735135b,mp-27418
O4SnSr2,0.7365459571445208,https://elagente.ca/grafico/ConceptualAtoms_e7828ba4-ef91-471f-9586-9a39d9a74ab3,https://elagente.ca/ontomlff/MLFFElasticityResult_51077faa-b89b-492d-a5fe-a80c8f761449,[],[],0.448418059338042,eV/Å^3,1.1183077617111497,/scratch/kenko/akg4pyscf/.graphchat-workspaces/kenko_room/mlff_elasticity_benchmark/workflow_runs/MACE_OMAT/elasticity_MACE_OMAT/structures/O4SnSr2_d939373c/output.json,mp-3376,cif,https://elagente.ca/grafico/ConceptualAtoms_e7828ba4-ef91-471f-9586-9a39d9a74ab3,mp-3376
AsLiRh2,1.058573272214125,https://elagente.ca/grafico/ConceptualAtoms_e7b1bd6a-3e94-48a2-9531-e8c01d397a55,https://elagente.ca/ontomlff/MLFFElasticityResult_076ffbca-48df-4fc6-97c9-37e9a34f266e,[],[],0.40876153082466404,eV/Å^3,1.086443449877287,/scratch/kenko/akg4pyscf/.graphchat-workspaces/kenko_room/mlff_elasticity_benchmark/workflow_runs/MACE_OMAT/elasticity_MACE_OMAT/structures/AsLiRh2_ccca3e20/output.json,mp-862335,cif,https://elagente.ca/grafico/ConceptualAtoms_e7b1bd6a-3e94-48a2-9531-e8c01d397a55,mp-862335
PbRb3,0.044658337707489254,https://elagente.ca/grafico/ConceptualAtoms_e7ed2867-f13a-4e00-b327-b1a7e9dde0ab,https://elagente.ca/ontomlff/MLFFElasticityResult_780649df-198a-4080-99de-b9d9613d81ac,[],[],0.01392512640121293,eV/Å^3,0.0378421345309647,/scratch/kenko/akg4pyscf/.graphchat-workspaces/kenko_room/mlff_elasticity_benchmark/workflow_runs/MACE_OMAT/elasticity_MACE_OMAT/structures/PbRb3_1a0070fe/output.json,mp-974832,cif,https://elagente.ca/grafico/ConceptualAtoms_e7ed2867-f13a-4e00-b327-b1a7e9dde0ab,mp-974832
TcYb3,0.4128786491494244,https://elagente.ca/grafico/ConceptualAtoms_e81a1371-df7c-479e-9212-c9a7466bbde8,https://elagente.ca/ontomlff/MLFFElasticityResult_5d3feb54-2d9c-4250-a8ee-1e8817522024,[],[],0.1351077077130629,eV/Å^3,0.36545958830524344,/scratch/kenko/akg4pyscf/.graphchat-workspaces/kenko_room/mlff_elasticity_benchmark/workflow_runs/MACE_OMAT/elasticity_MACE_OMAT/structures/TcYb3_03b95d61/output.json,mp-979938,cif,https://elagente.ca/grafico/ConceptualAtoms_e81a1371-df7c-479e-9212-c9a7466bbde8,mp-979938
InTe,0.2523839280761195,https://elagente.ca/grafico/ConceptualAtoms_e8496ba0-148f-4a5b-b0c2-71eeb1d4fddf,https://elagente.ca/ontomlff/MLFFElasticityResult_b0884232-5996-435d-929e-1dccda94cdcf,[],[],-0.05396978527860011,eV/Å^3,-0.17433602941690113,/scratch/kenko/akg4pyscf/.graphchat-workspaces/kenko_room/mlff_elasticity_benchmark/workflow_runs/MACE_OMAT/elasticity_MACE_OMAT/structures/InTe_51965bf7/output.json,mp-2819,cif,https://elagente.ca/grafico/ConceptualAtoms_e8496ba0-148f-4a5b-b0c2-71eeb1d4fddf,mp-2819
H16B4Mg2,0.23077910425894388,https://elagente.ca/grafico/ConceptualAtoms_e8bee6d9-80cd-418d-9ec1-ca1b8de671f2,https://elagente.ca/ontomlff/MLFFElasticityResult_44d218ce-9653-4599-937d-090e11a84e43,[],[],0.18962172698235008,eV/Å^3,0.44655882297745525,/scratch/kenko/akg4pyscf/.graphchat-workspaces/kenko_room/mlff_elasticity_benchmark/workflow_runs/MACE_OMAT/elasticity_MACE_OMAT/structures/H16B4Mg2_0776cebc/output.json,mp-1190680,cif,https://elagente.ca/grafico/ConceptualAtoms_e8bee6d9-80cd-418d-9ec1-ca1b8de671f2,mp-1190680
Sr4,0.07566662290723505,https://elagente.ca/grafico/ConceptualAtoms_e8bf5ca9-69d8-47e3-9487-2af7c6b4ffb6,https://elagente.ca/ontomlff/MLFFElasticityResult_76879beb-a23c-489e-bff7-e7e93d0c4750,[],[],0.04821188540939382,eV/Å^3,0.11929822939406501,/scratch/kenko/akg4pyscf/.graphchat-workspaces/kenko_room/mlff_elasticity_benchmark/workflow_runs/MACE_OMAT/elasticity_MACE_OMAT/structures/Sr4_1c87a334/output.json,mp-867202,cif,https://elagente.ca/grafico/ConceptualAtoms_e8bf5ca9-69d8-47e3-9487-2af7c6b4ffb6,mp-867202
GaLiPt2,0.9851916610075606,https://elagente.ca/grafico/ConceptualAtoms_e8bff5c4-43d4-445e-bb9a-239af80caf34,https://elagente.ca/ontomlff/MLFFElasticityResult_561b2f60-418e-4ae2-8d74-e43509ce9e69,[],[],0.06643490956111206,eV/Å^3,0.19492327657172226,/scratch/kenko/akg4pyscf/.graphchat-workspaces/kenko_room/mlff_elasticity_benchmark/workflow_runs/MACE_OMAT/elasticity_MACE_OMAT/structures/GaLiPt2_60d94a79/output.json,mp-867170,cif,https://elagente.ca/grafico/ConceptualAtoms_e8bff5c4-43d4-445e-bb9a-239af80caf34,mp-867170
Cu2DySi2,0.7687817099789569,https://elagente.ca/grafico/ConceptualAtoms_e906e5c9-3d27-4e74-ae8d-41578c842602,https://elagente.ca/ontomlff/MLFFElasticityResult_48592dc3-47b0-4f98-b81f-19efa407885b,[],[],0.5287244339465086,eV/Å^3,1.2903609549962913,/scratch/kenko/akg4pyscf/.graphchat-workspaces/kenko_room/mlff_elasticity_benchmark/workflow_runs/MACE_OMAT/elasticity_MACE_OMAT/structures/Cu2DySi2_bbb93235/output.json,mp-2917,cif,https://elagente.ca/grafico/ConceptualAtoms_e906e5c9-3d27-4e74-ae8d-41578c842602,mp-2917
MnRh2Zn,1.1215491420982067,https://elagente.ca/grafico/ConceptualAtoms_e91eec3e-efcf-4046-9219-1de9410191fc,https://elagente.ca/ontomlff/MLFFElasticityResult_17fbe9cf-17ad-46b6-b433-1a454098cc8c,[],[],0.4379719817753057,eV/Å^3,1.1625838479723596,/scratch/kenko/akg4pyscf/.graphchat-workspaces/kenko_room/mlff_elasticity_benchmark/workflow_runs/MACE_OMAT/elasticity_MACE_OMAT/structures/MnRh2Zn_9a578117/output.json,mp-864987,cif,https://elagente.ca/grafico/ConceptualAtoms_e91eec3e-efcf-4046-9219-1de9410191fc,mp-864987
Cl6K2Sn,0.18646765629448198,https://elagente.ca/grafico/ConceptualAtoms_e983707b-2f0a-4942-8673-44d254dc3cff,https://elagente.ca/ontomlff/MLFFElasticityResult_8a32a2e9-1ba0-42c8-8634-ec067925cc0e,[],[],0.10027958639414938,eV/Å^3,0.25510769338300426,/scratch/kenko/akg4pyscf/.graphchat-workspaces/kenko_room/mlff_elasticity_benchmark/workflow_runs/MACE_OMAT/elasticity_MACE_OMAT/structures/Cl6K2Sn_bae4702f/output.json,mp-23499,cif,https://elagente.ca/grafico/ConceptualAtoms_e983707b-2f0a-4942-8673-44d254dc3cff,mp-23499
InLi2Rh,0.44504831135736134,https://elagente.ca/grafico/ConceptualAtoms_e98ca2b6-759a-43de-afe4-26e689923054,https://elagente.ca/ontomlff/MLFFElasticityResult_9e1bf3f2-5dc6-4dbd-ab2e-c4433aacc078,[],[],0.1826927982595401,eV/Å^3,0.48210956723215487,/scratch/kenko/akg4pyscf/.graphchat-workspaces/kenko_room/mlff_elasticity_benchmark/workflow_runs/MACE_OMAT/elasticity_MACE_OMAT/structures/InLi2Rh_0db50b02/output.json,mp-31442,cif,https://elagente.ca/grafico/ConceptualAtoms_e98ca2b6-759a-43de-afe4-26e689923054,mp-31442
MgPm2Sn,0.351407157696456,https://elagente.ca/grafico/ConceptualAtoms_e9aa4e82-ae17-4444-a0a8-21a82cdcd055,https://elagente.ca/ontomlff/MLFFElasticityResult_c3913ae8-d3c7-4282-b7b3-6fe5da30594f,[],[],0.10765359493455709,eV/Å^3,0.2930368364689048,/scratch/kenko/akg4pyscf/.graphchat-workspaces/kenko_room/mlff_elasticity_benchmark/workflow_runs/MACE_OMAT/elasticity_MACE_OMAT/structures/MgPm2Sn_f7062f7c/output.json,mp-863703,cif,https://elagente.ca/grafico/ConceptualAtoms_e9aa4e82-ae17-4444-a0a8-21a82cdcd055,mp-863703
CFe2Si2Y2,0.9009329729127968,https://elagente.ca/grafico/ConceptualAtoms_e9ae0f4c-1f3b-47a6-b6c8-547d353bb867,https://elagente.ca/ontomlff/MLFFElasticityResult_422c884a-6a89-45d0-b292-c5e79b0ded48,[],[],0.5944513336159318,eV/Å^3,1.46183847033678,/scratch/kenko/akg4pyscf/.graphchat-workspaces/kenko_room/mlff_elasticity_benchmark/workflow_runs/MACE_OMAT/elasticity_MACE_OMAT/structures/CFe2Si2Y2_caa11597/output.json,mp-1025339,cif,https://elagente.ca/grafico/ConceptualAtoms_e9ae0f4c-1f3b-47a6-b6c8-547d353bb867,mp-1025339
Ru2SnTh,0.8663389397865117,https://elagente.ca/grafico/ConceptualAtoms_e9d0116d-45cb-483d-aee0-b24def018fcc,https://elagente.ca/ontomlff/MLFFElasticityResult_20d34594-51b8-4006-a9c0-e5e47903dee6,[],[],0.22066115119834318,eV/Å^3,0.6101782359532315,/scratch/kenko/akg4pyscf/.graphchat-workspaces/kenko_room/mlff_elasticity_benchmark/workflow_runs/MACE_OMAT/elasticity_MACE_OMAT/structures/Ru2SnTh_669693cb/output.json,mp-865944,cif,https://elagente.ca/grafico/ConceptualAtoms_e9d0116d-45cb-483d-aee0-b24def018fcc,mp-865944
P2Sn2Sr2,0.2720977706048724,https://elagente.ca/grafico/ConceptualAtoms_e9e2a28b-5be2-44a8-bdf6-7a167ad8a2c4,https://elagente.ca/ontomlff/MLFFElasticityResult_64a181c2-d452-4786-863c-3a9ffb8bc35c,[],[],0.17830939693599707,eV/Å^3,0.4390278657155195,/scratch/kenko/akg4pyscf/.graphchat-workspaces/kenko_room/mlff_elasticity_benchmark/workflow_runs/MACE_OMAT/elasticity_MACE_OMAT/structures/P2Sn2Sr2_ca641568/output.json,mp-8539,cif,https://elagente.ca/grafico/ConceptualAtoms_e9e2a28b-5be2-44a8-bdf6-7a167ad8a2c4,mp-8539
PtSbTm,0.6633506249889167,https://elagente.ca/grafico/ConceptualAtoms_e9e3e2d1-6cca-4256-b78c-433cad85cca6,https://elagente.ca/ontomlff/MLFFElasticityResult_f31dedb7-008b-4663-9823-ca4af28d2dad,[],[],0.36812864078851026,eV/Å^3,0.9319834765857684,/scratch/kenko/akg4pyscf/.graphchat-workspaces/kenko_room/mlff_elasticity_benchmark/workflow_runs/MACE_OMAT/elasticity_MACE_OMAT/structures/PtSbTm_4dbc0b4b/output.json,mp-16314,cif,https://elagente.ca/grafico/ConceptualAtoms_e9e3e2d1-6cca-4256-b78c-433cad85cca6,mp-16314
Al12Mo4,0.9054073401721321,https://elagente.ca/grafico/ConceptualAtoms_ea37ecbe-b0f8-4702-8989-60b4b6097dab,https://elagente.ca/ontomlff/MLFFElasticityResult_0f544386-3518-4485-9843-c89eee90f207,[],[],0.6743860640981201,eV/Å^3,1.6207555387584294,/scratch/kenko/akg4pyscf/.graphchat-workspaces/kenko_room/mlff_elasticity_benchmark/workflow_runs/MACE_OMAT/elasticity_MACE_OMAT/structures/Al12Mo4_7a0f1700/output.json,mp-571247,cif,https://elagente.ca/grafico/ConceptualAtoms_ea37ecbe-b0f8-4702-8989-60b4b6097dab,mp-571247
Mg3Sm,0.2565490280939208,https://elagente.ca/grafico/ConceptualAtoms_eab8502b-e169-4d91-9799-3c10ab917ef8,https://elagente.ca/ontomlff/MLFFElasticityResult_04234b93-6d24-4e61-bce4-27bbfb7c953d,[],[],0.17350670737509888,eV/Å^3,0.4247629579052512,/scratch/kenko/akg4pyscf/.graphchat-workspaces/kenko_room/mlff_elasticity_benchmark/workflow_runs/MACE_OMAT/elasticity_MACE_OMAT/structures/Mg3Sm_65e42856/output.json,mp-30779,cif,https://elagente.ca/grafico/ConceptualAtoms_eab8502b-e169-4d91-9799-3c10ab917ef8,mp-30779
As4Rh4V4,1.0956204492238304,https://elagente.ca/grafico/ConceptualAtoms_ead0ec2c-5470-42e2-96ab-834e8f428e83,https://elagente.ca/ontomlff/MLFFElasticityResult_77cade6b-8b0e-4331-83cf-027dfd79a28c,[],[],0.5310115434097391,eV/Å^3,1.371466285280045,/scratch/kenko/akg4pyscf/.graphchat-workspaces/kenko_room/mlff_elasticity_benchmark/workflow_runs/MACE_OMAT/elasticity_MACE_OMAT/structures/As4Rh4V4_68c5a2c8/output.json,mp-20395,cif,https://elagente.ca/grafico/ConceptualAtoms_ead0ec2c-5470-42e2-96ab-834e8f428e83,mp-20395
AuHgLu2,0.5205945407647243,https://elagente.ca/grafico/ConceptualAtoms_ead88347-20e7-473c-9b37-5e3b8268e661,https://elagente.ca/ontomlff/MLFFElasticityResult_177a1f07-20dd-4d8b-a27c-ba5a810d50a4,[],[],0.1967938324155976,eV/Å^3,0.5243147811523178,/scratch/kenko/akg4pyscf/.graphchat-workspaces/kenko_room/mlff_elasticity_benchmark/workflow_runs/MACE_OMAT/elasticity_MACE_OMAT/structures/AuHgLu2_dae8b0ea/output.json,mp-981393,cif,https://elagente.ca/grafico/ConceptualAtoms_ead88347-20e7-473c-9b37-5e3b8268e661,mp-981393
OZr,1.3487943573093766,https://elagente.ca/grafico/ConceptualAtoms_eb047337-5ea4-45fc-8dd1-916d39000c9d,https://elagente.ca/ontomlff/MLFFElasticityResult_10bda530-3362-45aa-9b4a-667321587a8d,[],[],-0.05813131300087626,eV/Å^3,-0.17693584188800338,/scratch/kenko/akg4pyscf/.graphchat-workspaces/kenko_room/mlff_elasticity_benchmark/workflow_runs/MACE_OMAT/elasticity_MACE_OMAT/structures/OZr_317ff086/output.json,mp-10197,cif,https://elagente.ca/grafico/ConceptualAtoms_eb047337-5ea4-45fc-8dd1-916d39000c9d,mp-10197
Rh4Zr4,1.0120800626875943,https://elagente.ca/grafico/ConceptualAtoms_eb04e79b-cd2e-4246-a920-fa542b743288,https://elagente.ca/ontomlff/MLFFElasticityResult_f68ee0f4-7cf5-4248-9417-03465064f8a3,[],[],0.31597338787004287,eV/Å^3,0.8585709802297498,/scratch/kenko/akg4pyscf/.graphchat-workspaces/kenko_room/mlff_elasticity_benchmark/workflow_runs/MACE_OMAT/elasticity_MACE_OMAT/structures/Rh4Zr4_ba2c26b9/output.json,mp-567181,cif,https://elagente.ca/grafico/ConceptualAtoms_eb04e79b-cd2e-4246-a920-fa542b743288,mp-567181
Cl6Cs2Ge,0.1636361103131457,https://elagente.ca/grafico/ConceptualAtoms_eb4a7850-1d56-4d41-8271-92d1602a17ea,https://elagente.ca/ontomlff/MLFFElasticityResult_f6a9c7cb-d6ae-49d8-ad1b-b449912bf01e,[],[],0.09761727503179347,eV/Å^3,0.24427722296448195,/scratch/kenko/akg4pyscf/.graphchat-workspaces/kenko_room/mlff_elasticity_benchmark/workflow_runs/MACE_OMAT/elasticity_MACE_OMAT/structures/Cl6Cs2Ge_6edacc93/output.json,mp-27882,cif,https://elagente.ca/grafico/ConceptualAtoms_eb4a7850-1d56-4d41-8271-92d1602a17ea,mp-27882
BaGa2,0.22864408038892386,https://elagente.ca/grafico/ConceptualAtoms_eb4c9e68-e13a-4a71-b62e-887d5469bb70,https://elagente.ca/ontomlff/MLFFElasticityResult_0851799c-be25-44f1-9149-7542efc92656,[],[],0.15195182027651907,eV/Å^3,0.37318523204310017,/scratch/kenko/akg4pyscf/.graphchat-workspaces/kenko_room/mlff_elasticity_benchmark/workflow_runs/MACE_OMAT/elasticity_MACE_OMAT/structures/BaGa2_5d766ec6/output.json,mp-1219,cif,https://elagente.ca/grafico/ConceptualAtoms_eb4c9e68-e13a-4a71-b62e-887d5469bb70,mp-1219
NdO2Rb,0.5222434267391394,https://elagente.ca/grafico/ConceptualAtoms_eb605a1c-a985-4dd9-9ac3-959cb4fd17b5,https://elagente.ca/ontomlff/MLFFElasticityResult_c7c0ab95-9553-4a9e-9ee1-d59b03519064,[],[],0.3198209536212866,eV/Å^3,0.7968082127304484,/scratch/kenko/akg4pyscf/.graphchat-workspaces/kenko_room/mlff_elasticity_benchmark/workflow_runs/MACE_OMAT/elasticity_MACE_OMAT/structures/NdO2Rb_20a31157/output.json,mp-7973,cif,https://elagente.ca/grafico/ConceptualAtoms_eb605a1c-a985-4dd9-9ac3-959cb4fd17b5,mp-7973
KO2Y,0.6068123751763397,https://elagente.ca/grafico/ConceptualAtoms_eb64613d-d7c1-4940-9fcb-7a7cf3ee450c,https://elagente.ca/ontomlff/MLFFElasticityResult_feb1a150-33fb-4670-acc3-3715a9fb644d,[],[],0.390206765740941,eV/Å^3,0.9639909247156093,/scratch/kenko/akg4pyscf/.graphchat-workspaces/kenko_room/mlff_elasticity_benchmark/workflow_runs/MACE_OMAT/elasticity_MACE_OMAT/structures/KO2Y_c3460fb7/output.json,mp-8409,cif,https://elagente.ca/grafico/ConceptualAtoms_eb64613d-d7c1-4940-9fcb-7a7cf3ee450c,mp-8409
Ag2KPS4,0.31595187685922005,https://elagente.ca/grafico/ConceptualAtoms_eba993a8-a2b7-4372-83af-a31a6e16f33d,https://elagente.ca/ontomlff/MLFFElasticityResult_ee213dad-6fa3-4227-8982-e9cbd5a34713,[],[],0.15424337656202255,eV/Å^3,0.39796910805607927,/scratch/kenko/akg4pyscf/.graphchat-workspaces/kenko_room/mlff_elasticity_benchmark/workflow_runs/MACE_OMAT/elasticity_MACE_OMAT/structures/Ag2KPS4_b4b11b54/output.json,mp-12532,cif,https://elagente.ca/grafico/ConceptualAtoms_eba993a8-a2b7-4372-83af-a31a6e16f33d,mp-12532
Li2Nb4O2,0.9394851230771823,https://elagente.ca/grafico/ConceptualAtoms_ebac03fe-e6d3-40a3-bcae-8dfec4153237,https://elagente.ca/ontomlff/MLFFElasticityResult_9492186a-45fb-4307-8b0d-a3dcfc748133,[],[],0.31913169934769403,eV/Å^3,0.8600160873869753,/scratch/kenko/akg4pyscf/.graphchat-workspaces/kenko_room/mlff_elasticity_benchmark/workflow_runs/MACE_OMAT/elasticity_MACE_OMAT/structures/Li2Nb4O2_8542e03a/output.json,mp-1025455,cif,https://elagente.ca/grafico/ConceptualAtoms_ebac03fe-e6d3-40a3-bcae-8dfec4153237,mp-1025455
Al13Pd13,0.949647081061781,https://elagente.ca/grafico/ConceptualAtoms_ec7e9a9c-cc05-4695-a2fe-b095afd41d0e,https://elagente.ca/ontomlff/MLFFElasticityResult_75cf1926-9d52-4480-bd3e-6d09c20cf9a2,[],[],0.43442194243760013,eV/Å^3,1.1308306624510869,/scratch/kenko/akg4pyscf/.graphchat-workspaces/kenko_room/mlff_elasticity_benchmark/workflow_runs/MACE_OMAT/elasticity_MACE_OMAT/structures/Al13Pd13_11e2288b/output.json,mp-669546,cif,https://elagente.ca/grafico/ConceptualAtoms_ec7e9a9c-cc05-4695-a2fe-b095afd41d0e,mp-669546
C8Ba2Ce4F2Na2O24,0.7575089756409472,https://elagente.ca/grafico/ConceptualAtoms_ecaf7ccf-8f6f-4eee-a765-9f17253f4248,https://elagente.ca/ontomlff/MLFFElasticityResult_7c1cf64d-e62d-462c-935f-66c4955fa0fd,[],[],0.4319766290227931,eV/Å^3,1.08893758238644,/scratch/kenko/akg4pyscf/.graphchat-workspaces/kenko_room/mlff_elasticity_benchmark/workflow_runs/MACE_OMAT/elasticity_MACE_OMAT/structures/C8Ba2Ce4F2Na2O24_74a9eb75/output.json,mp-542264,cif,https://elagente.ca/grafico/ConceptualAtoms_ecaf7ccf-8f6f-4eee-a765-9f17253f4248,mp-542264
Tc2TiW,1.6612613083053318,https://elagente.ca/grafico/ConceptualAtoms_ecc4ceb8-fd8c-476b-a4c8-50ae00484599,https://elagente.ca/ontomlff/MLFFElasticityResult_ca270930-a31d-499c-986a-89d9b27b4695,[],[],0.8356376659937296,eV/Å^3,2.1469337640046273,/scratch/kenko/akg4pyscf/.graphchat-workspaces/kenko_room/mlff_elasticity_benchmark/workflow_runs/MACE_OMAT/elasticity_MACE_OMAT/structures/Tc2TiW_d678212e/output.json,mp-865810,cif,https://elagente.ca/grafico/ConceptualAtoms_ecc4ceb8-fd8c-476b-a4c8-50ae00484599,mp-865810
Ir4V4,1.8299273849796136,https://elagente.ca/grafico/ConceptualAtoms_ecda5f26-86c3-4308-9dd0-ec00990e2b13,https://elagente.ca/ontomlff/MLFFElasticityResult_2287f722-8e89-4210-b98a-7aed9f7d83e5,[],[],0.7857106016289286,eV/Å^3,2.0620118007089467,/scratch/kenko/akg4pyscf/.graphchat-workspaces/kenko_room/mlff_elasticity_benchmark/workflow_runs/MACE_OMAT/elasticity_MACE_OMAT/structures/Ir4V4_b9f7feda/output.json,mp-982070,cif,https://elagente.ca/grafico/ConceptualAtoms_ecda5f26-86c3-4308-9dd0-ec00990e2b13,mp-982070
SnTi2,0.5233254851822338,https://elagente.ca/grafico/ConceptualAtoms_ed028f56-7852-4362-88d4-0b10891bd1d1,https://elagente.ca/ontomlff/MLFFElasticityResult_5c978aca-513c-42c7-9ffb-07a74632eded,[],[],0.08068194279048845,eV/Å^3,0.23021495670412614,/scratch/kenko/akg4pyscf/.graphchat-workspaces/kenko_room/mlff_elasticity_benchmark/workflow_runs/MACE_OMAT/elasticity_MACE_OMAT/structures/SnTi2_dec68783/output.json,mp-1008688,cif,https://elagente.ca/grafico/ConceptualAtoms_ed028f56-7852-4362-88d4-0b10891bd1d1,mp-1008688
AlLiSi,0.4184211447747396,https://elagente.ca/grafico/ConceptualAtoms_ed17a764-2450-4504-aaa0-73b6667c7dba,https://elagente.ca/ontomlff/MLFFElasticityResult_02373372-edc4-47dc-9469-6dc0f67cc621,[],[],0.3315909503081734,eV/Å^3,0.7869039511859682,/scratch/kenko/akg4pyscf/.graphchat-workspaces/kenko_room/mlff_elasticity_benchmark/workflow_runs/MACE_OMAT/elasticity_MACE_OMAT/structures/AlLiSi_5d8d8ede/output.json,mp-3161,cif,https://elagente.ca/grafico/ConceptualAtoms_ed17a764-2450-4504-aaa0-73b6667c7dba,mp-3161
Cd2PdRh,0.7751990674919074,https://elagente.ca/grafico/ConceptualAtoms_ed799dec-c219-42f3-967e-e17942e9d91e,https://elagente.ca/ontomlff/MLFFElasticityResult_1a19ce86-8c42-4b3c-ad5a-25331ab17674,[],[],0.2538112404638251,eV/Å^3,0.6865093960538745,/scratch/kenko/akg4pyscf/.graphchat-workspaces/kenko_room/mlff_elasticity_benchmark/workflow_runs/MACE_OMAT/elasticity_MACE_OMAT/structures/Cd2PdRh_122716b9/output.json,mp-865926,cif,https://elagente.ca/grafico/ConceptualAtoms_ed799dec-c219-42f3-967e-e17942e9d91e,mp-865926
DyNaS2,0.37920074893234496,https://elagente.ca/grafico/ConceptualAtoms_ed8cd883-8b48-4aeb-a212-415daad1c5f6,https://elagente.ca/ontomlff/MLFFElasticityResult_c0cf7efb-f3cb-4585-9879-330489a04f98,[],[],0.2449426657709385,eV/Å^3,0.6046400179504656,/scratch/kenko/akg4pyscf/.graphchat-workspaces/kenko_room/mlff_elasticity_benchmark/workflow_runs/MACE_OMAT/elasticity_MACE_OMAT/structures/DyNaS2_8322ad6e/output.json,mp-999490,cif,https://elagente.ca/grafico/ConceptualAtoms_ed8cd883-8b48-4aeb-a212-415daad1c5f6,mp-999490
KMg6V,0.1772815505109832,https://elagente.ca/grafico/ConceptualAtoms_ed9a249f-08ba-4f5c-a002-d92533ad3dc9,https://elagente.ca/ontomlff/MLFFElasticityResult_a1d8d01c-1210-4b0c-a3fc-f3e5d96391f6,[],[],0.08528595954215996,eV/Å^3,0.22049893792012584,/scratch/kenko/akg4pyscf/.graphchat-workspaces/kenko_room/mlff_elasticity_benchmark/workflow_runs/MACE_OMAT/elasticity_MACE_OMAT/structures/KMg6V_7bb40a35/output.json,mp-1021848,cif,https://elagente.ca/grafico/ConceptualAtoms_ed9a249f-08ba-4f5c-a002-d92533ad3dc9,mp-1021848
Dy3Y,0.2593926190985776,https://elagente.ca/grafico/ConceptualAtoms_edc582c7-6564-4be6-8002-464016099e26,https://elagente.ca/ontomlff/MLFFElasticityResult_1eb9fc9c-1435-4414-ac15-0895ffc52f39,[],[],0.153985914516867,eV/Å^3,0.385646061247753,/scratch/kenko/akg4pyscf/.graphchat-workspaces/kenko_room/mlff_elasticity_benchmark/workflow_runs/MACE_OMAT/elasticity_MACE_OMAT/structures/Dy3Y_7bddb894/output.json,mp-979419,cif,https://elagente.ca/grafico/ConceptualAtoms_edc582c7-6564-4be6-8002-464016099e26,mp-979419
LuPd2Zn,0.6382452090321897,https://elagente.ca/grafico/ConceptualAtoms_ef181d70-69ef-4869-9ab6-48ff07d6b1ed,https://elagente.ca/ontomlff/MLFFElasticityResult_6f13a06e-4d7d-4433-b2c5-10168a6ac168,[],[],0.08311900801767992,eV/Å^3,0.23898274150152463,/scratch/kenko/akg4pyscf/.graphchat-workspaces/kenko_room/mlff_elasticity_benchmark/workflow_runs/MACE_OMAT/elasticity_MACE_OMAT/structures/LuPd2Zn_b045d1be/output.json,mp-865563,cif,https://elagente.ca/grafico/ConceptualAtoms_ef181d70-69ef-4869-9ab6-48ff07d6b1ed,mp-865563
In8Pd2Sr2,0.3123269945523025,https://elagente.ca/grafico/ConceptualAtoms_efebe97b-2c27-4f47-ba43-4a6199ea5bae,https://elagente.ca/ontomlff/MLFFElasticityResult_ff1b63ab-3fd6-4aa7-9f99-f0cc64568a8a,[],[],0.15972948072358473,eV/Å^3,0.40939744124334526,/scratch/kenko/akg4pyscf/.graphchat-workspaces/kenko_room/mlff_elasticity_benchmark/workflow_runs/MACE_OMAT/elasticity_MACE_OMAT/structures/In8Pd2Sr2_4b2d309b/output.json,mp-19991,cif,https://elagente.ca/grafico/ConceptualAtoms_efebe97b-2c27-4f47-ba43-4a6199ea5bae,mp-19991
Ge12,0.3935612273640311,https://elagente.ca/grafico/ConceptualAtoms_f024d0ca-79a0-40ee-913e-43cbc9ea8eb3,https://elagente.ca/ontomlff/MLFFElasticityResult_72f074ac-883e-4878-b58e-9baa219d7c51,[],[],0.28867733737468193,eV/Å^3,0.6958874308883649,/scratch/kenko/akg4pyscf/.graphchat-workspaces/kenko_room/mlff_elasticity_benchmark/workflow_runs/MACE_OMAT/elasticity_MACE_OMAT/structures/Ge12_1b92d51f/output.json,mp-137,cif,https://elagente.ca/grafico/ConceptualAtoms_f024d0ca-79a0-40ee-913e-43cbc9ea8eb3,mp-137
AuIrLa2,0.517974407056443,https://elagente.ca/grafico/ConceptualAtoms_f041bea6-2e62-42b2-b9ec-c650a3078b3a,https://elagente.ca/ontomlff/MLFFElasticityResult_03846b5f-b16e-4d04-a8b3-0d07900e21be,[],[],0.11896684761830575,eV/Å^3,0.3315197164103665,/scratch/kenko/akg4pyscf/.graphchat-workspaces/kenko_room/mlff_elasticity_benchmark/workflow_runs/MACE_OMAT/elasticity_MACE_OMAT/structures/AuIrLa2_0256bf28/output.json,mp-972960,cif,https://elagente.ca/grafico/ConceptualAtoms_f041bea6-2e62-42b2-b9ec-c650a3078b3a,mp-972960
Ge2Ni4,1.0908524819743808,https://elagente.ca/grafico/ConceptualAtoms_f06d1517-a322-4797-92f5-da22c833ac53,https://elagente.ca/ontomlff/MLFFElasticityResult_b5d75331-b39d-4397-b55f-54be1f626c6e,[],[],0.3417818855219582,eV/Å^3,0.9283861462166572,/scratch/kenko/akg4pyscf/.graphchat-workspaces/kenko_room/mlff_elasticity_benchmark/workflow_runs/MACE_OMAT/elasticity_MACE_OMAT/structures/Ge2Ni4_96933611/output.json,mp-1594,cif,https://elagente.ca/grafico/ConceptualAtoms_f06d1517-a322-4797-92f5-da22c833ac53,mp-1594
BLiO4Si,1.1650074438358773,https://elagente.ca/grafico/ConceptualAtoms_f07f4e93-ab87-47b7-8b09-920d87cbe4f7,https://elagente.ca/ontomlff/MLFFElasticityResult_78336176-ea0b-4265-b441-08a2c1c55050,[],[],0.7542017766282931,eV/Å^3,1.8610117880567405,/scratch/kenko/akg4pyscf/.graphchat-workspaces/kenko_room/mlff_elasticity_benchmark/workflow_runs/MACE_OMAT/elasticity_MACE_OMAT/structures/BLiO4Si_d60c5110/output.json,mp-8874,cif,https://elagente.ca/grafico/ConceptualAtoms_f07f4e93-ab87-47b7-8b09-920d87cbe4f7,mp-8874
Au2SnYb,0.4469767194473676,https://elagente.ca/grafico/ConceptualAtoms_f0871f8f-a033-4138-9c8b-4eaaae86f4b7,https://elagente.ca/ontomlff/MLFFElasticityResult_f8db17e3-1fd8-4a87-a0c3-09b600f35d80,[],[],0.12960598027926012,eV/Å^3,0.35454939819612336,/scratch/kenko/akg4pyscf/.graphchat-workspaces/kenko_room/mlff_elasticity_benchmark/workflow_runs/MACE_OMAT/elasticity_MACE_OMAT/structures/Au2SnYb_46d30306/output.json,mp-865995,cif,https://elagente.ca/grafico/ConceptualAtoms_f0871f8f-a033-4138-9c8b-4eaaae86f4b7,mp-865995
Al3Zr,0.6134952407811582,https://elagente.ca/grafico/ConceptualAtoms_f09c5ac1-0c50-43b2-b005-71343ff8e76d,https://elagente.ca/ontomlff/MLFFElasticityResult_9b2e9935-50ba-4562-a9f1-cf9eaacd4afc,[],[],0.40754477766648134,eV/Å^3,1.0009833200761504,/scratch/kenko/akg4pyscf/.graphchat-workspaces/kenko_room/mlff_elasticity_benchmark/workflow_runs/MACE_OMAT/elasticity_MACE_OMAT/structures/Al3Zr_38128b1b/output.json,mp-569775,cif,https://elagente.ca/grafico/ConceptualAtoms_f09c5ac1-0c50-43b2-b005-71343ff8e76d,mp-569775
Br2O2Ti2,0.5364963612096563,https://elagente.ca/grafico/ConceptualAtoms_f1c1862a-24a6-4f07-837a-c7dc8cc41bca,https://elagente.ca/ontomlff/MLFFElasticityResult_fad60aa6-e860-417d-95e3-1e35c0469627,[],[],0.2796590913947404,eV/Å^3,0.7147796991600965,/scratch/kenko/akg4pyscf/.graphchat-workspaces/kenko_room/mlff_elasticity_benchmark/workflow_runs/MACE_OMAT/elasticity_MACE_OMAT/structures/Br2O2Ti2_ba751bb3/output.json,mp-23002,cif,https://elagente.ca/grafico/ConceptualAtoms_f1c1862a-24a6-4f07-837a-c7dc8cc41bca,mp-23002
La2Tb6,0.19946715504688434,https://elagente.ca/grafico/ConceptualAtoms_f1da5f41-37a4-4273-9801-938c66f6c4bc,https://elagente.ca/ontomlff/MLFFElasticityResult_09070532-a7b3-4515-9dce-ebb7d7f0d6a8,[],[],0.12049844830230502,eV/Å^3,0.30090328290321566,/scratch/kenko/akg4pyscf/.graphchat-workspaces/kenko_room/mlff_elasticity_benchmark/workflow_runs/MACE_OMAT/elasticity_MACE_OMAT/structures/La2Tb6_4bdca195/output.json,mp-972257,cif,https://elagente.ca/grafico/ConceptualAtoms_f1da5f41-37a4-4273-9801-938c66f6c4bc,mp-972257
TcV,1.5988128130990704,https://elagente.ca/grafico/ConceptualAtoms_f1e6d38f-a5d2-425e-a4f4-785ee727d806,https://elagente.ca/ontomlff/MLFFElasticityResult_fd0f0940-ab01-4c1f-bf9e-9749c7ffca90,[],[],0.7728346685994166,eV/Å^3,1.996770766961946,/scratch/kenko/akg4pyscf/.graphchat-workspaces/kenko_room/mlff_elasticity_benchmark/workflow_runs/MACE_OMAT/elasticity_MACE_OMAT/structures/TcV_33620b4b/output.json,mp-2540,cif,https://elagente.ca/grafico/ConceptualAtoms_f1e6d38f-a5d2-425e-a4f4-785ee727d806,mp-2540
CeNi5,0.8986905142148374,https://elagente.ca/grafico/ConceptualAtoms_f203415f-cc23-429a-ab50-cf0a92d3eead,https://elagente.ca/ontomlff/MLFFElasticityResult_8181e720-74f9-4472-b6ed-7c345bac6a7c,[],[],0.39351343964767077,eV/Å^3,1.0301775730685279,/scratch/kenko/akg4pyscf/.graphchat-workspaces/kenko_room/mlff_elasticity_benchmark/workflow_runs/MACE_OMAT/elasticity_MACE_OMAT/structures/CeNi5_892ca5fe/output.json,mp-1910,cif,https://elagente.ca/grafico/ConceptualAtoms_f203415f-cc23-429a-ab50-cf0a92d3eead,mp-1910
PdZn3,0.7331397555178363,https://elagente.ca/grafico/ConceptualAtoms_f23cf349-4567-40f2-ac9b-5983e02e7d37,https://elagente.ca/ontomlff/MLFFElasticityResult_a47e5b26-bbf8-4952-9977-cc28abe93dd7,[],[],0.2635276404071664,eV/Å^3,0.7059930134216585,/scratch/kenko/akg4pyscf/.graphchat-workspaces/kenko_room/mlff_elasticity_benchmark/workflow_runs/MACE_OMAT/elasticity_MACE_OMAT/structures/PdZn3_78f858a8/output.json,mp-865357,cif,https://elagente.ca/grafico/ConceptualAtoms_f23cf349-4567-40f2-ac9b-5983e02e7d37,mp-865357
MgRuY2,0.4511060205585918,https://elagente.ca/grafico/ConceptualAtoms_f2e9cf3c-166d-4d44-9d14-c6dfc527787d,https://elagente.ca/ontomlff/MLFFElasticityResult_13e371a9-1244-478f-8b0d-6aad93651658,[],[],0.21031521193172892,eV/Å^3,0.5460808101679385,/scratch/kenko/akg4pyscf/.graphchat-workspaces/kenko_room/mlff_elasticity_benchmark/workflow_runs/MACE_OMAT/elasticity_MACE_OMAT/structures/MgRuY2_b8c4ce4c/output.json,mp-865433,cif,https://elagente.ca/grafico/ConceptualAtoms_f2e9cf3c-166d-4d44-9d14-c6dfc527787d,mp-865433
Ga2Lu3Mn3Si,0.4560938689169164,https://elagente.ca/grafico/ConceptualAtoms_f3349011-4503-40e3-9c06-c681f18e5473,https://elagente.ca/ontomlff/MLFFElasticityResult_6b55cc48-209a-4ad8-9a90-17b062bf66dd,[],[],0.3462054000133168,eV/Å^3,0.8288890130875071,/scratch/kenko/akg4pyscf/.graphchat-workspaces/kenko_room/mlff_elasticity_benchmark/workflow_runs/MACE_OMAT/elasticity_MACE_OMAT/structures/Ga2Lu3Mn3Si_80e53e55/output.json,mp-568631,cif,https://elagente.ca/grafico/ConceptualAtoms_f3349011-4503-40e3-9c06-c681f18e5473,mp-568631
Si2Sr2,0.2696230048182775,https://elagente.ca/grafico/ConceptualAtoms_f33e5f6f-b86d-4615-a487-a726019ec9c1,https://elagente.ca/ontomlff/MLFFElasticityResult_44bf8842-a960-4ca7-96a0-432a2fab6dfc,[],[],0.21433401752323705,eV/Å^3,0.5083101010256234,/scratch/kenko/akg4pyscf/.graphchat-workspaces/kenko_room/mlff_elasticity_benchmark/workflow_runs/MACE_OMAT/elasticity_MACE_OMAT/structures/Si2Sr2_64d665e3/output.json,mp-2661,cif,https://elagente.ca/grafico/ConceptualAtoms_f33e5f6f-b86d-4615-a487-a726019ec9c1,mp-2661
Cu2Ge2Tb2,0.5641543725185914,https://elagente.ca/grafico/ConceptualAtoms_f3822dd7-55fa-4257-aa85-1226cd0d88aa,https://elagente.ca/ontomlff/MLFFElasticityResult_dd3836db-6cf2-40af-8921-6fe7bc42842b,[],[],0.36850000510705694,eV/Å^3,0.9078367205188071,/scratch/kenko/akg4pyscf/.graphchat-workspaces/kenko_room/mlff_elasticity_benchmark/workflow_runs/MACE_OMAT/elasticity_MACE_OMAT/structures/Cu2Ge2Tb2_b0cff4fa/output.json,mp-9387,cif,https://elagente.ca/grafico/ConceptualAtoms_f3822dd7-55fa-4257-aa85-1226cd0d88aa,mp-9387
AgTe2Tm,0.31280462599145553,https://elagente.ca/grafico/ConceptualAtoms_f3aa42c4-bb85-45fd-ac99-9b8a0856e7ae,https://elagente.ca/ontomlff/MLFFElasticityResult_a2d25059-be4c-4fc4-b59b-c80e6c6233f6,[],[],0.1377184096363857,eV/Å^3,0.36028154254792505,/scratch/kenko/akg4pyscf/.graphchat-workspaces/kenko_room/mlff_elasticity_benchmark/workflow_runs/MACE_OMAT/elasticity_MACE_OMAT/structures/AgTe2Tm_b02bd800/output.json,mp-12953,cif,https://elagente.ca/grafico/ConceptualAtoms_f3aa42c4-bb85-45fd-ac99-9b8a0856e7ae,mp-12953
F16Te4,0.4973321258902009,https://elagente.ca/grafico/ConceptualAtoms_f3d52353-ea2b-4475-bc10-76d944bf29ef,https://elagente.ca/ontomlff/MLFFElasticityResult_2c9ce088-d67b-42a4-add4-b7864ff78b20,[],[],0.3094870117683802,eV/Å^3,0.7689554672579938,/scratch/kenko/akg4pyscf/.graphchat-workspaces/kenko_room/mlff_elasticity_benchmark/workflow_runs/MACE_OMAT/elasticity_MACE_OMAT/structures/F16Te4_59c0c1b2/output.json,mp-561664,cif,https://elagente.ca/grafico/ConceptualAtoms_f3d52353-ea2b-4475-bc10-76d944bf29ef,mp-561664
Ni2S4,0.3213810399300835,https://elagente.ca/grafico/ConceptualAtoms_f3e8828f-e9b3-44c2-9a17-56a1d7d72685,https://elagente.ca/ontomlff/MLFFElasticityResult_3c44569e-d6ee-4cbf-9ae3-cfa714cc0c0a,[],[],0.2482634924158531,eV/Å^3,0.5922803514052926,/scratch/kenko/akg4pyscf/.graphchat-workspaces/kenko_room/mlff_elasticity_benchmark/workflow_runs/MACE_OMAT/elasticity_MACE_OMAT/structures/Ni2S4_4b76b9f6/output.json,mp-1180046,cif,https://elagente.ca/grafico/ConceptualAtoms_f3e8828f-e9b3-44c2-9a17-56a1d7d72685,mp-1180046
AcMgTl2,0.23606626368299055,https://elagente.ca/grafico/ConceptualAtoms_f41fac63-7b11-4d65-a660-6292f4dd1928,https://elagente.ca/ontomlff/MLFFElasticityResult_ec5c52eb-4a22-4559-925b-e43d71f533f7,[],[],0.09754752125622945,eV/Å^3,0.25721384845997874,/scratch/kenko/akg4pyscf/.graphchat-workspaces/kenko_room/mlff_elasticity_benchmark/workflow_runs/MACE_OMAT/elasticity_MACE_OMAT/structures/AcMgTl2_a6c4fbbc/output.json,mp-861735,cif,https://elagente.ca/grafico/ConceptualAtoms_f41fac63-7b11-4d65-a660-6292f4dd1928,mp-861735
Ca2In4Pd2,0.3832768280243993,https://elagente.ca/grafico/ConceptualAtoms_f46a18cd-b361-47b3-b5b4-cf48baf8cdcb,https://elagente.ca/ontomlff/MLFFElasticityResult_452d1c4d-60a1-4cbf-aefa-f0d463071940,[],[],0.17411193818299653,eV/Å^3,0.45364332496282217,/scratch/kenko/akg4pyscf/.graphchat-workspaces/kenko_room/mlff_elasticity_benchmark/workflow_runs/MACE_OMAT/elasticity_MACE_OMAT/structures/Ca2In4Pd2_7140341d/output.json,mp-22717,cif,https://elagente.ca/grafico/ConceptualAtoms_f46a18cd-b361-47b3-b5b4-cf48baf8cdcb,mp-22717
In2Se4Zn,0.300285341047811,https://elagente.ca/grafico/ConceptualAtoms_f48544ce-1940-480a-b10a-c96730efcd95,https://elagente.ca/ontomlff/MLFFElasticityResult_9c018236-b231-466c-8ef7-565ec67f1c48,[],[],0.1674255925454476,eV/Å^3,0.4235578463334253,/scratch/kenko/akg4pyscf/.graphchat-workspaces/kenko_room/mlff_elasticity_benchmark/workflow_runs/MACE_OMAT/elasticity_MACE_OMAT/structures/In2Se4Zn_fb838759/output.json,mp-34169,cif,https://elagente.ca/grafico/ConceptualAtoms_f48544ce-1940-480a-b10a-c96730efcd95,mp-34169
TbTe,0.4035506297981122,https://elagente.ca/grafico/ConceptualAtoms_f48ae8bc-f6e0-44a5-be72-5ad8a71b8df5,https://elagente.ca/ontomlff/MLFFElasticityResult_79d80932-eaf0-492b-91ca-7802005506a9,[],[],0.27364522885024256,eV/Å^3,0.6695878660529125,/scratch/kenko/akg4pyscf/.graphchat-workspaces/kenko_room/mlff_elasticity_benchmark/workflow_runs/MACE_OMAT/elasticity_MACE_OMAT/structures/TbTe_576f92dd/output.json,mp-867290,cif,https://elagente.ca/grafico/ConceptualAtoms_f48ae8bc-f6e0-44a5-be72-5ad8a71b8df5,mp-867290
Al4Ca10Sb12,0.27361652783667395,https://elagente.ca/grafico/ConceptualAtoms_f504c1b1-7238-41e2-af13-42be79598afa,https://elagente.ca/ontomlff/MLFFElasticityResult_593deefd-95be-47d3-94ab-e34bf0218561,[],[],0.18361998208837216,eV/Å^3,0.4501611327513942,/scratch/kenko/akg4pyscf/.graphchat-workspaces/kenko_room/mlff_elasticity_benchmark/workflow_runs/MACE_OMAT/elasticity_MACE_OMAT/structures/Al4Ca10Sb12_c3968723/output.json,mp-8439,cif,https://elagente.ca/grafico/ConceptualAtoms_f504c1b1-7238-41e2-af13-42be79598afa,mp-8439
As2Sr4,0.18960562937370695,https://elagente.ca/grafico/ConceptualAtoms_f5972a43-2d45-4c1a-8903-b7d206c79a09,https://elagente.ca/ontomlff/MLFFElasticityResult_3966a5a2-28f3-4482-89fd-6ff7983b9d6e,[],[],0.15210459317008904,eV/Å^3,0.3600377999597585,/scratch/kenko/akg4pyscf/.graphchat-workspaces/kenko_room/mlff_elasticity_benchmark/workflow_runs/MACE_OMAT/elasticity_MACE_OMAT/structures/As2Sr4_9e7d7376/output.json,mp-15697,cif,https://elagente.ca/grafico/ConceptualAtoms_f5972a43-2d45-4c1a-8903-b7d206c79a09,mp-15697
Hf6Rh6Sn6,0.953858711921631,https://elagente.ca/grafico/ConceptualAtoms_f5ae7882-a717-4269-9fbd-cc8916b3732b,https://elagente.ca/ontomlff/MLFFElasticityResult_ae5c73b8-e563-4407-bb95-cb24147c3300,[],[],0.43699095203340793,eV/Å^3,1.1372964501855647,/scratch/kenko/akg4pyscf/.graphchat-workspaces/kenko_room/mlff_elasticity_benchmark/workflow_runs/MACE_OMAT/elasticity_MACE_OMAT/structures/Hf6Rh6Sn6_88f6a080/output.json,mp-2960,cif,https://elagente.ca/grafico/ConceptualAtoms_f5ae7882-a717-4269-9fbd-cc8916b3732b,mp-2960
AlLi2Rh,0.5067528342688042,https://elagente.ca/grafico/ConceptualAtoms_f6371458-ce82-48c4-896b-6dafa27f2494,https://elagente.ca/ontomlff/MLFFElasticityResult_3f746fde-fa75-4935-b7bd-d08a5c749dbb,[],[],0.24452411389435003,eV/Å^3,0.631930289494893,/scratch/kenko/akg4pyscf/.graphchat-workspaces/kenko_room/mlff_elasticity_benchmark/workflow_runs/MACE_OMAT/elasticity_MACE_OMAT/structures/AlLi2Rh_b6c83d91/output.json,mp-30820,cif,https://elagente.ca/grafico/ConceptualAtoms_f6371458-ce82-48c4-896b-6dafa27f2494,mp-30820
Pt3Ti,1.6281165106501172,https://elagente.ca/grafico/ConceptualAtoms_f6469bb0-b521-43ee-9cf7-7f72ac73cad7,https://elagente.ca/ontomlff/MLFFElasticityResult_90cacbc9-38dc-4427-a34a-2b2bd67c18a6,[],[],0.7642582183702655,eV/Å^3,1.9825615989926728,/scratch/kenko/akg4pyscf/.graphchat-workspaces/kenko_room/mlff_elasticity_benchmark/workflow_runs/MACE_OMAT/elasticity_MACE_OMAT/structures/Pt3Ti_e6ec0b78/output.json,mp-12107,cif,https://elagente.ca/grafico/ConceptualAtoms_f6469bb0-b521-43ee-9cf7-7f72ac73cad7,mp-12107
Os2Si2Th,1.214333567711256,https://elagente.ca/grafico/ConceptualAtoms_f6c3e34f-c914-4d89-b96a-32c865684c41,https://elagente.ca/ontomlff/MLFFElasticityResult_115f9025-95b8-436e-bdba-0bae952c3d40,[],[],0.7344666844947879,eV/Å^3,1.8337059384643521,/scratch/kenko/akg4pyscf/.graphchat-workspaces/kenko_room/mlff_elasticity_benchmark/workflow_runs/MACE_OMAT/elasticity_MACE_OMAT/structures/Os2Si2Th_bbdbc12c/output.json,mp-3166,cif,https://elagente.ca/grafico/ConceptualAtoms_f6c3e34f-c914-4d89-b96a-32c865684c41,mp-3166
As2K2Mn2,0.09146189194408333,https://elagente.ca/grafico/ConceptualAtoms_f6d2ec20-6803-4f30-9629-bda6c4ecc707,https://elagente.ca/ontomlff/MLFFElasticityResult_f4c5d7ec-939a-412d-a6f9-6437e0d52c71,[],[],0.1257764006635773,eV/Å^3,0.2587294853278035,/scratch/kenko/akg4pyscf/.graphchat-workspaces/kenko_room/mlff_elasticity_benchmark/workflow_runs/MACE_OMAT/elasticity_MACE_OMAT/structures/As2K2Mn2_2d2d6561/output.json,mp-21847,cif,https://elagente.ca/grafico/ConceptualAtoms_f6d2ec20-6803-4f30-9629-bda6c4ecc707,mp-21847
Th3Yb,0.2868634272517492,https://elagente.ca/grafico/ConceptualAtoms_f6e7fd96-a659-489d-aa82-e4676dcadd16,https://elagente.ca/ontomlff/MLFFElasticityResult_565af532-b99d-47e9-adef-8b0e10cae227,[],[],0.16263067742489654,eV/Å^3,0.4103465021453826,/scratch/kenko/akg4pyscf/.graphchat-workspaces/kenko_room/mlff_elasticity_benchmark/workflow_runs/MACE_OMAT/elasticity_MACE_OMAT/structures/Th3Yb_ced49a57/output.json,mp-972044,cif,https://elagente.ca/grafico/ConceptualAtoms_f6e7fd96-a659-489d-aa82-e4676dcadd16,mp-972044
Cu6Pm2,0.5501975577386887,https://elagente.ca/grafico/ConceptualAtoms_f6f405fa-91b8-4d4b-a077-8b952c24bffd,https://elagente.ca/ontomlff/MLFFElasticityResult_5a9a95b7-a7d8-4dc3-b187-032dbebc9114,[],[],0.20305049244304024,eV/Å^3,0.5424242292073912,/scratch/kenko/akg4pyscf/.graphchat-workspaces/kenko_room/mlff_elasticity_benchmark/workflow_runs/MACE_OMAT/elasticity_MACE_OMAT/structures/Cu6Pm2_fa6ac21a/output.json,mp-863677,cif,https://elagente.ca/grafico/ConceptualAtoms_f6f405fa-91b8-4d4b-a077-8b952c24bffd,mp-863677
I8Sr4,0.12705292394106604,https://elagente.ca/grafico/ConceptualAtoms_f7029d08-2933-49ee-a5ac-c2e29428573f,https://elagente.ca/ontomlff/MLFFElasticityResult_6f319b39-b2e7-4ca3-991f-cda665566faa,[],[],0.06626199227020668,eV/Å^3,0.16934622810887903,/scratch/kenko/akg4pyscf/.graphchat-workspaces/kenko_room/mlff_elasticity_benchmark/workflow_runs/MACE_OMAT/elasticity_MACE_OMAT/structures/I8Sr4_8b8b60c7/output.json,mp-568284,cif,https://elagente.ca/grafico/ConceptualAtoms_f7029d08-2933-49ee-a5ac-c2e29428573f,mp-568284
SmTh3,0.32862848071764406,https://elagente.ca/grafico/ConceptualAtoms_f713bd65-cc01-4d31-ba94-a13e2cf0122d,https://elagente.ca/ontomlff/MLFFElasticityResult_e5e40184-db21-47b5-a0f0-8da55a4e3a86,[],[],0.17764169085987302,eV/Å^3,0.4515606520099595,/scratch/kenko/akg4pyscf/.graphchat-workspaces/kenko_room/mlff_elasticity_benchmark/workflow_runs/MACE_OMAT/elasticity_MACE_OMAT/structures/SmTh3_2dd4f6c5/output.json,mp-978507,cif,https://elagente.ca/grafico/ConceptualAtoms_f713bd65-cc01-4d31-ba94-a13e2cf0122d,mp-978507
Ag2Th,0.4957114299694274,https://elagente.ca/grafico/ConceptualAtoms_f7f15731-81af-4bbf-8c74-29c918ec1991,https://elagente.ca/ontomlff/MLFFElasticityResult_94a6152c-3f28-4245-9a67-38c601834dfa,[],[],0.20859007105695,eV/Å^3,0.5487945818504796,/scratch/kenko/akg4pyscf/.graphchat-workspaces/kenko_room/mlff_elasticity_benchmark/workflow_runs/MACE_OMAT/elasticity_MACE_OMAT/structures/Ag2Th_6397c50f/output.json,mp-309,cif,https://elagente.ca/grafico/ConceptualAtoms_f7f15731-81af-4bbf-8c74-29c918ec1991,mp-309
AlFeTi2,0.7786868333102247,https://elagente.ca/grafico/ConceptualAtoms_f7fcf47e-6a2f-482c-bbdc-0fc5ad7d1c46,https://elagente.ca/ontomlff/MLFFElasticityResult_b616d751-bb6f-4c3e-8f46-d0b22636418e,[],[],0.3740711896589366,eV/Å^3,0.9673178617272024,/scratch/kenko/akg4pyscf/.graphchat-workspaces/kenko_room/mlff_elasticity_benchmark/workflow_runs/MACE_OMAT/elasticity_MACE_OMAT/structures/AlFeTi2_fc229292/output.json,mp-999069,cif,https://elagente.ca/grafico/ConceptualAtoms_f7fcf47e-6a2f-482c-bbdc-0fc5ad7d1c46,mp-999069
Hg2MgNd,0.34294010920207507,https://elagente.ca/grafico/ConceptualAtoms_f836c862-1420-483a-ac2b-475b55b62e2f,https://elagente.ca/ontomlff/MLFFElasticityResult_aac58dfa-319c-49ca-a262-99414213f023,[],[],0.16993510120285765,eV/Å^3,0.4375355029632955,/scratch/kenko/akg4pyscf/.graphchat-workspaces/kenko_room/mlff_elasticity_benchmark/workflow_runs/MACE_OMAT/elasticity_MACE_OMAT/structures/Hg2MgNd_c14a39c6/output.json,mp-864924,cif,https://elagente.ca/grafico/ConceptualAtoms_f836c862-1420-483a-ac2b-475b55b62e2f,mp-864924
B16La4,1.1070314247078932,https://elagente.ca/grafico/ConceptualAtoms_f961dc96-0c97-42b5-a0d0-2dbcb1ae5ca2,https://elagente.ca/ontomlff/MLFFElasticityResult_0fd8bdfc-edd1-4801-abcc-b17b56108b28,[],[],1.0263449407325518,eV/Å^3,2.352135225464266,/scratch/kenko/akg4pyscf/.graphchat-workspaces/kenko_room/mlff_elasticity_benchmark/workflow_runs/MACE_OMAT/elasticity_MACE_OMAT/structures/B16La4_4458bbfb/output.json,mp-7283,cif,https://elagente.ca/grafico/ConceptualAtoms_f961dc96-0c97-42b5-a0d0-2dbcb1ae5ca2,mp-7283
Ag2InPr,0.4032595828692432,https://elagente.ca/grafico/ConceptualAtoms_f9aa78fb-10b9-4aad-ae88-34969eab7235,https://elagente.ca/ontomlff/MLFFElasticityResult_ec31014d-be5f-4917-9144-5c685b2529be,[],[],0.1825871220416665,eV/Å^3,0.4759309848188786,/scratch/kenko/akg4pyscf/.graphchat-workspaces/kenko_room/mlff_elasticity_benchmark/workflow_runs/MACE_OMAT/elasticity_MACE_OMAT/structures/Ag2InPr_fda41044/output.json,mp-570683,cif,https://elagente.ca/grafico/ConceptualAtoms_f9aa78fb-10b9-4aad-ae88-34969eab7235,mp-570683
MnRuTi2,1.175247769712014,https://elagente.ca/grafico/ConceptualAtoms_f9be5616-ea5e-4c6b-b660-a8484d1e7316,https://elagente.ca/ontomlff/MLFFElasticityResult_fae69036-e071-4b0d-8e15-f2baa4f2b147,[],[],0.5150182368703247,eV/Å^3,1.348128625300767,/scratch/kenko/akg4pyscf/.graphchat-workspaces/kenko_room/mlff_elasticity_benchmark/workflow_runs/MACE_OMAT/elasticity_MACE_OMAT/structures/MnRuTi2_0b47e236/output.json,mp-865469,cif,https://elagente.ca/grafico/ConceptualAtoms_f9be5616-ea5e-4c6b-b660-a8484d1e7316,mp-865469
Ba2Tl4,0.19975301759366665,https://elagente.ca/grafico/ConceptualAtoms_fa99c598-2313-44fa-bb83-5a45c98e27f0,https://elagente.ca/ontomlff/MLFFElasticityResult_4879a34f-034b-4fdc-bb65-54ffcc45c889,[],[],0.11492541814235191,eV/Å^3,0.289295413245568,/scratch/kenko/akg4pyscf/.graphchat-workspaces/kenko_room/mlff_elasticity_benchmark/workflow_runs/MACE_OMAT/elasticity_MACE_OMAT/structures/Ba2Tl4_dc886c7a/output.json,mp-30434,cif,https://elagente.ca/grafico/ConceptualAtoms_fa99c598-2313-44fa-bb83-5a45c98e27f0,mp-30434
Cl2Fe,0.34807561904301737,https://elagente.ca/grafico/ConceptualAtoms_faa254d9-d573-4bd8-9d72-c453c61fcfeb,https://elagente.ca/ontomlff/MLFFElasticityResult_6ae95802-cb01-49e1-86dc-6b064d4a562f,[],[],0.11049744209673179,eV/Å^3,0.299771287636795,/scratch/kenko/akg4pyscf/.graphchat-workspaces/kenko_room/mlff_elasticity_benchmark/workflow_runs/MACE_OMAT/elasticity_MACE_OMAT/structures/Cl2Fe_e162cdab/output.json,mp-23229,cif,https://elagente.ca/grafico/ConceptualAtoms_faa254d9-d573-4bd8-9d72-c453c61fcfeb,mp-23229
LiMnPd2,0.6670490048437301,https://elagente.ca/grafico/ConceptualAtoms_fac93a47-eccd-4a7f-8152-625d503add3c,https://elagente.ca/ontomlff/MLFFElasticityResult_eff86a48-328a-4ba6-b073-450489544144,[],[],0.22686539069889322,eV/Å^3,0.6112950694060332,/scratch/kenko/akg4pyscf/.graphchat-workspaces/kenko_room/mlff_elasticity_benchmark/workflow_runs/MACE_OMAT/elasticity_MACE_OMAT/structures/LiMnPd2_921c94df/output.json,mp-861629,cif,https://elagente.ca/grafico/ConceptualAtoms_fac93a47-eccd-4a7f-8152-625d503add3c,mp-861629
GaRh2Tm,0.944408706629853,https://elagente.ca/grafico/ConceptualAtoms_fb6ae684-1586-4eea-a997-648418a99864,https://elagente.ca/ontomlff/MLFFElasticityResult_86c0f77c-1afd-4075-bacc-6da2d21454e5,[],[],0.37839528866575123,eV/Å^3,1.0014375411451857,/scratch/kenko/akg4pyscf/.graphchat-workspaces/kenko_room/mlff_elasticity_benchmark/workflow_runs/MACE_OMAT/elasticity_MACE_OMAT/structures/GaRh2Tm_269030a9/output.json,mp-865195,cif,https://elagente.ca/grafico/ConceptualAtoms_fb6ae684-1586-4eea-a997-648418a99864,mp-865195
Os4U2,1.7505655487454619,https://elagente.ca/grafico/ConceptualAtoms_fb6b9d8a-9aa8-45c9-957d-d3a54a5b45c4,https://elagente.ca/ontomlff/MLFFElasticityResult_bc810f88-8c1b-407e-9177-d7f00ae77d55,[],[],0.21201883455223502,eV/Å^3,0.6113744060824735,/scratch/kenko/akg4pyscf/.graphchat-workspaces/kenko_room/mlff_elasticity_benchmark/workflow_runs/MACE_OMAT/elasticity_MACE_OMAT/structures/Os4U2_f9c5ca7b/output.json,mp-1085,cif,https://elagente.ca/grafico/ConceptualAtoms_fb6b9d8a-9aa8-45c9-957d-d3a54a5b45c4,mp-1085
RhYb,0.6594326442024468,https://elagente.ca/grafico/ConceptualAtoms_fb74bf7e-80e7-4184-9bac-6abb1e2e2f44,https://elagente.ca/ontomlff/MLFFElasticityResult_1d572ce8-642d-453f-a2df-41ee82051320,[],[],0.2758057742424386,eV/Å^3,0.7261768719783379,/scratch/kenko/akg4pyscf/.graphchat-workspaces/kenko_room/mlff_elasticity_benchmark/workflow_runs/MACE_OMAT/elasticity_MACE_OMAT/structures/RhYb_04a69bef/output.json,mp-567089,cif,https://elagente.ca/grafico/ConceptualAtoms_fb74bf7e-80e7-4184-9bac-6abb1e2e2f44,mp-567089
Al15Er5,0.4901809271670066,https://elagente.ca/grafico/ConceptualAtoms_fba9b3f7-8aa2-4e1e-8ef8-4e1f4fd4ddb4,https://elagente.ca/ontomlff/MLFFElasticityResult_41461aa1-7318-495f-af17-82c05d9a22d1,[],[],0.37759225989560047,eV/Å^3,0.9013392847968339,/scratch/kenko/akg4pyscf/.graphchat-workspaces/kenko_room/mlff_elasticity_benchmark/workflow_runs/MACE_OMAT/elasticity_MACE_OMAT/structures/Al15Er5_4af9e25c/output.json,mp-862656,cif,https://elagente.ca/grafico/ConceptualAtoms_fba9b3f7-8aa2-4e1e-8ef8-4e1f4fd4ddb4,mp-862656
Be2Na2Sb2,0.216856419810746,https://elagente.ca/grafico/ConceptualAtoms_fc4484e9-95dd-4a9a-8abd-80c2f5a1e8d8,https://elagente.ca/ontomlff/MLFFElasticityResult_67a9467b-f491-4b0d-bfca-2a80d8cf6c27,[],[],0.15912940790095156,eV/Å^3,0.38356751182379933,/scratch/kenko/akg4pyscf/.graphchat-workspaces/kenko_room/mlff_elasticity_benchmark/workflow_runs/MACE_OMAT/elasticity_MACE_OMAT/structures/Be2Na2Sb2_b2d62c1a/output.json,mp-9574,cif,https://elagente.ca/grafico/ConceptualAtoms_fc4484e9-95dd-4a9a-8abd-80c2f5a1e8d8,mp-9574
Al18Co4,0.6727371562540039,https://elagente.ca/grafico/ConceptualAtoms_fc649051-e0d4-4b5a-a8a7-122e546a667e,https://elagente.ca/ontomlff/MLFFElasticityResult_326c0a34-b4d4-4d30-865a-8819b320bde1,[],[],0.44005346279328267,eV/Å^3,1.0838387686504696,/scratch/kenko/akg4pyscf/.graphchat-workspaces/kenko_room/mlff_elasticity_benchmark/workflow_runs/MACE_OMAT/elasticity_MACE_OMAT/structures/Al18Co4_41903c14/output.json,mp-16488,cif,https://elagente.ca/grafico/ConceptualAtoms_fc649051-e0d4-4b5a-a8a7-122e546a667e,mp-16488
KLaS2,0.29535022905461356,https://elagente.ca/grafico/ConceptualAtoms_fc926404-f6b1-482a-bf2a-300791b519c9,https://elagente.ca/ontomlff/MLFFElasticityResult_343f4873-2826-48cc-959e-507e541e106d,[],[],0.16857047038937228,eV/Å^3,0.4248785833309972,/scratch/kenko/akg4pyscf/.graphchat-workspaces/kenko_room/mlff_elasticity_benchmark/workflow_runs/MACE_OMAT/elasticity_MACE_OMAT/structures/KLaS2_c74db241/output.json,mp-15781,cif,https://elagente.ca/grafico/ConceptualAtoms_fc926404-f6b1-482a-bf2a-300791b519c9,mp-15781
AgDy2Ir,0.6127651668585432,https://elagente.ca/grafico/ConceptualAtoms_fc9a24ba-571e-4153-9556-fb918c10d594,https://elagente.ca/ontomlff/MLFFElasticityResult_5cb6190f-a2fa-424f-854e-42de65502b0d,[],[],0.2236048164961209,eV/Å^3,0.5980673139266331,/scratch/kenko/akg4pyscf/.graphchat-workspaces/kenko_room/mlff_elasticity_benchmark/workflow_runs/MACE_OMAT/elasticity_MACE_OMAT/structures/AgDy2Ir_c5e430e5/output.json,mp-864981,cif,https://elagente.ca/grafico/ConceptualAtoms_fc9a24ba-571e-4153-9556-fb918c10d594,mp-864981
IrV,1.7162747408873675,https://elagente.ca/grafico/ConceptualAtoms_fca0ea99-a7bf-4d96-935b-fbbb3b41c90c,https://elagente.ca/ontomlff/MLFFElasticityResult_756a4f0d-cce8-4fef-938e-24203ada3bee,[],[],0.808352317287556,eV/Å^3,2.095991597924198,/scratch/kenko/akg4pyscf/.graphchat-workspaces/kenko_room/mlff_elasticity_benchmark/workflow_runs/MACE_OMAT/elasticity_MACE_OMAT/structures/IrV_138910d2/output.json,mp-1281,cif,https://elagente.ca/grafico/ConceptualAtoms_fca0ea99-a7bf-4d96-935b-fbbb3b41c90c,mp-1281
As4Hf4,0.7817917932055172,https://elagente.ca/grafico/ConceptualAtoms_fcfa866b-3e53-49aa-88c3-f3cd1c34e0dd,https://elagente.ca/ontomlff/MLFFElasticityResult_79ebf099-47d9-4d31-af79-8aca13d36b14,[],[],0.5112335578474438,eV/Å^3,1.2592216429249496,/scratch/kenko/akg4pyscf/.graphchat-workspaces/kenko_room/mlff_elasticity_benchmark/workflow_runs/MACE_OMAT/elasticity_MACE_OMAT/structures/As4Hf4_072bcf62/output.json,mp-9954,cif,https://elagente.ca/grafico/ConceptualAtoms_fcfa866b-3e53-49aa-88c3-f3cd1c34e0dd,mp-9954
CdCu2Zr,0.687541731518229,https://elagente.ca/grafico/ConceptualAtoms_fd747640-514b-4a70-af25-3ebdbcdc7abb,https://elagente.ca/ontomlff/MLFFElasticityResult_95741ce3-713c-4605-97a5-8cc36cd4cfe0,[],[],0.3165039260584199,eV/Å^3,0.8231948822037894,/scratch/kenko/akg4pyscf/.graphchat-workspaces/kenko_room/mlff_elasticity_benchmark/workflow_runs/MACE_OMAT/elasticity_MACE_OMAT/structures/CdCu2Zr_cec3cfc2/output.json,mp-11293,cif,https://elagente.ca/grafico/ConceptualAtoms_fd747640-514b-4a70-af25-3ebdbcdc7abb,mp-11293
ClN,0.20785481909460363,https://elagente.ca/grafico/ConceptualAtoms_fd8e97ba-e00e-4f4e-b4a5-2cb25465094f,https://elagente.ca/ontomlff/MLFFElasticityResult_5cb210df-930a-405b-bf31-7dcde78452b4,[],[],0.02527804272407376,eV/Å^3,0.07287973117779352,/scratch/kenko/akg4pyscf/.graphchat-workspaces/kenko_room/mlff_elasticity_benchmark/workflow_runs/MACE_OMAT/elasticity_MACE_OMAT/structures/ClN_62fddcf5/output.json,mp-1058151,cif,https://elagente.ca/grafico/ConceptualAtoms_fd8e97ba-e00e-4f4e-b4a5-2cb25465094f,mp-1058151
Ag2Cu2S2,0.42165132402433575,https://elagente.ca/grafico/ConceptualAtoms_fde49b8a-0e79-4031-8682-7ea8f76a7622,https://elagente.ca/ontomlff/MLFFElasticityResult_aa2c7d39-261b-44b0-8da5-9a3a7a59abfd,[],[],0.17212293177362714,eV/Å^3,0.4545217844273494,/scratch/kenko/akg4pyscf/.graphchat-workspaces/kenko_room/mlff_elasticity_benchmark/workflow_runs/MACE_OMAT/elasticity_MACE_OMAT/structures/Ag2Cu2S2_927809ef/output.json,mp-8911,cif,https://elagente.ca/grafico/ConceptualAtoms_fde49b8a-0e79-4031-8682-7ea8f76a7622,mp-8911
Os3Ti,1.968667906087342,https://elagente.ca/grafico/ConceptualAtoms_fe2be2e9-001a-41a3-993b-e03e6e2d3041,https://elagente.ca/ontomlff/MLFFElasticityResult_40c5f4eb-a7d5-4c61-a85c-74d1796d5f1f,[],[],0.804571645823711,eV/Å^3,2.1243199907749326,/scratch/kenko/akg4pyscf/.graphchat-workspaces/kenko_room/mlff_elasticity_benchmark/workflow_runs/MACE_OMAT/elasticity_MACE_OMAT/structures/Os3Ti_663bc116/output.json,mp-980203,cif,https://elagente.ca/grafico/ConceptualAtoms_fe2be2e9-001a-41a3-993b-e03e6e2d3041,mp-980203
Be4N4Sr2,0.6776410721735912,https://elagente.ca/grafico/ConceptualAtoms_fe89a8da-1333-436d-8334-9fe97c0d4f6c,https://elagente.ca/ontomlff/MLFFElasticityResult_7de49633-af0a-432e-8f06-b36d85cc4d8e,[],[],0.5250985199515091,eV/Å^3,1.2519263893851036,/scratch/kenko/akg4pyscf/.graphchat-workspaces/kenko_room/mlff_elasticity_benchmark/workflow_runs/MACE_OMAT/elasticity_MACE_OMAT/structures/Be4N4Sr2_a5c8b773/output.json,mp-11919,cif,https://elagente.ca/grafico/ConceptualAtoms_fe89a8da-1333-436d-8334-9fe97c0d4f6c,mp-11919
Ag2BaSn2,0.2988353095024038,https://elagente.ca/grafico/ConceptualAtoms_fea27bc7-fadb-4a50-8008-d2aaf6687a0a,https://elagente.ca/ontomlff/MLFFElasticityResult_2d0e7ed9-3704-459b-81b2-43a9e4a936dd,[],[],0.15389384878099038,eV/Å^3,0.3940406808228857,/scratch/kenko/akg4pyscf/.graphchat-workspaces/kenko_room/mlff_elasticity_benchmark/workflow_runs/MACE_OMAT/elasticity_MACE_OMAT/structures/Ag2BaSn2_867061a1/output.json,mp-7882,cif,https://elagente.ca/grafico/ConceptualAtoms_fea27bc7-fadb-4a50-8008-d2aaf6687a0a,mp-7882
InSnYb2,0.2698527589054098,https://elagente.ca/grafico/ConceptualAtoms_ff5137cd-3b92-4e45-a496-ca4df89c89dc,https://elagente.ca/ontomlff/MLFFElasticityResult_84973534-c0ce-4300-9e4e-f5051b6ddb63,[],[],0.07288945511978287,eV/Å^3,0.20060653866076922,/scratch/kenko/akg4pyscf/.graphchat-workspaces/kenko_room/mlff_elasticity_benchmark/workflow_runs/MACE_OMAT/elasticity_MACE_OMAT/structures/InSnYb2_66783196/output.json,mp-981234,cif,https://elagente.ca/grafico/ConceptualAtoms_ff5137cd-3b92-4e45-a496-ca4df89c89dc,mp-981234
O4Sr2Ti,0.8416458776799387,https://elagente.ca/grafico/ConceptualAtoms_ffadb29d-92cd-4116-a317-35b5ca0c38a7,https://elagente.ca/ontomlff/MLFFElasticityResult_28297626-1d8d-4b56-a87b-cf0e8b37ba99,[],[],0.5337306534291033,eV/Å^3,1.321787608069642,/scratch/kenko/akg4pyscf/.graphchat-workspaces/kenko_room/mlff_elasticity_benchmark/workflow_runs/MACE_OMAT/elasticity_MACE_OMAT/structures/O4Sr2Ti_b5c7a7fb/output.json,mp-5532,cif,https://elagente.ca/grafico/ConceptualAtoms_ffadb29d-92cd-4116-a317-35b5ca0c38a7,mp-5532
Cl3MnTl,0.2415608735945564,https://elagente.ca/grafico/ConceptualAtoms_ffe30923-afd1-4c90-9dbd-786298404ed5,https://elagente.ca/ontomlff/MLFFElasticityResult_4f72637b-bcf5-4bac-b38d-56297f535377,[],[],0.09958657260098527,eV/Å^3,0.2626641599851719,/scratch/kenko/akg4pyscf/.graphchat-workspaces/kenko_room/mlff_elasticity_benchmark/workflow_runs/MACE_OMAT/elasticity_MACE_OMAT/structures/Cl3MnTl_0c15973d/output.json,mp-570290,cif,https://elagente.ca/grafico/ConceptualAtoms_ffe30923-afd1-4c90-9dbd-786298404ed5,mp-570290
Bi4I4,0.16331756904470848,https://elagente.ca/grafico/ConceptualAtoms_ffffd571-6d9d-4bb7-969d-0aa05decfe7a,https://elagente.ca/ontomlff/MLFFElasticityResult_378f0537-cd31-48d9-b749-edbd8a18d097,[],[],0.08375080041523135,eV/Å^3,0.21457389146899478,/scratch/kenko/akg4pyscf/.graphchat-workspaces/kenko_room/mlff_elasticity_benchmark/workflow_runs/MACE_OMAT/elasticity_MACE_OMAT/structures/Bi4I4_b0712da0/output.json,mp-568388,cif,https://elagente.ca/grafico/ConceptualAtoms_ffffd571-6d9d-4bb7-969d-0aa05decfe7a,mp-568388
