mp_id,bulk_modulus,shear_modulus,model,bulk_modulus_true,shear_modulus_true
mp-1001788,203.6929053758261,125.58023586825443,MatterSim,178.43,52.095
mp-1002069,21.93008859201318,11.788170916345155,MatterSim,20.106,11.883
mp-10021,46.83265905339891,8.09004065162151,MatterSim,55.429,46.698
mp-1002207,429.9749505296013,40.49626081464871,MatterSim,361.49,59.704
mp-1004526,210.18657578240573,107.04998620501796,MatterSim,176.693,76.921
mp-1007693,294.87465235122033,88.80204292628832,MatterSim,288.028,105.077
mp-1007824,49.66711464688432,31.91342885666213,MatterSim,50.017,22.424
mp-1007855,195.4763575600098,89.29307184844279,MatterSim,193.048,95.457
mp-1008530,208.168939288814,110.24772099001667,MatterSim,204.053,82.704
mp-1008617,48.45810777092045,12.715205543171948,MatterSim,51.549,17.035
mp-1008688,77.09741770034039,14.650454575753034,MatterSim,73.05,17.188
mp-1008872,123.53650532930136,67.60692977934266,MatterSim,111.271,57.648
mp-1009485,277.88037689161246,185.17406043141355,MatterSim,313.927,140.253
mp-1009756,28.683435768821827,14.197923650845494,MatterSim,28.076,19.418
mp-1009792,252.55956671709487,74.59979453207791,MatterSim,269.305,63.474
mp-1009823,156.47006747460213,-8.731312019952531,MatterSim,191.338,52.725
mp-10115,252.13005566988187,103.62576123755672,MatterSim,255.394,120.286
mp-10134,148.57022715536286,44.92202332025884,MatterSim,147.36,23.258
mp-1013548,60.7905395500797,43.44715155061717,MatterSim,57.655,49.131
mp-1013549,34.38678689847717,20.34497188415666,MatterSim,35.813,25.706
mp-1013555,42.79751868495056,30.754742569778347,MatterSim,47.628,39.085
mp-1013588,29.295310779863417,18.56406653379757,MatterSim,31.726,22.585
mp-1013710,95.84934416715669,13.41425508365047,MatterSim,3.97,6.834
mp-10139,75.66736479298876,56.66942334259954,MatterSim,83.179,68.655
mp-10140,80.3612968003362,54.8722909660933,MatterSim,76.574,54.498
mp-1014257,163.07954618795432,87.69530636170607,MatterSim,145.73,94.61
mp-1014264,267.85571989211,83.64344482646027,MatterSim,265.131,21.11
mp-10149,44.968139515336,17.453031788111687,MatterSim,48.001,13.854
mp-1016840,199.94273070818983,47.17358236650798,MatterSim,202.882,47.226
mp-1016841,163.22851962523268,39.50760078788439,MatterSim,159.867,52.316
mp-1016872,188.33619356421903,43.577880742567714,MatterSim,172.529,26.92
mp-1016902,148.2694071581714,42.19821246520222,MatterSim,151.079,53.821
mp-1016928,230.74492293847248,128.91309508446727,MatterSim,230.404,135.037
mp-1017531,245.9991457753337,117.5466354979156,MatterSim,236.927,116.114
mp-1017533,145.7470345325374,81.30711233309265,MatterSim,146.084,87.281
mp-1017543,168.5606113563975,83.98822801478244,MatterSim,170.19,76.147
mp-1018048,147.75185019820887,78.37642786970301,MatterSim,135.707,77.026
mp-1018054,227.9495369667308,121.32180465266327,MatterSim,231.325,112.224
mp-1018104,84.08771798154699,26.835067828572644,MatterSim,78.996,32.238
mp-1018140,110.32997036360862,41.7387719631616,MatterSim,88.25,39.279
mp-1018154,105.96377460351844,23.958858260697895,MatterSim,111.5,44.974
mp-10186,93.38821932344726,56.90301063651328,MatterSim,94.62,49.752
mp-1018629,158.79678788044413,45.573649307247166,MatterSim,153.404,20.546
mp-1018649,395.77401022750905,353.1031668420585,MatterSim,376.878,331.922
mp-1018657,56.37792914385137,24.750951626550837,MatterSim,49.307,21.614
mp-1018699,48.44474241202896,29.448862846911656,MatterSim,46.265,37.428
mp-1018849,354.7417739702307,109.50636584048335,MatterSim,353.873,130.572
mp-1019097,168.06850125225353,96.5470720944813,MatterSim,165.345,58.095
mp-1019262,243.4134234653488,96.5916197475224,MatterSim,240.219,77.09
mp-1019266,63.46502285215091,25.59877561373144,MatterSim,56.908,24.397
mp-1019272,286.82020902736525,156.3127193595971,MatterSim,288.589,150.555
mp-1019279,33.81787203416297,20.149259856757126,MatterSim,37.518,27.358
mp-1019280,28.66164322247368,16.42495701330143,MatterSim,32.355,24.914
mp-1019359,84.16437174217806,41.58970383924051,MatterSim,78.808,39.448
mp-10197,195.862099513562,13.643535149611903,MatterSim,197.527,29.097
mp-1019740,301.2856725413173,235.1116765017944,MatterSim,302.943,232.977
mp-1021431,11.750108966722358,5.988347171769671,MatterSim,11.698,5.876
mp-1021489,195.2280407263893,94.61268190089588,MatterSim,202.01,102.231
mp-1021499,81.92518650306417,33.572883104980335,MatterSim,75.852,26.749
mp-1021848,32.295509847687725,13.157156801305428,MatterSim,27.035,15.503
mp-1023161,48.65620392440118,24.403721552027644,MatterSim,41.748,26.463
mp-1025010,127.09110592462974,114.81646453897876,MatterSim,146.818,119.851
mp-1025045,139.4130185225392,56.32426398208408,MatterSim,140.178,44.998
mp-1025067,183.33004964939087,102.20295375615892,MatterSim,157.22,96.466
mp-1025123,225.59804937708483,108.38817978462347,MatterSim,242.745,91.914
mp-1025161,156.8476373747209,54.50436684059681,MatterSim,154.477,53.791
mp-1025205,169.57804306732714,85.73603929125996,MatterSim,142.796,72.317
mp-1025212,188.9428513164247,55.0774503224886,MatterSim,189.205,59.621
mp-1025223,119.9737896915221,73.31652724369752,MatterSim,116.342,87.932
mp-1025262,137.55695537614426,83.76141750574357,MatterSim,110.881,72.64
mp-1025291,114.25365325641862,62.91767593996454,MatterSim,82.772,49.134
mp-1025322,99.27607697152872,52.74207673431752,MatterSim,76.389,53.225
mp-1025324,204.90073276953763,63.26593247675129,MatterSim,201.214,71.228
mp-1025339,142.60317823699629,92.03607961253095,MatterSim,124.98,81.239
mp-1025350,118.44810793774434,48.32079485874196,MatterSim,22.211,63.614
mp-1025421,94.28777771402012,31.673358503217862,MatterSim,67.594,23.832
mp-1025455,148.48842594244755,58.003134013454186,MatterSim,112.151,2.313
mp-1025504,103.59762427266936,48.53105303608245,MatterSim,100.012,56.193
mp-1029251,179.9492554514206,82.98123249487037,MatterSim,104.541,58.104
mp-1029374,148.19234745302325,91.106234048644,MatterSim,144.299,90.866
mp-1029446,138.77395222774652,87.48475277499992,MatterSim,125.73,224.054
mp-1029660,98.05278104692316,58.13099559745382,MatterSim,86.996,41.251
mp-1029726,114.09739768921186,68.51637335890211,MatterSim,83.44,58.897
mp-10314,65.12046120945618,32.878516650464704,MatterSim,59.843,37.689
mp-1032,259.6762450156697,156.1474598949063,MatterSim,248.908,179.27
mp-10326,142.1630721469513,64.73188465207461,MatterSim,26.19,12.192
mp-1039123,14.704324084255664,3.0976140562423367,MatterSim,18.586,0.454
mp-104,57.81376776514972,30.938626682004617,MatterSim,32.445,20.273
mp-10435,80.77862993530562,38.24642636135557,MatterSim,77.086,41.59
mp-10457,172.02997562129383,84.95225532569064,MatterSim,169.282,93.146
mp-1046056,74.95005378516589,39.27092857458808,MatterSim,27.729,8.573
mp-10470,225.73187880039768,106.58145054985596,MatterSim,221.086,113.62
mp-10523,175.24074959560366,87.51802732152944,MatterSim,148.899,56.926
mp-1056,143.39685208133403,79.97545993969293,MatterSim,141.499,61.887
mp-1058151,252.0909633852829,4.977797948420931,MatterSim,29.74,10.827
mp-10600,63.61781126656675,33.9232067792634,MatterSim,58.829,34.474
mp-10611,62.405979276307285,36.80902960133,MatterSim,60.77,39.774
mp-10622,72.66357118485317,43.83341870273876,MatterSim,70.29,44.49
mp-10623,119.35161872101794,48.94191762899745,MatterSim,112.537,42.792
mp-1064272,22.122284058908846,11.79748275639696,MatterSim,5.642,3.789
mp-10651,57.38060766028448,38.24423812425268,MatterSim,55.819,38.258
mp-10654,79.33254778440029,18.7095741397732,MatterSim,50.533,5.86
mp-10659,43.08788058703857,23.335336262788765,MatterSim,42.255,27.815
mp-10686,38.78975235370184,16.516499634291407,MatterSim,40.135,20.058
mp-1069604,110.87814732024496,50.59420443168349,MatterSim,103.918,47.82
mp-10739,221.93972705095453,113.9158050650149,MatterSim,219.7,102.358
mp-10740,93.68724811309308,22.461945986331088,MatterSim,94.772,50.133
mp-10759,57.00500721079496,32.17829735528948,MatterSim,57.611,44.393
mp-1077353,85.03019641991716,-239.891157144105,MatterSim,156.801,90.2
mp-1077723,92.8081283038426,19.348952046989883,MatterSim,88.774,28.123
mp-1078,38.64202282919096,18.12220692351613,MatterSim,39.906,23.145
mp-10785,45.04625549519618,25.769724319715785,MatterSim,36.241,22.803
mp-1078526,132.21717259285984,44.18370519512992,MatterSim,141.771,9.952
mp-1085,245.25585125660703,43.31991718725089,MatterSim,491.593,23.809
mp-10861,5.474665460167,-0.9905071535884564,MatterSim,7.842,1.6800000000000002
mp-10878,101.08687239746122,72.99660129943334,MatterSim,32.632,62.995
mp-1089,300.0106598376365,185.83275040527528,MatterSim,294.735,163.457
mp-10890,60.09786839272213,33.09541703507985,MatterSim,63.994,40.501
mp-10897,113.36356578205954,65.25654470321426,MatterSim,108.679,59.669
mp-1090,60.23969706071109,32.96186192782525,MatterSim,78.571,36.343
mp-10953,73.07548060080039,40.19199746546736,MatterSim,69.767,24.821
mp-1095591,81.15917109573479,40.95608581816627,MatterSim,85.104,48.429
mp-1099,152.2866255000519,71.24547408927656,MatterSim,137.06,52.238
mp-10991,92.36980981319924,50.23007770595767,MatterSim,96.439,47.451
mp-1104008,62.842801959774526,25.32090980003055,MatterSim,60.633,45.953
mp-1105839,211.7647606366341,124.98557069492723,MatterSim,203.871,115.136
mp-11169,131.84975062246934,61.34855329345045,MatterSim,96.768,48.721
mp-11181,73.10680876821661,41.38514298451257,MatterSim,45.548,30.749
mp-11201,83.35306146165175,46.3634444401896,MatterSim,71.045,45.625
mp-11288,31.520336415178114,14.064631421195369,MatterSim,30.44,10.343
mp-1129,171.49601492120223,83.20786373911358,MatterSim,166.725,79.378
mp-11293,116.54612175484364,42.61442788609632,MatterSim,113.193,50.865
mp-11382,107.06987016690984,66.261953293358,MatterSim,102.413,56.671
mp-11418,65.9115877305648,37.80999228008368,MatterSim,72.033,43.497
mp-11430,62.88448681165343,35.32088008785525,MatterSim,62.159,35.969
mp-11465,42.59423116892974,18.71073468960765,MatterSim,42.841,19.557
mp-11466,22.308960332922087,8.497933185755926,MatterSim,18.769,8.158
mp-11504,86.58266539587551,46.37238976116258,MatterSim,80.961,48.083
mp-11506,246.44919798383785,109.31340909350314,MatterSim,214.444,91.253
mp-11516,237.9593830154409,16.416843488522414,MatterSim,228.567,155.083
mp-11523,166.76303955027788,20.17521141214877,MatterSim,163.22,17.165
mp-11547,83.13936886875861,33.11196950059485,MatterSim,81.983,25.047
mp-11549,183.698908281635,81.31140992972574,MatterSim,192.283,78.469
mp-11564,118.70066752008314,49.15095979351723,MatterSim,118.772,47.637
mp-11576,32.27838058347941,16.886380234097548,MatterSim,32.524,25.063
mp-1164,146.55574602902516,68.60154748966424,MatterSim,97.603,71.668
mp-11736,250.1279988758432,144.06232923679767,MatterSim,222.449,101.928
mp-11755,66.6205445948282,37.89499072705368,MatterSim,64.762,37.541
mp-1180046,39.3971022970398,18.76181167982799,MatterSim,12.339,26.828
mp-11806,87.13001885079338,34.42514429200962,MatterSim,86.934,37.269
mp-11807,110.46851255292762,50.24242395993651,MatterSim,113.442,51.982
mp-1189355,123.9924195907703,75.25460355628046,MatterSim,91.797,31.336
mp-1189451,319.5044355656071,290.8730220654608,MatterSim,310.237,292.421
mp-1190680,35.28043958664091,28.226454400362243,MatterSim,14.053,4.908
mp-1190751,58.75217683601167,37.76617169619912,MatterSim,18.333,0.288
mp-1190841,132.35242887266375,57.86612083863479,MatterSim,136.052,48.153
mp-1190963,149.69366015017775,85.86934376841462,MatterSim,155.341,79.573
mp-11919,104.2463510310427,81.50428945300204,MatterSim,104.82,68.742
mp-11957,84.01822044826501,37.31628365644581,MatterSim,75.338,38.941
mp-1196116,230.4834154578162,183.74782817295156,MatterSim,226.401,195.537
mp-1205309,59.21918793344283,40.70284123144895,MatterSim,43.817,32.433
mp-12107,237.3206722628289,111.47470708335356,MatterSim,238.047,106.959
mp-12120,300.4912583111708,135.70350647640475,MatterSim,293.289,175.639
mp-1215198,222.93743818915885,187.46396339253684,MatterSim,232.951,193.022
mp-1215209,275.9412040617784,214.6898415862318,MatterSim,268.949,221.721
mp-1216295,366.4263779208202,158.8173090821845,MatterSim,354.771,132.178
mp-1217818,290.5475790952351,223.9134637307372,MatterSim,293.658,224.962
mp-1219,38.57768221046777,21.703113104615472,MatterSim,35.919,24.771
mp-1219553,32.21172078854409,24.000030626184188,MatterSim,11.822,7.082
mp-1223677,354.6694993491608,183.92776099907653,MatterSim,354.211,214.796
mp-1223860,332.96324549924526,179.87352451515395,MatterSim,326.804,201.523
mp-1224263,246.6991035082145,217.17169573785097,MatterSim,247.465,250.862
mp-1226242,300.9457067008132,198.37422376985316,MatterSim,301.097,201.556
mp-1235,230.70878227749952,84.71133277934128,MatterSim,227.385,82.089
mp-12385,147.62763395892955,85.22580529962283,MatterSim,135.914,80.852
mp-12403,78.29364197353917,48.819024445862944,MatterSim,14.836,7.539
mp-12480,159.63017522916158,72.37896335004247,MatterSim,149.536,69.61
mp-12524,164.89932037780798,73.17496827350709,MatterSim,158.714,171.783
mp-12532,46.044984248320766,20.440050922940944,MatterSim,36.776,13.319
mp-12557,57.675955666349815,34.930690303840834,MatterSim,57.771,39.629
mp-12648,126.728572233231,130.74753038085132,MatterSim,126.701,144.287
mp-12734,107.49212620727278,52.25651396420567,MatterSim,109.306,61.07
mp-12736,202.47562014680764,91.09021543226632,MatterSim,202.448,51.366
mp-12737,203.1672444932024,90.9362358079824,MatterSim,201.495,52.887
mp-1274,156.82406730980586,48.712327028114736,MatterSim,165.111,50.421
mp-12750,63.86294456465567,26.08676633705645,MatterSim,68.822,24.776
mp-1280,69.99677447197934,20.602874670222587,MatterSim,65.928,20.06
mp-12806,56.6717646229468,23.225864264145372,MatterSim,49.734,21.715
mp-1281,274.5088157152069,129.2833348729896,MatterSim,273.207,126.573
mp-129,265.6277644523072,76.54957558627252,MatterSim,262.529,117.048
mp-12906,84.22849925404347,49.42998382175036,MatterSim,47.647,29.98
mp-12923,105.61726286785284,47.03485578440858,MatterSim,98.247,31.257
mp-12927,97.27079770773874,72.2334308439028,MatterSim,98.183,62.055
mp-12953,54.883732561442855,19.66555357445862,MatterSim,47.341,18.114
mp-12962,118.51844814282688,60.145383458056045,MatterSim,111.254,59.351
mp-13051,38.78788282246875,22.394954480745884,MatterSim,30.437,17.973
mp-13061,152.33618773416595,83.89206496540268,MatterSim,140.624,43.654
mp-13082,224.19634098939235,114.74672636411036,MatterSim,220.339,98.352
mp-13150,104.61910795002518,70.39939672210217,MatterSim,94.626,71.023
mp-13181,123.19146641727151,11.662064394100712,MatterSim,125.291,12.21
mp-132,17.17873416320979,11.09264388497638,MatterSim,17.349,10.874
mp-13240,110.02621370980388,44.54369128522448,MatterSim,114.133,60.675
mp-13270,48.856893227245365,22.676367910418413,MatterSim,48.592,15.092
mp-1330,252.42060175501655,185.67942421838555,MatterSim,252.764,216.097
mp-13363,224.38227639088748,67.72947282730237,MatterSim,203.951,59.761
mp-1340758,168.25343150824875,82.03434639227525,MatterSim,118.951,56.266
mp-13525,110.37994527589832,42.127578539337456,MatterSim,111.539,36.26
mp-1359,252.2563770371528,98.52788030253994,MatterSim,258.818,109.754
mp-1368,109.19420987239192,40.03649924604829,MatterSim,105.749,32.407
mp-137,57.762596323123645,31.90839029831229,MatterSim,53.667,42.715
mp-1371,71.23487303716217,27.43312166004815,MatterSim,64.308,23.339
mp-13798,47.32929312996016,20.87869208594188,MatterSim,37.066,18.04
mp-13852,182.8575587613716,124.39582350689663,MatterSim,174.776,82.389
mp-1386610,133.6554794090494,78.10338387054679,MatterSim,107.769,46.162
mp-13914,150.859557550878,75.30993603973167,MatterSim,154.032,97.165
mp-13944,123.94769362642845,99.28830684075974,MatterSim,102.784,99.981
mp-1413688,76.72860699627867,34.07728646312547,MatterSim,39.182,13.302
mp-1427,161.01660902163323,94.45964957339736,MatterSim,156.458,73.089
mp-14791,55.18291134407137,29.978277241410357,MatterSim,25.98,21.48
mp-1497,284.4620921503592,140.33035948602975,MatterSim,289.035,146.051
mp-1500,43.97546879100207,22.013021840796945,MatterSim,41.171,24.774
mp-15226,284.54919351096214,143.1874524535791,MatterSim,295.098,142.003
mp-1534,96.2624093310747,35.54207118654133,MatterSim,93.243,42.129
mp-1546,41.55315325271315,19.037369413488936,MatterSim,41.005,24.698
mp-1547,132.35335001436195,59.423792674051626,MatterSim,120.17,60.39
mp-15617,307.9355279984956,188.7772095713762,MatterSim,290.926,196.282
mp-15624,25.892894556634584,15.880907680088198,MatterSim,27.607,19.874
mp-1565,230.9236188648049,111.97308436354128,MatterSim,235.389,103.516
mp-15679,164.9368448610648,74.80819330126619,MatterSim,161.139,76.351
mp-1569,197.9882840820211,177.46551330152857,MatterSim,200.504,228.81
mp-15697,27.24374775514118,17.879841537740486,MatterSim,31.995,22.573
mp-15779,131.24625938361606,74.83636448358368,MatterSim,124.71,74.315
mp-15781,47.5994637409809,24.07850219387079,MatterSim,37.153,20.828
mp-15819,132.58964788082545,81.75944127667438,MatterSim,114.667,64.797
mp-1594,174.23387894504197,54.76547130541898,MatterSim,173.653,44.062
mp-1595,191.433838346546,89.27372469555314,MatterSim,135.559,49.941
mp-1597,202.73102231678985,78.50217450966176,MatterSim,206.152,92.078
mp-16045,162.51330672367882,69.33036206312251,MatterSim,163.16,61.104
mp-16271,36.12922464671728,9.898352386100774,MatterSim,36.538,0.834
mp-16290,197.35960480524932,70.93307958522973,MatterSim,194.302,54.987
mp-16314,103.27623151152868,53.33457516667424,MatterSim,103.205,49.592
mp-16343,39.35534988807469,23.460667973012388,MatterSim,37.377,33.386
mp-1638,47.64153587073096,32.55060322871027,MatterSim,47.886,32.398
mp-1639,374.97596723192896,341.9363474600315,MatterSim,373.617,379.418
mp-16488,116.44979653557428,59.72558853396138,MatterSim,107.487,72.22
mp-16755,71.18325315519044,39.18219737448395,MatterSim,21.873,14.885
mp-16828,165.31054309230652,112.33710854259014,MatterSim,64.468,39.327
mp-16886,92.4359628767574,16.19077993065675,MatterSim,93.631,26.46
mp-169,118.70860122035006,57.7489025824582,MatterSim,115.697,80.084
mp-16919,99.39857023166084,47.946280370413696,MatterSim,85.427,45.222
mp-1716,248.8724504770128,129.31106013137412,MatterSim,233.122,105.314
mp-17332,71.55271127587773,43.771728322489714,MatterSim,70.414,68.245
mp-1743,184.3770064565416,77.14281545418986,MatterSim,152.527,85.16
mp-1778,210.06775858134705,151.2627947599185,MatterSim,207.897,153.975
mp-1779,42.69078299629858,22.77775476973596,MatterSim,39.676,26.05
mp-1793,100.83419022301976,58.06879748558504,MatterSim,105.452,37.599
mp-1820,61.10773458362516,40.58643657381824,MatterSim,62.187,44.285
mp-1821,112.0949186595108,80.04136773979572,MatterSim,23.208,17.056
mp-1878,126.130123523784,136.44689274422848,MatterSim,125.555,129.905
mp-1910,150.50196833566085,62.98493620419935,MatterSim,146.347,65.083
mp-1918,190.80618860621357,72.46953446383486,MatterSim,198.729,74.969
mp-19747,86.37633057886892,31.06172113833482,MatterSim,57.203,17.818
mp-19782,73.96861811413639,31.400559399778,MatterSim,76.971,43.513
mp-19857,101.0028975208656,61.11953941420537,MatterSim,82.846,48.364
mp-19934,79.60278117408669,33.98205432918426,MatterSim,79.546,30.741
mp-19940,164.7019831315788,95.499853251158,MatterSim,138.579,86.366
mp-19991,53.48685042044453,22.922557359031234,MatterSim,47.85,24.856
mp-20049,120.39942475312144,80.16029000040902,MatterSim,71.576,51.439
mp-20125,86.16260543310172,46.17282588247109,MatterSim,101.405,15.334
mp-20136,27.562236214124727,13.792873180813707,MatterSim,24.299,13.484
mp-20206,72.95390593066728,28.57030802745744,MatterSim,65.84,31.631
mp-2025,132.1466558107407,118.33811556766682,MatterSim,130.956,120.416
mp-20257,92.47535827451216,32.14461519746472,MatterSim,87.148,28.112
mp-2025704,43.442727027357805,21.35066783344529,MatterSim,9.903,6.9190000000000005
mp-20261,51.48281580291411,24.0304709559214,MatterSim,32.669,19.199
mp-20268,153.2757882264751,77.09116329114792,MatterSim,150.678,68.935
mp-2030,165.3536102788095,125.12270091110368,MatterSim,172.042,121.491
mp-20337,148.0131711565368,69.94760716753409,MatterSim,118.685,34.182
mp-20340,106.3939033719719,65.1970044352013,MatterSim,109.129,53.655
mp-20395,172.20340374329442,78.61053512606544,MatterSim,183.377,76.499
mp-20457,71.78282551410588,28.92497718614728,MatterSim,73.875,38.448
mp-20487,33.307934101998114,1.078977162239987,MatterSim,40.212,15.802
mp-2052,88.62323295064793,50.07823191688093,MatterSim,85.701,51.516
mp-20541,199.75158117326944,120.63185502742871,MatterSim,206.579,103.941
mp-20554,43.88935028866752,19.701780847078656,MatterSim,42.952,14.658
mp-2056,124.2628287693148,53.06105641188167,MatterSim,105.255,47.072
mp-20563,87.94721740458306,42.78347747625369,MatterSim,76.172,35.045
mp-2065,66.61266287216023,38.71340079953681,MatterSim,60.377,34.361
mp-20674,121.84198439544257,64.60722529531415,MatterSim,107.52,55.659
mp-20695,91.30550057030304,31.88745747548297,MatterSim,96.578,51.211
mp-20698,102.49190251671332,58.23541057853131,MatterSim,48.848,30.049
mp-2090,174.78996520819211,106.83306889135464,MatterSim,189.836,91.403
mp-20913,97.08697926215235,63.85207451164328,MatterSim,90.78,13.408
mp-2098,196.87349944116943,46.46023756600946,MatterSim,192.391,31.442
mp-20994,268.3166325746431,132.77986961033596,MatterSim,255.403,113.66
mp-21023,177.93924543771118,123.4016544948482,MatterSim,157.86,116.018
mp-2105,136.87588206665325,93.15598414991172,MatterSim,143.703,95.21
mp-2114,160.28527418065636,116.59567175647092,MatterSim,159.077,120.831
mp-21167,200.86428090846655,66.4513663267309,MatterSim,191.012,38.833
mp-21237,162.50307271117796,80.84392299893867,MatterSim,156.743,83.056
mp-21253,22.68982891673256,9.939145973496013,MatterSim,17.65,12.637
mp-21260,102.57071190763445,51.85043906519728,MatterSim,95.179,53.266
mp-213,52.70423457217638,23.624005387940453,MatterSim,55.058,18.707
mp-2131,76.37419350608953,49.300907006824005,MatterSim,39.156,20.283
mp-21347,307.0023165995849,150.45032622228,MatterSim,299.575,177.92
mp-21382,78.64283770931348,51.57669517713122,MatterSim,75.399,46.845
mp-21422,139.50775332013458,73.30825170454425,MatterSim,141.273,58.224
mp-21433,90.28356236258988,46.65516412020584,MatterSim,81.218,52.977
mp-21440,169.45113164194274,116.42851072329988,MatterSim,189.979,93.389
mp-21469,176.6824472265256,44.33910522817136,MatterSim,178.311,71.09
mp-21495,233.6764493000628,139.30101045440918,MatterSim,238.171,144.123
mp-21847,20.023052343312383,16.776640633036774,MatterSim,9.764,10.135
mp-21873,109.94638145846542,63.1659213044185,MatterSim,105.659,57.182
mp-21879,145.84491237773895,69.28670760624252,MatterSim,137.231,62.307
mp-21894,76.89248393004087,34.99322364213464,MatterSim,69.115,46.562
mp-21910,29.862101189907506,11.7393953308745,MatterSim,32.77,10.085
mp-2210,120.40117241550438,31.27519178541086,MatterSim,105.385,29.697
mp-2214,47.63211209311597,23.974595097385787,MatterSim,44.234,24.287
mp-22144,203.7936948489667,101.92621245004248,MatterSim,175.354,107.734
mp-2215,71.40556139291681,25.489575627691316,MatterSim,77.59,33.498
mp-22152,49.45692691060936,37.50390109131584,MatterSim,48.294,33.541
mp-22240,84.53125701100338,80.02823313603822,MatterSim,106.766,78.122
mp-22255,31.33810316041308,16.166985091487323,MatterSim,13.936,8.246
mp-2226,89.81146639697819,32.06119433366995,MatterSim,91.251,34.497
mp-22260,87.49964898469429,62.51157936461144,MatterSim,112.507,71.503
mp-22396,198.67043718691923,85.89462815914278,MatterSim,187.702,102.86
mp-22440,162.8603590103047,85.85933489131018,MatterSim,158.407,84.508
mp-22631,269.1579777350688,102.23658393596858,MatterSim,246.43,87.348
mp-2264,81.67991378762767,39.75490122129198,MatterSim,80.602,54.614
mp-22687,37.16808627677534,15.411254360929895,MatterSim,33.333,16.521
mp-22717,63.42633515567049,27.63146612025251,MatterSim,59.191,25.46
mp-22739,53.18842025122608,44.91967482091015,MatterSim,56.257,27.532
mp-2280,78.95501621391521,24.55840184993949,MatterSim,74.484,24.776
mp-22864,89.18893730841997,34.60653443000718,MatterSim,82.069,26.028
mp-22877,40.70561428426992,23.00447781663423,MatterSim,10.488,9.518
mp-22914,43.73407385719517,14.538438023603884,MatterSim,56.095,10.104
mp-22924,27.11740829421167,12.862281501498869,MatterSim,29.484,12.854
mp-22958,57.903308517968405,36.7904380262294,MatterSim,19.057,10.994
mp-22962,22.879754131456483,14.00831850785232,MatterSim,13.373,7.225
mp-22967,33.599761105695706,15.753032611709031,MatterSim,25.291,16.303
mp-22971,46.45017661595607,25.64263210802832,MatterSim,7.311,3.768
mp-22972,53.69967907444532,27.69365132243105,MatterSim,36.09,8.571
mp-23002,88.57978642748718,36.668862553750095,MatterSim,25.612,14.541
mp-23029,16.949274760530486,8.512114980891694,MatterSim,6.988,0.965
mp-23037,22.5007878678141,9.617051735600125,MatterSim,21.823,9.296
mp-23084,77.73920151315333,36.62757297138845,MatterSim,43.224,17.959
mp-23085,58.112949424128566,28.522841485157144,MatterSim,45.518,22.391
mp-23087,194.09910012995053,135.09679154927218,MatterSim,133.058,94.309
mp-23153,11.391518733467468,4.345969471930267,MatterSim,4.837,3.174
mp-23197,16.208692086073885,2.956629886278254,MatterSim,16.52,6.535
mp-23229,46.37090708185162,18.030256877249336,MatterSim,9.771,6.402
mp-23281,23.118339961328413,9.949044777967847,MatterSim,3.21,2.106
mp-23282,30.53365829970637,17.733636204625483,MatterSim,3.862,2.612
mp-2330,116.9286270486466,62.472407555932726,MatterSim,68.479,42.182
mp-23302,9.467293493060485,5.072450439690548,MatterSim,11.14,5.547
mp-23339,78.57577992281253,48.685166883610535,MatterSim,27.038,16.231
mp-23406,30.06824404801976,18.13659698644768,MatterSim,8.616,4.775
mp-23499,28.174977879094605,14.79216915220634,MatterSim,11.298,5.661
mp-2349989,166.75745708865352,71.91311282514889,MatterSim,117.29,40.927
mp-2354,113.0926621496325,57.91903581090699,MatterSim,118.442,68.833
mp-2360,51.902543113535565,29.837102268001832,MatterSim,48.071,33.926
mp-23684,62.73980733033439,40.61289245682274,MatterSim,25.163,12.017
mp-2369,101.6232355798508,36.33107238413274,MatterSim,97.577,39.635
mp-23764,143.8949785320375,96.04851497151472,MatterSim,63.515,35.137
mp-24092,146.52762821937765,63.68102975713536,MatterSim,68.537,47.226
mp-24152,88.46802710374993,61.63645594978109,MatterSim,86.522,55.883
mp-24202,95.45600520767672,61.23030357523942,MatterSim,81.272,42.175
mp-2420227,77.61855901409213,51.54562832494992,MatterSim,47.823,44.806
mp-24390,145.45192817409747,98.98115507945384,MatterSim,72.678,39.173
mp-246,107.06043126183334,43.22249118169626,MatterSim,102.198,30.021
mp-24659,113.26640816035166,38.164222645903806,MatterSim,108.814,61.069
mp-2466,103.951999719164,39.16747863560148,MatterSim,103.81,43.716
mp-2468835,151.7355961478306,125.55653913110608,MatterSim,129.576,91.595
mp-24834,116.37603133891255,82.34975939333346,MatterSim,24.063,10.798
mp-2489,189.7370241830962,56.33632534983372,MatterSim,178.518,29.992
mp-2506699,77.8631042513167,51.596327651545735,MatterSim,49.604,21.994
mp-2507,55.76706489840215,37.1330564501516,MatterSim,18.273,12.041
mp-2536,259.0927490663349,110.841202351794,MatterSim,238.119,98.426
mp-2540,253.68858003403145,117.74203618292287,MatterSim,254.937,125.024
mp-2542,208.9216554606168,161.54657400207952,MatterSim,208.037,156.717
mp-2580,266.3415978905183,188.3589528462854,MatterSim,263.884,198.028
mp-2598,142.706999699405,69.09532250529415,MatterSim,105.592,60.636
mp-2614,107.63109490379682,62.77371569836823,MatterSim,106.503,83.451
mp-2634,316.5616851703342,217.2233396461174,MatterSim,312.566,209.5
mp-2639,25.75063169418778,15.318809746574235,MatterSim,21.088,11.725
mp-2646,45.84205441118925,23.099518431435595,MatterSim,42.369,17.743
mp-2661,48.05028750916814,32.8403265893642,MatterSim,44.145,30.984
mp-2667,9.73259569479109,5.116658554879829,MatterSim,10.059,6.1370000000000005
mp-2676,153.65816553149537,100.25629185605622,MatterSim,167.518,119.142
mp-2695851,82.83743125203323,27.80975181001438,MatterSim,77.064,16.08
mp-2713,136.70506089870025,61.941956914048745,MatterSim,140.411,56.862
mp-27194,23.28862002725792,12.646677156442438,MatterSim,9.95,1.628
mp-27418,63.66193869037133,34.76342254962963,MatterSim,46.429,18.352
mp-27421,66.99667293096344,32.41622964688723,MatterSim,13.584,6.409
mp-27438,39.411771844323134,18.56367518417717,MatterSim,27.664,15.95
mp-27455,36.87252555137734,16.49338114676615,MatterSim,5.717,3.334
mp-2758,44.128223398727066,22.660096419644777,MatterSim,41.256,27.097
mp-27679,33.70776906551247,16.44278227800072,MatterSim,12.532,4.615
mp-2776,65.34112167913074,24.55109436758384,MatterSim,65.975,11.065
mp-27762,91.7143374865774,47.08287252419439,MatterSim,21.314,16.394
mp-2781,113.25574974033398,34.690803105848104,MatterSim,110.671,32.904
mp-2784,17.770425330155312,8.829892718696014,MatterSim,19.229,11.389
mp-27861,243.38987746872044,113.55718191734069,MatterSim,177.68,97.153
mp-27882,25.12513181474562,15.021872495975886,MatterSim,8.703,4.521
mp-27989,26.06372497889192,15.778472980158035,MatterSim,3.927,2.16
mp-28,36.211396161575614,27.054826115721383,MatterSim,39.338,33.95
mp-2800,146.9562446831155,81.85084339041616,MatterSim,129.573,100.19
mp-2816,45.09066360219629,18.581180481422404,MatterSim,45.139,17.053
mp-28174,31.458560380261268,17.25958078361645,MatterSim,2.346,2.36
mp-2819,39.96164598926388,8.13798749532333,MatterSim,37.644,2.024
mp-28497,24.308179267185054,12.363662578687444,MatterSim,17.295,7.552
mp-2851,104.76722984402626,55.59079960094876,MatterSim,99.681,47.367
mp-28929,39.64933404424468,19.64623883111237,MatterSim,10.461,5.307
mp-28938,67.08065150991497,38.84127065047055,MatterSim,12.425,8.64
mp-29025,32.38344410813198,23.09922658870017,MatterSim,26.516,16.903
mp-2909,94.12262868347784,42.878328186877056,MatterSim,87.429,39.228
mp-29136,75.15016789700978,39.25840319280751,MatterSim,63.615,27.585
mp-29151,39.04156337900662,29.04007778641356,MatterSim,38.043,26.953
mp-29153,163.72683102336933,80.88158642462727,MatterSim,157.834,82.497
mp-2917,120.12250146181331,65.02456718653661,MatterSim,119.315,75.813
mp-2929431,8.172311330834551,5.292493309976898,MatterSim,1.785,1.164
mp-2931,165.07681573292282,106.4740208442908,MatterSim,110.301,71.679
mp-2949,102.27310250074542,48.04656266081942,MatterSim,80.39,40.148
mp-2959,45.375160367869576,19.31421822787718,MatterSim,46.567,22.518
mp-2960,151.0910518696892,65.63569617324977,MatterSim,148.752,64.218
mp-29656,49.11505649590635,23.32875433235113,MatterSim,47.47,15.999
mp-29661,188.7431193398789,70.39227971599479,MatterSim,180.761,70.297
mp-29736,80.4950343207234,49.44596748115584,MatterSim,81.107,56.76
mp-29752,203.92316353424556,64.13430891100217,MatterSim,195.587,57.888
mp-29873,22.063242768344487,9.623039495368303,MatterSim,19.054,7.96
mp-2988,81.96071541673693,34.10514006985952,MatterSim,81.563,35.873
mp-3006,59.01884548421591,34.72684593609324,MatterSim,5.488,5.003
mp-30062,25.52076130345362,14.392313455696144,MatterSim,8.763,4.908
mp-3011,157.60131933941713,70.16524145967708,MatterSim,145.97,68.15
mp-3018,123.32678448757024,79.24606933798756,MatterSim,118.634,73.221
mp-30343,74.36422746893481,20.544041671203885,MatterSim,77.989,14.93
mp-30344,42.35997984012311,14.852207394695473,MatterSim,43.023,15.372
mp-30406,44.71544759071245,8.516174429655267,MatterSim,45.771,8.488
mp-30423,142.36346940817063,24.158104909642883,MatterSim,125.266,26.935
mp-30434,25.177129738050077,10.923659692047377,MatterSim,25.239,17.206
mp-30455,88.70912527223837,44.19867542365049,MatterSim,90.608,40.665
mp-30483,34.44095806347268,15.902347186565,MatterSim,32.099,14.606
mp-30494,61.27293608025301,24.441701649180636,MatterSim,61.151,29.259
mp-3050,190.20471484221915,121.66315041755382,MatterSim,170.395,103.015
mp-30500,92.88347767300732,36.56845987688863,MatterSim,81.552,26.541
mp-30507,243.2557360793876,85.28922734558024,MatterSim,231.621,101.532
mp-30578,102.68882132377487,45.829668526714805,MatterSim,107.72,23.276
mp-30595,171.4010023009689,54.9816740175129,MatterSim,177.039,63.304
mp-30613,65.33030685273356,26.456214000104765,MatterSim,60.804,37.354
mp-30650,45.236853352008005,19.977499942712864,MatterSim,45.747,25.13
mp-30717,10.232236682474367,6.070895936653852,MatterSim,11.826,4.929
mp-30779,40.2383049673203,19.446225934900923,MatterSim,39.515,26.455
mp-3078,55.66632966183331,27.0130266195338,MatterSim,58.932,31.08
mp-30805,58.36510252922685,27.37386660360584,MatterSim,51.162,24.888
mp-30819,120.9985860327261,45.233793122310985,MatterSim,124.378,59.706
mp-30820,77.69409486010737,38.54368395972168,MatterSim,80.792,39.204
mp-30834,57.865748948122096,24.74722234285267,MatterSim,56.392,13.412
mp-30835,201.03811488294733,70.9683188199672,MatterSim,205.117,73.846
mp-30866,284.47688842781906,153.11962279293988,MatterSim,282.841,137.344
mp-30867,144.51240060518649,45.06445105470041,MatterSim,148.847,55.613
mp-30882,103.71130074255056,59.959922301811154,MatterSim,105.49,65.278
mp-309,69.16710837276833,28.056955370788035,MatterSim,83.938,36.124
mp-30921,61.08768681016739,28.830303978162554,MatterSim,56.904,8.761
mp-31072,83.82946702132082,39.31689511358849,MatterSim,72.813,302.329
mp-31160,45.997585995200666,30.49612102383996,MatterSim,46.54,37.248
mp-31330,88.18054054019659,31.702435619477104,MatterSim,91.094,44.34
mp-31442,68.295348188289,26.53202733406706,MatterSim,70.882,25.237
mp-31459,159.0351449291974,59.507766782652936,MatterSim,165.084,66.374
mp-315,65.5319488652226,26.490377344754275,MatterSim,67.722,24.288
mp-3161,64.51763907089874,39.10794415663191,MatterSim,63.069,55.349
mp-3166,205.8441630005558,101.76899063151956,MatterSim,183.234,94.675
mp-3194,87.58116043790773,54.43807672747126,MatterSim,86.815,65.462
mp-3301,138.40070947667303,62.86332251221065,MatterSim,133.933,53.071
mp-3307,103.41642692920288,61.734284886683696,MatterSim,43.4,19.34
mp-3370,170.44099837874398,99.73463191724407,MatterSim,164.271,91.448
mp-3376,118.13872733915782,69.34169802400109,MatterSim,108.931,63.505
mp-3378,168.5420657625378,100.64650799875736,MatterSim,155.349,92.483
mp-3384,194.6303298916265,125.26722250113004,MatterSim,173.762,105.755
mp-3400,147.96645359762326,87.13545080018585,MatterSim,141.054,96.788
mp-3405,176.67127793481222,121.51719090715665,MatterSim,152.126,69.533
mp-3411,101.4766589873212,50.45990719414706,MatterSim,34.649,15.825
mp-3416,74.40709553242053,46.28149969059191,MatterSim,50.993,28.155
mp-34169,50.11722521721709,23.496542475301336,MatterSim,28.627,17.702
mp-3470,178.69700338634965,125.70325121462074,MatterSim,97.725,67.421
mp-3497,59.12970939656418,29.19334654658712,MatterSim,50.47,19.147
mp-3498,148.0884010658525,42.890940232760414,MatterSim,128.242,22.94
mp-3501,118.80675862938008,77.2840126024543,MatterSim,98.162,58.284
mp-3534,47.86972464766668,23.903849277220772,MatterSim,22.025,15.452
mp-3536,190.88496722431293,131.00049058603932,MatterSim,182.861,98.235
mp-3556,135.33614219867331,76.61719075660702,MatterSim,127.607,70.856
mp-35717,57.53951003820182,31.111628756813182,MatterSim,46.015,30.614
mp-3581,127.38566931376168,80.97047766926134,MatterSim,62.712,47.917
mp-3582,149.11058567596947,117.91085130774832,MatterSim,157.751,104.546
mp-3584,181.3274690617484,115.3582349674085,MatterSim,114.656,55.684
mp-36086,167.09945692812755,108.9100341799054,MatterSim,104.609,90.318
mp-364,198.07975565500004,88.7203492151214,MatterSim,194.408,98.81
mp-370,78.337653148827,26.9708244012788,MatterSim,71.97,33.755
mp-3707,160.16819348306024,103.8026792540704,MatterSim,121.058,25.3
mp-3771,189.3360266778729,109.63517895867604,MatterSim,161.087,74.471
mp-37906,100.52685290354876,79.09677038875108,MatterSim,98.683,82.964
mp-3881,74.11320788315713,32.354339263799936,MatterSim,57.665,23.691
mp-3909,161.23454011170503,83.41779063499996,MatterSim,162.789,79.114
mp-3960,172.96748683475488,73.07202500011152,MatterSim,137.995,54.77
mp-39681,168.2213181492843,88.6727412157494,MatterSim,103.839,32.797
mp-4022,163.16894473798084,97.8657992135664,MatterSim,167.087,95.112
mp-4026,63.887123416550736,36.32571149894493,MatterSim,55.286,34.149
mp-4051,144.94141987928242,90.05658585901196,MatterSim,17.002,30.589
mp-4071,187.9374376022817,130.53572713990738,MatterSim,194.285,139.105
mp-408,50.05923715493687,28.241871568675123,MatterSim,49.429,42.782
mp-4091,274.59374286390204,138.98211234437983,MatterSim,278.976,141.689
mp-4175,64.94072711061145,33.63167184731887,MatterSim,64.548,39.275
mp-425,141.20220091896334,116.71842459031063,MatterSim,153.466,127.484
mp-4275,133.9570519548019,61.53119970912545,MatterSim,127.742,55.498
mp-428,39.50247392811836,19.59283064639257,MatterSim,38.445,27.868
mp-4283,123.16502114467649,55.56596262575746,MatterSim,117.105,61.786
mp-4300,136.38029628111423,68.03935803280292,MatterSim,88.802,30.327
mp-4322,167.82111805980932,96.63843979687884,MatterSim,144.516,89.475
mp-4354,60.5930814482458,18.324485592132085,MatterSim,38.486,13.208
mp-437,84.53844509360385,23.51016452029397,MatterSim,81.405,25.035
mp-438,77.31601941050539,42.63124753665435,MatterSim,74.377,36.021
mp-4458,147.10209993266923,80.92974091223216,MatterSim,149.607,76.62
mp-4652,152.60801613959202,49.19159282166009,MatterSim,151.048,28.127
mp-4692,137.17522338813396,76.68861970466327,MatterSim,114.571,73.379
mp-4697,77.41791237624939,45.27410477639141,MatterSim,72.426,33.234
mp-4738,62.86709925158147,32.04126770360702,MatterSim,64.503,39.785
mp-474,98.71326192136377,61.51663330173042,MatterSim,98.282,38.227
mp-4768,122.66280828355164,61.469427533010574,MatterSim,94.667,58.471
mp-477,69.50030151021117,41.4904439897011,MatterSim,71.852,53.193
mp-4805,117.52947716405224,62.76933265149199,MatterSim,112.425,60.067
mp-4823,50.900264142984014,25.82275249796762,MatterSim,47.04,22.117
mp-4864,40.22062958348959,24.91218866959941,MatterSim,40.739,28.662
mp-4876,31.8268343664504,14.145386110973838,MatterSim,14.239,6.494
mp-495,63.67099990444908,36.32354838394318,MatterSim,68.978,43.84
mp-4962,117.30292269643876,70.11927152563146,MatterSim,113.942,77.053
mp-4988,39.004748947743714,17.587455579799805,MatterSim,8.873,5.635
mp-4999,126.49163259047737,67.13125736333039,MatterSim,111.275,67.306
mp-500,91.98811039040976,51.06123074798512,MatterSim,23.348,15.826
mp-5022,168.20683082506716,94.35843373537222,MatterSim,156.818,77.629
mp-5038,29.61843157619488,17.39276682262351,MatterSim,12.848,6.173
mp-505517,206.8400996069055,109.79713304775284,MatterSim,183.851,108.317
mp-505540,182.58180203751357,87.24800642576326,MatterSim,176.642,76.463
mp-505804,98.78081037011168,51.1223933642664,MatterSim,90.931,51.886
mp-505822,199.81865624154065,99.30351049218798,MatterSim,189.963,75.142
mp-5068,84.60042172348396,45.90737261138684,MatterSim,79.781,39.479
mp-5072,31.50305861001321,17.90868309603473,MatterSim,23.964,11.792
mp-5075,188.70486495948157,122.51293122526512,MatterSim,177.226,121.093
mp-510374,63.27470560261702,43.97977973151932,MatterSim,78.507,46.696
mp-510403,62.3368795570419,60.20267501842058,MatterSim,98.6,31.19
mp-510441,120.84005531478924,52.10326919295383,MatterSim,121.073,39.147
mp-5200,168.53457627496022,71.123311491781,MatterSim,169.867,73.418
mp-5251,90.6493655638783,57.13003773720477,MatterSim,66.517,33.929
mp-5259,79.40261766636185,48.28252860809761,MatterSim,45.534,28.532
mp-5292,114.04719957711832,61.48559395131722,MatterSim,115.307,57.367
mp-530274,192.94885307308772,121.29629626130884,MatterSim,184.943,107.776
mp-534,242.0330264863957,216.67245176083972,MatterSim,246.599,159.851
mp-5392,158.10291939822838,109.33332962922331,MatterSim,111.352,65.679
mp-5407,179.0854406629523,99.31416994490806,MatterSim,179.963,98.873
mp-540839,18.473338816164524,8.977794074050367,MatterSim,9.811,4.607
mp-541449,48.95608127704401,25.24345081951635,MatterSim,12.438,8.261
mp-541487,75.63652088063576,32.330950338155745,MatterSim,22.482,14.331
mp-541627,82.46729997829,38.65431039913016,MatterSim,18.725,8.879
mp-541840,134.98228416028644,58.50038003971587,MatterSim,117.411,41.047
mp-541895,112.8830452196656,79.08049075165384,MatterSim,36.443,20.662
mp-541989,69.57786626319982,41.8364355467757,MatterSim,39.851,19.095
mp-542106,126.82290710747466,38.838434982645246,MatterSim,126.402,39.637
mp-542170,149.27080629581496,75.43055517492084,MatterSim,141.033,66.176
mp-542264,121.95592114306876,70.73367924560168,MatterSim,74.92,34.761
mp-546500,61.6367570110428,36.7072137737224,MatterSim,27.617,12.586
mp-546679,179.5068236189784,108.82053750476524,MatterSim,174.661,105.689
mp-5478,143.91084502404328,62.22210482671798,MatterSim,139.649,38.327
mp-5486,93.81204796716348,52.60391835313645,MatterSim,97.787,55.112
mp-5492,127.633994828464,83.03596211578912,MatterSim,79.915,43.078
mp-549490,186.26364756360127,102.75406222850656,MatterSim,139.204,85.723
mp-550008,163.64280271358095,53.64497319677245,MatterSim,148.262,71.889
mp-552738,103.42044220791848,54.69171129001347,MatterSim,68.302,37.095
mp-5532,139.07460885669664,83.51473963280593,MatterSim,127.094,75.758
mp-5540,226.67436106629563,157.96723752748707,MatterSim,147.126,118.908
mp-554134,13.47474592804669,5.802483645182272,MatterSim,3.861,1.184
mp-554573,152.1951625324609,102.03113906490464,MatterSim,24.084,37.443
mp-554973,71.41175026270982,20.73665926519381,MatterSim,70.161,25.725
mp-555434,151.32053610719322,116.09347890820791,MatterSim,91.699,51.804
mp-555483,172.4659651470022,100.64393550579796,MatterSim,119.344,43.519
mp-556004,74.89038198636601,40.2122267023656,MatterSim,38.546,25.265
mp-556075,137.32727984586182,82.20766362271011,MatterSim,113.78,63.877
mp-556084,56.40819662251196,39.32532960110392,MatterSim,15.73,8.247
mp-556242,116.04341064416776,58.12284888844022,MatterSim,100.271,49.604
mp-557559,31.219771469915663,15.90058270428636,MatterSim,0.876,0.398
mp-5577,135.27734056427732,68.36877478160098,MatterSim,129.851,65.086
mp-558110,66.270374765061,39.3491943609393,MatterSim,5.928,13.215
mp-558518,65.54543659167756,28.39039149634073,MatterSim,30.804,22.279
mp-558733,292.3027201020976,223.5073060025441,MatterSim,263.994,193.946
mp-5589,83.83267379103233,57.336372737505,MatterSim,77.447,47.371
mp-561442,191.23740080640283,104.98157211174828,MatterSim,169.817,95.728
mp-561664,86.12563936609581,49.37400445360262,MatterSim,11.814,7.157
mp-562517,149.97213085563345,96.29622071751544,MatterSim,76.691,49.081
mp-5639,191.53786242465912,137.31534541244193,MatterSim,173.178,116.187
mp-567089,83.32790002507726,28.47128708443859,MatterSim,81.33,33.51
mp-567181,165.24153882661454,45.06267918605804,MatterSim,161.195,47.288
mp-567220,128.22752153563334,76.0925380987457,MatterSim,122.772,69.177
mp-567305,67.73735570510934,54.78816718220301,MatterSim,65.0,44.645
mp-567397,336.3785084319217,136.44508234512492,MatterSim,335.85,169.09
mp-567412,68.21896665069782,37.19227683497518,MatterSim,62.369,45.075
mp-567590,224.9221964018917,74.17392418023483,MatterSim,218.705,75.807
mp-567703,162.98222155285168,77.64238741452671,MatterSim,203.967,86.951
mp-567723,117.70610178353076,45.03317866360991,MatterSim,120.915,51.797
mp-567747,269.9822693112472,120.99395724897111,MatterSim,317.793,121.476
mp-567841,94.64628485699332,60.4715448159461,MatterSim,91.876,71.729
mp-568186,166.9636612962224,53.32497084762158,MatterSim,167.183,48.099
mp-568284,19.73595743577796,8.848831163841453,MatterSim,13.289,6.9190000000000005
mp-568286,119.89041079448366,97.40578975600648,MatterSim,118.035,88.909
mp-568388,26.6060893667328,8.67500980714151,MatterSim,3.863,2.127
mp-568430,95.43500485273036,44.99281496715224,MatterSim,93.554,30.235
mp-568631,83.05140160103744,60.15129735275806,MatterSim,92.061,53.078
mp-5688,150.03572698244298,98.038865248539,MatterSim,132.768,79.147
mp-568809,32.45672685661499,21.12638485603883,MatterSim,28.583,18.694
mp-568940,147.08097958265415,69.25287351882308,MatterSim,154.034,82.948
mp-5690,160.3664480416324,94.65504079986312,MatterSim,162.616,80.921
mp-569008,18.04640396023113,7.9177357172674,MatterSim,4.94,1.982
mp-569054,81.15558887484819,22.12162051571937,MatterSim,70.274,14.097
mp-569170,40.22395987822264,22.520966154898264,MatterSim,36.971,23.429
mp-5693,76.4677501876032,43.043032538870825,MatterSim,60.393,34.579
mp-569331,67.42049833709508,26.11493999122606,MatterSim,61.911,17.812
mp-569511,125.84892556165096,40.26720639652319,MatterSim,120.245,37.576
mp-569775,94.74219003644642,52.597481375489714,MatterSim,102.592,59.186
mp-569833,106.21570366153388,59.78264830838382,MatterSim,107.034,55.298
mp-569857,31.16944733898968,20.261463315307918,MatterSim,16.217,9.422
mp-570093,70.30838473756437,38.96792729834959,MatterSim,65.917,38.077
mp-570197,72.15720557427139,12.32931407362828,MatterSim,52.094,15.119
mp-570198,54.83071230535005,24.57090038058069,MatterSim,47.429,24.024
mp-570290,32.672393759844105,14.676794362739908,MatterSim,34.353,15.324
mp-570354,48.594980861810456,3.816319123697637,MatterSim,51.714,11.215
mp-570632,50.7852250719237,25.31137792663772,MatterSim,57.536,28.736
mp-570657,47.458207327224365,19.396039978172983,MatterSim,44.169,1.523
mp-570683,68.13081474027022,21.055804835130203,MatterSim,67.825,21.183
mp-571035,51.14725111008917,27.644006522065144,MatterSim,5.865,3.473
mp-571102,12.90095791748569,2.6262920601039585,MatterSim,13.509,5.91
mp-571147,183.47252870194748,86.10600678244607,MatterSim,187.543,76.808
mp-571160,64.9961980655442,17.51995329414781,MatterSim,64.88,19.653
mp-571193,124.54797671536164,109.49497626918364,MatterSim,137.018,116.03
mp-571247,127.82946479267464,79.50919910737609,MatterSim,135.713,98.633
mp-571443,39.39453921536898,18.553857055300305,MatterSim,35.493,22.431
mp-571622,139.24283869872608,107.79845390165292,MatterSim,132.244,33.971
mp-571655,158.63581463241604,88.85088820322957,MatterSim,116.418,28.245
mp-573316,59.5703470121878,29.06125764553817,MatterSim,22.171,10.872
mp-573755,18.027007469246826,8.553465146866717,MatterSim,9.36,3.587
mp-579496,195.8370716799164,79.44286572916742,MatterSim,206.727,98.815
mp-580357,153.40597877797003,58.98739614813874,MatterSim,149.816,48.551
mp-580364,104.8262064004604,47.24242523388845,MatterSim,104.747,14.966
mp-580886,100.39087155634746,50.21170278578154,MatterSim,22.311,12.264
mp-582034,215.40058973510332,182.51071078352973,MatterSim,213.198,187.685
mp-5869,113.07409463127492,63.11884337227205,MatterSim,112.399,61.191
mp-5916,114.03611500488913,64.03860609808775,MatterSim,106.765,58.089
mp-5921,176.09328908689693,43.2727866568025,MatterSim,192.409,53.507
mp-600561,104.52902229365462,46.32676119199539,MatterSim,106.321,41.679
mp-603,117.3996733222911,74.37864306182539,MatterSim,125.633,84.594
mp-6081,131.49714548305687,80.26800214548062,MatterSim,81.257,35.951
mp-6088,108.88834457144142,48.66155921924373,MatterSim,79.381,40.612
mp-614603,6.968513466443407,1.3262790712385528,MatterSim,8.224,4.02
mp-625054,185.65898363226603,131.23981022162886,MatterSim,106.355,79.123
mp-631388,159.7140578641787,44.419593371632125,MatterSim,157.642,17.362
mp-631412,170.42162744278016,9.627215264138412,MatterSim,167.909,24.724
mp-631523,206.37782250224484,48.50752594038168,MatterSim,201.037,21.798
mp-631547,113.69584127196244,-240.4840357211245,MatterSim,107.248,3.701
mp-631551,126.1919357065218,26.260222321565227,MatterSim,119.44,1.572
mp-6319,83.72663782490356,51.61577922012771,MatterSim,64.198,40.586
mp-636273,34.50223072775192,11.518094945554797,MatterSim,38.83,10.717
mp-640708,129.65165045046794,78.87715796846807,MatterSim,128.509,67.937
mp-643084,144.56234062552645,76.86974310750958,MatterSim,94.858,60.907
mp-643754,64.48528884564253,28.458151568578472,MatterSim,29.989,10.733
mp-644389,53.77091004379878,36.10407371869695,MatterSim,42.316,29.177
mp-6504,104.21410936822028,65.17048081125674,MatterSim,73.809,30.686
mp-6511,42.81079489368893,24.275109589011603,MatterSim,15.519,8.426
mp-6624,142.78255999652026,88.44224238831566,MatterSim,127.515,80.136
mp-6633,46.03027816165064,28.89313458667758,MatterSim,18.759,8.919
mp-6654,49.76696713357674,27.70320543033541,MatterSim,23.035,9.426
mp-669546,155.8092176380058,57.73263996665298,MatterSim,149.807,62.629
mp-672294,125.03827437075412,76.87071595205744,MatterSim,101.06,77.888
mp-672340,93.47358550988304,37.25494308766815,MatterSim,95.132,41.998
mp-674,108.93026970245712,47.2196009041156,MatterSim,109.965,45.919
mp-675104,31.353943425342425,15.827968492492015,MatterSim,20.048,8.16
mp-675172,248.6011664793318,139.1017249161556,MatterSim,208.145,120.083
mp-675798,91.23279043877744,49.75063939958269,MatterSim,71.34,32.839
mp-677105,58.65667355503757,27.022739868369165,MatterSim,58.829,26.47
mp-685935,115.86571078768272,62.11836420369948,MatterSim,60.062,35.545
mp-6947,293.24720818409764,222.8130318550934,MatterSim,272.328,201.767
mp-6951,53.68211837818644,23.32883575490037,MatterSim,55.222,22.838
mp-6954,47.68236163805674,27.57617794196632,MatterSim,48.889,29.294
mp-7,22.91053757476727,13.69553953819526,MatterSim,1.874,1.075
mp-712,67.53539172866782,31.164042015098858,MatterSim,70.25,31.833
mp-718,152.72410619988074,48.739756233073926,MatterSim,145.871,54.511
mp-720,26.852114145844503,10.494832224171532,MatterSim,6.828,4.15
mp-7283,172.39668498581597,145.92160863805256,MatterSim,170.08,155.057
mp-7285,183.3771327150708,84.06594339744767,MatterSim,176.825,75.969
mp-729,256.4297234593556,152.07998544106042,MatterSim,246.829,154.873
mp-7303,58.21605265644578,23.781055228085226,MatterSim,57.028,29.141
mp-733,136.95426663965247,95.60749627630456,MatterSim,37.861,28.881
mp-7343,66.62503718072743,28.69600166648527,MatterSim,55.615,17.134
mp-7364,94.16107599315184,35.53794792405297,MatterSim,93.089,36.257
mp-738,76.76101457119799,26.48001860595774,MatterSim,72.555,23.812
mp-7387,49.85857978416998,26.241357593427985,MatterSim,23.276,10.958
mp-739,144.51684265258217,103.38080492626882,MatterSim,139.085,90.022
mp-7424,188.5618019737265,57.30493545366928,MatterSim,173.199,46.36
mp-7430,40.65216423826633,17.07082484760845,MatterSim,39.354,20.206
mp-7435,35.005124578905274,23.270450317894355,MatterSim,35.575,21.711
mp-7436,27.539101560254917,18.44066007680691,MatterSim,29.374,17.875
mp-7469,59.89278639093638,31.84742322527105,MatterSim,47.66,22.586
mp-747,99.79769436727037,49.05168295663062,MatterSim,103.144,39.324
mp-7482,48.78788553670925,15.45448161243842,MatterSim,50.69,14.872
mp-752463,213.22209765027503,93.80812382457104,MatterSim,177.394,57.723
mp-753490,133.00589159096313,65.88022499244889,MatterSim,127.282,71.103
mp-753506,63.33790439073577,32.282968330007726,MatterSim,60.947,36.004
mp-753848,135.3929493420613,50.45240603977541,MatterSim,89.756,41.778
mp-754326,75.8496564223823,42.60210570042632,MatterSim,58.425,26.511
mp-754434,230.12798342898952,135.63162973883166,MatterSim,212.613,66.114
mp-754808,136.6079715792866,74.84160750983051,MatterSim,132.923,78.047
mp-754912,130.07724241614616,45.25780926201957,MatterSim,109.67,25.035
mp-754940,36.99672106414582,19.99697863624681,MatterSim,39.278,26.756
mp-755089,215.52825169275923,103.15892291253132,MatterSim,154.271,77.349
mp-755144,59.67965648820202,44.77040413827298,MatterSim,55.978,39.05
mp-755895,128.68993086679336,74.49809681649351,MatterSim,119.003,67.526
mp-757100,96.39020231987804,51.41929016758076,MatterSim,69.93,19.302
mp-764648,196.51099929351065,107.61339185431024,MatterSim,140.834,93.619
mp-765294,108.7694553488199,73.4485720566066,MatterSim,25.933,16.32
mp-771,96.43388903069904,54.69498177513521,MatterSim,122.529,80.027
mp-7739,69.53120166135997,30.881248450641653,MatterSim,56.113,23.869
mp-774873,95.90367615454556,58.25462012057476,MatterSim,22.146,10.683
mp-774922,108.70008360924142,53.62116124577845,MatterSim,6.146,13.893
mp-778364,87.9879211702578,48.77056921619362,MatterSim,46.367,25.335
mp-782,78.90165698522594,34.713082959543904,MatterSim,53.053,17.97
mp-7857,219.28469669975283,176.71697539223004,MatterSim,207.405,190.624
mp-7877,88.86147306403608,50.04874738684373,MatterSim,86.566,55.773
mp-7882,48.91895641033597,17.92962790108575,MatterSim,47.006,4.63
mp-7927,281.8546373732082,116.27388357309366,MatterSim,268.181,161.799
mp-794,51.36273077104728,26.880556333459506,MatterSim,43.579,23.178
mp-795,54.73726086527815,30.1129855210543,MatterSim,52.319,36.261
mp-7973,87.20563592907493,51.893449162155655,MatterSim,68.969,36.925
mp-8013,84.94810531073814,41.42545468225229,MatterSim,11.553,4.906
mp-8020,196.86911102737147,91.66649026691762,MatterSim,183.62,66.054
mp-8033,122.96652460458247,48.95805404618375,MatterSim,118.532,34.579
mp-8096,97.82444758404544,35.496234999423024,MatterSim,13.999,6.777
mp-8102,351.2667722770031,75.53798892944877,MatterSim,344.254,70.766
mp-8126,95.67256182808045,50.38499955868984,MatterSim,93.076,60.168
mp-8180,90.90773927880714,60.13239475772053,MatterSim,39.77,22.996
mp-8188,115.06544881012536,74.73846343099353,MatterSim,95.827,57.465
mp-82,24.91258239610254,6.360569792581674,MatterSim,26.378,11.153
mp-8207,213.06953508095128,105.15668853089188,MatterSim,193.672,63.614
mp-825,251.4601094003729,130.2163849518904,MatterSim,252.231,96.302
mp-839,182.7183380520646,86.26566693247257,MatterSim,186.748,75.505
mp-8399,52.56318489566282,24.866470298125563,MatterSim,53.871,24.043
mp-8401,62.392376333536106,35.726493623692456,MatterSim,62.499,36.041
mp-8409,97.21675436086493,62.764725567983234,MatterSim,78.584,46.437
mp-8439,43.574029934060455,21.494744733522936,MatterSim,39.186,22.791
mp-8539,48.81855350725395,21.27856788525617,MatterSim,41.51,23.276
mp-861182,47.39394187069604,27.23588752106163,MatterSim,24.697,14.592
mp-861460,44.69326869835684,18.14831562821181,MatterSim,42.162,17.936
mp-861629,101.59819086619385,40.83162836310265,MatterSim,102.805,43.455
mp-861735,39.395167853742535,16.033292864907885,MatterSim,39.982,10.424
mp-861736,107.09919273850448,28.246269854995568,MatterSim,107.809,33.967
mp-862290,146.5866334308367,62.89139949240421,MatterSim,145.894,65.499
mp-862335,163.06421550980193,71.03564951905848,MatterSim,160.442,59.369
mp-862423,128.88194464464362,49.88847371969646,MatterSim,123.752,53.036
mp-862445,274.92553445286296,133.4222511124994,MatterSim,268.452,143.473
mp-862602,150.09472596265084,92.49598707163392,MatterSim,146.391,94.037
mp-862610,174.62146211343685,78.98563429756429,MatterSim,174.685,62.733
mp-862656,80.43471208542556,56.41228693665285,MatterSim,76.785,56.514
mp-862684,142.9365256462445,65.26586026306929,MatterSim,145.945,59.172
mp-862692,43.40128361654622,25.08496792231694,MatterSim,43.612,18.839
mp-862702,75.98269239150534,24.72129982936427,MatterSim,79.681,32.127
mp-862713,225.5577911767669,86.85603948441259,MatterSim,227.447,99.655
mp-862716,62.246578201604365,24.289629173031816,MatterSim,66.506,24.289
mp-862725,220.2536465400125,98.26448824292052,MatterSim,219.455,89.291
mp-862769,30.008654033924515,16.48789200469379,MatterSim,19.114,12.139
mp-862791,182.22584675244715,19.80343180397684,MatterSim,185.797,298.985
mp-862795,45.0615493987141,21.16243191828696,MatterSim,44.205,19.952
mp-862797,35.156331152121574,14.018191520849603,MatterSim,36.494,17.941
mp-862800,18.4533769348123,8.841928281148576,MatterSim,2.5460000000000003,1.806
mp-862805,81.37351043856586,22.989699330647163,MatterSim,80.55,17.514
mp-863677,86.5937722721483,33.101384632728056,MatterSim,78.335,25.855
mp-863679,185.33173078337296,84.27405428285364,MatterSim,185.741,78.278
mp-863703,48.26919259358606,34.989854143577865,MatterSim,50.105,19.158
mp-863711,143.34992070371672,63.48107097496463,MatterSim,145.122,52.644
mp-863713,99.55907091527928,31.90160677906819,MatterSim,97.769,34.119
mp-863733,85.83672645268204,31.18932289323627,MatterSim,91.146,28.354
mp-864633,58.12182918922862,28.4057296684778,MatterSim,57.531,19.66
mp-864654,155.95350579919923,50.131840573862135,MatterSim,161.838,59.551
mp-864657,19.137947650136702,9.81297424324812,MatterSim,2.881,1.97
mp-864668,83.20939766874302,23.08355971623,MatterSim,82.554,18.058
mp-864684,192.79055362442935,85.86156456628947,MatterSim,189.709,80.044
mp-864756,30.814518495797653,16.416124669912683,MatterSim,30.524,17.477
mp-864758,9.964607264265352,2.626853017391433,MatterSim,13.554,5.917
mp-864765,82.54886170643053,32.38322446331717,MatterSim,43.786,17.57
mp-864770,265.33017597847225,126.75575970028714,MatterSim,265.254,131.074
mp-864787,131.8825711190377,30.567343971762032,MatterSim,56.084,47.324
mp-864804,50.88549355703502,19.196781849946763,MatterSim,52.714,4.747
mp-864840,219.6350535165457,73.66645266658576,MatterSim,218.128,77.859
mp-864857,195.29657872690265,75.36280427101384,MatterSim,192.655,69.361
mp-864897,163.72409269775392,55.524078429306506,MatterSim,162.384,48.901
mp-864904,70.2140533734584,16.091371124321647,MatterSim,73.061,16.491
mp-864916,191.11845397169537,83.4084713613828,MatterSim,187.509,87.375
mp-864922,96.41200057128395,15.271731817659406,MatterSim,94.828,25.037
mp-864924,58.769673598282594,21.562494189741965,MatterSim,58.214,23.305
mp-864927,211.82873697412543,92.0034691535424,MatterSim,217.65,103.317
mp-864933,88.48622970590064,36.19253452944422,MatterSim,88.2,20.608
mp-864981,100.2040767631308,39.89150923482747,MatterSim,99.317,32.495
mp-864987,169.81158363816655,63.02232130268906,MatterSim,168.969,55.119
mp-865025,246.4091580831242,109.86267963127575,MatterSim,244.954,109.351
mp-865110,26.939056336214165,10.298900294791768,MatterSim,24.965,13.0
mp-865145,26.889353011825865,5.284036243275817,MatterSim,27.25,8.941
mp-865195,146.35552126821025,65.45583319076219,MatterSim,147.294,55.923
mp-865248,178.37685579317926,81.28692317299912,MatterSim,179.898,73.733
mp-865308,177.92556864135815,68.65807348649247,MatterSim,171.518,52.236
mp-865324,32.11511777781992,16.05340994921258,MatterSim,3.289,2.7
mp-865357,112.3420040470995,28.749809424704043,MatterSim,111.133,44.23
mp-865376,41.00199190450631,17.78428191848254,MatterSim,43.03,26.114
mp-865382,220.4374841211585,100.6359256774354,MatterSim,221.654,89.252
mp-865433,75.44604898219302,36.61714175738034,MatterSim,74.058,20.648
mp-865469,193.96536832753972,79.22378435231548,MatterSim,193.143,78.85
mp-865472,263.15383036507166,94.91074677745956,MatterSim,258.765,107.994
mp-865499,272.36430352848924,115.33165165029564,MatterSim,275.44,129.105
mp-865563,108.69994057540882,27.464361569521454,MatterSim,111.102,18.066
mp-865797,129.51171734950884,66.77358363975121,MatterSim,127.341,69.17
mp-865799,52.05639038864911,22.99085998577457,MatterSim,55.734,36.046
mp-865810,258.5786946269632,123.44116835832877,MatterSim,257.893,119.069
mp-865895,200.1799936458613,82.27355061998006,MatterSim,203.806,74.202
mp-865897,36.10433325070351,16.449510887036833,MatterSim,35.03,19.316
mp-865926,121.86787287196692,35.52030744299224,MatterSim,123.024,48.221
mp-865932,36.997799638667054,24.982086013237424,MatterSim,46.894,33.556
mp-865944,152.8348516391624,52.056003628486266,MatterSim,152.686,51.878
mp-865964,34.44933555153598,22.519580325358827,MatterSim,34.099,27.664
mp-865995,66.1464344266937,18.799823202492107,MatterSim,70.05,15.34
mp-866020,51.272680418775785,23.37726325108592,MatterSim,50.682,25.265
mp-866067,50.23757655179836,27.24042557371852,MatterSim,50.858,21.146
mp-866087,180.32869222216564,89.99188059809342,MatterSim,179.203,75.943
mp-866115,196.83905162806093,85.94230017786882,MatterSim,193.549,99.772
mp-866120,67.5723178294427,24.89942529233825,MatterSim,66.273,29.296
mp-866132,24.722162898869986,4.156918673298081,MatterSim,24.55,18.578
mp-866139,192.8054545970931,54.06754398097144,MatterSim,189.33,65.793
mp-866155,210.50012328297976,83.49654062542122,MatterSim,209.627,91.984
mp-866161,247.59072398675863,112.0446010838039,MatterSim,251.039,128.846
mp-866204,62.42391456293811,33.33261912789223,MatterSim,66.613,21.006
mp-866227,82.4056751887131,29.760785157962346,MatterSim,82.434,27.763
mp-866295,43.91762360462828,24.40019919823268,MatterSim,43.506,22.533
mp-867170,149.25082662321026,47.71024852197794,MatterSim,151.641,153.628
mp-867202,8.052424712339523,8.448905237637563,MatterSim,11.444,6.8870000000000005
mp-867213,117.72370521036984,47.176934128306975,MatterSim,117.96,47.096
mp-867259,73.28611553292015,30.4240728574524,MatterSim,76.882,24.906
mp-867266,33.54683633446152,14.308459033153754,MatterSim,33.477,10.983
mp-867290,58.25488786752946,33.96108754771777,MatterSim,60.402,39.055
mp-867356,311.0442322230209,141.13663778931203,MatterSim,308.589,192.283
mp-867869,82.14065354556753,34.12374490982662,MatterSim,83.326,27.293
mp-867874,245.81583844224207,98.84040516508487,MatterSim,241.663,90.582
mp-867897,204.2163624838633,97.62445528006252,MatterSim,204.892,102.073
mp-8682,167.26030230445636,112.82218011146628,MatterSim,152.578,98.816
mp-87,123.71219661581122,133.3017991381846,MatterSim,120.019,133.872
mp-8874,183.36879931371809,116.96311076361,MatterSim,94.759,73.016
mp-8911,68.88620198330855,26.67249585206813,MatterSim,46.958,15.031
mp-8922,154.54228785373078,92.76352782168532,MatterSim,107.992,47.314
mp-8932,33.50768965134266,19.34219158871496,MatterSim,15.288,8.595
mp-8969,133.68012415522742,72.03373240590668,MatterSim,125.782,69.791
mp-900,137.02577824158314,35.74229444289814,MatterSim,138.031,26.75
mp-9075,93.25003620269212,38.08093818098409,MatterSim,84.837,32.065
mp-9124,56.29858546813848,30.68461858937905,MatterSim,53.606,40.964
mp-925,312.098741655345,100.24276715547072,MatterSim,316.753,162.007
mp-9295,69.73621990500797,32.07678212089891,MatterSim,34.708,19.87
mp-9304,112.00405458120566,51.1348461374978,MatterSim,82.277,38.336
mp-9325,82.90075462782985,47.72468328799143,MatterSim,51.62,31.792
mp-9330,52.80894541893225,26.3274254951074,MatterSim,11.099,6.847
mp-9387,88.41862319735938,49.824201434282784,MatterSim,86.002,53.608
mp-9565,39.97225638471589,23.184171436088576,MatterSim,39.782,26.42
mp-9569,70.66480229190053,38.71045439604496,MatterSim,66.211,45.563
mp-9574,40.81558378748813,24.02452968276217,MatterSim,34.453,23.924
mp-9577,51.58550972701121,32.53977661320448,MatterSim,49.839,35.571
mp-961656,135.6876991632577,66.921770035432,MatterSim,134.14,53.837
mp-961697,94.36139629416112,38.26455057445615,MatterSim,95.062,38.126
mp-962077,60.138146818257056,-11.3538422773857,MatterSim,68.261,5.193
mp-9665,21.11860117878777,11.815477428635145,MatterSim,16.559,7.368
mp-971669,86.66079463220015,55.75643944665965,MatterSim,100.502,47.232
mp-971738,156.76512323202095,37.2740006520704,MatterSim,155.672,56.716
mp-971744,169.63104723324585,52.3994820970385,MatterSim,183.266,51.41
mp-971837,37.1390133981942,18.12856903968346,MatterSim,38.904,17.206
mp-971909,143.10703659641229,50.348100337486784,MatterSim,149.877,0.619
mp-971996,92.18092491534004,45.983063170966,MatterSim,84.713,46.093
mp-972044,44.492185270107946,25.894679267619097,MatterSim,44.763,31.315
mp-972062,53.27653586397783,24.83051639502348,MatterSim,53.312,25.438
mp-972209,252.21595970968383,117.7731436773488,MatterSim,250.356,104.672
mp-972222,281.95059330839774,109.3111759580173,MatterSim,277.307,103.594
mp-972257,34.8217262205026,19.929776299112447,MatterSim,34.964,19.382
mp-972504,56.32488978375043,36.69488716750729,MatterSim,56.309,31.189
mp-972530,77.99463330660822,28.24648910559059,MatterSim,79.206,21.569
mp-972692,41.1160135288502,8.35353266296913,MatterSim,44.231,14.712
mp-972912,28.26044941834844,17.679284591639004,MatterSim,29.595,16.724
mp-972941,32.92154786982976,8.831540160599872,MatterSim,32.912,11.214
mp-972954,40.375893814167576,13.962317819727527,MatterSim,42.98,4.888
mp-972960,84.6070724934532,19.616576030654706,MatterSim,86.527,12.239
mp-973067,123.87478082430454,41.19622987572641,MatterSim,128.767,23.656
mp-973174,52.06992491045276,17.989095763971264,MatterSim,52.516,21.232
mp-973175,55.46632052266337,10.327109686982856,MatterSim,55.254,20.144
mp-973266,60.48637751837671,33.890821510605925,MatterSim,53.348,33.866
mp-973316,11.82519626936968,4.969733682124889,MatterSim,11.571,5.99
mp-973432,133.71848326512324,54.58685404060231,MatterSim,130.571,46.272
mp-973538,63.64992360697028,38.34311149729801,MatterSim,67.89,40.238
mp-973556,55.2253811922231,29.31356415546675,MatterSim,51.667,34.157
mp-973571,45.76800058338565,26.96315981283946,MatterSim,44.851,28.755
mp-973684,45.294276791189226,27.12519267568935,MatterSim,41.172,18.141
mp-973750,63.26533692774103,26.06430831911955,MatterSim,60.626,19.562
mp-973777,39.14161407944091,3.3665288339527484,MatterSim,43.402,0.147
mp-974061,179.39860315212772,119.25166515258329,MatterSim,178.452,117.855
mp-974464,242.74617783609136,35.35642042864155,MatterSim,162.958,27.22
mp-974832,27.15371689032257,7.7400657798504655,MatterSim,6.311,0.48
mp-974949,14.360994392886662,6.962443934558338,MatterSim,12.992,4.304
mp-974990,2.46881589288214,5.377675032604558,MatterSim,3.088,0.512
mp-975206,122.43802225640984,99.31166566525152,MatterSim,117.294,105.897
mp-975255,85.87244921089588,22.420698004569548,MatterSim,95.483,47.559
mp-975664,70.32014672800946,25.29828030901962,MatterSim,69.174,22.539
mp-975972,41.69161443542957,22.887987606379586,MatterSim,41.51,23.46
mp-976055,22.56171629883534,7.4804327663020835,MatterSim,24.671,16.433
mp-976263,28.5538399472314,21.456874062830543,MatterSim,31.347,26.561
mp-976405,33.55404319295678,11.341547334775528,MatterSim,33.418,18.579
mp-976419,101.43007896448674,-91.56679161770224,MatterSim,102.841,29.873
mp-976838,184.8989150269443,71.61406887346962,MatterSim,173.553,46.299
mp-976968,92.7481812987046,20.49998601236785,MatterSim,104.533,38.431
mp-9771,199.14387942383735,84.32613211788282,MatterSim,138.601,58.663
mp-977189,20.47050844762201,4.605825879718997,MatterSim,19.11,9.212
mp-977239,26.37315073196792,10.123867752865108,MatterSim,26.408,5.399
mp-977286,24.26233352146276,8.886392726802834,MatterSim,21.078,0.8260000000000001
mp-977399,83.8787880153614,36.725188883506775,MatterSim,84.673,40.498
mp-977403,11.801449107753069,0.2190869351017875,MatterSim,12.052,5.181
mp-977415,89.25747759544898,18.48750163745344,MatterSim,89.835,22.834
mp-977418,68.45999086446174,19.81730979909467,MatterSim,68.967,18.185
mp-977421,138.46807599623642,57.75356234418941,MatterSim,132.553,44.279
mp-977542,43.45877086642504,18.76926854497464,MatterSim,42.072,17.115
mp-977547,144.31275290168634,52.09406984580349,MatterSim,140.599,62.854
mp-977553,65.0502459541225,28.38912119995017,MatterSim,63.365,20.657
mp-977554,77.64938352253573,26.96085588701021,MatterSim,72.567,28.927
mp-978085,52.56055302024679,22.116138334872744,MatterSim,52.072,15.917
mp-978291,49.77847506863802,24.763438467472437,MatterSim,48.729,32.735
mp-978496,178.1705061539497,127.66452090399068,MatterSim,129.631,90.777
mp-978500,253.60189560656343,138.2548047652858,MatterSim,264.313,95.512
mp-978507,52.41496090236133,27.2991908585833,MatterSim,52.79,34.028
mp-978509,186.92293650138345,-107.2429748030554,MatterSim,153.635,36.773
mp-978527,56.9357562149515,28.64796407692229,MatterSim,54.144,16.825
mp-978534,69.55514241389479,54.52715335354474,MatterSim,73.122,55.607
mp-978543,56.14710357223184,27.8575175380618,MatterSim,52.76,14.781
mp-978549,57.62880216038119,32.218734592808616,MatterSim,59.305,29.737
mp-978833,58.61983949250085,32.67548889328499,MatterSim,55.99,22.726
mp-978911,63.78923250236273,24.091654283925788,MatterSim,64.962,27.122
mp-978926,143.11185633784626,58.85623554929163,MatterSim,145.68,69.014
mp-978988,66.28383759526609,23.07263402775016,MatterSim,68.08,27.068
mp-979057,58.12522540679263,27.2843680556718,MatterSim,57.911,22.245
mp-979234,37.893624758570056,20.396007973624965,MatterSim,35.996,20.299
mp-979258,65.76708000049592,23.40241568274873,MatterSim,65.115,28.297
mp-979294,110.63960861518812,52.29649770729969,MatterSim,110.647,45.527
mp-979419,43.41217417832453,22.461031556166844,MatterSim,40.892,25.48
mp-979427,59.86178511608226,33.48921295896192,MatterSim,60.525,30.364
mp-979937,39.93892180292859,16.521142529417766,MatterSim,39.52,8.177
mp-979938,26.25157782169244,14.271745032320652,MatterSim,31.688,15.305
mp-979989,48.05270006742194,22.41680149172155,MatterSim,47.651,18.544
mp-980004,101.16763393615268,48.72779606784434,MatterSim,93.932,39.1
mp-980199,53.63150543293946,24.980224737736407,MatterSim,52.438,26.151
mp-980203,306.6531000075433,102.41214152532358,MatterSim,308.449,110.247
mp-981207,52.05225307597278,25.513907742096112,MatterSim,54.772,37.631
mp-981234,38.48931295926522,15.94048108811922,MatterSim,35.777,16.544
mp-981252,39.70439581511141,-20.078196640690848,MatterSim,37.533,17.204
mp-981393,83.57154969178535,30.71829874113963,MatterSim,82.566,32.929
mp-982004,82.57945075325937,31.931009570050183,MatterSim,83.172,30.051
mp-982070,268.46015488827646,112.19613741288772,MatterSim,270.236,116.36
mp-982370,8.76682363699512,4.284055322295483,MatterSim,7.773,3.678
mp-982558,125.03209629086194,56.97817454330465,MatterSim,142.29,64.149
mp-982870,212.8726657430071,65.24284509874366,MatterSim,214.618,81.996
mp-983567,21.034928620375048,14.066868665355324,MatterSim,22.937,13.541
mp-984050,72.03538814790608,1.5793827927879698,MatterSim,73.332,26.673
mp-984352,212.36571541258,104.86555092513792,MatterSim,203.003,111.008
mp-9845,32.05969964874755,16.35344947017577,MatterSim,21.936,11.138
mp-984729,79.73756398788332,49.23921059709899,MatterSim,79.071,49.114
mp-985439,59.12621068109646,31.495299989944776,MatterSim,57.169,33.396
mp-989551,65.54975569846208,28.99179359600097,MatterSim,41.494,13.628
mp-989554,183.8922245787775,69.23217304992984,MatterSim,135.546,49.111
mp-989562,51.48228747340781,25.592036267249327,MatterSim,33.191,8.613
mp-989564,241.57882103526504,92.7788145831001,MatterSim,243.043,92.446
mp-989644,15.759803070422064,10.635017255147606,MatterSim,16.182,4.943
mp-9898,55.83027729645003,31.695573190205263,MatterSim,51.12,33.441
mp-993,91.92387073043224,43.96939208020621,MatterSim,87.052,23.018
mp-9954,127.49702084332483,74.66406610443923,MatterSim,127.118,65.141
mp-996973,68.83196221406895,26.265955636319557,MatterSim,46.181,14.739
mp-996990,84.12184653134734,44.02638189603075,MatterSim,82.961,44.442
mp-997009,87.78198879368551,42.40581412799888,MatterSim,71.713,25.176
mp-997034,80.73853082542425,42.69961133665273,MatterSim,76.627,34.529
mp-9973,274.27824635301494,223.581000249454,MatterSim,268.991,231.992
mp-997618,89.78236651565031,67.86109329129349,MatterSim,98.422,83.541
mp-998307,31.577312026632416,15.196762115265535,MatterSim,33.583,17.108
mp-999069,109.32183413400168,41.43555632671087,MatterSim,412.064,12.007
mp-999117,356.83311483611106,134.93574804175088,MatterSim,343.828,144.403
mp-999133,207.33115876743508,51.45467405223272,MatterSim,201.83,71.407
mp-999201,84.41439048866023,29.506617754669747,MatterSim,93.51,13.769
mp-999258,75.98393785031598,24.39397951114565,MatterSim,81.341,32.765
mp-999266,418.3189614748188,160.44692925467965,MatterSim,392.349,212.91
mp-999474,52.20186236190346,29.33235381133877,MatterSim,37.932,24.123
mp-999490,62.519938692081325,36.211424303788,MatterSim,45.768,27.774
mp-999495,32.836420292528814,18.33789732573021,MatterSim,29.531,6.252
mp-999545,256.331175762344,108.7634564095225,MatterSim,125.464,115.101
mp-1001788,164.48886540503992,82.12133583052325,Orb-OMAT,178.43,52.095
mp-1002069,19.304073174670737,11.917349231468519,Orb-OMAT,20.106,11.883
mp-10021,43.064191347412546,9.965955216771519,Orb-OMAT,55.429,46.698
mp-1002207,308.2469198624981,-36.178209002945565,Orb-OMAT,361.49,59.704
mp-1004526,201.17418366401958,155.7602630201907,Orb-OMAT,176.693,76.921
mp-1007693,254.84672338731252,109.47439874721768,Orb-OMAT,288.028,105.077
mp-1007824,49.59255310718192,31.150550216108773,Orb-OMAT,50.017,22.424
mp-1007855,170.411751971595,90.53705701704081,Orb-OMAT,193.048,95.457
mp-1008530,180.48988296399452,85.19796852608067,Orb-OMAT,204.053,82.704
mp-1008617,79.42349222107914,31.556943616534067,Orb-OMAT,51.549,17.035
mp-1008688,71.11972661994719,17.982934209981728,Orb-OMAT,73.05,17.188
mp-1008872,124.30151924330637,72.98934677856826,Orb-OMAT,111.271,57.648
mp-1009485,267.43396682395746,96.97130298103376,Orb-OMAT,313.927,140.253
mp-1009756,27.063991652791056,19.911711969979173,Orb-OMAT,28.076,19.418
mp-1009792,244.1667534474507,91.93011654211179,Orb-OMAT,269.305,63.474
mp-1009823,180.898799054763,56.92004494314407,Orb-OMAT,191.338,52.725
mp-10115,238.9868389146542,122.86375641433584,Orb-OMAT,255.394,120.286
mp-10134,137.13272231988307,16.091284297803913,Orb-OMAT,147.36,23.258
mp-1013548,57.25308353066948,50.39626793333755,Orb-OMAT,57.655,49.131
mp-1013549,31.890211666639054,24.102299372688854,Orb-OMAT,35.813,25.706
mp-1013555,47.83707082523792,39.18587886418323,Orb-OMAT,47.628,39.085
mp-1013588,30.63231167507414,21.299468862458177,Orb-OMAT,31.726,22.585
mp-1013710,15.641024980321763,3.1571541527129336,Orb-OMAT,3.97,6.834
mp-10139,76.53607873616296,63.14385257022884,Orb-OMAT,83.179,68.655
mp-10140,70.88115407708042,46.26395037345501,Orb-OMAT,76.574,54.498
mp-1014257,151.58188901859089,91.03180748543319,Orb-OMAT,145.73,94.61
mp-1014264,267.12978726459477,8.054713155000844,Orb-OMAT,265.131,21.11
mp-10149,43.65830302196193,13.027859399823122,Orb-OMAT,48.001,13.854
mp-1016840,194.45956377734305,40.54562609938748,Orb-OMAT,202.882,47.226
mp-1016841,156.28115838098776,50.4623964617773,Orb-OMAT,159.867,52.316
mp-1016872,165.62964218977964,40.12608071767166,Orb-OMAT,172.529,26.92
mp-1016902,148.28569195718626,50.85849743899471,Orb-OMAT,151.079,53.821
mp-1016928,234.08795577359555,136.68351153845924,Orb-OMAT,230.404,135.037
mp-1017531,208.4777473627253,113.2600167154341,Orb-OMAT,236.927,116.114
mp-1017533,134.77386578560632,77.81187975866602,Orb-OMAT,146.084,87.281
mp-1017543,168.21688300021262,78.07782571375373,Orb-OMAT,170.19,76.147
mp-1018048,141.26896560217793,77.14083682601746,Orb-OMAT,135.707,77.026
mp-1018054,209.60133297108382,102.18389151125392,Orb-OMAT,231.325,112.224
mp-1018104,73.25808222394492,29.2496332864037,Orb-OMAT,78.996,32.238
mp-1018140,82.85710633270307,38.271834834621984,Orb-OMAT,88.25,39.279
mp-1018154,95.67998531573114,38.45932831391821,Orb-OMAT,111.5,44.974
mp-10186,89.96738885608467,65.19502236968626,Orb-OMAT,94.62,49.752
mp-1018629,142.97797295006276,19.55739588634237,Orb-OMAT,153.404,20.546
mp-1018649,370.598190515033,359.4960243073912,Orb-OMAT,376.878,331.922
mp-1018657,46.80257251694241,25.92513913204988,Orb-OMAT,49.307,21.614
mp-1018699,42.903105233211654,35.36170898857199,Orb-OMAT,46.265,37.428
mp-1018849,352.87767598536436,129.18163861493625,Orb-OMAT,353.873,130.572
mp-1019097,163.00646689096934,68.68566163426355,Orb-OMAT,165.345,58.095
mp-1019262,217.7791178724293,80.17091258043155,Orb-OMAT,240.219,77.09
mp-1019266,53.52100385433009,26.090990530967158,Orb-OMAT,56.908,24.397
mp-1019272,292.0849832827631,187.79547200034332,Orb-OMAT,288.589,150.555
mp-1019279,36.83384683667487,26.32756424097819,Orb-OMAT,37.518,27.358
mp-1019280,30.159342098338616,25.152298697881566,Orb-OMAT,32.355,24.914
mp-1019359,80.27638623686295,41.53450693654598,Orb-OMAT,78.808,39.448
mp-10197,168.7316658988749,22.36829323835561,Orb-OMAT,197.527,29.097
mp-1019740,304.74940934329595,258.7768139051989,Orb-OMAT,302.943,232.977
mp-1021431,11.379158178678153,5.918429507635047,Orb-OMAT,11.698,5.876
mp-1021489,190.71349672586354,100.78285985964338,Orb-OMAT,202.01,102.231
mp-1021499,80.73675625955693,34.25841171534161,Orb-OMAT,75.852,26.749
mp-1021848,25.37247564402216,7.329179596656849,Orb-OMAT,27.035,15.503
mp-1023161,49.19589280131752,30.699669422389057,Orb-OMAT,41.748,26.463
mp-1025010,124.1115497609132,114.71949308166762,Orb-OMAT,146.818,119.851
mp-1025045,128.85331243155946,52.73633071613368,Orb-OMAT,140.178,44.998
mp-1025067,166.8927066455329,103.65440485302258,Orb-OMAT,157.22,96.466
mp-1025123,210.55617191987565,113.8476586690572,Orb-OMAT,242.745,91.914
mp-1025161,147.7557290924158,59.13670868382318,Orb-OMAT,154.477,53.791
mp-1025205,161.42854468102902,78.42887569099544,Orb-OMAT,142.796,72.317
mp-1025212,175.78249231630963,66.27623193614852,Orb-OMAT,189.205,59.621
mp-1025223,105.9769924194686,64.85653606968977,Orb-OMAT,116.342,87.932
mp-1025262,134.20226938759401,79.24042365357315,Orb-OMAT,110.881,72.64
mp-1025291,105.4179691454529,65.91033602524983,Orb-OMAT,82.772,49.134
mp-1025322,93.75662192493577,58.40002142948979,Orb-OMAT,76.389,53.225
mp-1025324,184.44043042589834,68.88877257226045,Orb-OMAT,201.214,71.228
mp-1025339,140.82662722378709,88.96221573472286,Orb-OMAT,124.98,81.239
mp-1025350,114.57089480709378,44.171831214729075,Orb-OMAT,22.211,63.614
mp-1025421,91.56277249274297,36.95937489835217,Orb-OMAT,67.594,23.832
mp-1025455,139.50448070951987,55.01386724797145,Orb-OMAT,112.151,2.313
mp-1025504,93.27295614618001,52.35648501709386,Orb-OMAT,100.012,56.193
mp-1029251,169.80624300393507,78.75057560458251,Orb-OMAT,104.541,58.104
mp-1029374,136.17517678075887,82.04845702748179,Orb-OMAT,144.299,90.866
mp-1029446,129.51031832381798,82.60469279895581,Orb-OMAT,125.73,224.054
mp-1029660,96.26911876752929,58.226539533279066,Orb-OMAT,86.996,41.251
mp-1029726,111.20906309892801,71.551639375283,Orb-OMAT,83.44,58.897
mp-10314,67.80561071862121,32.602420583075,Orb-OMAT,59.843,37.689
mp-1032,220.38450679925094,147.30974976156799,Orb-OMAT,248.908,179.27
mp-10326,140.60936204928558,66.53941521897079,Orb-OMAT,26.19,12.192
mp-1039123,18.51129677426516,3.3992686367420264,Orb-OMAT,18.586,0.454
mp-104,48.23560181858292,26.541548567164476,Orb-OMAT,32.445,20.273
mp-10435,74.8781863133887,48.45339384329815,Orb-OMAT,77.086,41.59
mp-10457,161.12519507354423,96.36011633459395,Orb-OMAT,169.282,93.146
mp-1046056,76.39280107651294,33.759167578248736,Orb-OMAT,27.729,8.573
mp-10470,207.7956360551843,117.13626021397052,Orb-OMAT,221.086,113.62
mp-10523,171.95495012822641,86.64652093682808,Orb-OMAT,148.899,56.926
mp-1056,138.506447696632,80.91631710988135,Orb-OMAT,141.499,61.887
mp-1058151,29.712445192436476,11.73440348315562,Orb-OMAT,29.74,10.827
mp-10600,53.63425013401034,33.332817124956634,Orb-OMAT,58.829,34.474
mp-10611,56.262474537518365,39.66695166667846,Orb-OMAT,60.77,39.774
mp-10622,65.14115748618202,40.94128497274122,Orb-OMAT,70.29,44.49
mp-10623,105.19404158130978,49.377175939609714,Orb-OMAT,112.537,42.792
mp-1064272,23.6388433936105,13.413919483376041,Orb-OMAT,5.642,3.789
mp-10651,91.00143062786809,70.27936059527357,Orb-OMAT,55.819,38.258
mp-10654,47.33011368020892,8.410279827153094,Orb-OMAT,50.533,5.86
mp-10659,34.35025416557518,27.221516918461713,Orb-OMAT,42.255,27.815
mp-10686,39.35829634106613,14.037191221209316,Orb-OMAT,40.135,20.058
mp-1069604,102.22531069307907,50.72639532501009,Orb-OMAT,103.918,47.82
mp-10739,199.03718782679582,102.79183140099332,Orb-OMAT,219.7,102.358
mp-10740,80.39869486158466,13.460736488211783,Orb-OMAT,94.772,50.133
mp-10759,55.95141193966795,36.851117506341296,Orb-OMAT,57.611,44.393
mp-1077353,101.31667285751091,-33.07341786200278,Orb-OMAT,156.801,90.2
mp-1077723,77.55570305500696,25.29203649273058,Orb-OMAT,88.774,28.123
mp-1078,35.920408329812034,19.75568598331586,Orb-OMAT,39.906,23.145
mp-10785,44.18482489454614,27.793515848634854,Orb-OMAT,36.241,22.803
mp-1078526,128.71083862492463,49.50392364089142,Orb-OMAT,141.771,9.952
mp-1085,219.92242736894514,6.101703948888359,Orb-OMAT,491.593,23.809
mp-10861,11.63628289467536,1.364614620448511,Orb-OMAT,7.842,1.6800000000000002
mp-10878,97.69330954253125,72.32179634554132,Orb-OMAT,32.632,62.995
mp-1089,261.0413216630797,162.2254138009015,Orb-OMAT,294.735,163.457
mp-10890,57.141976479408335,28.868510832616728,Orb-OMAT,63.994,40.501
mp-10897,106.63956661576472,58.022447558863206,Orb-OMAT,108.679,59.669
mp-1090,287.6537204968337,52.56677285610684,Orb-OMAT,78.571,36.343
mp-10953,72.3784085876613,44.427908956608825,Orb-OMAT,69.767,24.821
mp-1095591,81.20687558060808,54.24503149188691,Orb-OMAT,85.104,48.429
mp-1099,129.4503459393402,65.25666263487234,Orb-OMAT,137.06,52.238
mp-10991,86.87302493939657,55.885131241580105,Orb-OMAT,96.439,47.451
mp-1104008,55.19638421505594,33.54232330745904,Orb-OMAT,60.633,45.953
mp-1105839,203.6911614268511,126.09535344853725,Orb-OMAT,203.871,115.136
mp-11169,127.48613522000285,66.20301073663232,Orb-OMAT,96.768,48.721
mp-11181,59.56069852333382,41.19242165227176,Orb-OMAT,45.548,30.749
mp-11201,68.7467358412304,39.58142196141552,Orb-OMAT,71.045,45.625
mp-11288,28.828530445520332,14.806889568294284,Orb-OMAT,30.44,10.343
mp-1129,160.4079845934726,50.79139419845148,Orb-OMAT,166.725,79.378
mp-11293,104.29446614196931,54.23376096859101,Orb-OMAT,113.193,50.865
mp-11382,81.41745402355656,63.145030937517795,Orb-OMAT,102.413,56.671
mp-11418,60.251859986814885,26.66422517870295,Orb-OMAT,72.033,43.497
mp-11430,61.40031308353229,44.94952967766124,Orb-OMAT,62.159,35.969
mp-11465,41.92048604044559,19.68953713022053,Orb-OMAT,42.841,19.557
mp-11466,20.279722558820737,9.30886582293044,Orb-OMAT,18.769,8.158
mp-11504,75.19724164425952,44.488816575451374,Orb-OMAT,80.961,48.083
mp-11506,210.43594941206374,99.75422443402995,Orb-OMAT,214.444,91.253
mp-11516,197.19029763919923,-4.463570868479875,Orb-OMAT,228.567,155.083
mp-11523,151.62776477271444,17.534986525867552,Orb-OMAT,163.22,17.165
mp-11547,77.8192666632864,36.36059453682812,Orb-OMAT,81.983,25.047
mp-11549,164.13905528129962,75.38239242109721,Orb-OMAT,192.283,78.469
mp-11564,103.30335274376031,47.72612621255362,Orb-OMAT,118.772,47.637
mp-11576,52.87476792361769,7.153518654278439,Orb-OMAT,32.524,25.063
mp-1164,125.82924323074032,76.09724990158284,Orb-OMAT,97.603,71.668
mp-11736,241.15446042101064,145.9749046908226,Orb-OMAT,222.449,101.928
mp-11755,63.64357986620434,40.502697800487915,Orb-OMAT,64.762,37.541
mp-1180046,53.929526730051286,40.87317885111568,Orb-OMAT,12.339,26.828
mp-11806,78.8830946376783,36.768532290788485,Orb-OMAT,86.934,37.269
mp-11807,110.02154905277142,53.19528496500736,Orb-OMAT,113.442,51.982
mp-1189355,125.22233365358575,77.729522218466,Orb-OMAT,91.797,31.336
mp-1189451,320.16213868056184,312.1659211633393,Orb-OMAT,310.237,292.421
mp-1190680,37.03739293157283,31.19858431516649,Orb-OMAT,14.053,4.908
mp-1190751,57.20631509902602,38.22725940825258,Orb-OMAT,18.333,0.288
mp-1190841,124.23547673471738,57.89979668442927,Orb-OMAT,136.052,48.153
mp-1190963,124.86260365048345,79.7574455830729,Orb-OMAT,155.341,79.573
mp-11919,106.42161242490519,83.00814165685546,Orb-OMAT,104.82,68.742
mp-11957,79.8855198720925,34.10848061807776,Orb-OMAT,75.338,38.941
mp-1196116,211.24255151406265,193.87537306484566,Orb-OMAT,226.401,195.537
mp-1205309,52.937552856806306,32.03557671816213,Orb-OMAT,43.817,32.433
mp-12107,212.38761781254212,101.55532362175019,Orb-OMAT,238.047,106.959
mp-12120,261.81459009308327,145.96211358793573,Orb-OMAT,293.289,175.639
mp-1215198,223.84016455856874,231.06802436142624,Orb-OMAT,232.951,193.022
mp-1215209,237.16280870770194,211.0623972510529,Orb-OMAT,268.949,221.721
mp-1216295,324.7574297411129,163.56398560522825,Orb-OMAT,354.771,132.178
mp-1217818,261.858202992866,224.76732069666988,Orb-OMAT,293.658,224.962
mp-1219,32.42934306527744,18.844189689364786,Orb-OMAT,35.919,24.771
mp-1219553,32.273332090571756,25.200621849987563,Orb-OMAT,11.822,7.082
mp-1223677,331.7565172920581,206.81323423465295,Orb-OMAT,354.211,214.796
mp-1223860,307.89939377903744,186.80356622832295,Orb-OMAT,326.804,201.523
mp-1224263,230.3555858655793,231.24603705092042,Orb-OMAT,247.465,250.862
mp-1226242,267.30728721455046,177.13509236974292,Orb-OMAT,301.097,201.556
mp-1235,197.46004694604906,87.1849456635955,Orb-OMAT,227.385,82.089
mp-12385,143.10918862395218,89.9300003415944,Orb-OMAT,135.914,80.852
mp-12403,78.83163981415791,50.971927490013364,Orb-OMAT,14.836,7.539
mp-12480,142.53863604232973,76.6632225227175,Orb-OMAT,149.536,69.61
mp-12524,153.39508938785679,99.24697995983132,Orb-OMAT,158.714,171.783
mp-12532,49.352833798017194,25.182983750586207,Orb-OMAT,36.776,13.319
mp-12557,53.966131603231915,38.429735352552996,Orb-OMAT,57.771,39.629
mp-12648,122.77613106647706,143.23336429583424,Orb-OMAT,126.701,144.287
mp-12734,102.67995535741449,51.68465169463161,Orb-OMAT,109.306,61.07
mp-12736,206.02024859128792,87.76289108149733,Orb-OMAT,202.448,51.366
mp-12737,204.19930136599058,86.15523844793101,Orb-OMAT,201.495,52.887
mp-1274,145.88196285984523,51.74049473509436,Orb-OMAT,165.111,50.421
mp-12750,63.97487273121088,28.6277902379132,Orb-OMAT,68.822,24.776
mp-1280,60.86371509833479,19.077160399955748,Orb-OMAT,65.928,20.06
mp-12806,47.60443271644026,24.062541913295135,Orb-OMAT,49.734,21.715
mp-1281,237.38491439870023,119.37106107866231,Orb-OMAT,273.207,126.573
mp-129,212.4155505590698,119.78225209254096,Orb-OMAT,262.529,117.048
mp-12906,83.39381279692347,47.94762086835684,Orb-OMAT,47.647,29.98
mp-12923,106.91784268552468,49.39348516807028,Orb-OMAT,98.247,31.257
mp-12927,97.54190868171546,70.27274266271682,Orb-OMAT,98.183,62.055
mp-12953,55.19017295952825,24.381240419888464,Orb-OMAT,47.341,18.114
mp-12962,98.87950441076026,57.545245348391475,Orb-OMAT,111.254,59.351
mp-13051,30.345347913184415,25.06488957762553,Orb-OMAT,30.437,17.973
mp-13061,144.28758498348273,84.10661759864587,Orb-OMAT,140.624,43.654
mp-13082,193.42966308315866,114.61123135511926,Orb-OMAT,220.339,98.352
mp-13150,105.00728626417755,76.00767913573455,Orb-OMAT,94.626,71.023
mp-13181,124.02659005131355,11.14633885058018,Orb-OMAT,125.291,12.21
mp-132,15.769313225113427,10.30145517177347,Orb-OMAT,17.349,10.874
mp-13240,102.66516050435222,49.07364220310732,Orb-OMAT,114.133,60.675
mp-13270,43.18679705940865,21.174575320181685,Orb-OMAT,48.592,15.092
mp-1330,256.61075690157526,219.76246294287847,Orb-OMAT,252.764,216.097
mp-13363,221.1678833972486,72.16840608972326,Orb-OMAT,203.951,59.761
mp-1340758,159.77710043359252,83.17586704854017,Orb-OMAT,118.951,56.266
mp-13525,107.56259673200667,39.958413512567766,Orb-OMAT,111.539,36.26
mp-1359,232.32704742090817,94.98576812197376,Orb-OMAT,258.818,109.754
mp-1368,96.16293657997993,48.80549612058311,Orb-OMAT,105.749,32.407
mp-137,64.2305039138832,41.72735961471032,Orb-OMAT,53.667,42.715
mp-1371,61.022293754514195,25.545385938182477,Orb-OMAT,64.308,23.339
mp-13798,50.280256825603246,21.168408374748157,Orb-OMAT,37.066,18.04
mp-13852,183.49209657983516,136.86866125810195,Orb-OMAT,174.776,82.389
mp-1386610,134.8071013614679,78.8143523276388,Orb-OMAT,107.769,46.162
mp-13914,140.0729615694341,94.17354226485712,Orb-OMAT,154.032,97.165
mp-13944,120.27974895574094,112.32498319263088,Orb-OMAT,102.784,99.981
mp-1413688,104.06303109020062,53.88449262104602,Orb-OMAT,39.182,13.302
mp-1427,156.3231990289975,96.26755735013815,Orb-OMAT,156.458,73.089
mp-14791,49.167603422289666,31.592096645990775,Orb-OMAT,25.98,21.48
mp-1497,267.455174306756,121.0401604070932,Orb-OMAT,289.035,146.051
mp-1500,40.81947951282386,23.852487613986707,Orb-OMAT,41.171,24.774
mp-15226,274.66793666309576,174.2687157515074,Orb-OMAT,295.098,142.003
mp-1534,87.1132097336051,34.40538122188212,Orb-OMAT,93.243,42.129
mp-1546,36.77013320549552,22.309561525013535,Orb-OMAT,41.005,24.698
mp-1547,127.86958445476009,62.035390808295666,Orb-OMAT,120.17,60.39
mp-15617,252.1836708518439,182.08470219909748,Orb-OMAT,290.926,196.282
mp-15624,26.64457525774888,21.417660585677424,Orb-OMAT,27.607,19.874
mp-1565,230.739763444533,112.03147960669156,Orb-OMAT,235.389,103.516
mp-15679,154.3708784843767,84.82641106797493,Orb-OMAT,161.139,76.351
mp-1569,198.45130854910713,218.38707831664604,Orb-OMAT,200.504,228.81
mp-15697,29.66844351135983,24.852913906518975,Orb-OMAT,31.995,22.573
mp-15779,116.36908529502011,69.51134370786119,Orb-OMAT,124.71,74.315
mp-15781,46.6101425292546,26.552596430646314,Orb-OMAT,37.153,20.828
mp-15819,117.80916467532977,81.97691798512835,Orb-OMAT,114.667,64.797
mp-1594,159.93551547201292,53.600890819426375,Orb-OMAT,173.653,44.062
mp-1595,191.10907230463016,91.71943461929226,Orb-OMAT,135.559,49.941
mp-1597,182.59895331239593,81.67745272720427,Orb-OMAT,206.152,92.078
mp-16045,159.26240302110534,70.67658761800858,Orb-OMAT,163.16,61.104
mp-16271,34.82130902097358,15.347192758018112,Orb-OMAT,36.538,0.834
mp-16290,182.70700028367742,68.3443409597211,Orb-OMAT,194.302,54.987
mp-16314,100.77413189245398,59.30072984805396,Orb-OMAT,103.205,49.592
mp-16343,38.39116471763447,29.961826969286115,Orb-OMAT,37.377,33.386
mp-1638,43.18498775155821,42.716974279796666,Orb-OMAT,47.886,32.398
mp-1639,364.1463546906824,362.58106956419203,Orb-OMAT,373.617,379.418
mp-16488,102.72528700844654,69.40686679652084,Orb-OMAT,107.487,72.22
mp-16755,65.67197626613147,44.48063586036576,Orb-OMAT,21.873,14.885
mp-16828,165.7873140530263,117.61877563882241,Orb-OMAT,64.468,39.327
mp-16886,82.96369605289611,17.059799739032872,Orb-OMAT,93.631,26.46
mp-169,116.88931188114977,91.4110502537742,Orb-OMAT,115.697,80.084
mp-16919,95.44662822264876,55.71799798183732,Orb-OMAT,85.427,45.222
mp-1716,235.52862587532195,143.55347004578303,Orb-OMAT,233.122,105.314
mp-17332,61.79060939669698,39.95962957669997,Orb-OMAT,70.414,68.245
mp-1743,178.95882060654534,97.39595546680158,Orb-OMAT,152.527,85.16
mp-1778,205.34432732197342,153.9204693679184,Orb-OMAT,207.897,153.975
mp-1779,62.19023643854073,18.343502012090457,Orb-OMAT,39.676,26.05
mp-1793,100.99838941441469,55.877989732419294,Orb-OMAT,105.452,37.599
mp-1820,102.3707945072743,33.08260357000206,Orb-OMAT,62.187,44.285
mp-1821,108.82008223522669,73.58747823757261,Orb-OMAT,23.208,17.056
mp-1878,121.85972407264634,139.95030050931928,Orb-OMAT,125.555,129.905
mp-1910,140.43331907255177,62.57789539292616,Orb-OMAT,146.347,65.083
mp-1918,159.98998019793163,50.92175923324278,Orb-OMAT,198.729,74.969
mp-19747,80.27235975731172,30.81111467289875,Orb-OMAT,57.203,17.818
mp-19782,71.8936219232208,44.79641371937988,Orb-OMAT,76.971,43.513
mp-19857,94.94176203923477,58.177052283120126,Orb-OMAT,82.846,48.364
mp-19934,69.25020204355654,27.956491833086506,Orb-OMAT,79.546,30.741
mp-19940,141.64363221231713,105.86751821481933,Orb-OMAT,138.579,86.366
mp-19991,46.68037590416632,23.705450621673116,Orb-OMAT,47.85,24.856
mp-20049,111.17705417334275,72.05393286093796,Orb-OMAT,71.576,51.439
mp-20125,73.69698248385008,29.442309392899485,Orb-OMAT,101.405,15.334
mp-20136,25.871747427004344,15.190772022230204,Orb-OMAT,24.299,13.484
mp-20206,64.63192894286874,38.500683424473046,Orb-OMAT,65.84,31.631
mp-2025,122.15977569691954,127.61172459592852,Orb-OMAT,130.956,120.416
mp-20257,88.56486417188302,31.184133165721754,Orb-OMAT,87.148,28.112
mp-2025704,41.8322084119036,19.742285639670463,Orb-OMAT,9.903,6.9190000000000005
mp-20261,52.620419378062415,29.203335393079545,Orb-OMAT,32.669,19.199
mp-20268,144.54551005736758,81.0658978056359,Orb-OMAT,150.678,68.935
mp-2030,160.71607369719263,127.24654944754379,Orb-OMAT,172.042,121.491
mp-20337,144.16272245108155,73.33044678167792,Orb-OMAT,118.685,34.182
mp-20340,105.77603757365078,67.68610817276296,Orb-OMAT,109.129,53.655
mp-20395,176.65753119957745,87.17434590915772,Orb-OMAT,183.377,76.499
mp-20457,70.29052058789279,33.39123006439258,Orb-OMAT,73.875,38.448
mp-20487,34.51270568128596,15.605061384112677,Orb-OMAT,40.212,15.802
mp-2052,81.87022072344648,47.61989069646014,Orb-OMAT,85.701,51.516
mp-20541,184.37699501565078,123.29194527626986,Orb-OMAT,206.579,103.941
mp-20554,44.62248579994835,20.320038206896424,Orb-OMAT,42.952,14.658
mp-2056,118.41991815140732,61.75691512058507,Orb-OMAT,105.255,47.072
mp-20563,84.05715889773981,40.09298369932936,Orb-OMAT,76.172,35.045
mp-2065,35.06835833543853,36.89614419994368,Orb-OMAT,60.377,34.361
mp-20674,118.27242394153035,65.53858370804983,Orb-OMAT,107.52,55.659
mp-20695,85.38621838344943,51.394315171222566,Orb-OMAT,96.578,51.211
mp-20698,93.15349018192626,57.54228102386894,Orb-OMAT,48.848,30.049
mp-2090,161.76939911821938,83.79798120820848,Orb-OMAT,189.836,91.403
mp-20913,88.45159741106804,62.43439275076579,Orb-OMAT,90.78,13.408
mp-2098,188.37175720436025,25.96897539145507,Orb-OMAT,192.391,31.442
mp-20994,246.06673509874548,137.69714783706704,Orb-OMAT,255.403,113.66
mp-21023,171.48238970854644,113.82390731965855,Orb-OMAT,157.86,116.018
mp-2105,129.68459802370498,93.81265631695629,Orb-OMAT,143.703,95.21
mp-2114,148.248335752429,118.72664751637893,Orb-OMAT,159.077,120.831
mp-21167,189.99515131241714,60.78521327727561,Orb-OMAT,191.012,38.833
mp-21237,157.30408347790828,86.80596505992186,Orb-OMAT,156.743,83.056
mp-21253,34.941854070959295,7.684333964969563,Orb-OMAT,17.65,12.637
mp-21260,91.16524540832162,60.7001578819723,Orb-OMAT,95.179,53.266
mp-213,53.084977490535906,6.575854827145867,Orb-OMAT,55.058,18.707
mp-2131,77.5873342758885,48.20616892184853,Orb-OMAT,39.156,20.283
mp-21347,274.51737491656144,147.67917824717472,Orb-OMAT,299.575,177.92
mp-21382,74.97912053168082,51.309595525939805,Orb-OMAT,75.399,46.845
mp-21422,127.87737653121573,69.3685413625644,Orb-OMAT,141.273,58.224
mp-21433,78.18417184184293,50.10444936113747,Orb-OMAT,81.218,52.977
mp-21440,166.8256251463201,117.84606406223891,Orb-OMAT,189.979,93.389
mp-21469,143.36689851707715,58.82185463042737,Orb-OMAT,178.311,71.09
mp-21495,183.94295164433254,136.82332826172396,Orb-OMAT,238.171,144.123
mp-21847,51.71185834530753,20.5040657411045,Orb-OMAT,9.764,10.135
mp-21873,116.82884816247086,67.67558283616336,Orb-OMAT,105.659,57.182
mp-21879,136.52633615293425,69.27474694777787,Orb-OMAT,137.231,62.307
mp-21894,81.24776160563923,44.61133931434443,Orb-OMAT,69.115,46.562
mp-21910,35.310769290038785,6.766150730412885,Orb-OMAT,32.77,10.085
mp-2210,102.62449941102108,30.9528778562078,Orb-OMAT,105.385,29.697
mp-2214,37.11177276793763,21.201097440746892,Orb-OMAT,44.234,24.287
mp-22144,212.44791747596054,109.56999200176895,Orb-OMAT,175.354,107.734
mp-2215,76.02132796440864,40.714020888810154,Orb-OMAT,77.59,33.498
mp-22152,62.4511393932992,41.45484857651913,Orb-OMAT,48.294,33.541
mp-22240,113.87096582142924,92.31121124681982,Orb-OMAT,106.766,78.122
mp-22255,26.16591184865238,15.895898721684897,Orb-OMAT,13.936,8.246
mp-2226,82.26510361287129,33.56153490277488,Orb-OMAT,91.251,34.497
mp-22260,81.00847962112726,73.49682976991495,Orb-OMAT,112.507,71.503
mp-22396,178.42150497963488,83.60837981977741,Orb-OMAT,187.702,102.86
mp-22440,159.04241705606916,89.03406176287903,Orb-OMAT,158.407,84.508
mp-22631,260.8616608433168,99.62282898977062,Orb-OMAT,246.43,87.348
mp-2264,73.37776710758742,51.96924602253202,Orb-OMAT,80.602,54.614
mp-22687,31.300084771583016,17.99612211821265,Orb-OMAT,33.333,16.521
mp-22717,59.82309600772608,25.349859868356507,Orb-OMAT,59.191,25.46
mp-22739,35.422484006657655,40.22651632147793,Orb-OMAT,56.257,27.532
mp-2280,75.50255080325495,23.159756450584624,Orb-OMAT,74.484,24.776
mp-22864,77.21670235241916,35.221015747014796,Orb-OMAT,82.069,26.028
mp-22877,44.20717007165051,25.303209255579475,Orb-OMAT,10.488,9.518
mp-22914,47.21030795541447,16.2402397924537,Orb-OMAT,56.095,10.104
mp-22924,26.701341259668336,15.217597911128623,Orb-OMAT,29.484,12.854
mp-22958,58.262393785488065,38.00563714874401,Orb-OMAT,19.057,10.994
mp-22962,25.349446134057537,13.048604538494063,Orb-OMAT,13.373,7.225
mp-22967,34.449920196753126,14.852787663082436,Orb-OMAT,25.291,16.303
mp-22971,45.22529151576862,27.45041982561842,Orb-OMAT,7.311,3.768
mp-22972,45.65080593885405,27.301294947927904,Orb-OMAT,36.09,8.571
mp-23002,85.4650793235689,38.46592512303698,Orb-OMAT,25.612,14.541
mp-23029,16.601947227851277,9.83069285384585,Orb-OMAT,6.988,0.965
mp-23037,21.22448830485672,9.47232172779302,Orb-OMAT,21.823,9.296
mp-23084,76.49070261011371,38.217987755317836,Orb-OMAT,43.224,17.959
mp-23085,54.82043940067632,28.867474854117955,Orb-OMAT,45.518,22.391
mp-23087,191.46637456883164,140.33659918416967,Orb-OMAT,133.058,94.309
mp-23153,9.415378319514817,6.262579062303627,Orb-OMAT,4.837,3.174
mp-23197,16.15843228691842,6.211092854883153,Orb-OMAT,16.52,6.535
mp-23229,45.23056411505571,20.869402103099983,Orb-OMAT,9.771,6.402
mp-23281,23.049590947160837,12.085352371858852,Orb-OMAT,3.21,2.106
mp-23282,32.737271009971685,18.31794404452906,Orb-OMAT,3.862,2.612
mp-2330,117.8989815279755,69.36228438118047,Orb-OMAT,68.479,42.182
mp-23302,10.847505108374532,5.5244111354473615,Orb-OMAT,11.14,5.547
mp-23339,80.8722074957606,50.89904925315706,Orb-OMAT,27.038,16.231
mp-23406,32.47950946558105,18.882686018123735,Orb-OMAT,8.616,4.775
mp-23499,30.42485172425909,15.981410161517612,Orb-OMAT,11.298,5.661
mp-2349989,163.76487880096718,72.45789387184006,Orb-OMAT,117.29,40.927
mp-2354,106.58246678922362,73.45088517521002,Orb-OMAT,118.442,68.833
mp-2360,43.30572869208063,34.60887196330354,Orb-OMAT,48.071,33.926
mp-23684,62.95104573419383,40.87296576170179,Orb-OMAT,25.163,12.017
mp-2369,98.32522491920993,42.745305409018435,Orb-OMAT,97.577,39.635
mp-23764,142.35952064626667,98.41419159136056,Orb-OMAT,63.515,35.137
mp-24092,67.43086957176449,56.88511804835517,Orb-OMAT,68.537,47.226
mp-24152,78.43579816476891,63.08041540318756,Orb-OMAT,86.522,55.883
mp-24202,103.98446307462939,76.60371724191748,Orb-OMAT,81.272,42.175
mp-2420227,76.92748665870901,52.58817656313992,Orb-OMAT,47.823,44.806
mp-24390,146.0350067515972,101.64143672333866,Orb-OMAT,72.678,39.173
mp-246,102.07440329160211,44.82066834016133,Orb-OMAT,102.198,30.021
mp-24659,114.25467301913255,83.02732292313961,Orb-OMAT,108.814,61.069
mp-2466,91.23699980627268,42.42995858773689,Orb-OMAT,103.81,43.716
mp-2468835,129.20151807811348,114.88149044356432,Orb-OMAT,129.576,91.595
mp-24834,111.15959613295486,82.65855352648143,Orb-OMAT,24.063,10.798
mp-2489,152.67382887940533,53.88685992228384,Orb-OMAT,178.518,29.992
mp-2506699,77.5116544771748,51.716055905806144,Orb-OMAT,49.604,21.994
mp-2507,56.48965546411962,41.161611047236704,Orb-OMAT,18.273,12.041
mp-2536,248.00861365300963,104.76425925096443,Orb-OMAT,238.119,98.426
mp-2540,211.95142310460298,119.98705255142843,Orb-OMAT,254.937,125.024
mp-2542,208.76737563124348,167.49849767726596,Orb-OMAT,208.037,156.717
mp-2580,239.0127376626625,195.46952287964334,Orb-OMAT,263.884,198.028
mp-2598,136.34689817727394,76.86582692450796,Orb-OMAT,105.592,60.636
mp-2614,102.31615534861609,68.06469069450326,Orb-OMAT,106.503,83.451
mp-2634,308.83647761228247,201.41961435847287,Orb-OMAT,312.566,209.5
mp-2639,22.416287473829613,11.961482838961038,Orb-OMAT,21.088,11.725
mp-2646,41.999543383346506,25.798287185284945,Orb-OMAT,42.369,17.743
mp-2661,43.47313911123129,34.37647132539999,Orb-OMAT,44.145,30.984
mp-2667,9.475380088719023,5.94170686026451,Orb-OMAT,10.059,6.1370000000000005
mp-2676,149.1449158731287,102.19551453965526,Orb-OMAT,167.518,119.142
mp-2695851,79.4478385305603,30.536001509687168,Orb-OMAT,77.064,16.08
mp-2713,123.03368550438573,25.349988964255342,Orb-OMAT,140.411,56.862
mp-27194,22.99109645609281,12.679153566799478,Orb-OMAT,9.95,1.628
mp-27418,62.08172710062327,34.71100489817232,Orb-OMAT,46.429,18.352
mp-27421,62.391339353306634,32.12708178961092,Orb-OMAT,13.584,6.409
mp-27438,35.78140516691027,15.655153791858721,Orb-OMAT,27.664,15.95
mp-27455,34.73008176681251,16.606990164663685,Orb-OMAT,5.717,3.334
mp-2758,39.602765528449844,26.66093769612427,Orb-OMAT,41.256,27.097
mp-27679,31.00593705809102,14.513861664011221,Orb-OMAT,12.532,4.615
mp-2776,65.72146968303204,25.92111334323565,Orb-OMAT,65.975,11.065
mp-27762,86.43795369889585,49.220703399228995,Orb-OMAT,21.314,16.394
mp-2781,104.79698389161406,34.039892957199235,Orb-OMAT,110.671,32.904
mp-2784,19.776176710953592,12.702337125008329,Orb-OMAT,19.229,11.389
mp-27861,218.3496843891474,115.04323019543739,Orb-OMAT,177.68,97.153
mp-27882,26.2192444235307,15.234514072811933,Orb-OMAT,8.703,4.521
mp-27989,27.079540989992203,16.07422716725324,Orb-OMAT,3.927,2.16
mp-28,39.27419589895885,42.17299475364229,Orb-OMAT,39.338,33.95
mp-2800,132.01005015046104,78.90180928115907,Orb-OMAT,129.573,100.19
mp-2816,37.03824533801259,18.78400771618655,Orb-OMAT,45.139,17.053
mp-28174,30.694260022726482,15.684465742509406,Orb-OMAT,2.346,2.36
mp-2819,36.865677458429715,1.0729466516654034,Orb-OMAT,37.644,2.024
mp-28497,22.887933745355912,12.875621656562796,Orb-OMAT,17.295,7.552
mp-2851,93.9081462691144,56.99623131815239,Orb-OMAT,99.681,47.367
mp-28929,38.39583270412312,21.226988798047632,Orb-OMAT,10.461,5.307
mp-28938,67.8421226579935,41.56303551293341,Orb-OMAT,12.425,8.64
mp-29025,30.34477658223695,22.057525519042514,Orb-OMAT,26.516,16.903
mp-2909,91.07756522695172,38.422896784374224,Orb-OMAT,87.429,39.228
mp-29136,70.88398832122442,37.94136022259092,Orb-OMAT,63.615,27.585
mp-29151,37.733057152636654,31.250045821052602,Orb-OMAT,38.043,26.953
mp-29153,145.22921840895592,73.51061101812094,Orb-OMAT,157.834,82.497
mp-2917,111.64964507698586,77.88906742271632,Orb-OMAT,119.315,75.813
mp-2929431,8.805094141071471,6.274785269892759,Orb-OMAT,1.785,1.164
mp-2931,162.9271585154272,114.0478710213402,Orb-OMAT,110.301,71.679
mp-2949,93.79469047041026,47.780763259035325,Orb-OMAT,80.39,40.148
mp-2959,66.06154119798914,41.99502061077259,Orb-OMAT,46.567,22.518
mp-2960,145.25339464170497,66.13279615674615,Orb-OMAT,148.752,64.218
mp-29656,50.38300263854233,20.758165906300903,Orb-OMAT,47.47,15.999
mp-29661,184.75236388443693,80.63691040808632,Orb-OMAT,180.761,70.297
mp-29736,74.41281958187994,51.253396645699084,Orb-OMAT,81.107,56.76
mp-29752,188.4220408818893,68.89994169237481,Orb-OMAT,195.587,57.888
mp-29873,23.513622998211464,10.671194152042046,Orb-OMAT,19.054,7.96
mp-2988,75.71889133051974,32.75590202984138,Orb-OMAT,81.563,35.873
mp-3006,65.17595588227536,36.79099317841203,Orb-OMAT,5.488,5.003
mp-30062,27.68825621563606,15.896513883100054,Orb-OMAT,8.763,4.908
mp-3011,142.2053390467498,73.55365204380799,Orb-OMAT,145.97,68.15
mp-3018,112.39997849579046,83.66677937119519,Orb-OMAT,118.634,73.221
mp-30343,73.57157009011583,17.71562042239399,Orb-OMAT,77.989,14.93
mp-30344,39.141306369396574,18.596956853050486,Orb-OMAT,43.023,15.372
mp-30406,39.646864167481574,12.48070429869589,Orb-OMAT,45.771,8.488
mp-30423,120.8804181990686,35.11159490641065,Orb-OMAT,125.266,26.935
mp-30434,24.9040531229836,17.4547405307301,Orb-OMAT,25.239,17.206
mp-30455,86.15089130012447,49.75044878677144,Orb-OMAT,90.608,40.665
mp-30483,31.249951911649816,16.555895420772693,Orb-OMAT,32.099,14.606
mp-30494,57.83280779146337,27.7418503632957,Orb-OMAT,61.151,29.259
mp-3050,181.35298962476276,121.5322787544662,Orb-OMAT,170.395,103.015
mp-30500,79.64128421536199,33.9267200802801,Orb-OMAT,81.552,26.541
mp-30507,216.90117530985583,91.70554238065337,Orb-OMAT,231.621,101.532
mp-30578,94.65111640320788,42.71504032378873,Orb-OMAT,107.72,23.276
mp-30595,166.6855103537468,68.891367285118,Orb-OMAT,177.039,63.304
mp-30613,55.944981383717376,35.3818140762956,Orb-OMAT,60.804,37.354
mp-30650,42.875273670817094,22.81100000726467,Orb-OMAT,45.747,25.13
mp-30717,9.524679111234649,6.379547246058447,Orb-OMAT,11.826,4.929
mp-30779,37.734633835352646,23.9128671645855,Orb-OMAT,39.515,26.455
mp-3078,59.000550308997795,36.874656822838666,Orb-OMAT,58.932,31.08
mp-30805,55.62647234266463,28.1817693044091,Orb-OMAT,51.162,24.888
mp-30819,115.54862137446628,54.33977186632152,Orb-OMAT,124.378,59.706
mp-30820,76.90109723961324,38.04566558791481,Orb-OMAT,80.792,39.204
mp-30834,55.62170306950885,24.99064117121998,Orb-OMAT,56.392,13.412
mp-30835,187.6654975281225,68.34504167451195,Orb-OMAT,205.117,73.846
mp-30866,251.65465283743973,133.71914754655612,Orb-OMAT,282.841,137.344
mp-30867,123.64470539170225,65.30038376006247,Orb-OMAT,148.847,55.613
mp-30882,95.63576235499052,66.17576552864195,Orb-OMAT,105.49,65.278
mp-309,78.1474699240269,36.70153789414501,Orb-OMAT,83.938,36.124
mp-30921,50.318730974404424,27.717441958143006,Orb-OMAT,56.904,8.761
mp-31072,76.41965431263705,36.8857458804183,Orb-OMAT,72.813,302.329
mp-31160,43.80007795850283,37.64077868592572,Orb-OMAT,46.54,37.248
mp-31330,80.38371072897488,26.200164446342104,Orb-OMAT,91.094,44.34
mp-31442,65.78654768144644,26.958324689465442,Orb-OMAT,70.882,25.237
mp-31459,141.55158151841658,51.57562756063538,Orb-OMAT,165.084,66.374
mp-315,67.64782477416951,27.41022121477568,Orb-OMAT,67.722,24.288
mp-3161,57.59247162269826,51.21735386968754,Orb-OMAT,63.069,55.349
mp-3166,193.74113516166224,110.12759817639743,Orb-OMAT,183.234,94.675
mp-3194,80.03078344290537,59.11021208988362,Orb-OMAT,86.815,65.462
mp-3301,126.79442518621744,60.78672435426039,Orb-OMAT,133.933,53.071
mp-3307,97.14466104833835,63.28323207705804,Orb-OMAT,43.4,19.34
mp-3370,160.99721198713766,99.32507350991901,Orb-OMAT,164.271,91.448
mp-3376,113.95114531583532,73.16329478245926,Orb-OMAT,108.931,63.505
mp-3378,163.3494819090027,107.000631367552,Orb-OMAT,155.349,92.483
mp-3384,189.29274520714148,127.25002954652955,Orb-OMAT,173.762,105.755
mp-3400,127.87132923903981,91.74897547468613,Orb-OMAT,141.054,96.788
mp-3405,177.35252740012518,126.16043226061066,Orb-OMAT,152.126,69.533
mp-3411,106.15543368315083,62.365213782808596,Orb-OMAT,34.649,15.825
mp-3416,75.5848707430397,47.48052312245878,Orb-OMAT,50.993,28.155
mp-34169,48.32957589058294,26.843030621901654,Orb-OMAT,28.627,17.702
mp-3470,179.21316300284425,129.38520763371116,Orb-OMAT,97.725,67.421
mp-3497,81.21100711186826,31.21954574613326,Orb-OMAT,50.47,19.147
mp-3498,143.65840086264802,49.592421798236686,Orb-OMAT,128.242,22.94
mp-3501,82.40567377797544,68.13144059548375,Orb-OMAT,98.162,58.284
mp-3534,44.29640366940428,20.36441751614196,Orb-OMAT,22.025,15.452
mp-3536,190.81143076233158,132.38650494147362,Orb-OMAT,182.861,98.235
mp-3556,135.68339644109017,81.61108287824568,Orb-OMAT,127.607,70.856
mp-35717,57.427676762867755,35.04597907406497,Orb-OMAT,46.015,30.614
mp-3581,114.34915279511809,84.78444790767321,Orb-OMAT,62.712,47.917
mp-3582,154.61062052848789,117.85896051661109,Orb-OMAT,157.751,104.546
mp-3584,177.50299821357635,115.72516806904315,Orb-OMAT,114.656,55.684
mp-36086,167.93692367200822,116.68928036101234,Orb-OMAT,104.609,90.318
mp-364,179.0782414750846,98.2034322848196,Orb-OMAT,194.408,98.81
mp-370,70.58928981013746,31.08361017583174,Orb-OMAT,71.97,33.755
mp-3707,159.67380548221834,105.52603638335302,Orb-OMAT,121.058,25.3
mp-3771,184.7449731335676,113.38944315112983,Orb-OMAT,161.087,74.471
mp-37906,98.08584490874641,88.43742259122801,Orb-OMAT,98.683,82.964
mp-3881,74.54613012079108,32.073448179430464,Orb-OMAT,57.665,23.691
mp-3909,136.92899391517602,70.8051089847429,Orb-OMAT,162.789,79.114
mp-3960,170.97598281667024,75.11765312361062,Orb-OMAT,137.995,54.77
mp-39681,170.66974444383584,93.80021866777176,Orb-OMAT,103.839,32.797
mp-4022,146.1308873450976,104.61180553968296,Orb-OMAT,167.087,95.112
mp-4026,66.04327198141493,40.21075576563207,Orb-OMAT,55.286,34.149
mp-4051,145.38015608478855,92.29187757543866,Orb-OMAT,17.002,30.589
mp-4071,187.50673500950833,133.0031473923856,Orb-OMAT,194.285,139.105
mp-408,49.707145630039044,39.56795101795949,Orb-OMAT,49.429,42.782
mp-4091,255.6218159770744,132.33276438816645,Orb-OMAT,278.976,141.689
mp-4175,64.75782698778423,42.71563240473929,Orb-OMAT,64.548,39.275
mp-425,137.36453695694442,137.84677393142124,Orb-OMAT,153.466,127.484
mp-4275,124.07860227430562,57.987991554610254,Orb-OMAT,127.742,55.498
mp-428,40.407046161001574,25.221367472011877,Orb-OMAT,38.445,27.868
mp-4283,117.04507141288512,64.15854510227707,Orb-OMAT,117.105,61.786
mp-4300,174.38228194949775,107.99907945748912,Orb-OMAT,88.802,30.327
mp-4322,153.81968696255112,98.7033307911454,Orb-OMAT,144.516,89.475
mp-4354,62.80176096202588,19.55877307762463,Orb-OMAT,38.486,13.208
mp-437,74.18083990490791,36.04974313703116,Orb-OMAT,81.405,25.035
mp-438,75.86995619685365,46.13235306646195,Orb-OMAT,74.377,36.021
mp-4458,134.63948984827036,90.87958640720453,Orb-OMAT,149.607,76.62
mp-4652,128.59532581545733,35.82002838618142,Orb-OMAT,151.048,28.127
mp-4692,131.2164387305645,75.87439931624088,Orb-OMAT,114.571,73.379
mp-4697,73.44838095232265,51.313929887956085,Orb-OMAT,72.426,33.234
mp-4738,55.766543402857565,34.56246183319038,Orb-OMAT,64.503,39.785
mp-474,77.88816998698289,47.291753477239624,Orb-OMAT,98.282,38.227
mp-4768,109.72203927074266,60.147950316096484,Orb-OMAT,94.667,58.471
mp-477,66.168097075968,55.25764266314396,Orb-OMAT,71.852,53.193
mp-4805,118.75633896167463,66.37243690711536,Orb-OMAT,112.425,60.067
mp-4823,48.8087115019894,26.082741471771495,Orb-OMAT,47.04,22.117
mp-4864,40.10012368198554,30.514218045933124,Orb-OMAT,40.739,28.662
mp-4876,32.03593283496137,14.018293033108964,Orb-OMAT,14.239,6.494
mp-495,61.14865411466506,33.80381714479019,Orb-OMAT,68.978,43.84
mp-4962,116.66118879556058,73.51727966782829,Orb-OMAT,113.942,77.053
mp-4988,40.23123335257544,19.175506966622176,Orb-OMAT,8.873,5.635
mp-4999,120.88184627788105,70.70454595980685,Orb-OMAT,111.275,67.306
mp-500,92.6030363537359,53.97623738937172,Orb-OMAT,23.348,15.826
mp-5022,158.8543832861714,97.97498635979818,Orb-OMAT,156.818,77.629
mp-5038,32.77508136181893,18.243117203481926,Orb-OMAT,12.848,6.173
mp-505517,201.1403298052432,115.03487000819993,Orb-OMAT,183.851,108.317
mp-505540,168.47312489747762,93.39706817816558,Orb-OMAT,176.642,76.463
mp-505804,85.55486097664277,45.63136795783841,Orb-OMAT,90.931,51.886
mp-505822,187.54796408864087,103.76575067222348,Orb-OMAT,189.963,75.142
mp-5068,74.45090487708106,42.13186873464803,Orb-OMAT,79.781,39.479
mp-5072,29.069122135655178,16.81104280409596,Orb-OMAT,23.964,11.792
mp-5075,189.4963825739875,116.20361529974458,Orb-OMAT,177.226,121.093
mp-510374,67.26639619322818,44.033416604203495,Orb-OMAT,78.507,46.696
mp-510403,50.79636636443878,29.954133398324473,Orb-OMAT,98.6,31.19
mp-510441,115.78364741560785,45.76529919436294,Orb-OMAT,121.073,39.147
mp-5200,161.93746879945007,80.16202420741082,Orb-OMAT,169.867,73.418
mp-5251,90.73427370113242,58.611706968429324,Orb-OMAT,66.517,33.929
mp-5259,78.44820773400926,48.77756705222533,Orb-OMAT,45.534,28.532
mp-5292,107.68374471171897,61.78040141807711,Orb-OMAT,115.307,57.367
mp-530274,179.0344389988835,97.67885205228488,Orb-OMAT,184.943,107.776
mp-534,260.53498329063666,244.86766632905696,Orb-OMAT,246.599,159.851
mp-5392,161.92240137491115,115.08776151169748,Orb-OMAT,111.352,65.679
mp-5407,159.64455126788638,83.59890916660402,Orb-OMAT,179.963,98.873
mp-540839,15.638653810864602,8.600070611275653,Orb-OMAT,9.811,4.607
mp-541449,46.05024626313564,31.184050526102023,Orb-OMAT,12.438,8.261
mp-541487,73.50516417340192,32.4441854320369,Orb-OMAT,22.482,14.331
mp-541627,81.4493225509646,38.9775863130565,Orb-OMAT,18.725,8.879
mp-541840,128.25544877947206,58.03993093122684,Orb-OMAT,117.411,41.047
mp-541895,116.48039199384256,82.83224155365673,Orb-OMAT,36.443,20.662
mp-541989,71.2823369872695,44.66229039654681,Orb-OMAT,39.851,19.095
mp-542106,117.04222454554618,40.25231958571492,Orb-OMAT,126.402,39.637
mp-542170,138.25128045592788,84.56890260989971,Orb-OMAT,141.033,66.176
mp-542264,119.33786550731689,69.30185124862035,Orb-OMAT,74.92,34.761
mp-546500,64.35661707024494,38.72886342780842,Orb-OMAT,27.617,12.586
mp-546679,172.38178133283245,115.39096465671959,Orb-OMAT,174.661,105.689
mp-5478,129.01345678493652,54.68789862842289,Orb-OMAT,139.649,38.327
mp-5486,85.58129026623602,59.614952039826136,Orb-OMAT,97.787,55.112
mp-5492,126.7076288987684,85.93861222451372,Orb-OMAT,79.915,43.078
mp-549490,190.1229405783312,110.32761649131477,Orb-OMAT,139.204,85.723
mp-550008,148.25640497026254,71.26240787605344,Orb-OMAT,148.262,71.889
mp-552738,104.7242115919062,58.04477477604397,Orb-OMAT,68.302,37.095
mp-5532,132.19550092874493,86.85543512040347,Orb-OMAT,127.094,75.758
mp-5540,223.6279885596326,161.6584157031954,Orb-OMAT,147.126,118.908
mp-554134,12.765310304583355,5.954294533285284,Orb-OMAT,3.861,1.184
mp-554573,150.82224249712192,102.58490127180906,Orb-OMAT,24.084,37.443
mp-554973,68.08008381842485,25.637076599097345,Orb-OMAT,70.161,25.725
mp-555434,147.79876155695354,116.4392355360613,Orb-OMAT,91.699,51.804
mp-555483,174.3283884842278,102.62899178134965,Orb-OMAT,119.344,43.519
mp-556004,73.3817634011418,42.08049090613385,Orb-OMAT,38.546,25.265
mp-556075,129.9247335444133,83.87684001346028,Orb-OMAT,113.78,63.877
mp-556084,56.37150510549293,39.52858042577692,Orb-OMAT,15.73,8.247
mp-556242,110.49089311970437,59.27957026004001,Orb-OMAT,100.271,49.604
mp-557559,32.76833908908937,18.797496059268575,Orb-OMAT,0.876,0.398
mp-5577,124.9612305491537,71.8229900684777,Orb-OMAT,129.851,65.086
mp-558110,64.15995350267792,35.91576050339872,Orb-OMAT,5.928,13.215
mp-558518,64.02117254151551,30.276751816384568,Orb-OMAT,30.804,22.279
mp-558733,290.98408378724963,225.47111007567088,Orb-OMAT,263.994,193.946
mp-5589,65.48323216020782,57.6318614070739,Orb-OMAT,77.447,47.371
mp-561442,181.99703140970337,107.75202814847967,Orb-OMAT,169.817,95.728
mp-561664,82.93042334245717,49.50410322930397,Orb-OMAT,11.814,7.157
mp-562517,150.8095248684741,99.06348353754301,Orb-OMAT,76.691,49.081
mp-5639,192.60346070236724,141.67595830825618,Orb-OMAT,173.178,116.187
mp-567089,104.85004921793364,49.37500860600455,Orb-OMAT,81.33,33.51
mp-567181,147.5931032196045,48.64465568451257,Orb-OMAT,161.195,47.288
mp-567220,124.89222916142296,72.3157984695366,Orb-OMAT,122.772,69.177
mp-567305,67.63848074216675,52.416603889389236,Orb-OMAT,65.0,44.645
mp-567397,305.0934121573151,143.55946234966854,Orb-OMAT,335.85,169.09
mp-567412,56.327566273119935,41.99198753434758,Orb-OMAT,62.369,45.075
mp-567590,208.04843212268548,60.3086938151598,Orb-OMAT,218.705,75.807
mp-567703,161.49856314161764,75.5028709990007,Orb-OMAT,203.967,86.951
mp-567723,110.38074574768856,52.55787824896366,Orb-OMAT,120.915,51.797
mp-567747,221.80112146890087,104.83707224958223,Orb-OMAT,317.793,121.476
mp-567841,99.11048204075114,71.15687915017783,Orb-OMAT,91.876,71.729
mp-568186,152.59891797990156,39.80173093200912,Orb-OMAT,167.183,48.099
mp-568284,20.775410882161797,10.515149922255366,Orb-OMAT,13.289,6.9190000000000005
mp-568286,116.22403213141635,95.76072252616376,Orb-OMAT,118.035,88.909
mp-568388,24.675061047202565,13.462243773450233,Orb-OMAT,3.863,2.127
mp-568430,79.7860419763851,26.839545401049918,Orb-OMAT,93.554,30.235
mp-568631,77.55672464099825,59.08281404843463,Orb-OMAT,92.061,53.078
mp-5688,143.75194231282396,99.95595608210303,Orb-OMAT,132.768,79.147
mp-568809,29.757216572650176,22.484026713560034,Orb-OMAT,28.583,18.694
mp-568940,139.30698326683972,77.1711130465824,Orb-OMAT,154.034,82.948
mp-5690,163.380818591221,97.84794008114334,Orb-OMAT,162.616,80.921
mp-569008,20.761097894256913,13.471172229362956,Orb-OMAT,4.94,1.982
mp-569054,71.20394045705957,16.365355568193944,Orb-OMAT,70.274,14.097
mp-569170,35.58009671759467,24.4145607907036,Orb-OMAT,36.971,23.429
mp-5693,75.80881597917553,46.18038009200759,Orb-OMAT,60.393,34.579
mp-569331,65.81751762638437,24.883370727767247,Orb-OMAT,61.911,17.812
mp-569511,115.54472042560614,47.17422353047445,Orb-OMAT,120.245,37.576
mp-569775,87.39511758137057,61.68497961173754,Orb-OMAT,102.592,59.186
mp-569833,97.78987250851225,56.4960082316826,Orb-OMAT,107.034,55.298
mp-569857,31.102409549614116,20.98251872357942,Orb-OMAT,16.217,9.422
mp-570093,61.73906553092572,29.95887174401899,Orb-OMAT,65.917,38.077
mp-570197,69.21314884653353,16.2180030205501,Orb-OMAT,52.094,15.119
mp-570198,51.08674455918903,24.347156209556303,Orb-OMAT,47.429,24.024
mp-570290,33.786805359593195,15.03651317846555,Orb-OMAT,34.353,15.324
mp-570354,49.24253222505402,11.287910509606402,Orb-OMAT,51.714,11.215
mp-570632,53.603315427213566,26.678183310160613,Orb-OMAT,57.536,28.736
mp-570657,42.664887305592416,20.18983367192821,Orb-OMAT,44.169,1.523
mp-570683,62.03961376434823,26.312748344776626,Orb-OMAT,67.825,21.183
mp-571035,51.422801908695085,27.507006276836776,Orb-OMAT,5.865,3.473
mp-571102,12.727330223521475,5.631242038061197,Orb-OMAT,13.509,5.91
mp-571147,170.89126510893922,94.50354975382295,Orb-OMAT,187.543,76.808
mp-571160,59.47812859374909,12.572393143128975,Orb-OMAT,64.88,19.653
mp-571193,150.1490904412518,114.52430890334607,Orb-OMAT,137.018,116.03
mp-571247,128.1892083730031,98.16812432450662,Orb-OMAT,135.713,98.633
mp-571443,32.670733800638516,21.56783132561682,Orb-OMAT,35.493,22.431
mp-571622,126.08011646268217,117.83537011561067,Orb-OMAT,132.244,33.971
mp-571655,149.6414872933161,97.75753633507105,Orb-OMAT,116.418,28.245
mp-573316,58.29836210618976,28.088463637139334,Orb-OMAT,22.171,10.872
mp-573755,18.765625453514065,8.249467218501085,Orb-OMAT,9.36,3.587
mp-579496,188.90505318265852,79.46768476341809,Orb-OMAT,206.727,98.815
mp-580357,139.0939061575912,54.5575801027829,Orb-OMAT,149.816,48.551
mp-580364,95.36057809544933,43.22473930902007,Orb-OMAT,104.747,14.966
mp-580886,99.46317194284893,52.5681483021124,Orb-OMAT,22.311,12.264
mp-582034,204.08437539720458,194.32438244812022,Orb-OMAT,213.198,187.685
mp-5869,112.13205514568752,65.02129639465743,Orb-OMAT,112.399,61.191
mp-5916,140.55072801608205,79.28190263711049,Orb-OMAT,106.765,58.089
mp-5921,171.9937277362493,64.89559898425959,Orb-OMAT,192.409,53.507
mp-600561,101.38009548327841,49.80346749801856,Orb-OMAT,106.321,41.679
mp-603,116.53602762628682,80.81499440211282,Orb-OMAT,125.633,84.594
mp-6081,129.32971587804536,81.12054719830316,Orb-OMAT,81.257,35.951
mp-6088,104.66854703455505,50.4125110494355,Orb-OMAT,79.381,40.612
mp-614603,7.671936502024068,3.738074207635964,Orb-OMAT,8.224,4.02
mp-625054,187.07924128225702,134.93670219222855,Orb-OMAT,106.355,79.123
mp-631388,150.90877760606676,53.505306662902896,Orb-OMAT,157.642,17.362
mp-631412,148.5448367554735,-3.4230280951113374,Orb-OMAT,167.909,24.724
mp-631523,181.59332146496018,56.95020327213497,Orb-OMAT,201.037,21.798
mp-631547,95.96212312739188,22.063075919018754,Orb-OMAT,107.248,3.701
mp-631551,103.67335651978166,31.666810620179255,Orb-OMAT,119.44,1.572
mp-6319,84.03043055342353,52.00860342349497,Orb-OMAT,64.198,40.586
mp-636273,37.46094863627492,7.421815518737277,Orb-OMAT,38.83,10.717
mp-640708,124.75021051760032,79.29610803731646,Orb-OMAT,128.509,67.937
mp-643084,142.77008885479688,78.21521720906921,Orb-OMAT,94.858,60.907
mp-643754,61.267299761313126,31.489750264870203,Orb-OMAT,29.989,10.733
mp-644389,49.711238139125925,34.33097763421453,Orb-OMAT,42.316,29.177
mp-6504,105.78530280222031,68.12787152464854,Orb-OMAT,73.809,30.686
mp-6511,40.495514829299125,23.73599282510747,Orb-OMAT,15.519,8.426
mp-6624,141.02765617254084,86.91195127658,Orb-OMAT,127.515,80.136
mp-6633,45.11123685903169,28.48697464841368,Orb-OMAT,18.759,8.919
mp-6654,50.99122514708942,27.32101397497603,Orb-OMAT,23.035,9.426
mp-669546,147.21139759041296,62.564018657756066,Orb-OMAT,149.807,62.629
mp-672294,118.85518264471085,81.74842237694727,Orb-OMAT,101.06,77.888
mp-672340,87.27475406388658,37.49993615798969,Orb-OMAT,95.132,41.998
mp-674,106.41787762162598,47.57353024627628,Orb-OMAT,109.965,45.919
mp-675104,29.89019630172609,16.14921149200787,Orb-OMAT,20.048,8.16
mp-675172,240.46304650448695,142.50572374387104,Orb-OMAT,208.145,120.083
mp-675798,92.7921095219356,50.39858523027351,Orb-OMAT,71.34,32.839
mp-677105,57.87573169107184,28.519485026320478,Orb-OMAT,58.829,26.47
mp-685935,114.6160607916555,62.99955128390556,Orb-OMAT,60.062,35.545
mp-6947,294.8532855246307,227.47559359554234,Orb-OMAT,272.328,201.767
mp-6951,56.37002836836728,23.501152224347283,Orb-OMAT,55.222,22.838
mp-6954,46.54168012932995,31.00831978736209,Orb-OMAT,48.889,29.294
mp-7,29.628145363220614,18.47389277738606,Orb-OMAT,1.874,1.075
mp-712,65.5466567340182,37.568075600689234,Orb-OMAT,70.25,31.833
mp-718,133.41862967029493,58.21491096439529,Orb-OMAT,145.871,54.511
mp-720,28.5503311056701,10.580901386519152,Orb-OMAT,6.828,4.15
mp-7283,159.66721569034812,158.78684718664726,Orb-OMAT,170.08,155.057
mp-7285,172.41152098489982,90.07213405884772,Orb-OMAT,176.825,75.969
mp-729,233.18716858250667,125.1811680986321,Orb-OMAT,246.829,154.873
mp-7303,50.20310833955831,27.715438759142554,Orb-OMAT,57.028,29.141
mp-733,138.89416521079835,96.73680774571102,Orb-OMAT,37.861,28.881
mp-7343,58.92096554221386,24.73175500708726,Orb-OMAT,55.615,17.134
mp-7364,88.66505018204512,37.52870313210885,Orb-OMAT,93.089,36.257
mp-738,70.85559912129155,25.808571513257217,Orb-OMAT,72.555,23.812
mp-7387,49.65417475197597,26.073878234937904,Orb-OMAT,23.276,10.958
mp-739,138.36956629795134,97.39762459077456,Orb-OMAT,139.085,90.022
mp-7424,180.35836506225314,58.57839840328721,Orb-OMAT,173.199,46.36
mp-7430,41.40822513910893,22.31249342082133,Orb-OMAT,39.354,20.206
mp-7435,34.08564446750911,22.684488276169496,Orb-OMAT,35.575,21.711
mp-7436,27.846397573052695,19.277797095562722,Orb-OMAT,29.374,17.875
mp-7469,60.7698440060757,32.55064910624369,Orb-OMAT,47.66,22.586
mp-747,100.9244347175525,40.05416769137431,Orb-OMAT,103.144,39.324
mp-7482,51.36133164290946,14.98336785984217,Orb-OMAT,50.69,14.872
mp-752463,220.31591959545375,98.74524268429278,Orb-OMAT,177.394,57.723
mp-753490,122.75333651875967,65.53186845166444,Orb-OMAT,127.282,71.103
mp-753506,61.16238424711549,33.96506581193484,Orb-OMAT,60.947,36.004
mp-753848,131.89393404797417,50.548717476736,Orb-OMAT,89.756,41.778
mp-754326,70.08759699828242,41.530917401982855,Orb-OMAT,58.425,26.511
mp-754434,221.25578044001617,141.36336519569772,Orb-OMAT,212.613,66.114
mp-754808,137.6728162342832,79.97974388871353,Orb-OMAT,132.923,78.047
mp-754912,123.65347741525349,70.42633696899249,Orb-OMAT,109.67,25.035
mp-754940,37.623281874102545,25.889553658050954,Orb-OMAT,39.278,26.756
mp-755089,208.60910660814397,105.21708246400317,Orb-OMAT,154.271,77.349
mp-755144,53.42692284922382,45.33567905692984,Orb-OMAT,55.978,39.05
mp-755895,123.16961385576383,76.93080834740164,Orb-OMAT,119.003,67.526
mp-757100,88.23896145126815,57.755207377555685,Orb-OMAT,69.93,19.302
mp-764648,181.40476962279,116.83842210570148,Orb-OMAT,140.834,93.619
mp-765294,107.3858581172609,74.95915795205283,Orb-OMAT,25.933,16.32
mp-771,115.4027279821996,85.63065043156743,Orb-OMAT,122.529,80.027
mp-7739,71.13025347614953,31.862902116001145,Orb-OMAT,56.113,23.869
mp-774873,97.44402135225619,58.54479493287009,Orb-OMAT,22.146,10.683
mp-774922,110.41537443653972,55.011528335334624,Orb-OMAT,6.146,13.893
mp-778364,88.72842835336346,49.5165398016027,Orb-OMAT,46.367,25.335
mp-782,75.71617216581308,30.643461994430456,Orb-OMAT,53.053,17.97
mp-7857,188.29041431470023,181.22322949113112,Orb-OMAT,207.405,190.624
mp-7877,79.27992992418336,54.88904479333266,Orb-OMAT,86.566,55.773
mp-7882,46.06990461911762,24.03938562348227,Orb-OMAT,47.006,4.63
mp-7927,276.3685684842709,150.6040571518188,Orb-OMAT,268.181,161.799
mp-794,49.98812687338937,25.982181937424876,Orb-OMAT,43.579,23.178
mp-795,51.61905709504591,35.236958604405785,Orb-OMAT,52.319,36.261
mp-7973,82.30764317282741,51.77263966894165,Orb-OMAT,68.969,36.925
mp-8013,84.24692087136133,40.878023127947316,Orb-OMAT,11.553,4.906
mp-8020,173.1232911221527,79.95514425785623,Orb-OMAT,183.62,66.054
mp-8033,123.57737408732453,44.26758307461166,Orb-OMAT,118.532,34.579
mp-8096,93.9172961770103,30.36489977341162,Orb-OMAT,13.999,6.777
mp-8102,313.2329286401141,110.77181808042359,Orb-OMAT,344.254,70.766
mp-8126,87.44493923007059,54.09321135118809,Orb-OMAT,93.076,60.168
mp-8180,94.6203625980981,60.91631975786556,Orb-OMAT,39.77,22.996
mp-8188,112.50291374473555,74.65208174870578,Orb-OMAT,95.827,57.465
mp-82,22.34835897405838,1.3424761615797602,Orb-OMAT,26.378,11.153
mp-8207,198.0872972532253,114.26605223515776,Orb-OMAT,193.672,63.614
mp-825,238.40151725643565,119.26820749831582,Orb-OMAT,252.231,96.302
mp-839,162.41217725030174,78.38418449958935,Orb-OMAT,186.748,75.505
mp-8399,55.706911670246896,24.969485695383916,Orb-OMAT,53.871,24.043
mp-8401,61.82929696955769,36.70077328901085,Orb-OMAT,62.499,36.041
mp-8409,90.93766814533076,62.073196978269245,Orb-OMAT,78.584,46.437
mp-8439,42.74371599257945,29.28308240371165,Orb-OMAT,39.186,22.791
mp-8539,43.37616860523829,25.898254597593503,Orb-OMAT,41.51,23.276
mp-861182,46.94314964601104,29.521475527268883,Orb-OMAT,24.697,14.592
mp-861460,38.91095990016797,17.285533540511455,Orb-OMAT,42.162,17.936
mp-861629,94.89820433945405,38.537689980414385,Orb-OMAT,102.805,43.455
mp-861735,34.76554090387633,9.967319039352375,Orb-OMAT,39.982,10.424
mp-861736,96.31129406085483,17.861678275004255,Orb-OMAT,107.809,33.967
mp-862290,133.35300116532878,55.494509583858765,Orb-OMAT,145.894,65.499
mp-862335,147.9509704663065,57.78893887931904,Orb-OMAT,160.442,59.369
mp-862423,110.8781765805434,48.792961068836846,Orb-OMAT,123.752,53.036
mp-862445,244.19753544114423,140.92333136217817,Orb-OMAT,268.452,143.473
mp-862602,135.76339452744503,86.66333019624615,Orb-OMAT,146.391,94.037
mp-862610,162.38715847753286,73.32628287250013,Orb-OMAT,174.685,62.733
mp-862656,72.10458651046748,59.672923303801404,Orb-OMAT,76.785,56.514
mp-862684,134.91062534156896,59.71032986967546,Orb-OMAT,145.945,59.172
mp-862692,36.767926945279015,22.464894249414467,Orb-OMAT,43.612,18.839
mp-862702,73.53221029746997,34.2743240518776,Orb-OMAT,79.681,32.127
mp-862713,203.41812980499563,104.17500923820508,Orb-OMAT,227.447,99.655
mp-862716,58.599599964255106,23.367925900066258,Orb-OMAT,66.506,24.289
mp-862725,192.2989602729086,94.17538480481565,Orb-OMAT,219.455,89.291
mp-862769,33.542668770728824,16.10577952596369,Orb-OMAT,19.114,12.139
mp-862791,173.43050843330374,-146.7097260695598,Orb-OMAT,185.797,298.985
mp-862795,43.99908109658061,24.00885473108406,Orb-OMAT,44.205,19.952
mp-862797,35.037710928125676,19.100545277386466,Orb-OMAT,36.494,17.941
mp-862800,12.549539914538045,9.061403462738692,Orb-OMAT,2.5460000000000003,1.806
mp-862805,72.98964269707383,18.44159230384828,Orb-OMAT,80.55,17.514
mp-863677,78.96926203149955,36.131787479052385,Orb-OMAT,78.335,25.855
mp-863679,166.07410562193695,82.50097264989331,Orb-OMAT,185.741,78.278
mp-863703,45.74052077966059,17.46007531954289,Orb-OMAT,50.105,19.158
mp-863711,128.3782951468165,61.82229187511951,Orb-OMAT,145.122,52.644
mp-863713,86.99933538909895,27.51278359920469,Orb-OMAT,97.769,34.119
mp-863733,80.82831190252665,27.316775301642302,Orb-OMAT,91.146,28.354
mp-864633,53.10164833290774,20.424711059966334,Orb-OMAT,57.531,19.66
mp-864654,147.79713521198835,63.84173463666189,Orb-OMAT,161.838,59.551
mp-864657,18.277012869826876,10.339929834408498,Orb-OMAT,2.881,1.97
mp-864668,74.8008559033302,18.93401948883325,Orb-OMAT,82.554,18.058
mp-864684,169.77285742821778,79.76566027867352,Orb-OMAT,189.709,80.044
mp-864756,48.47317746725035,29.7361481008761,Orb-OMAT,30.524,17.477
mp-864758,12.12012892129887,5.422626393784696,Orb-OMAT,13.554,5.917
mp-864765,84.26905197480703,33.19796854693366,Orb-OMAT,43.786,17.57
mp-864770,228.86566031852456,132.89278710614104,Orb-OMAT,265.254,131.074
mp-864787,109.2687219419842,27.467791215128866,Orb-OMAT,56.084,47.324
mp-864804,46.50560226753764,19.007476478993162,Orb-OMAT,52.714,4.747
mp-864840,189.36431087948077,72.29475893102341,Orb-OMAT,218.128,77.859
mp-864857,173.94363060534874,54.938417611973286,Orb-OMAT,192.655,69.361
mp-864897,142.4052591800326,51.130358711913665,Orb-OMAT,162.384,48.901
mp-864904,70.34911430874547,18.69927069454034,Orb-OMAT,73.061,16.491
mp-864916,168.19312993479292,79.0940564212834,Orb-OMAT,187.509,87.375
mp-864922,84.52361452049608,23.17036882300413,Orb-OMAT,94.828,25.037
mp-864924,53.90182752413476,29.49100545668569,Orb-OMAT,58.214,23.305
mp-864927,193.13199544105566,98.31721852220576,Orb-OMAT,217.65,103.317
mp-864933,81.14513390521277,30.52273187847174,Orb-OMAT,88.2,20.608
mp-864981,90.16740544082887,35.2850927364358,Orb-OMAT,99.317,32.495
mp-864987,151.60553881795252,73.23529936625245,Orb-OMAT,168.969,55.119
mp-865025,219.07982365469314,114.36066285259204,Orb-OMAT,244.954,109.351
mp-865110,18.823099956846068,7.730623651253793,Orb-OMAT,24.965,13.0
mp-865145,27.726505636378114,1.2769558644845236,Orb-OMAT,27.25,8.941
mp-865195,129.54037572301283,64.34596512759586,Orb-OMAT,147.294,55.923
mp-865248,160.10084094406463,78.08108349489787,Orb-OMAT,179.898,73.733
mp-865308,160.87429313173848,66.51264312552179,Orb-OMAT,171.518,52.236
mp-865324,29.628358337822398,16.061535443852232,Orb-OMAT,3.289,2.7
mp-865357,103.50580537919,39.27936769099657,Orb-OMAT,111.133,44.23
mp-865376,37.28418448853496,21.639179089297897,Orb-OMAT,43.03,26.114
mp-865382,190.96300949852815,96.70606444056473,Orb-OMAT,221.654,89.252
mp-865433,66.45413633993864,32.65759788935033,Orb-OMAT,74.058,20.648
mp-865469,161.33170051821048,82.46262495223273,Orb-OMAT,193.143,78.85
mp-865472,229.72254161868952,106.31655140390916,Orb-OMAT,258.765,107.994
mp-865499,224.24223309968738,118.6129519405199,Orb-OMAT,275.44,129.105
mp-865563,98.14143944000008,14.734111302775093,Orb-OMAT,111.102,18.066
mp-865797,113.04311479775241,67.6617134306834,Orb-OMAT,127.341,69.17
mp-865799,69.93324092457408,32.17469259859014,Orb-OMAT,55.734,36.046
mp-865810,221.29082745767116,127.79222077193272,Orb-OMAT,257.893,119.069
mp-865895,188.12534545516598,82.91023769111676,Orb-OMAT,203.806,74.202
mp-865897,30.976361230676847,29.252433065291328,Orb-OMAT,35.03,19.316
mp-865926,115.07130556664833,46.97153946265747,Orb-OMAT,123.024,48.221
mp-865932,38.37975378402139,29.020091601590195,Orb-OMAT,46.894,33.556
mp-865944,140.57267511322294,47.683352836349876,Orb-OMAT,152.686,51.878
mp-865964,31.767359206565004,32.22776851602055,Orb-OMAT,34.099,27.664
mp-865995,84.33840597970249,22.02150092884601,Orb-OMAT,70.05,15.34
mp-866020,57.24222945091391,22.781857573939433,Orb-OMAT,50.682,25.265
mp-866067,45.86150468415963,22.456123486601992,Orb-OMAT,50.858,21.146
mp-866087,166.03841952537172,82.22256039647506,Orb-OMAT,179.203,75.943
mp-866115,174.0017439801631,102.28975140658515,Orb-OMAT,193.549,99.772
mp-866120,58.50258990267506,29.19654977442575,Orb-OMAT,66.273,29.296
mp-866132,19.731613277583087,14.974051124244884,Orb-OMAT,24.55,18.578
mp-866139,179.69229159384722,60.123118910392954,Orb-OMAT,189.33,65.793
mp-866155,187.01459296323478,92.34695414046745,Orb-OMAT,209.627,91.984
mp-866161,230.44823991063708,130.64730956817078,Orb-OMAT,251.039,128.846
mp-866204,60.407239155786925,23.59258354274101,Orb-OMAT,66.613,21.006
mp-866227,71.80550113494209,28.646317953320434,Orb-OMAT,82.434,27.763
mp-866295,37.04932378613241,24.607191558205276,Orb-OMAT,43.506,22.533
mp-867170,143.53112048282665,7.543661686539744,Orb-OMAT,151.641,153.628
mp-867202,10.748206958569682,7.118124320682005,Orb-OMAT,11.444,6.8870000000000005
mp-867213,105.59249158270202,37.334773171974554,Orb-OMAT,117.96,47.096
mp-867259,70.68025284488178,28.25490954672723,Orb-OMAT,76.882,24.906
mp-867266,31.76873434201952,15.247499671396366,Orb-OMAT,33.477,10.983
mp-867290,63.49521765472997,41.58331533341869,Orb-OMAT,60.402,39.055
mp-867356,272.9138700143182,183.9911071621316,Orb-OMAT,308.589,192.283
mp-867869,77.23470187411152,28.744978748264387,Orb-OMAT,83.326,27.293
mp-867874,218.37484681266125,88.04876769640819,Orb-OMAT,241.663,90.582
mp-867897,182.01127066997594,96.97288056054268,Orb-OMAT,204.892,102.073
mp-8682,164.09292953759103,120.48234811127604,Orb-OMAT,152.578,98.816
mp-87,101.15635578613735,117.82262506149812,Orb-OMAT,120.019,133.872
mp-8874,180.8110201679947,119.43917282987132,Orb-OMAT,94.759,73.016
mp-8911,69.44754402586483,29.843639783355993,Orb-OMAT,46.958,15.031
mp-8922,157.47391017639504,93.71165196869704,Orb-OMAT,107.992,47.314
mp-8932,30.414734289724464,20.235705046292736,Orb-OMAT,15.288,8.595
mp-8969,122.40402649990659,66.235777189267,Orb-OMAT,125.782,69.791
mp-900,127.28811978882189,30.468562165745467,Orb-OMAT,138.031,26.75
mp-9075,98.59642781696627,40.511133170744536,Orb-OMAT,84.837,32.065
mp-9124,51.09569422538693,40.80973070995832,Orb-OMAT,53.606,40.964
mp-925,293.8798086055775,147.0749785601751,Orb-OMAT,316.753,162.007
mp-9295,63.64707549097705,35.8498181311222,Orb-OMAT,34.708,19.87
mp-9304,106.07597425486452,54.022390446494455,Orb-OMAT,82.277,38.336
mp-9325,83.99468978969045,47.797650926041335,Orb-OMAT,51.62,31.792
mp-9330,55.8951310063576,32.51605294996638,Orb-OMAT,11.099,6.847
mp-9387,81.43756190800549,60.33875234930724,Orb-OMAT,86.002,53.608
mp-9565,40.709842304307415,28.736402373880633,Orb-OMAT,39.782,26.42
mp-9569,68.00478460166622,48.305855636808374,Orb-OMAT,66.211,45.563
mp-9574,33.19516680168567,24.976269740921367,Orb-OMAT,34.453,23.924
mp-9577,49.431918643012985,37.66085908318975,Orb-OMAT,49.839,35.571
mp-961656,109.6262538069051,68.40540675884343,Orb-OMAT,134.14,53.837
mp-961697,87.90100659961674,49.12488631298121,Orb-OMAT,95.062,38.126
mp-962077,47.84053049163976,-154.1789983090961,Orb-OMAT,68.261,5.193
mp-9665,20.659308630277188,12.980212672405091,Orb-OMAT,16.559,7.368
mp-971669,66.81321206808094,49.021646285989625,Orb-OMAT,100.502,47.232
mp-971738,151.33488410986044,49.779027792159575,Orb-OMAT,155.672,56.716
mp-971744,155.66678287251705,35.93808033304398,Orb-OMAT,183.266,51.41
mp-971837,38.482494245062284,20.40982548490669,Orb-OMAT,38.904,17.206
mp-971909,138.00484397681376,41.33557351231943,Orb-OMAT,149.877,0.619
mp-971996,89.78982229401134,38.74437566657585,Orb-OMAT,84.713,46.093
mp-972044,39.29995832858825,17.126689629103076,Orb-OMAT,44.763,31.315
mp-972062,62.225250178217536,27.392387995761688,Orb-OMAT,53.312,25.438
mp-972209,216.53576917032325,112.99844529444198,Orb-OMAT,250.356,104.672
mp-972222,248.82689314982483,96.91687807169956,Orb-OMAT,277.307,103.594
mp-972257,19.633765288807382,16.986977057105467,Orb-OMAT,34.964,19.382
mp-972504,50.22151830875372,32.56887305223217,Orb-OMAT,56.309,31.189
mp-972530,71.94906624169472,23.817608390438828,Orb-OMAT,79.206,21.569
mp-972692,38.07845721453401,10.287954297476844,Orb-OMAT,44.231,14.712
mp-972912,22.35336214675601,14.957125056933709,Orb-OMAT,29.595,16.724
mp-972941,37.01514342701363,6.30244614584469,Orb-OMAT,32.912,11.214
mp-972954,27.528483921216736,7.414280658453828,Orb-OMAT,42.98,4.888
mp-972960,75.17440370837824,16.967966664550506,Orb-OMAT,86.527,12.239
mp-973067,120.41346373337826,20.902077148787214,Orb-OMAT,128.767,23.656
mp-973174,45.47326858020437,19.377566050640695,Orb-OMAT,52.516,21.232
mp-973175,49.78280736682362,8.828474968886066,Orb-OMAT,55.254,20.144
mp-973266,44.084980720618326,38.00786870282444,Orb-OMAT,53.348,33.866
mp-973316,11.553601660810386,6.304354717019024,Orb-OMAT,11.571,5.99
mp-973432,113.33880297426866,44.2016557773736,Orb-OMAT,130.571,46.272
mp-973538,61.726731879752826,43.16344087514945,Orb-OMAT,67.89,40.238
mp-973556,43.187019250862605,15.83180839579382,Orb-OMAT,51.667,34.157
mp-973571,36.012480838120986,28.862561629780746,Orb-OMAT,44.851,28.755
mp-973684,38.00186827436591,24.38181839586231,Orb-OMAT,41.172,18.141
mp-973750,55.714853209016724,23.773194218704827,Orb-OMAT,60.626,19.562
mp-973777,35.568448667329406,-1.4634509482829114,Orb-OMAT,43.402,0.147
mp-974061,176.0287451604588,107.39435846245179,Orb-OMAT,178.452,117.855
mp-974464,230.5079088385992,69.62115978971606,Orb-OMAT,162.958,27.22
mp-974832,7.947343279678862,2.372154889532389,Orb-OMAT,6.311,0.48
mp-974949,12.745649181495846,6.045296279287142,Orb-OMAT,12.992,4.304
mp-974990,3.410839584968779,1.0677105280860317,Orb-OMAT,3.088,0.512
mp-975206,118.14264395693274,104.4366981803297,Orb-OMAT,117.294,105.897
mp-975255,85.1447991111733,41.26933809517877,Orb-OMAT,95.483,47.559
mp-975664,66.39944137306416,32.96274375437216,Orb-OMAT,69.174,22.539
mp-975972,35.6623502742451,23.365953084149425,Orb-OMAT,41.51,23.46
mp-976055,22.40932712527044,5.063539880240228,Orb-OMAT,24.671,16.433
mp-976263,16.827123622557952,21.070314177058677,Orb-OMAT,31.347,26.561
mp-976405,28.47609742447323,12.651477197534993,Orb-OMAT,33.418,18.579
mp-976419,90.25687380635357,18.64267203643869,Orb-OMAT,102.841,29.873
mp-976838,164.17905181023568,60.620593984159015,Orb-OMAT,173.553,46.299
mp-976968,97.516207752155,33.554422240216624,Orb-OMAT,104.533,38.431
mp-9771,189.6042111869846,81.3231671148804,Orb-OMAT,138.601,58.663
mp-977189,18.186023757174823,8.3404552305762,Orb-OMAT,19.11,9.212
mp-977239,20.26064034585074,1.7716441545420285,Orb-OMAT,26.408,5.399
mp-977286,14.477805102535992,-0.549366939923166,Orb-OMAT,21.078,0.8260000000000001
mp-977399,80.93610899807723,39.589884501133966,Orb-OMAT,84.673,40.498
mp-977403,10.317995092776275,4.7670657269000385,Orb-OMAT,12.052,5.181
mp-977415,79.0911923006936,20.698662474353593,Orb-OMAT,89.835,22.834
mp-977418,61.41656585815629,22.796513792452348,Orb-OMAT,68.967,18.185
mp-977421,123.07204959347139,53.975386796978434,Orb-OMAT,132.553,44.279
mp-977542,41.427808226302076,23.86216060221696,Orb-OMAT,42.072,17.115
mp-977547,129.51085007008254,67.85076038643133,Orb-OMAT,140.599,62.854
mp-977553,97.28827227549364,40.50157412686594,Orb-OMAT,63.365,20.657
mp-977554,63.74978476361689,26.87405934075677,Orb-OMAT,72.567,28.927
mp-978085,47.91000611794542,17.935705339316932,Orb-OMAT,52.072,15.917
mp-978291,39.836586868095225,28.015823033011927,Orb-OMAT,48.729,32.735
mp-978496,185.91857132147706,157.10060013449578,Orb-OMAT,129.631,90.777
mp-978500,238.04863926996632,126.00114568646185,Orb-OMAT,264.313,95.512
mp-978507,32.949909391814344,24.488343117110105,Orb-OMAT,52.79,34.028
mp-978509,148.659106270641,6.758319160445906,Orb-OMAT,153.635,36.773
mp-978527,49.203855346371896,13.828336785659063,Orb-OMAT,54.144,16.825
mp-978534,70.52553873058586,66.36282242709947,Orb-OMAT,73.122,55.607
mp-978543,49.61822024235356,13.450960482770572,Orb-OMAT,52.76,14.781
mp-978549,52.20217677084087,29.12455661054478,Orb-OMAT,59.305,29.737
mp-978833,50.37842710027847,20.01852068400619,Orb-OMAT,55.99,22.726
mp-978911,55.79588579699462,22.239276550563673,Orb-OMAT,64.962,27.122
mp-978926,130.52659852829026,64.17824835029407,Orb-OMAT,145.68,69.014
mp-978988,58.277502767849455,23.833951315129188,Orb-OMAT,68.08,27.068
mp-979057,50.90384376841394,23.526416907064892,Orb-OMAT,57.911,22.245
mp-979234,20.255579077556085,20.42146385341662,Orb-OMAT,35.996,20.299
mp-979258,58.36537162039964,27.546714442952887,Orb-OMAT,65.115,28.297
mp-979294,109.73321338608552,51.30334494005714,Orb-OMAT,110.647,45.527
mp-979419,32.96799147652554,20.18400477832741,Orb-OMAT,40.892,25.48
mp-979427,53.04956691195087,31.38537803689807,Orb-OMAT,60.525,30.364
mp-979937,64.5569053185928,13.25034519472004,Orb-OMAT,39.52,8.177
mp-979938,67.1769477058957,11.603478277237596,Orb-OMAT,31.688,15.305
mp-979989,81.53475870218094,36.528958590401665,Orb-OMAT,47.651,18.544
mp-980004,89.42497430851878,45.51401800082206,Orb-OMAT,93.932,39.1
mp-980199,59.81680789456315,25.51534948547974,Orb-OMAT,52.438,26.151
mp-980203,258.92113568005834,108.8256393776655,Orb-OMAT,308.449,110.247
mp-981207,68.711336079726,24.11390392557686,Orb-OMAT,54.772,37.631
mp-981234,59.272950995760056,-17.18514711047077,Orb-OMAT,35.777,16.544
mp-981252,30.436303625826888,3.026894775823431,Orb-OMAT,37.533,17.204
mp-981393,73.89708705074483,34.83694076432105,Orb-OMAT,82.566,32.929
mp-982004,76.49689502296332,32.386420607471855,Orb-OMAT,83.172,30.051
mp-982070,245.19384986082642,131.36622077342517,Orb-OMAT,270.236,116.36
mp-982370,5.994645981527725,3.660030672498656,Orb-OMAT,7.773,3.678
mp-982558,129.54477555522666,63.45118572507452,Orb-OMAT,142.29,64.149
mp-982870,190.90533387390164,-210.70160411807282,Orb-OMAT,214.618,81.996
mp-983567,17.713537187609525,11.067859761045199,Orb-OMAT,22.937,13.541
mp-984050,73.7999420409766,17.407997555382543,Orb-OMAT,73.332,26.673
mp-984352,189.2696379509167,114.57762587804898,Orb-OMAT,203.003,111.008
mp-9845,24.45855157656391,16.71720308856591,Orb-OMAT,21.936,11.138
mp-984729,80.71226246745806,50.23884622837656,Orb-OMAT,79.071,49.114
mp-985439,55.61335847059494,33.38033129013167,Orb-OMAT,57.169,33.396
mp-989551,62.633552190265576,28.609637140737707,Orb-OMAT,41.494,13.628
mp-989554,165.25702801969595,64.10289863569413,Orb-OMAT,135.546,49.111
mp-989562,50.20412214552387,25.067490002650974,Orb-OMAT,33.191,8.613
mp-989564,236.95571198582897,80.13406038540612,Orb-OMAT,243.043,92.446
mp-989644,18.390412188007915,6.227976190131178,Orb-OMAT,16.182,4.943
mp-9898,49.000939166928084,32.462020791128616,Orb-OMAT,51.12,33.441
mp-993,82.93104319978242,19.262282548838353,Orb-OMAT,87.052,23.018
mp-9954,125.38662037149302,74.76437595451196,Orb-OMAT,127.118,65.141
mp-996973,69.10845435211029,29.07529228426207,Orb-OMAT,46.181,14.739
mp-996990,77.7570210493447,44.248241135028636,Orb-OMAT,82.961,44.442
mp-997009,83.97740917735555,42.53051150869557,Orb-OMAT,71.713,25.176
mp-997034,80.78096255843748,43.169885746679,Orb-OMAT,76.627,34.529
mp-9973,243.52567803485175,232.57504679793624,Orb-OMAT,268.991,231.992
mp-997618,94.19603275752004,83.78528076387279,Orb-OMAT,98.422,83.541
mp-998307,31.829815574691878,15.717942731423644,Orb-OMAT,33.583,17.108
mp-999069,107.71824376333983,43.94338110596061,Orb-OMAT,412.064,12.007
mp-999117,341.3789798081207,182.75267610820654,Orb-OMAT,343.828,144.403
mp-999133,191.61900652259052,57.41333164186565,Orb-OMAT,201.83,71.407
mp-999201,88.34753761654817,34.728836953030715,Orb-OMAT,93.51,13.769
mp-999258,61.79585441249459,24.831287402979942,Orb-OMAT,81.341,32.765
mp-999266,349.4391658665271,164.55591466981346,Orb-OMAT,392.349,212.91
mp-999474,50.94870809458104,31.729698647563474,Orb-OMAT,37.932,24.123
mp-999490,60.90504391854116,39.02593674111368,Orb-OMAT,45.768,27.774
mp-999495,28.33250564963027,17.015292229311722,Orb-OMAT,29.531,6.252
mp-999545,208.96359414998767,82.63306493134236,Orb-OMAT,125.464,115.101
mp-1001788,168.26388037663523,70.25071760413888,MACE-OMAT,178.43,52.095
mp-1002069,20.17070931523486,11.670831458662914,MACE-OMAT,20.106,11.883
mp-10021,46.83603517987406,7.922530259444852,MACE-OMAT,55.429,46.698
mp-1002207,303.0709822970889,46.86661945021044,MACE-OMAT,361.49,59.704
mp-1004526,230.73992987349837,142.76322119602537,MACE-OMAT,176.693,76.921
mp-1007693,294.7234417014616,112.77170320590538,MACE-OMAT,288.028,105.077
mp-1007824,46.19831810174004,31.41859896803843,MACE-OMAT,50.017,22.424
mp-1007855,205.8222178350623,96.5811595422765,MACE-OMAT,193.048,95.457
mp-1008530,164.43437091962016,89.3309530526012,MACE-OMAT,204.053,82.704
mp-1008617,61.71818908941332,24.516013768938954,MACE-OMAT,51.549,17.035
mp-1008688,83.84598574277918,12.926672245964363,MACE-OMAT,73.05,17.188
mp-1008872,107.52385894526026,71.35340060391054,MACE-OMAT,111.271,57.648
mp-1009485,365.1589702475737,187.07989667357617,MACE-OMAT,313.927,140.253
mp-1009756,25.19645914846982,19.689558260878332,MACE-OMAT,28.076,19.418
mp-1009792,279.53788608934707,86.27260281019748,MACE-OMAT,269.305,63.474
mp-1009823,195.38490411580824,80.26668718883651,MACE-OMAT,191.338,52.725
mp-10115,268.07718148957514,130.027414367451,MACE-OMAT,255.394,120.286
mp-10134,136.79206691769656,20.819510276598002,MACE-OMAT,147.36,23.258
mp-1013548,56.939712775802896,48.52616786015862,MACE-OMAT,57.655,49.131
mp-1013549,29.79491718498662,23.929768709251213,MACE-OMAT,35.813,25.706
mp-1013555,45.49200699850061,38.41196536703724,MACE-OMAT,47.628,39.085
mp-1013588,31.941458817053203,20.842494230333404,MACE-OMAT,31.726,22.585
mp-1013710,11.729593913865894,3.5971238283741216,MACE-OMAT,3.97,6.834
mp-10139,90.88986583405004,75.78753550149,MACE-OMAT,83.179,68.655
mp-10140,73.76212902936763,59.8386824000712,MACE-OMAT,76.574,54.498
mp-1014257,173.69571341570514,102.27027397271209,MACE-OMAT,145.73,94.61
mp-1014264,206.17907452429077,75.77159633675323,MACE-OMAT,265.131,21.11
mp-10149,52.0918631793878,16.175273803115775,MACE-OMAT,48.001,13.854
mp-1016840,196.6885064612939,51.85930398021407,MACE-OMAT,202.882,47.226
mp-1016841,159.68269553881777,49.99735624149464,MACE-OMAT,159.867,52.316
mp-1016872,181.30220381469078,38.24495609349489,MACE-OMAT,172.529,26.92
mp-1016902,156.08151680014927,55.30476392665865,MACE-OMAT,151.079,53.821
mp-1016928,232.75373679061946,140.32457021805422,MACE-OMAT,230.404,135.037
mp-1017531,245.9192537335289,118.30885182437606,MACE-OMAT,236.927,116.114
mp-1017533,146.15301042141016,80.08676090699886,MACE-OMAT,146.084,87.281
mp-1017543,192.13394527240868,85.35831249490228,MACE-OMAT,170.19,76.147
mp-1018048,150.10796911789006,84.30347409981495,MACE-OMAT,135.707,77.026
mp-1018054,271.8686915623505,115.43511915280595,MACE-OMAT,231.325,112.224
mp-1018104,81.62235162634666,28.31687157474192,MACE-OMAT,78.996,32.238
mp-1018140,91.71397557673285,36.27153906042689,MACE-OMAT,88.25,39.279
mp-1018154,119.44637726032745,47.30290615510872,MACE-OMAT,111.5,44.974
mp-10186,106.15651394496857,67.07582076170193,MACE-OMAT,94.62,49.752
mp-1018629,144.55359192977505,18.89159972174826,MACE-OMAT,153.404,20.546
mp-1018649,350.9975399642022,353.34365581427534,MACE-OMAT,376.878,331.922
mp-1018657,51.12995387980477,26.501854362923282,MACE-OMAT,49.307,21.614
mp-1018699,47.5402615361345,34.8071970585825,MACE-OMAT,46.265,37.428
mp-1018849,372.5071902801404,106.53373593002983,MACE-OMAT,353.873,130.572
mp-1019097,195.54810515035683,110.52759842302069,MACE-OMAT,165.345,58.095
mp-1019262,198.89567366750768,74.00328179624924,MACE-OMAT,240.219,77.09
mp-1019266,56.91932564236092,24.8708578235068,MACE-OMAT,56.908,24.397
mp-1019272,292.9025994698767,187.56277421590858,MACE-OMAT,288.589,150.555
mp-1019279,39.723285552737714,28.502531878212803,MACE-OMAT,37.518,27.358
mp-1019280,32.501376050272874,21.84127291472918,MACE-OMAT,32.355,24.914
mp-1019359,84.34376619424086,40.55561291238808,MACE-OMAT,78.808,39.448
mp-10197,216.10067855480446,-9.313663062641094,MACE-OMAT,197.527,29.097
mp-1019740,288.7873899434012,251.873177572313,MACE-OMAT,302.943,232.977
mp-1021431,11.683372190723341,6.126737555189348,MACE-OMAT,11.698,5.876
mp-1021489,184.86241846745628,88.86317256102487,MACE-OMAT,202.01,102.231
mp-1021499,83.4016253556749,33.747586993668165,MACE-OMAT,75.852,26.749
mp-1021848,28.403635552787158,13.664317046094325,MACE-OMAT,27.035,15.503
mp-1023161,51.46874195942521,31.977406260191778,MACE-OMAT,41.748,26.463
mp-1025010,164.23056825607537,120.53529398815382,MACE-OMAT,146.818,119.851
mp-1025045,138.74559679582666,49.154102059815195,MACE-OMAT,140.178,44.998
mp-1025067,173.937954179452,115.2748990043278,MACE-OMAT,157.22,96.466
mp-1025123,216.7088641005741,114.46711570631501,MACE-OMAT,242.745,91.914
mp-1025161,157.22299511402875,57.54868408943009,MACE-OMAT,154.477,53.791
mp-1025205,174.0376976040871,93.23067277247011,MACE-OMAT,142.796,72.317
mp-1025212,192.90668679390964,59.05458391205222,MACE-OMAT,189.205,59.621
mp-1025223,128.91557313958546,87.73683955186951,MACE-OMAT,116.342,87.932
mp-1025262,134.8224378600759,85.86520917387845,MACE-OMAT,110.881,72.64
mp-1025291,113.39122596404628,70.29526697173186,MACE-OMAT,82.772,49.134
mp-1025322,103.16009439146606,64.41667891517234,MACE-OMAT,76.389,53.225
mp-1025324,212.06799377007368,68.95583454925912,MACE-OMAT,201.214,71.228
mp-1025339,144.34537461087228,95.24160289228271,MACE-OMAT,124.98,81.239
mp-1025350,103.83522768332527,39.84607968288125,MACE-OMAT,22.211,63.614
mp-1025421,97.26170032007867,42.764864312663306,MACE-OMAT,67.594,23.832
mp-1025455,150.5221099783672,51.13053476510499,MACE-OMAT,112.151,2.313
mp-1025504,106.41920427300445,55.99528055504487,MACE-OMAT,100.012,56.193
mp-1029251,182.43626907303081,81.59672598198893,MACE-OMAT,104.541,58.104
mp-1029374,148.20980982612602,90.29200679895129,MACE-OMAT,144.299,90.866
mp-1029446,136.79273411177354,88.91132684257391,MACE-OMAT,125.73,224.054
mp-1029660,98.64798492394499,58.817375591698756,MACE-OMAT,86.996,41.251
mp-1029726,111.08777984739383,71.87530947851882,MACE-OMAT,83.44,58.897
mp-10314,66.32598634392207,42.65428854128689,MACE-OMAT,59.843,37.689
mp-1032,264.4781184906797,149.5436326232558,MACE-OMAT,248.908,179.27
mp-10326,142.05167311680884,65.68431053766356,MACE-OMAT,26.19,12.192
mp-1039123,19.088748909924536,3.248511142781278,MACE-OMAT,18.586,0.454
mp-104,50.45962020920529,27.094661107885813,MACE-OMAT,32.445,20.273
mp-10435,88.93787573006378,53.47706929442039,MACE-OMAT,77.086,41.59
mp-10457,180.52533891500556,97.02005777889366,MACE-OMAT,169.282,93.146
mp-1046056,78.54615789324959,34.20989738101221,MACE-OMAT,27.729,8.573
mp-10470,225.1859099411659,123.33739162307967,MACE-OMAT,221.086,113.62
mp-10523,174.92812558388545,84.5421309381162,MACE-OMAT,148.899,56.926
mp-1056,142.3258028126881,81.98557921373003,MACE-OMAT,141.499,61.887
mp-1058151,33.302013167398734,4.049988907209443,MACE-OMAT,29.74,10.827
mp-10600,62.84400128142697,40.023463222776165,MACE-OMAT,58.829,34.474
mp-10611,59.89202914343476,39.211472426237584,MACE-OMAT,60.77,39.774
mp-10622,67.94724038309064,44.98465452440433,MACE-OMAT,70.29,44.49
mp-10623,125.80619742977737,56.72754983761789,MACE-OMAT,112.537,42.792
mp-1064272,20.47882115372737,11.440912110010707,MACE-OMAT,5.642,3.789
mp-10651,83.17742406131327,56.67789772419665,MACE-OMAT,55.819,38.258
mp-10654,48.7436821917974,11.813076939007457,MACE-OMAT,50.533,5.86
mp-10659,42.0856781304432,26.601202818340116,MACE-OMAT,42.255,27.815
mp-10686,39.33632487344137,19.34238724479304,MACE-OMAT,40.135,20.058
mp-1069604,111.19408027527035,57.660700805824504,MACE-OMAT,103.918,47.82
mp-10739,214.89211679474175,109.96058322796651,MACE-OMAT,219.7,102.358
mp-10740,166.95398260908294,8.078793611443553,MACE-OMAT,94.772,50.133
mp-10759,64.79874995098966,34.773362516232076,MACE-OMAT,57.611,44.393
mp-1077353,98.75736163413595,-42.36859560633108,MACE-OMAT,156.801,90.2
mp-1077723,101.2051945430664,44.655222801429375,MACE-OMAT,88.774,28.123
mp-1078,41.230220546346104,21.76497377017463,MACE-OMAT,39.906,23.145
mp-10785,45.229332489526904,27.691980317680432,MACE-OMAT,36.241,22.803
mp-1078526,138.2733050807667,56.57355160398998,MACE-OMAT,141.771,9.952
mp-1085,280.4715195377902,33.96916198888542,MACE-OMAT,491.593,23.809
mp-10861,6.44138754234863,1.8076171091224846,MACE-OMAT,7.842,1.6800000000000002
mp-10878,92.99256260445148,73.07622318693507,MACE-OMAT,32.632,62.995
mp-1089,313.0414936417435,191.48439510824045,MACE-OMAT,294.735,163.457
mp-10890,61.10468997231177,33.223938169426916,MACE-OMAT,63.994,40.501
mp-10897,115.72230746574668,62.661227733159265,MACE-OMAT,108.679,59.669
mp-1090,63.17069307512586,36.43648538166905,MACE-OMAT,78.571,36.343
mp-10953,71.36008216080798,44.573661205116714,MACE-OMAT,69.767,24.821
mp-1095591,82.35443437819099,53.4104321090265,MACE-OMAT,85.104,48.429
mp-1099,147.43210800591473,72.0480683306471,MACE-OMAT,137.06,52.238
mp-10991,94.30500202085625,57.50546030804109,MACE-OMAT,96.439,47.451
mp-1104008,62.943002716096736,37.27316677385397,MACE-OMAT,60.633,45.953
mp-1105839,219.0212109471398,133.07080391686057,MACE-OMAT,203.871,115.136
mp-11169,132.7652519521726,69.00969174604766,MACE-OMAT,96.768,48.721
mp-11181,68.83504801358482,41.06736708822468,MACE-OMAT,45.548,30.749
mp-11201,72.82839456868757,41.78124903639527,MACE-OMAT,71.045,45.625
mp-11288,27.63207256362107,13.815552675328583,MACE-OMAT,30.44,10.343
mp-1129,166.7209353686808,69.5604033939389,MACE-OMAT,166.725,79.378
mp-11293,110.15632880628569,50.70951907222123,MACE-OMAT,113.193,50.865
mp-11382,106.46740517982713,57.607396103413066,MACE-OMAT,102.413,56.671
mp-11418,66.21468728716083,44.284927847373076,MACE-OMAT,72.033,43.497
mp-11430,63.37421889889952,42.88376827380442,MACE-OMAT,62.159,35.969
mp-11465,46.92824677799782,20.49557806894731,MACE-OMAT,42.841,19.557
mp-11466,20.072435688352638,8.77205696518579,MACE-OMAT,18.769,8.158
mp-11504,89.95717365869831,54.873587882487215,MACE-OMAT,80.961,48.083
mp-11506,232.66907318207768,96.62453892810525,MACE-OMAT,214.444,91.253
mp-11516,205.4413929590017,-22.98353860153485,MACE-OMAT,228.567,155.083
mp-11523,158.6738617899496,21.685038897970404,MACE-OMAT,163.22,17.165
mp-11547,82.11647297836518,35.46945136377719,MACE-OMAT,81.983,25.047
mp-11549,208.50304285287243,87.2971417432226,MACE-OMAT,192.283,78.469
mp-11564,116.25328137207292,40.32627641001837,MACE-OMAT,118.772,47.637
mp-11576,52.21837152905169,21.451680545965818,MACE-OMAT,32.524,25.063
mp-1164,137.05591865442454,71.60457647810499,MACE-OMAT,97.603,71.668
mp-11736,237.37660655476986,143.0435934631493,MACE-OMAT,222.449,101.928
mp-11755,68.8626632997653,43.001640860211744,MACE-OMAT,64.762,37.541
mp-1180046,51.490918854437105,39.776196334683796,MACE-OMAT,12.339,26.828
mp-11806,86.26679187048002,40.27300550855963,MACE-OMAT,86.934,37.269
mp-11807,110.96258318019873,53.32020684323107,MACE-OMAT,113.442,51.982
mp-1189355,125.31025914459404,77.7744406524702,MACE-OMAT,91.797,31.336
mp-1189451,322.6045005778841,302.73849654700336,MACE-OMAT,310.237,292.421
mp-1190680,36.97488854128454,30.38074977668417,MACE-OMAT,14.053,4.908
mp-1190751,58.84835982940392,38.11593028027027,MACE-OMAT,18.333,0.288
mp-1190841,131.60935256079546,63.202580884033445,MACE-OMAT,136.052,48.153
mp-1190963,161.5981239067988,82.72831548336343,MACE-OMAT,155.341,79.573
mp-11919,108.57006831303731,84.13005722829902,MACE-OMAT,104.82,68.742
mp-11957,86.86293657767489,39.33446006597419,MACE-OMAT,75.338,38.941
mp-1196116,246.11973929761362,198.27533142950543,MACE-OMAT,226.401,195.537
mp-1205309,55.72343089776005,34.16706316709778,MACE-OMAT,43.817,32.433
mp-12107,260.8530209302092,122.44766497271004,MACE-OMAT,238.047,106.959
mp-12120,186.82295295660967,103.74596201260344,MACE-OMAT,293.289,175.639
mp-1215198,228.43801958428298,222.0445940522499,MACE-OMAT,232.951,193.022
mp-1215209,294.36885937059964,226.4597416925415,MACE-OMAT,268.949,221.721
mp-1216295,391.3544335070079,195.86638703173668,MACE-OMAT,354.771,132.178
mp-1217818,288.64354238755175,224.8399049577368,MACE-OMAT,293.658,224.962
mp-1219,36.63282000834495,24.34536539350421,MACE-OMAT,35.919,24.771
mp-1219553,33.47573189170297,25.852439999862572,MACE-OMAT,11.822,7.082
mp-1223677,388.7707479774725,250.1160658135265,MACE-OMAT,354.211,214.796
mp-1223860,347.75969161473387,239.0717732260215,MACE-OMAT,326.804,201.523
mp-1224263,271.9396480483648,261.30749483442656,MACE-OMAT,247.465,250.862
mp-1226242,321.03306295378457,215.42912744375454,MACE-OMAT,301.097,201.556
mp-1235,232.8085234883745,85.81260652419934,MACE-OMAT,227.385,82.089
mp-12385,143.61560160791467,89.12271117128837,MACE-OMAT,135.914,80.852
mp-12403,76.05685763889122,50.700878027552726,MACE-OMAT,14.836,7.539
mp-12480,168.03876364495696,80.62380052649789,MACE-OMAT,149.536,69.61
mp-12524,171.58105020715476,103.69737354255888,MACE-OMAT,158.714,171.783
mp-12532,50.62107104017228,24.712513184092312,MACE-OMAT,36.776,13.319
mp-12557,55.887006533396814,40.254125325112526,MACE-OMAT,57.771,39.629
mp-12648,130.82439282541094,155.90450331470646,MACE-OMAT,126.701,144.287
mp-12734,106.06758756869932,60.19955291580717,MACE-OMAT,109.306,61.07
mp-12736,198.01940445985701,83.53053399439507,MACE-OMAT,202.448,51.366
mp-12737,200.55514779217907,83.8524193514496,MACE-OMAT,201.495,52.887
mp-1274,132.97753203820233,58.0225024727056,MACE-OMAT,165.111,50.421
mp-12750,75.53410670193419,32.15905748028382,MACE-OMAT,68.822,24.776
mp-1280,65.2838790721071,22.69513639051891,MACE-OMAT,65.928,20.06
mp-12806,48.614931095097084,25.80349062885237,MACE-OMAT,49.734,21.715
mp-1281,274.9775264719318,129.51231841276257,MACE-OMAT,273.207,126.573
mp-129,257.6619290508512,107.86516439907483,MACE-OMAT,262.529,117.048
mp-12906,83.21579998589709,50.928912311019126,MACE-OMAT,47.647,29.98
mp-12923,112.38197703400236,49.19333350038606,MACE-OMAT,98.247,31.257
mp-12927,98.79334065732469,73.3305936567242,MACE-OMAT,98.183,62.055
mp-12953,50.1168258641598,22.06492161731746,MACE-OMAT,47.341,18.114
mp-12962,116.112163121528,59.782668358366514,MACE-OMAT,111.254,59.351
mp-13051,31.615687036885358,27.137293473470724,MACE-OMAT,30.437,17.973
mp-13061,142.2856141824401,86.03198576830776,MACE-OMAT,140.624,43.654
mp-13082,259.3177543986367,98.38641255811402,MACE-OMAT,220.339,98.352
mp-13150,103.90342302414605,76.16990751777557,MACE-OMAT,94.626,71.023
mp-13181,129.16051964805752,14.743316868140322,MACE-OMAT,125.291,12.21
mp-132,17.67197107927253,10.195672489098042,MACE-OMAT,17.349,10.874
mp-13240,113.20462604564847,52.23330119759665,MACE-OMAT,114.133,60.675
mp-13270,47.49832622846291,20.47054064353355,MACE-OMAT,48.592,15.092
mp-1330,270.64953394880877,219.0716263753141,MACE-OMAT,252.764,216.097
mp-13363,227.43561454600896,71.26209597974801,MACE-OMAT,203.951,59.761
mp-1340758,163.40756365851328,81.06939854319897,MACE-OMAT,118.951,56.266
mp-13525,110.25196743899068,37.97486839694947,MACE-OMAT,111.539,36.26
mp-1359,264.2911892308864,104.4541456399345,MACE-OMAT,258.818,109.754
mp-1368,109.3108476454728,49.60722826065467,MACE-OMAT,105.749,32.407
mp-137,63.05545973360038,46.25120808965094,MACE-OMAT,53.667,42.715
mp-1371,71.55979278965347,29.42090971426037,MACE-OMAT,64.308,23.339
mp-13798,48.44219341942451,21.809052852847007,MACE-OMAT,37.066,18.04
mp-13852,178.5105829155665,140.42295439633756,MACE-OMAT,174.776,82.389
mp-1386610,135.9244578080897,78.3398258851957,MACE-OMAT,107.769,46.162
mp-13914,146.29523492300487,89.73924039082983,MACE-OMAT,154.032,97.165
mp-13944,120.85726723078612,107.49020553093509,MACE-OMAT,102.784,99.981
mp-1413688,41.85764422220339,39.05423040209285,MACE-OMAT,39.182,13.302
mp-1427,155.8125445651902,95.86263255048743,MACE-OMAT,156.458,73.089
mp-14791,52.50185139077465,27.319967364672646,MACE-OMAT,25.98,21.48
mp-1497,254.84293816831752,135.58954825057012,MACE-OMAT,289.035,146.051
mp-1500,41.01223565194444,24.987152937611878,MACE-OMAT,41.171,24.774
mp-15226,311.38038157224264,189.9670888231986,MACE-OMAT,295.098,142.003
mp-1534,89.00307966113829,46.52677965407607,MACE-OMAT,93.243,42.129
mp-1546,41.6114261935022,27.098047288966775,MACE-OMAT,41.005,24.698
mp-1547,134.16673366448822,64.13419737131282,MACE-OMAT,120.17,60.39
mp-15617,298.62024518898005,225.26136759542467,MACE-OMAT,290.926,196.282
mp-15624,25.8356109110746,20.45198667445278,MACE-OMAT,27.607,19.874
mp-1565,236.77662029134166,118.23476374730916,MACE-OMAT,235.389,103.516
mp-15679,167.31317937157783,89.83058036354772,MACE-OMAT,161.139,76.351
mp-1569,232.42752146149462,238.7002018867094,MACE-OMAT,200.504,228.81
mp-15697,30.37817065546229,24.369842309341195,MACE-OMAT,31.995,22.573
mp-15779,123.72233853920793,71.64905465274967,MACE-OMAT,124.71,74.315
mp-15781,47.32032319392266,27.00796666151108,MACE-OMAT,37.153,20.828
mp-15819,130.20977946660395,88.29137696948699,MACE-OMAT,114.667,64.797
mp-1594,174.77383433610063,54.759494639622346,MACE-OMAT,173.653,44.062
mp-1595,189.8493433020337,92.38437554579359,MACE-OMAT,135.559,49.941
mp-1597,202.23003038583926,85.70626927121023,MACE-OMAT,206.152,92.078
mp-16045,165.06226463082635,67.97726958644489,MACE-OMAT,163.16,61.104
mp-16271,33.784513973101575,14.187593012013709,MACE-OMAT,36.538,0.834
mp-16290,187.3989371445937,74.95101344722787,MACE-OMAT,194.302,54.987
mp-16314,106.28048627503107,58.98071017182323,MACE-OMAT,103.205,49.592
mp-16343,43.14356601506252,32.35332482829666,MACE-OMAT,37.377,33.386
mp-1638,45.25811274023835,37.24024946758889,MACE-OMAT,47.886,32.398
mp-1639,343.14326754742945,362.9059168424429,MACE-OMAT,373.617,379.418
mp-16488,107.78437436936414,70.504336998948,MACE-OMAT,107.487,72.22
mp-16755,66.57674598539708,43.73110416143999,MACE-OMAT,21.873,14.885
mp-16828,168.0201005230738,116.32220218870329,MACE-OMAT,64.468,39.327
mp-16886,87.32212954610414,17.291135056495772,MACE-OMAT,93.631,26.46
mp-169,119.18720823088826,85.32340360063716,MACE-OMAT,115.697,80.084
mp-16919,100.79470083056144,55.05911205483987,MACE-OMAT,85.427,45.222
mp-1716,259.5273181145795,127.40960566549708,MACE-OMAT,233.122,105.314
mp-17332,74.80514257934408,46.33164139716444,MACE-OMAT,70.414,68.245
mp-1743,190.29938963753588,104.33228850167355,MACE-OMAT,152.527,85.16
mp-1778,209.6670510806942,161.9667428431236,MACE-OMAT,207.897,153.975
mp-1779,42.43869336356592,29.818342681815498,MACE-OMAT,39.676,26.05
mp-1793,99.98670275664135,56.31965104678069,MACE-OMAT,105.452,37.599
mp-1820,73.1933715133589,48.97436798130622,MACE-OMAT,62.187,44.285
mp-1821,113.94952644341457,76.20661473702764,MACE-OMAT,23.208,17.056
mp-1878,123.87221184306655,152.40992480639258,MACE-OMAT,125.555,129.905
mp-1910,143.98609312097426,63.04780329740898,MACE-OMAT,146.347,65.083
mp-1918,209.03625086431526,70.6550256398667,MACE-OMAT,198.729,74.969
mp-19747,77.32845042922371,30.07716229600302,MACE-OMAT,57.203,17.818
mp-19782,76.11790474656807,36.21516686180372,MACE-OMAT,76.971,43.513
mp-19857,96.58676367305817,53.60469069052565,MACE-OMAT,82.846,48.364
mp-19934,75.09094929038672,31.84696247490772,MACE-OMAT,79.546,30.741
mp-19940,152.0836036040268,114.55647919156348,MACE-OMAT,138.579,86.366
mp-19991,50.040300871642806,25.591483966785166,MACE-OMAT,47.85,24.856
mp-20049,121.01483160248159,73.81317846121574,MACE-OMAT,71.576,51.439
mp-20125,71.86981599081219,38.06065718202745,MACE-OMAT,101.405,15.334
mp-20136,23.733480460342946,15.214990902045207,MACE-OMAT,24.299,13.484
mp-20206,65.43841983112273,32.23208515213363,MACE-OMAT,65.84,31.631
mp-2025,140.88914307522037,141.01974551278923,MACE-OMAT,130.956,120.416
mp-20257,91.3076098041987,35.12551818415023,MACE-OMAT,87.148,28.112
mp-2025704,41.02091744781222,19.142570865217643,MACE-OMAT,9.903,6.9190000000000005
mp-20261,54.45964123122916,29.251671415165674,MACE-OMAT,32.669,19.199
mp-20268,152.1061500663645,77.51095279331487,MACE-OMAT,150.678,68.935
mp-2030,179.37792435653796,153.05027298405687,MACE-OMAT,172.042,121.491
mp-20337,146.42280018442275,72.34395508515074,MACE-OMAT,118.685,34.182
mp-20340,113.87889709529765,66.05761145938888,MACE-OMAT,109.129,53.655
mp-20395,175.53774690168146,85.07742802260083,MACE-OMAT,183.377,76.499
mp-20457,77.4866661104716,41.517738938254986,MACE-OMAT,73.875,38.448
mp-20487,31.743572780946998,21.760268975009097,MACE-OMAT,40.212,15.802
mp-2052,87.63224504365712,53.82437562227294,MACE-OMAT,85.701,51.516
mp-20541,222.30160308510852,140.80300887595408,MACE-OMAT,206.579,103.941
mp-20554,43.44791526577986,20.981537395053458,MACE-OMAT,42.952,14.658
mp-2056,125.53108904273627,57.38214367167393,MACE-OMAT,105.255,47.072
mp-20563,95.07882818582532,42.457522493389426,MACE-OMAT,76.172,35.045
mp-2065,55.52144885793689,36.151893202805844,MACE-OMAT,60.377,34.361
mp-20674,119.01265777341659,66.12721770188413,MACE-OMAT,107.52,55.659
mp-20695,88.44566557188503,41.24075329415839,MACE-OMAT,96.578,51.211
mp-20698,100.99562846334662,59.05216717242459,MACE-OMAT,48.848,30.049
mp-2090,197.4120273092568,92.65395337923309,MACE-OMAT,189.836,91.403
mp-20913,89.5677715515675,72.20790460465635,MACE-OMAT,90.78,13.408
mp-2098,239.42751570323304,40.40283464061265,MACE-OMAT,192.391,31.442
mp-20994,245.86572935140893,138.2272810674956,MACE-OMAT,255.403,113.66
mp-21023,188.26670062698167,131.89026343262026,MACE-OMAT,157.86,116.018
mp-2105,148.70945571142641,109.92824240517437,MACE-OMAT,143.703,95.21
mp-2114,151.51926742965983,118.67724000944821,MACE-OMAT,159.077,120.831
mp-21167,196.41505777681303,65.6366472570217,MACE-OMAT,191.012,38.833
mp-21237,161.98006731463232,89.44475635100355,MACE-OMAT,156.743,83.056
mp-21253,25.303051970156798,15.413671542065565,MACE-OMAT,17.65,12.637
mp-21260,100.51531933073532,68.14696952997957,MACE-OMAT,95.179,53.266
mp-213,56.316367512235495,22.307774631977757,MACE-OMAT,55.058,18.707
mp-2131,79.45168097532536,47.94858456220845,MACE-OMAT,39.156,20.283
mp-21347,324.2369508011815,172.5312932715261,MACE-OMAT,299.575,177.92
mp-21382,82.61703038375377,55.99081580435435,MACE-OMAT,75.399,46.845
mp-21422,135.89354675688054,67.4321362396861,MACE-OMAT,141.273,58.224
mp-21433,84.28785579660956,54.38331864763623,MACE-OMAT,81.218,52.977
mp-21440,201.31675911939726,130.00100594431373,MACE-OMAT,189.979,93.389
mp-21469,200.58911317793576,74.61510242314897,MACE-OMAT,178.311,71.09
mp-21495,225.6514112197726,140.40726844799158,MACE-OMAT,238.171,144.123
mp-21847,14.653810496694613,20.151600859155714,MACE-OMAT,9.764,10.135
mp-21873,126.15555412662857,75.98087711820406,MACE-OMAT,105.659,57.182
mp-21879,128.7371299143044,69.90054000317932,MACE-OMAT,137.231,62.307
mp-21894,77.10351263922949,44.68238907730955,MACE-OMAT,69.115,46.562
mp-21910,39.45798559122632,6.030517924799908,MACE-OMAT,32.77,10.085
mp-2210,117.55789996566459,29.026630259287142,MACE-OMAT,105.385,29.697
mp-2214,41.58680133657759,24.200499414196354,MACE-OMAT,44.234,24.287
mp-22144,220.6894165954897,117.86874106380303,MACE-OMAT,175.354,107.734
mp-2215,86.13316852965222,41.43035873326413,MACE-OMAT,77.59,33.498
mp-22152,74.13952806847018,41.04396805383924,MACE-OMAT,48.294,33.541
mp-22240,75.46262792148421,95.37872234236848,MACE-OMAT,106.766,78.122
mp-22255,25.54932959229562,16.22437656544347,MACE-OMAT,13.936,8.246
mp-2226,88.25014835045206,28.611731413925323,MACE-OMAT,91.251,34.497
mp-22260,78.42748548308627,65.8369576778939,MACE-OMAT,112.507,71.503
mp-22396,174.9405403272435,82.61010441043182,MACE-OMAT,187.702,102.86
mp-22440,162.91129097946035,95.50526272336921,MACE-OMAT,158.407,84.508
mp-22631,270.8439400295011,99.83048464332825,MACE-OMAT,246.43,87.348
mp-2264,92.15889635930694,59.05988208320362,MACE-OMAT,80.602,54.614
mp-22687,33.94092792360336,18.269116641078973,MACE-OMAT,33.333,16.521
mp-22717,61.407717315507476,27.89580767589718,MACE-OMAT,59.191,25.46
mp-22739,70.93546201895501,48.54086654300548,MACE-OMAT,56.257,27.532
mp-2280,75.06493145424368,27.064284670608913,MACE-OMAT,74.484,24.776
mp-22864,74.22774046719871,39.685589251621316,MACE-OMAT,82.069,26.028
mp-22877,45.448107086867886,23.621633399880963,MACE-OMAT,10.488,9.518
mp-22914,47.54083968869162,16.090275214429063,MACE-OMAT,56.095,10.104
mp-22924,29.36500241661996,13.3708901349469,MACE-OMAT,29.484,12.854
mp-22958,58.87910470805138,37.73336144573354,MACE-OMAT,19.057,10.994
mp-22962,27.032245740323685,13.812575378535401,MACE-OMAT,13.373,7.225
mp-22967,32.24546463522426,15.803957190353387,MACE-OMAT,25.291,16.303
mp-22971,45.44514845374853,27.794084252114278,MACE-OMAT,7.311,3.768
mp-22972,50.42985223366308,29.19752875410468,MACE-OMAT,36.09,8.571
mp-23002,85.95619270743833,44.80632580268235,MACE-OMAT,25.612,14.541
mp-23029,17.961706608076327,10.219638053533156,MACE-OMAT,6.988,0.965
mp-23037,20.817244598796897,9.785132244087123,MACE-OMAT,21.823,9.296
mp-23084,78.5364519581987,39.41907306154533,MACE-OMAT,43.224,17.959
mp-23085,56.249976115547334,29.348750829729404,MACE-OMAT,45.518,22.391
mp-23087,190.64605186947222,139.51293857043424,MACE-OMAT,133.058,94.309
mp-23153,10.39309862554616,5.55750819383602,MACE-OMAT,4.837,3.174
mp-23197,17.142152983446444,6.492075503178139,MACE-OMAT,16.52,6.535
mp-23229,55.76786191012096,17.703641838558525,MACE-OMAT,9.771,6.402
mp-23281,24.346632565601073,11.838067051311524,MACE-OMAT,3.21,2.106
mp-23282,30.338770690967443,16.912103792533852,MACE-OMAT,3.862,2.612
mp-2330,117.22003126632553,69.72753974226359,MACE-OMAT,68.479,42.182
mp-23302,11.563001507820369,5.600373207170442,MACE-OMAT,11.14,5.547
mp-23339,81.60837304317228,49.85534402157016,MACE-OMAT,27.038,16.231
mp-23406,31.6548454510694,19.434594832124375,MACE-OMAT,8.616,4.775
mp-23499,29.875411945038884,16.06656088641998,MACE-OMAT,11.298,5.661
mp-2349989,168.68572708977842,70.13553819837132,MACE-OMAT,117.29,40.927
mp-2354,116.95343122683802,54.83287427512101,MACE-OMAT,118.442,68.833
mp-2360,42.330940795485105,35.821636459688754,MACE-OMAT,48.071,33.926
mp-23684,67.52370997023803,41.17244882842771,MACE-OMAT,25.163,12.017
mp-2369,102.15985677270146,42.646231836142306,MACE-OMAT,97.577,39.635
mp-23764,144.07852928955063,97.20754804705051,MACE-OMAT,63.515,35.137
mp-24092,71.49810729351502,53.215198777987325,MACE-OMAT,68.537,47.226
mp-24152,82.87482571863514,64.82962098165834,MACE-OMAT,86.522,55.883
mp-24202,108.70485464893066,70.31115269997537,MACE-OMAT,81.272,42.175
mp-2420227,80.17056554613906,54.36902773313185,MACE-OMAT,47.823,44.806
mp-24390,146.6818112119943,101.53307955970469,MACE-OMAT,72.678,39.173
mp-246,102.30440211089439,45.06038787752834,MACE-OMAT,102.198,30.021
mp-24659,109.79379629519435,71.73717570175106,MACE-OMAT,108.814,61.069
mp-2466,101.35250927424434,44.89727400846359,MACE-OMAT,103.81,43.716
mp-2468835,140.81736435570295,116.02919858882487,MACE-OMAT,129.576,91.595
mp-24834,113.9638234446894,81.3195980042654,MACE-OMAT,24.063,10.798
mp-2489,169.67792190533618,46.95214035812138,MACE-OMAT,178.518,29.992
mp-2506699,78.35317821095983,51.68639153094405,MACE-OMAT,49.604,21.994
mp-2507,55.0566820232671,41.94889237564388,MACE-OMAT,18.273,12.041
mp-2536,264.7073232309017,124.37699444594188,MACE-OMAT,238.119,98.426
mp-2540,256.15805101828107,123.82176377737012,MACE-OMAT,254.937,125.024
mp-2542,214.77857245081492,171.03559686265245,MACE-OMAT,208.037,156.717
mp-2580,292.23027547362614,220.62257760942765,MACE-OMAT,263.884,198.028
mp-2598,146.6705776616794,88.62817602699097,MACE-OMAT,105.592,60.636
mp-2614,118.78905160294893,76.66959809839167,MACE-OMAT,106.503,83.451
mp-2634,314.1028601720443,196.71134503209032,MACE-OMAT,312.566,209.5
mp-2639,22.076483626393827,12.18135649103825,MACE-OMAT,21.088,11.725
mp-2646,43.04201111707807,26.51754141490359,MACE-OMAT,42.369,17.743
mp-2661,43.198367474969,34.34009519178678,MACE-OMAT,44.145,30.984
mp-2667,9.425907951791224,5.898083234395555,MACE-OMAT,10.059,6.1370000000000005
mp-2676,150.61903805534274,115.69026668493349,MACE-OMAT,167.518,119.142
mp-2695851,76.16717378207854,31.908823976553645,MACE-OMAT,77.064,16.08
mp-2713,142.20824400503017,38.70252434008411,MACE-OMAT,140.411,56.862
mp-27194,25.846734434641757,12.355626588782563,MACE-OMAT,9.95,1.628
mp-27418,63.54258184414408,35.278592069144715,MACE-OMAT,46.429,18.352
mp-27421,65.48652631659974,33.07593429301009,MACE-OMAT,13.584,6.409
mp-27438,36.14947071615636,18.357574521978535,MACE-OMAT,27.664,15.95
mp-27455,36.05242150240202,16.867019880857384,MACE-OMAT,5.717,3.334
mp-2758,42.82614668060769,27.263478053350827,MACE-OMAT,41.256,27.097
mp-27679,34.93589163778446,16.558190670464786,MACE-OMAT,12.532,4.615
mp-2776,64.49873270946163,23.306975778492966,MACE-OMAT,65.975,11.065
mp-27762,95.6347475082703,50.04994481897052,MACE-OMAT,21.314,16.394
mp-2781,106.80614050428434,34.415540815425615,MACE-OMAT,110.671,32.904
mp-2784,18.83493843120564,13.35014853263863,MACE-OMAT,19.229,11.389
mp-27861,243.8560649792167,125.05345033449801,MACE-OMAT,177.68,97.153
mp-27882,26.21739502623718,15.640011584214296,MACE-OMAT,8.703,4.521
mp-27989,26.947204902946474,16.200806801332572,MACE-OMAT,3.927,2.16
mp-28,69.92693642825805,37.43741876978402,MACE-OMAT,39.338,33.95
mp-2800,129.8800714978974,75.19370293429536,MACE-OMAT,129.573,100.19
mp-2816,42.33947099962492,20.34657044128225,MACE-OMAT,45.139,17.053
mp-28174,31.692914842170786,16.670133290120614,MACE-OMAT,2.346,2.36
mp-2819,40.43636290292273,-8.64691282029691,MACE-OMAT,37.644,2.024
mp-28497,23.44194488001346,12.405669367732855,MACE-OMAT,17.295,7.552
mp-2851,84.30536088293053,62.85995559376047,MACE-OMAT,99.681,47.367
mp-28929,38.823903653977254,21.189691159822654,MACE-OMAT,10.461,5.307
mp-28938,66.83008132421821,36.83243199137705,MACE-OMAT,12.425,8.64
mp-29025,31.197516827814866,21.843374054066462,MACE-OMAT,26.516,16.903
mp-2909,95.25611160029321,42.31861094290863,MACE-OMAT,87.429,39.228
mp-29136,72.28031410298998,38.22182188835577,MACE-OMAT,63.615,27.585
mp-29151,41.68064511068955,30.267356774987395,MACE-OMAT,38.043,26.953
mp-29153,157.06892553929777,86.88140377949388,MACE-OMAT,157.834,82.497
mp-2917,123.17240822269308,84.710992691481,MACE-OMAT,119.315,75.813
mp-2929431,9.226465606200208,6.585862051681609,MACE-OMAT,1.785,1.164
mp-2931,172.53550506893055,114.09855001325828,MACE-OMAT,110.301,71.679
mp-2949,96.84858111654025,48.511261950283014,MACE-OMAT,80.39,40.148
mp-2959,67.45608832255814,33.37675854098911,MACE-OMAT,46.567,22.518
mp-2960,152.82501277872393,70.01366868490604,MACE-OMAT,148.752,64.218
mp-29656,52.64976150672422,22.478224407294082,MACE-OMAT,47.47,15.999
mp-29661,200.60349566841523,84.74122593938986,MACE-OMAT,180.761,70.297
mp-29736,82.98373906501494,54.635846074040494,MACE-OMAT,81.107,56.76
mp-29752,208.78147011934797,67.15562740539559,MACE-OMAT,195.587,57.888
mp-29873,22.17114550907059,11.130844619385796,MACE-OMAT,19.054,7.96
mp-2988,82.1255416893183,36.67961913304996,MACE-OMAT,81.563,35.873
mp-3006,62.43047032316426,35.463055297225985,MACE-OMAT,5.488,5.003
mp-30062,27.80563530160657,16.644927556406984,MACE-OMAT,8.763,4.908
mp-3011,155.3060392932755,75.32156445896653,MACE-OMAT,145.97,68.15
mp-3018,118.49270910066058,84.75372319078872,MACE-OMAT,118.634,73.221
mp-30343,76.48056109182775,23.510510688849653,MACE-OMAT,77.989,14.93
mp-30344,40.0883582078161,21.439046884979344,MACE-OMAT,43.023,15.372
mp-30406,43.55266680410253,14.87805377079439,MACE-OMAT,45.771,8.488
mp-30423,134.28894817369533,44.1963404777146,MACE-OMAT,125.266,26.935
mp-30434,32.00396147228237,18.413081808334038,MACE-OMAT,25.239,17.206
mp-30455,92.79889667891766,49.27665949686514,MACE-OMAT,90.608,40.665
mp-30483,32.992103186732145,13.101874833352063,MACE-OMAT,32.099,14.606
mp-30494,58.429298226787175,29.797878910645906,MACE-OMAT,61.151,29.259
mp-3050,185.5331324604295,122.76587325570469,MACE-OMAT,170.395,103.015
mp-30500,96.5034472249493,36.93670348968678,MACE-OMAT,81.552,26.541
mp-30507,234.99474935768188,96.39145265708396,MACE-OMAT,231.621,101.532
mp-30578,108.85094681830017,54.078484884485164,MACE-OMAT,107.72,23.276
mp-30595,181.076128946216,66.06176494123994,MACE-OMAT,177.039,63.304
mp-30613,58.728866217039815,41.01929652042905,MACE-OMAT,60.804,37.354
mp-30650,43.82576632514913,25.55018903085042,MACE-OMAT,45.747,25.13
mp-30717,10.492686126150964,5.734820058002715,MACE-OMAT,11.826,4.929
mp-30779,41.103685490104226,27.79883901083702,MACE-OMAT,39.515,26.455
mp-3078,58.64675582893907,37.658212044823934,MACE-OMAT,58.932,31.08
mp-30805,55.60864223646273,30.394369184683523,MACE-OMAT,51.162,24.888
mp-30819,128.01242243355674,63.37525844415019,MACE-OMAT,124.378,59.706
mp-30820,81.19075435896153,39.1770818503364,MACE-OMAT,80.792,39.204
mp-30834,53.040910566460376,25.434779039339723,MACE-OMAT,56.392,13.412
mp-30835,235.65075955459767,80.1191462620877,MACE-OMAT,205.117,73.846
mp-30866,313.2790624774017,163.4368884277304,MACE-OMAT,282.841,137.344
mp-30867,127.76313634657483,55.02585482676391,MACE-OMAT,148.847,55.613
mp-30882,103.67660114845661,69.92219942345099,MACE-OMAT,105.49,65.278
mp-309,79.42172637603531,33.419813517845604,MACE-OMAT,83.938,36.124
mp-30921,53.70225067088244,28.880545399344573,MACE-OMAT,56.904,8.761
mp-31072,82.06115193189245,37.6706577509541,MACE-OMAT,72.813,302.329
mp-31160,50.44493777004287,41.58143871622219,MACE-OMAT,46.54,37.248
mp-31330,88.69647349106728,31.125907937219843,MACE-OMAT,91.094,44.34
mp-31442,71.30459995832834,29.270613015996606,MACE-OMAT,70.882,25.237
mp-31459,167.04816139471674,70.06123948814401,MACE-OMAT,165.084,66.374
mp-315,68.42093374977014,28.162434818994342,MACE-OMAT,67.722,24.288
mp-3161,67.03845758064598,53.126726825261,MACE-OMAT,63.069,55.349
mp-3166,194.5576852039628,117.6745350654039,MACE-OMAT,183.234,94.675
mp-3194,93.28070049438551,63.623396458272204,MACE-OMAT,86.815,65.462
mp-3301,131.76548004232797,65.74507209832211,MACE-OMAT,133.933,53.071
mp-3307,105.19078488841807,64.1589601631087,MACE-OMAT,43.4,19.34
mp-3370,169.8121602676109,100.12240661808659,MACE-OMAT,164.271,91.448
mp-3376,118.00767126817098,71.84449310159181,MACE-OMAT,108.931,63.505
mp-3378,166.4131195789214,105.83616002414554,MACE-OMAT,155.349,92.483
mp-3384,193.34835237651882,127.3190232322554,MACE-OMAT,173.762,105.755
mp-3400,129.57445815504514,93.57806094069224,MACE-OMAT,141.054,96.788
mp-3405,181.54847666927515,127.30771594057481,MACE-OMAT,152.126,69.533
mp-3411,106.729268795836,59.71704511669455,MACE-OMAT,34.649,15.825
mp-3416,75.95574260054059,47.44210934804867,MACE-OMAT,50.993,28.155
mp-34169,48.11101529957574,26.824537009990287,MACE-OMAT,28.627,17.702
mp-3470,180.95561941804746,127.83406127520878,MACE-OMAT,97.725,67.421
mp-3497,58.210462767268986,32.2179529052214,MACE-OMAT,50.47,19.147
mp-3498,158.6305386782301,54.0591357806585,MACE-OMAT,128.242,22.94
mp-3501,125.12567554976329,62.432874616420975,MACE-OMAT,98.162,58.284
mp-3534,48.537801122677074,21.34756332410505,MACE-OMAT,22.025,15.452
mp-3536,195.33694123602643,130.78629312839496,MACE-OMAT,182.861,98.235
mp-3556,140.96624351110432,84.51075505279914,MACE-OMAT,127.607,70.856
mp-35717,57.53279635502295,37.20131887749844,MACE-OMAT,46.015,30.614
mp-3581,129.72804295521075,88.60119979054072,MACE-OMAT,62.712,47.917
mp-3582,162.48672648804717,123.02432825766537,MACE-OMAT,157.751,104.546
mp-3584,177.88235996070821,114.66796349660896,MACE-OMAT,114.656,55.684
mp-36086,181.67173505482296,121.89656214516154,MACE-OMAT,104.609,90.318
mp-364,196.1988285046466,97.88031643075512,MACE-OMAT,194.408,98.81
mp-370,69.99097906063156,32.70546523893327,MACE-OMAT,71.97,33.755
mp-3707,161.12198638926137,106.61224052640443,MACE-OMAT,121.058,25.3
mp-3771,190.39980511564812,116.01176480800044,MACE-OMAT,161.087,74.471
mp-37906,94.9081637102934,80.9172125737421,MACE-OMAT,98.683,82.964
mp-3881,75.05164061290556,32.04470582478678,MACE-OMAT,57.665,23.691
mp-3909,148.92322211039178,70.72548239563746,MACE-OMAT,162.789,79.114
mp-3960,182.40451340085707,73.15269888670605,MACE-OMAT,137.995,54.77
mp-39681,171.34146974014945,92.0526882857626,MACE-OMAT,103.839,32.797
mp-4022,156.7969814914741,112.39781355617035,MACE-OMAT,167.087,95.112
mp-4026,68.08178291937575,41.12263683728366,MACE-OMAT,55.286,34.149
mp-4051,145.20306303587202,92.15303517086375,MACE-OMAT,17.002,30.589
mp-4071,201.11114094215952,138.81494924364765,MACE-OMAT,194.285,139.105
mp-408,51.23910308657581,37.753685874083445,MACE-OMAT,49.429,42.782
mp-4091,294.318732525312,135.63575809228004,MACE-OMAT,278.976,141.689
mp-4175,63.205878567086735,42.37302531339945,MACE-OMAT,64.548,39.275
mp-425,152.56117650112054,145.46577466554623,MACE-OMAT,153.466,127.484
mp-4275,128.2010260811095,64.13405604287831,MACE-OMAT,127.742,55.498
mp-428,42.193055018001346,28.32012173977923,MACE-OMAT,38.445,27.868
mp-4283,119.41848579733208,67.91140001269278,MACE-OMAT,117.105,61.786
mp-4300,202.46319326721576,114.83015766627975,MACE-OMAT,88.802,30.327
mp-4322,171.22964381403773,95.81110998069083,MACE-OMAT,144.516,89.475
mp-4354,67.88379572025441,22.733792041796107,MACE-OMAT,38.486,13.208
mp-437,81.2196128525664,28.12670177112207,MACE-OMAT,81.405,25.035
mp-438,80.66671910740834,47.119262218681584,MACE-OMAT,74.377,36.021
mp-4458,136.97428550955308,88.31468735639679,MACE-OMAT,149.607,76.62
mp-4652,169.88608575667683,36.39003386740216,MACE-OMAT,151.048,28.127
mp-4692,139.87284728247673,81.13492699352368,MACE-OMAT,114.571,73.379
mp-4697,77.38284805206061,50.37948845108477,MACE-OMAT,72.426,33.234
mp-4738,64.78411640737916,37.78020693647346,MACE-OMAT,64.503,39.785
mp-474,101.94793462653492,53.55865836098038,MACE-OMAT,98.282,38.227
mp-4768,111.5262930481351,62.80702019026123,MACE-OMAT,94.667,58.471
mp-477,67.24750064750354,55.620007589674024,MACE-OMAT,71.852,53.193
mp-4805,122.46689752114989,68.80267904697455,MACE-OMAT,112.425,60.067
mp-4823,48.48580545321193,26.71885900206538,MACE-OMAT,47.04,22.117
mp-4864,42.23123283395368,33.25135356371137,MACE-OMAT,40.739,28.662
mp-4876,32.227343974961556,14.040626463092593,MACE-OMAT,14.239,6.494
mp-495,67.90746585367347,42.51826258681969,MACE-OMAT,68.978,43.84
mp-4962,130.36369423632942,86.12701637855422,MACE-OMAT,113.942,77.053
mp-4988,40.458208855425596,18.21696374847849,MACE-OMAT,8.873,5.635
mp-4999,118.96831972611741,74.39576148195005,MACE-OMAT,111.275,67.306
mp-500,94.8472099051819,52.535996394944924,MACE-OMAT,23.348,15.826
mp-5022,175.7932954896747,98.02275181205668,MACE-OMAT,156.818,77.629
mp-5038,33.11753862279413,18.747213666987033,MACE-OMAT,12.848,6.173
mp-505517,213.15757200459845,104.97306362948943,MACE-OMAT,183.851,108.317
mp-505540,182.67449682718237,95.5652998330509,MACE-OMAT,176.642,76.463
mp-505804,98.77435930930983,54.70857345792383,MACE-OMAT,90.931,51.886
mp-505822,198.88226510297338,107.52597682286729,MACE-OMAT,189.963,75.142
mp-5068,81.99751572216556,49.29777226507691,MACE-OMAT,79.781,39.479
mp-5072,27.750411401727934,16.8696184982434,MACE-OMAT,23.964,11.792
mp-5075,214.427003875104,125.15926103554567,MACE-OMAT,177.226,121.093
mp-510374,72.26167776531457,48.92752505911115,MACE-OMAT,78.507,46.696
mp-510403,54.772740494228046,33.8103488529323,MACE-OMAT,98.6,31.19
mp-510441,112.12350351719518,49.85867812704155,MACE-OMAT,121.073,39.147
mp-5200,174.5306612463343,69.8950161456311,MACE-OMAT,169.867,73.418
mp-5251,94.62479242627768,59.086996514289105,MACE-OMAT,66.517,33.929
mp-5259,78.53942662549242,49.14378796695812,MACE-OMAT,45.534,28.532
mp-5292,115.92165879960952,61.66752424723695,MACE-OMAT,115.307,57.367
mp-530274,198.17822264245916,121.39747292138901,MACE-OMAT,184.943,107.776
mp-534,256.9915845866447,257.77954420050156,MACE-OMAT,246.599,159.851
mp-5392,162.98929099514544,114.24533980419618,MACE-OMAT,111.352,65.679
mp-5407,171.12811980979544,89.37862268652182,MACE-OMAT,179.963,98.873
mp-540839,17.119786611316204,8.574306989566882,MACE-OMAT,9.811,4.607
mp-541449,47.2568086496857,31.463107151175393,MACE-OMAT,12.438,8.261
mp-541487,79.14201064176244,34.026669122695466,MACE-OMAT,22.482,14.331
mp-541627,78.27942074769635,37.42633255002326,MACE-OMAT,18.725,8.879
mp-541840,126.90508777361619,60.610207627465925,MACE-OMAT,117.411,41.047
mp-541895,119.81717081542529,80.22041106554705,MACE-OMAT,36.443,20.662
mp-541989,74.7117770558834,44.31705292593446,MACE-OMAT,39.851,19.095
mp-542106,131.5279771984583,42.41898036061136,MACE-OMAT,126.402,39.637
mp-542170,147.6959710365301,86.86818731954153,MACE-OMAT,141.033,66.176
mp-542264,121.36631708180823,69.21028557523138,MACE-OMAT,74.92,34.761
mp-546500,62.408043996221735,37.15583471145607,MACE-OMAT,27.617,12.586
mp-546679,169.43205399363742,113.92450484725124,MACE-OMAT,174.661,105.689
mp-5478,138.20481117058745,61.98558435311256,MACE-OMAT,139.649,38.327
mp-5486,92.04703584141319,63.571308381683274,MACE-OMAT,97.787,55.112
mp-5492,129.14635996614936,85.34292807903641,MACE-OMAT,79.915,43.078
mp-549490,192.2618312690047,98.39963581688755,MACE-OMAT,139.204,85.723
mp-550008,150.12889251931227,73.68214138401527,MACE-OMAT,148.262,71.889
mp-552738,104.56875631393224,59.34037859658938,MACE-OMAT,68.302,37.095
mp-5532,134.84653482114942,85.51307747284166,MACE-OMAT,127.094,75.758
mp-5540,220.0372521368893,158.91723610704727,MACE-OMAT,147.126,118.908
mp-554134,12.9388046358555,6.249687165262121,MACE-OMAT,3.861,1.184
mp-554573,152.69921931076217,103.53843594761616,MACE-OMAT,24.084,37.443
mp-554973,72.95236349497758,23.437355087466344,MACE-OMAT,70.161,25.725
mp-555434,151.44467460067995,119.77267079911225,MACE-OMAT,91.699,51.804
mp-555483,173.35742197932083,102.74487426879534,MACE-OMAT,119.344,43.519
mp-556004,72.76231860873058,41.9471887708979,MACE-OMAT,38.546,25.265
mp-556075,136.07672582275404,84.16871319268935,MACE-OMAT,113.78,63.877
mp-556084,57.03686219012681,40.57564432938254,MACE-OMAT,15.73,8.247
mp-556242,115.78481873702634,59.107851880000126,MACE-OMAT,100.271,49.604
mp-557559,32.841657493767194,17.562426479714496,MACE-OMAT,0.876,0.398
mp-5577,137.95030633089112,73.04261800032344,MACE-OMAT,129.851,65.086
mp-558110,63.3253524695924,37.98668862285051,MACE-OMAT,5.928,13.215
mp-558518,69.06093042857901,31.772837604362902,MACE-OMAT,30.804,22.279
mp-558733,289.63966270126207,225.3914666489856,MACE-OMAT,263.994,193.946
mp-5589,92.91203299738045,62.452687068520504,MACE-OMAT,77.447,47.371
mp-561442,185.46868435339334,109.86764246377804,MACE-OMAT,169.817,95.728
mp-561664,79.68139048740423,49.585285469655325,MACE-OMAT,11.814,7.157
mp-562517,151.9752621805635,99.20738535741347,MACE-OMAT,76.691,49.081
mp-5639,194.46561725194988,140.50024870411647,MACE-OMAT,173.178,116.187
mp-567089,105.6527565533485,44.18895633728779,MACE-OMAT,81.33,33.51
mp-567181,162.1531014815862,50.62451748403529,MACE-OMAT,161.195,47.288
mp-567220,124.082315152914,82.14334234735493,MACE-OMAT,122.772,69.177
mp-567305,69.54074792343995,63.6862561213324,MACE-OMAT,65.0,44.645
mp-567397,359.9713615283034,166.25485754932134,MACE-OMAT,335.85,169.09
mp-567412,64.96275087497901,48.257688225521854,MACE-OMAT,62.369,45.075
mp-567590,235.5313910855696,79.2088564923902,MACE-OMAT,218.705,75.807
mp-567703,193.12174398267288,74.58002878390577,MACE-OMAT,203.967,86.951
mp-567723,115.29875958997509,56.09327223922579,MACE-OMAT,120.915,51.797
mp-567747,266.9783482128411,124.14844360377901,MACE-OMAT,317.793,121.476
mp-567841,102.80062106650831,73.10791805814684,MACE-OMAT,91.876,71.729
mp-568186,165.99590694903932,49.05399794429501,MACE-OMAT,167.183,48.099
mp-568284,20.35612243426565,10.616341486295532,MACE-OMAT,13.289,6.9190000000000005
mp-568286,120.02021202173464,92.80444014370615,MACE-OMAT,118.035,88.909
mp-568388,26.166359088932158,13.41835743985705,MACE-OMAT,3.863,2.127
mp-568430,93.9149969153084,39.444710396947876,MACE-OMAT,93.554,30.235
mp-568631,73.07429336689033,55.46821978960482,MACE-OMAT,92.061,53.078
mp-5688,152.7704822395855,98.13489674365714,MACE-OMAT,132.768,79.147
mp-568809,33.05613627797741,23.433337244698684,MACE-OMAT,28.583,18.694
mp-568940,157.94569884835465,85.92581897968591,MACE-OMAT,154.034,82.948
mp-5690,167.5399336353852,98.21541667787042,MACE-OMAT,162.616,80.921
mp-569008,21.90455031125219,12.991604336456716,MACE-OMAT,4.94,1.982
mp-569054,76.36630923408363,15.969396903330987,MACE-OMAT,70.274,14.097
mp-569170,36.19192709539967,24.794362092760473,MACE-OMAT,36.971,23.429
mp-5693,78.9352473565865,47.11321513452078,MACE-OMAT,60.393,34.579
mp-569331,64.85671292715202,26.82636980875424,MACE-OMAT,61.911,17.812
mp-569511,125.69046895093864,45.16088647755571,MACE-OMAT,120.245,37.576
mp-569775,98.29277317516384,65.29587147063702,MACE-OMAT,102.592,59.186
mp-569833,101.269034379399,70.43004113359615,MACE-OMAT,107.034,55.298
mp-569857,30.220428172953458,19.590640390536738,MACE-OMAT,16.217,9.422
mp-570093,61.97628594376576,35.420205775647744,MACE-OMAT,65.917,38.077
mp-570197,80.2340193512964,18.079837486975176,MACE-OMAT,52.094,15.119
mp-570198,55.08418499273325,26.93445491192362,MACE-OMAT,47.429,24.024
mp-570290,38.70231841732223,15.955527836690035,MACE-OMAT,34.353,15.324
mp-570354,56.16184445200042,10.452552006076912,MACE-OMAT,51.714,11.215
mp-570632,59.60907130410462,31.02460786856476,MACE-OMAT,57.536,28.736
mp-570657,41.75502016784703,16.13500453887319,MACE-OMAT,44.169,1.523
mp-570683,64.60930757866616,29.253681819431442,MACE-OMAT,67.825,21.183
mp-571035,48.74476466867,28.588679013407724,MACE-OMAT,5.865,3.473
mp-571102,14.007692986943697,6.028641747021551,MACE-OMAT,13.509,5.91
mp-571147,188.1857566311087,107.91595964526505,MACE-OMAT,187.543,76.808
mp-571160,64.90395132835648,17.878683572858595,MACE-OMAT,64.88,19.653
mp-571193,150.48873762643157,127.53483851332825,MACE-OMAT,137.018,116.03
mp-571247,145.06224727245024,108.04855852913381,MACE-OMAT,135.713,98.633
mp-571443,34.561303012427246,21.11310127123606,MACE-OMAT,35.493,22.431
mp-571622,141.81649356926516,123.8590084895816,MACE-OMAT,132.244,33.971
mp-571655,164.83972763345147,115.41067625182319,MACE-OMAT,116.418,28.245
mp-573316,62.10878044909711,30.000358896168827,MACE-OMAT,22.171,10.872
mp-573755,19.043575983772914,8.297665178263344,MACE-OMAT,9.36,3.587
mp-579496,183.47500744205502,75.3540926311733,MACE-OMAT,206.727,98.815
mp-580357,146.27172066521837,56.29124564024876,MACE-OMAT,149.816,48.551
mp-580364,110.38167634442487,54.13837287896739,MACE-OMAT,104.747,14.966
mp-580886,105.5138800264463,52.067513271570746,MACE-OMAT,22.311,12.264
mp-582034,234.45597366331188,211.01496321007957,MACE-OMAT,213.198,187.685
mp-5869,116.11054976721917,65.27551699537759,MACE-OMAT,112.399,61.191
mp-5916,131.2934001382811,71.11408382568905,MACE-OMAT,106.765,58.089
mp-5921,187.70436132909614,73.61740808600474,MACE-OMAT,192.409,53.507
mp-600561,104.1917436446616,51.62263016833408,MACE-OMAT,106.321,41.679
mp-603,124.95860239849429,84.3239200320072,MACE-OMAT,125.633,84.594
mp-6081,133.41139855470811,80.15187092637164,MACE-OMAT,81.257,35.951
mp-6088,104.24299315537718,50.11682621541885,MACE-OMAT,79.381,40.612
mp-614603,3.185894841530482,2.752075315407827,MACE-OMAT,8.224,4.02
mp-625054,193.66381113358062,134.91184293909348,MACE-OMAT,106.355,79.123
mp-631388,168.33173158568434,52.45607363358427,MACE-OMAT,157.642,17.362
mp-631412,182.3913260692103,-13.631413100533077,MACE-OMAT,167.909,24.724
mp-631523,188.05374909382002,40.201027722779784,MACE-OMAT,201.037,21.798
mp-631547,104.21003431369887,27.736455087638383,MACE-OMAT,107.248,3.701
mp-631551,119.59308311530843,33.40958575179262,MACE-OMAT,119.44,1.572
mp-6319,83.83206431921639,52.50827456826339,MACE-OMAT,64.198,40.586
mp-636273,42.63153391801541,6.164641243720417,MACE-OMAT,38.83,10.717
mp-640708,123.29077916437488,83.83077571545887,MACE-OMAT,128.509,67.937
mp-643084,145.03993873215256,79.16117101104177,MACE-OMAT,94.858,60.907
mp-643754,61.82017904912063,31.0139619851161,MACE-OMAT,29.989,10.733
mp-644389,50.63828580880973,33.70338523568404,MACE-OMAT,42.316,29.177
mp-6504,105.08169370037338,67.85970317191206,MACE-OMAT,73.809,30.686
mp-6511,41.5235520403579,24.03524278700318,MACE-OMAT,15.519,8.426
mp-6624,145.16665346492354,93.2891647656605,MACE-OMAT,127.515,80.136
mp-6633,45.01272473836118,28.099001568014213,MACE-OMAT,18.759,8.919
mp-6654,50.41574431598047,27.144393155571475,MACE-OMAT,23.035,9.426
mp-669546,152.15023512881478,69.60206797360462,MACE-OMAT,149.807,62.629
mp-672294,123.23145659100457,80.26626366104675,MACE-OMAT,101.06,77.888
mp-672340,98.95414342711138,34.46802870219669,MACE-OMAT,95.132,41.998
mp-674,112.60259667396618,47.36110771922904,MACE-OMAT,109.965,45.919
mp-675104,31.052941699514736,16.08511906168824,MACE-OMAT,20.048,8.16
mp-675172,241.14560952629924,144.93727154109695,MACE-OMAT,208.145,120.083
mp-675798,92.01081782221443,49.47312458661335,MACE-OMAT,71.34,32.839
mp-677105,58.96212347954843,29.94826645488952,MACE-OMAT,58.829,26.47
mp-685935,112.61679811241255,64.63602151032927,MACE-OMAT,60.062,35.545
mp-6947,277.498119789279,232.37127202251799,MACE-OMAT,272.328,201.767
mp-6951,53.8846504845956,23.443053425861816,MACE-OMAT,55.222,22.838
mp-6954,48.32358748573615,32.8074238987988,MACE-OMAT,48.889,29.294
mp-7,30.547839911336936,16.08675080273695,MACE-OMAT,1.874,1.075
mp-712,70.42899155656792,34.970592351547225,MACE-OMAT,70.25,31.833
mp-718,151.9608873168816,60.600910715541566,MACE-OMAT,145.871,54.511
mp-720,30.116866069152202,10.202488886675717,MACE-OMAT,6.828,4.15
mp-7283,177.3659867157902,164.4385868918056,MACE-OMAT,170.08,155.057
mp-7285,184.30428878904127,84.17416028710122,MACE-OMAT,176.825,75.969
mp-729,250.0029080715665,166.10371143783564,MACE-OMAT,246.829,154.873
mp-7303,54.75939957422075,28.282480768770913,MACE-OMAT,57.028,29.141
mp-733,138.56268118901076,97.74270122591129,MACE-OMAT,37.861,28.881
mp-7343,68.79615894826347,27.654468284437534,MACE-OMAT,55.615,17.134
mp-7364,88.71055510037306,40.85221626753516,MACE-OMAT,93.089,36.257
mp-738,75.5111850339333,34.557767262284294,MACE-OMAT,72.555,23.812
mp-7387,52.20044355314744,26.008400404665494,MACE-OMAT,23.276,10.958
mp-739,137.98824631075058,97.82578915363595,MACE-OMAT,139.085,90.022
mp-7424,185.40912405996815,58.138586203463674,MACE-OMAT,173.199,46.36
mp-7430,43.927308420431416,24.329490057319667,MACE-OMAT,39.354,20.206
mp-7435,33.6103559666824,22.826649332650373,MACE-OMAT,35.575,21.711
mp-7436,28.34356288198603,19.322167198010664,MACE-OMAT,29.374,17.875
mp-7469,64.95011936977373,32.75307849567657,MACE-OMAT,47.66,22.586
mp-747,105.1053971696015,41.24077885690662,MACE-OMAT,103.144,39.324
mp-7482,47.07166869518029,14.409958805616997,MACE-OMAT,50.69,14.872
mp-752463,215.2775031651653,95.96507935849579,MACE-OMAT,177.394,57.723
mp-753490,141.68723566764908,71.09580373291679,MACE-OMAT,127.282,71.103
mp-753506,54.00180236221761,33.50666081530091,MACE-OMAT,60.947,36.004
mp-753848,128.8532865602202,49.90295806228908,MACE-OMAT,89.756,41.778
mp-754326,72.06441062076081,38.20495206627675,MACE-OMAT,58.425,26.511
mp-754434,227.4093130030995,141.62410793320996,MACE-OMAT,212.613,66.114
mp-754808,137.3620596466923,77.30652150746944,MACE-OMAT,132.923,78.047
mp-754912,136.8437565507485,67.8770811213088,MACE-OMAT,109.67,25.035
mp-754940,37.28342201435567,25.681283660693197,MACE-OMAT,39.278,26.756
mp-755089,214.99148166952034,106.49760935128815,MACE-OMAT,154.271,77.349
mp-755144,55.53830713974789,44.22219055259662,MACE-OMAT,55.978,39.05
mp-755895,124.00903461099594,76.18824667753341,MACE-OMAT,119.003,67.526
mp-757100,93.38597292610574,60.34020394579097,MACE-OMAT,69.93,19.302
mp-764648,196.0099668831326,119.56881663437676,MACE-OMAT,140.834,93.619
mp-765294,109.52130544490174,75.0539914141314,MACE-OMAT,25.933,16.32
mp-771,122.20276652816874,69.46288861105535,MACE-OMAT,122.529,80.027
mp-7739,73.15847736468609,32.12513845336745,MACE-OMAT,56.113,23.869
mp-774873,91.69018379886964,55.861504360025805,MACE-OMAT,22.146,10.683
mp-774922,107.1404789627141,54.00833876100716,MACE-OMAT,6.146,13.893
mp-778364,87.59363708406137,48.324099306728584,MACE-OMAT,46.367,25.335
mp-782,79.13317860940899,29.51264696768436,MACE-OMAT,53.053,17.97
mp-7857,236.33479328705198,197.09226983194517,MACE-OMAT,207.405,190.624
mp-7877,81.14765671137482,57.47909670530553,MACE-OMAT,86.566,55.773
mp-7882,47.87869463542834,24.656512660183324,MACE-OMAT,47.006,4.63
mp-7927,318.5812406753898,163.93064297993166,MACE-OMAT,268.181,161.799
mp-794,45.36532153543799,27.936392925091745,MACE-OMAT,43.579,23.178
mp-795,60.59540203321624,39.69665560873272,MACE-OMAT,52.319,36.261
mp-7973,83.67262086879266,51.240965473398646,MACE-OMAT,68.969,36.925
mp-8013,84.23407759394813,40.03957988711533,MACE-OMAT,11.553,4.906
mp-8020,198.77419591969579,82.9119024579645,MACE-OMAT,183.62,66.054
mp-8033,125.01869609227997,42.82931170008235,MACE-OMAT,118.532,34.579
mp-8096,95.65142795109782,36.28541483846494,MACE-OMAT,13.999,6.777
mp-8102,334.17911630928756,135.26743392660035,MACE-OMAT,344.254,70.766
mp-8126,93.66455623624894,57.118086310503294,MACE-OMAT,93.076,60.168
mp-8180,94.53659648905412,60.97086521826238,MACE-OMAT,39.77,22.996
mp-8188,113.72695027849818,75.21668379630924,MACE-OMAT,95.827,57.465
mp-82,23.787233937330395,4.815745719338454,MACE-OMAT,26.378,11.153
mp-8207,205.89339456608377,121.52636847853105,MACE-OMAT,193.672,63.614
mp-825,288.9718280445848,140.39780268649184,MACE-OMAT,252.231,96.302
mp-839,185.86066613121866,88.0108890891229,MACE-OMAT,186.748,75.505
mp-8399,52.39521947296855,24.975745375618477,MACE-OMAT,53.871,24.043
mp-8401,66.27046592634402,38.26300980223703,MACE-OMAT,62.499,36.041
mp-8409,97.22206007196498,62.518015734811804,MACE-OMAT,78.584,46.437
mp-8439,43.83820039643913,29.419164241370453,MACE-OMAT,39.186,22.791
mp-8539,43.594868663492804,28.568314703980157,MACE-OMAT,41.51,23.276
mp-861182,47.27114381973388,29.432429387593146,MACE-OMAT,24.697,14.592
mp-861460,42.182744718192325,17.771360176072914,MACE-OMAT,42.162,17.936
mp-861629,106.87303204885303,36.34784250464244,MACE-OMAT,102.805,43.455
mp-861735,37.82198486324955,15.628835797372178,MACE-OMAT,39.982,10.424
mp-861736,108.31614909436406,31.5310319098637,MACE-OMAT,107.809,33.967
mp-862290,133.2609089520029,66.3533607368349,MACE-OMAT,145.894,65.499
mp-862335,169.60213481452254,65.49081681696951,MACE-OMAT,160.442,59.369
mp-862423,117.53953964193943,48.279318729940634,MACE-OMAT,123.752,53.036
mp-862445,261.0308924312777,153.794413412972,MACE-OMAT,268.452,143.473
mp-862602,138.0065776659949,81.12549472361533,MACE-OMAT,146.391,94.037
mp-862610,180.93084945982562,80.60234252933303,MACE-OMAT,174.685,62.733
mp-862656,78.53564214690455,60.49694909997684,MACE-OMAT,76.785,56.514
mp-862684,137.2767181785639,60.92708919564251,MACE-OMAT,145.945,59.172
mp-862692,42.84897098079074,23.976615905815883,MACE-OMAT,43.612,18.839
mp-862702,77.64008794505627,32.21435710809996,MACE-OMAT,79.681,32.127
mp-862713,236.65641690708438,105.89980399453476,MACE-OMAT,227.447,99.655
mp-862716,62.43022280680128,24.36823792681749,MACE-OMAT,66.506,24.289
mp-862725,216.2682512122557,100.61875163377037,MACE-OMAT,219.455,89.291
mp-862769,29.411309279730713,14.505662164026166,MACE-OMAT,19.114,12.139
mp-862791,185.5269949267103,-46.56339944968724,MACE-OMAT,185.797,298.985
mp-862795,44.7975880410563,21.002065514305926,MACE-OMAT,44.205,19.952
mp-862797,37.52215689252545,18.23651067121389,MACE-OMAT,36.494,17.941
mp-862800,16.83163248209338,9.600793734435408,MACE-OMAT,2.5460000000000003,1.806
mp-862805,82.01698661589577,22.034744229776276,MACE-OMAT,80.55,17.514
mp-863677,88.15136638301851,32.53227518341661,MACE-OMAT,78.335,25.855
mp-863679,192.57212316384533,80.50342028013996,MACE-OMAT,185.741,78.278
mp-863703,56.30163324430406,17.248007294922054,MACE-OMAT,50.105,19.158
mp-863711,146.4818627164316,56.9981751373088,MACE-OMAT,145.122,52.644
mp-863713,97.75702196640948,30.8454172566351,MACE-OMAT,97.769,34.119
mp-863733,89.8968286251578,29.05298894165071,MACE-OMAT,91.146,28.354
mp-864633,65.25017404301508,14.95661536924153,MACE-OMAT,57.531,19.66
mp-864654,152.77436033961393,60.76791912947883,MACE-OMAT,161.838,59.551
mp-864657,18.251310478014076,10.348048022477,MACE-OMAT,2.881,1.97
mp-864668,83.44400428504065,22.244302853259647,MACE-OMAT,82.554,18.058
mp-864684,182.53413037257155,82.82817048305947,MACE-OMAT,189.709,80.044
mp-864756,43.389947792493324,23.358674286550688,MACE-OMAT,30.524,17.477
mp-864758,13.883703968843706,7.192744712014429,MACE-OMAT,13.554,5.917
mp-864765,82.33008015715616,30.725979672348124,MACE-OMAT,43.786,17.57
mp-864770,274.2564158975979,128.82600670548067,MACE-OMAT,265.254,131.074
mp-864787,123.1595227627137,21.75452647335363,MACE-OMAT,56.084,47.324
mp-864804,47.81173386853347,21.656749297473997,MACE-OMAT,52.714,4.747
mp-864840,209.7191533322878,94.53744810246211,MACE-OMAT,218.128,77.859
mp-864857,158.30227412745813,48.72899594660047,MACE-OMAT,192.655,69.361
mp-864897,161.34952718036644,52.17991571877504,MACE-OMAT,162.384,48.901
mp-864904,63.729927841791756,21.44428597145127,MACE-OMAT,73.061,16.491
mp-864916,197.00334361299494,86.26888891434433,MACE-OMAT,187.509,87.375
mp-864922,91.70493327113351,18.590335122512112,MACE-OMAT,94.828,25.037
mp-864924,54.945062529816354,27.22660462005004,MACE-OMAT,58.214,23.305
mp-864927,201.77154662576157,93.33080304785825,MACE-OMAT,217.65,103.317
mp-864933,84.68919694279762,34.43042968427652,MACE-OMAT,88.2,20.608
mp-864981,98.17580243813688,35.82544092883591,MACE-OMAT,99.317,32.495
mp-864987,179.69198145480442,70.17084697658385,MACE-OMAT,168.969,55.119
mp-865025,246.59385849365685,107.53109862123176,MACE-OMAT,244.954,109.351
mp-865110,24.36872692763882,8.445630089859755,MACE-OMAT,24.965,13.0
mp-865145,25.618604115977394,1.1129253042510612,MACE-OMAT,27.25,8.941
mp-865195,151.31095502423165,60.62560849211337,MACE-OMAT,147.294,55.923
mp-865248,178.89066574880064,78.8305415637198,MACE-OMAT,179.898,73.733
mp-865308,184.99560604560364,85.82910197125675,MACE-OMAT,171.518,52.236
mp-865324,29.823290653426728,15.951910300153385,MACE-OMAT,3.289,2.7
mp-865357,117.46193760697051,42.22178243949514,MACE-OMAT,111.133,44.23
mp-865376,39.76350210899901,26.651336524664714,MACE-OMAT,43.03,26.114
mp-865382,223.25205065718103,89.94510412653398,MACE-OMAT,221.654,89.252
mp-865433,72.27515196411,33.69621155556132,MACE-OMAT,74.058,20.648
mp-865469,188.29545002799313,82.51501783992707,MACE-OMAT,193.143,78.85
mp-865472,250.64269544925955,104.68266962852508,MACE-OMAT,258.765,107.994
mp-865499,249.0504966861601,116.652141503566,MACE-OMAT,275.44,129.105
mp-865563,102.25815522489833,13.317133139001447,MACE-OMAT,111.102,18.066
mp-865797,119.17159202773061,67.30514601924752,MACE-OMAT,127.341,69.17
mp-865799,53.63612926500659,23.289088948809333,MACE-OMAT,55.734,36.046
mp-865810,266.16340292064234,133.88391319150327,MACE-OMAT,257.893,119.069
mp-865895,210.50834991448147,85.57280136375488,MACE-OMAT,203.806,74.202
mp-865897,29.44319982357857,28.220536739724572,MACE-OMAT,35.03,19.316
mp-865926,124.20058224014953,40.66504355673875,MACE-OMAT,123.024,48.221
mp-865932,33.84357208613146,31.84616597358624,MACE-OMAT,46.894,33.556
mp-865944,138.80279950146078,35.35381375687992,MACE-OMAT,152.686,51.878
mp-865964,31.13169791673479,32.842718228604674,MACE-OMAT,34.099,27.664
mp-865995,71.6135649940453,20.76516715192964,MACE-OMAT,70.05,15.34
mp-866020,56.052711519735794,24.544424247400542,MACE-OMAT,50.682,25.265
mp-866067,49.674527750757804,22.300524176729756,MACE-OMAT,50.858,21.146
mp-866087,191.13708332672425,86.9776615770541,MACE-OMAT,179.203,75.943
mp-866115,195.60421041262452,104.13498530033918,MACE-OMAT,193.549,99.772
mp-866120,62.23164332218008,23.368743098408924,MACE-OMAT,66.273,29.296
mp-866132,25.54937396278808,13.845952178752547,MACE-OMAT,24.55,18.578
mp-866139,189.36274711838996,47.80177100301038,MACE-OMAT,189.33,65.793
mp-866155,216.74908891851723,105.40623791855175,MACE-OMAT,209.627,91.984
mp-866161,259.6036898746288,149.49537218093002,MACE-OMAT,251.039,128.846
mp-866204,74.7501476999641,18.15105226312991,MACE-OMAT,66.613,21.006
mp-866227,77.68404659352119,27.33398833314618,MACE-OMAT,82.434,27.763
mp-866295,43.403061519401355,24.962747349089643,MACE-OMAT,43.506,22.533
mp-867170,157.84510462734326,10.644045890377605,MACE-OMAT,151.641,153.628
mp-867202,12.123129419686164,7.724395564761938,MACE-OMAT,11.444,6.8870000000000005
mp-867213,111.41985597478252,42.33373788479444,MACE-OMAT,117.96,47.096
mp-867259,71.86174000981191,24.175204158970537,MACE-OMAT,76.882,24.906
mp-867266,34.35821391987639,14.698876482841383,MACE-OMAT,33.477,10.983
mp-867290,64.65593843716512,43.84279880573242,MACE-OMAT,60.402,39.055
mp-867356,307.4468627701209,193.20049773293624,MACE-OMAT,308.589,192.283
mp-867869,84.81958549540529,29.71698522590886,MACE-OMAT,83.326,27.293
mp-867874,256.7488993000242,106.13336185432655,MACE-OMAT,241.663,90.582
mp-867897,205.63066017520862,100.29583533833087,MACE-OMAT,204.892,102.073
mp-8682,175.05090891188186,119.36363499993715,MACE-OMAT,152.578,98.816
mp-87,133.85203867165492,140.69299223341037,MACE-OMAT,120.019,133.872
mp-8874,186.65476895718118,120.8364453879675,MACE-OMAT,94.759,73.016
mp-8911,67.5559893481156,27.577133719125882,MACE-OMAT,46.958,15.031
mp-8922,155.05246877937353,93.09555124770515,MACE-OMAT,107.992,47.314
mp-8932,33.05910850240056,21.697775080469334,MACE-OMAT,15.288,8.595
mp-8969,125.39214783335507,71.40845000006773,MACE-OMAT,125.782,69.791
mp-900,120.70995606983105,35.26164737631095,MACE-OMAT,138.031,26.75
mp-9075,96.37145480700718,39.78327844682256,MACE-OMAT,84.837,32.065
mp-9124,53.90583748732447,42.12967557431433,MACE-OMAT,53.606,40.964
mp-925,247.97195424396733,137.6044107195655,MACE-OMAT,316.753,162.007
mp-9295,68.8073165483891,36.518589147850335,MACE-OMAT,34.708,19.87
mp-9304,106.42010725851924,54.304922472138024,MACE-OMAT,82.277,38.336
mp-9325,81.1303224173428,50.040925908088305,MACE-OMAT,51.62,31.792
mp-9330,57.59450886798192,33.295609567422765,MACE-OMAT,11.099,6.847
mp-9387,90.3874946171381,59.04020929472071,MACE-OMAT,86.002,53.608
mp-9565,40.43445915266951,29.153899177953566,MACE-OMAT,39.782,26.42
mp-9569,68.70745181415874,47.880047142115835,MACE-OMAT,66.211,45.563
mp-9574,34.744228589116716,25.49534170206513,MACE-OMAT,34.453,23.924
mp-9577,49.505730285481555,40.14592277881287,MACE-OMAT,49.839,35.571
mp-961656,147.2062359372172,73.97427010776137,MACE-OMAT,134.14,53.837
mp-961697,93.06410176589718,51.2220534990055,MACE-OMAT,95.062,38.126
mp-962077,52.449697443155415,-68.33081452293789,MACE-OMAT,68.261,5.193
mp-9665,22.09439877737158,12.996921878669665,MACE-OMAT,16.559,7.368
mp-971669,67.58910979019238,53.80752105202684,MACE-OMAT,100.502,47.232
mp-971738,154.68065440091596,47.27338803062597,MACE-OMAT,155.672,56.716
mp-971744,177.24973356816122,59.276753407603564,MACE-OMAT,183.266,51.41
mp-971837,38.25262092374427,20.771349963774654,MACE-OMAT,38.904,17.206
mp-971909,144.47397636073566,48.09408226526821,MACE-OMAT,149.877,0.619
mp-971996,97.74103492455147,44.21050845592957,MACE-OMAT,84.713,46.093
mp-972044,45.960587650531416,26.05630691950355,MACE-OMAT,44.763,31.315
mp-972062,61.05365987400181,27.110881129705295,MACE-OMAT,53.312,25.438
mp-972209,275.5905436657356,110.73683932890968,MACE-OMAT,250.356,104.672
mp-972222,260.4907372117363,131.9407197589959,MACE-OMAT,277.307,103.594
mp-972257,31.958161243360678,19.30597967126305,MACE-OMAT,34.964,19.382
mp-972504,59.178660803246935,32.45875174879404,MACE-OMAT,56.309,31.189
mp-972530,79.17015335136861,25.221853674837973,MACE-OMAT,79.206,21.569
mp-972692,43.1256144735565,8.70462468831848,MACE-OMAT,44.231,14.712
mp-972912,28.24022718894711,20.38848356247676,MACE-OMAT,29.595,16.724
mp-972941,43.858938424125554,7.51413808135879,MACE-OMAT,32.912,11.214
mp-972954,41.20229965765603,13.264973342024234,MACE-OMAT,42.98,4.888
mp-972960,82.98864851585756,19.060590190432556,MACE-OMAT,86.527,12.239
mp-973067,125.5086398437951,15.41549706283075,MACE-OMAT,128.767,23.656
mp-973174,50.15099897463726,20.017521045959626,MACE-OMAT,52.516,21.232
mp-973175,55.591929959495204,8.56329177215528,MACE-OMAT,55.254,20.144
mp-973266,56.07941428525115,42.85452444712228,MACE-OMAT,53.348,33.866
mp-973316,11.494735168432792,5.945347572071798,MACE-OMAT,11.571,5.99
mp-973432,131.62146914451094,49.40222483316486,MACE-OMAT,130.571,46.272
mp-973538,68.54403870534523,40.599439441055104,MACE-OMAT,67.89,40.238
mp-973556,57.19857305923388,33.74892248023402,MACE-OMAT,51.667,34.157
mp-973571,47.1306168659337,30.853143859830762,MACE-OMAT,44.851,28.755
mp-973684,43.42118139964026,26.002914085948134,MACE-OMAT,41.172,18.141
mp-973750,62.461245899857,23.93407607677166,MACE-OMAT,60.626,19.562
mp-973777,42.70426058183767,-153.15486312748126,MACE-OMAT,43.402,0.147
mp-974061,191.59915333555557,98.13387305354539,MACE-OMAT,178.452,117.855
mp-974464,350.9237343256232,106.64040923644598,MACE-OMAT,162.958,27.22
mp-974832,7.155054459873027,2.2310511961708146,MACE-OMAT,6.311,0.48
mp-974949,12.366192967106102,5.1304907213722695,MACE-OMAT,12.992,4.304
mp-974990,2.9753213956571636,0.7602472125059025,MACE-OMAT,3.088,0.512
mp-975206,117.48725346842106,108.04706326501817,MACE-OMAT,117.294,105.897
mp-975255,88.91019974246916,47.273764218806484,MACE-OMAT,95.483,47.559
mp-975664,68.29260648042238,24.23556716992366,MACE-OMAT,69.174,22.539
mp-975972,39.175455212970846,22.93846939966638,MACE-OMAT,41.51,23.46
mp-976055,24.123296861292065,11.686128620207093,MACE-OMAT,24.671,16.433
mp-976263,27.84364195923892,27.648285103357395,MACE-OMAT,31.347,26.561
mp-976405,31.926255210293053,11.660212968201073,MACE-OMAT,33.418,18.579
mp-976419,98.67514892679806,18.781234123888975,MACE-OMAT,102.841,29.873
mp-976838,167.09394733739654,65.2755659546357,MACE-OMAT,173.553,46.299
mp-976968,101.6795923830156,37.6668557660848,MACE-OMAT,104.533,38.431
mp-9771,196.48567728263907,86.69484771989437,MACE-OMAT,138.601,58.663
mp-977189,17.58981199287146,9.001495072861493,MACE-OMAT,19.11,9.212
mp-977239,25.819173670576873,11.682971473833376,MACE-OMAT,26.408,5.399
mp-977286,19.81696759430485,5.52238453399302,MACE-OMAT,21.078,0.8260000000000001
mp-977399,80.01592663826588,31.405750689811097,MACE-OMAT,84.673,40.498
mp-977403,12.85097746113326,6.292147364012932,MACE-OMAT,12.052,5.181
mp-977415,77.37934415834278,24.422397490929363,MACE-OMAT,89.835,22.834
mp-977418,69.43036612902436,20.676833468222068,MACE-OMAT,68.967,18.185
mp-977421,138.30579392239852,48.88171932340143,MACE-OMAT,132.553,44.279
mp-977542,43.96999907843162,22.83671570077703,MACE-OMAT,42.072,17.115
mp-977547,132.09786973970049,67.29047663925653,MACE-OMAT,140.599,62.854
mp-977553,68.28500072591258,31.49219634641506,MACE-OMAT,63.365,20.657
mp-977554,66.94317680779945,29.26470169703445,MACE-OMAT,72.567,28.927
mp-978085,47.023468728373146,13.348928939500805,MACE-OMAT,52.072,15.917
mp-978291,55.56565545895882,38.641733504510796,MACE-OMAT,48.729,32.735
mp-978496,167.91749478727817,155.72906131274587,MACE-OMAT,129.631,90.777
mp-978500,293.61280004431273,125.87622419500035,MACE-OMAT,264.313,95.512
mp-978507,52.652086873483285,28.461336397506955,MACE-OMAT,52.79,34.028
mp-978509,172.24047201274996,-658.7793213732397,MACE-OMAT,153.635,36.773
mp-978527,54.47521040471561,13.87597166526181,MACE-OMAT,54.144,16.825
mp-978534,81.492993880759,66.29957426224075,MACE-OMAT,73.122,55.607
mp-978543,54.77849390350172,13.432047922219523,MACE-OMAT,52.76,14.781
mp-978549,55.53861261427741,30.90879327504014,MACE-OMAT,59.305,29.737
mp-978833,57.778895660804245,20.792326796370038,MACE-OMAT,55.99,22.726
mp-978911,61.26924721899434,21.29324310061831,MACE-OMAT,64.962,27.122
mp-978926,134.93419274743877,67.00021084951284,MACE-OMAT,145.68,69.014
mp-978988,62.78998731243956,21.377549037479746,MACE-OMAT,68.08,27.068
mp-979057,58.27968847393504,23.29034768503158,MACE-OMAT,57.911,22.245
mp-979234,34.215240329467484,19.747640710474606,MACE-OMAT,35.996,20.299
mp-979258,61.17072809362982,23.0122092768576,MACE-OMAT,65.115,28.297
mp-979294,110.789327468239,48.252104758377214,MACE-OMAT,110.647,45.527
mp-979419,41.559278992782055,24.671263217143164,MACE-OMAT,40.892,25.48
mp-979427,54.543741519821246,31.319742059186634,MACE-OMAT,60.525,30.364
mp-979937,55.3234462306763,18.165807580329943,MACE-OMAT,39.52,8.177
mp-979938,66.15045188946935,21.64664105877492,MACE-OMAT,31.688,15.305
mp-979989,51.440968757209845,24.382618551045802,MACE-OMAT,47.651,18.544
mp-980004,98.54127042293362,49.969072223988526,MACE-OMAT,93.932,39.1
mp-980199,61.0381578266993,26.56317860892969,MACE-OMAT,52.438,26.151
mp-980203,315.4153693252429,128.90658806973278,MACE-OMAT,308.449,110.247
mp-981207,65.47295246279504,40.66663080295872,MACE-OMAT,54.772,37.631
mp-981234,43.23517813766265,11.678178089576686,MACE-OMAT,35.777,16.544
mp-981252,36.69113278003945,10.329833206859245,MACE-OMAT,37.533,17.204
mp-981393,83.40844021293539,31.529847741390366,MACE-OMAT,82.566,32.929
mp-982004,83.95877556737612,34.86627748958051,MACE-OMAT,83.172,30.051
mp-982070,293.1866873976018,125.88471566445718,MACE-OMAT,270.236,116.36
mp-982370,7.826164469525417,3.8059557150711942,MACE-OMAT,7.773,3.678
mp-982558,125.88976885007158,59.565847970830404,MACE-OMAT,142.29,64.149
mp-982870,205.97118577494274,-174.58716102121076,MACE-OMAT,214.618,81.996
mp-983567,19.061395276099876,13.745431360220906,MACE-OMAT,22.937,13.541
mp-984050,74.18509172223936,-1.6630669944297778,MACE-OMAT,73.332,26.673
mp-984352,199.62255217515448,124.08386849490245,MACE-OMAT,203.003,111.008
mp-9845,23.89763130353072,17.034046624717565,MACE-OMAT,21.936,11.138
mp-984729,79.60163302386297,49.299669877567894,MACE-OMAT,79.071,49.114
mp-985439,56.97952738133957,31.745835882334102,MACE-OMAT,57.169,33.396
mp-989551,63.865947156268334,29.00443540498658,MACE-OMAT,41.494,13.628
mp-989554,161.0095869566641,69.77788504141152,MACE-OMAT,135.546,49.111
mp-989562,49.852516020924696,25.89677641291316,MACE-OMAT,33.191,8.613
mp-989564,252.02177464802054,98.5037158872904,MACE-OMAT,243.043,92.446
mp-989644,17.934502240116792,6.952699695860923,MACE-OMAT,16.182,4.943
mp-9898,48.76728513923904,32.52063895013774,MACE-OMAT,51.12,33.441
mp-993,76.47578097558021,31.90411683581562,MACE-OMAT,87.052,23.018
mp-9954,125.25685334071879,81.90864541515789,MACE-OMAT,127.118,65.141
mp-996973,68.85063960136638,27.680915427902928,MACE-OMAT,46.181,14.739
mp-996990,77.47887618797358,43.24567216194037,MACE-OMAT,82.961,44.442
mp-997009,83.63094206383647,41.674982627768124,MACE-OMAT,71.713,25.176
mp-997034,81.05109248695882,43.239971456755526,MACE-OMAT,76.627,34.529
mp-9973,294.13116398343584,264.4093845272244,MACE-OMAT,268.991,231.992
mp-997618,102.96438288247447,90.50932277292094,MACE-OMAT,98.422,83.541
mp-998307,34.63332373574813,17.107868597163563,MACE-OMAT,33.583,17.108
mp-999069,124.75938392544286,59.932811458639094,MACE-OMAT,412.064,12.007
mp-999117,338.97324580714394,161.14795206333432,MACE-OMAT,343.828,144.403
mp-999133,217.41441085185792,42.23738904425218,MACE-OMAT,201.83,71.407
mp-999201,66.96627579221261,35.10076861032183,MACE-OMAT,93.51,13.769
mp-999258,74.32577111213656,36.18741504286228,MACE-OMAT,81.341,32.765
mp-999266,415.3633554335884,203.19919040863286,MACE-OMAT,392.349,212.91
mp-999474,51.219224714613155,31.75034177348573,MACE-OMAT,37.932,24.123
mp-999490,60.75465745292536,39.24414125346261,MACE-OMAT,45.768,27.774
mp-999495,35.23557510966978,18.33694793114972,MACE-OMAT,29.531,6.252
mp-999545,140.62926783855903,119.45284338932238,MACE-OMAT,125.464,115.101
