chemical_formula,elasticity.bulk_modulus_vrh,elasticity.computed_on_structure_iri,elasticity.instance_iri,elasticity.rdfs_comment,elasticity.rdfs_label,elasticity.shear_modulus_vrh,elasticity.units,elasticity.youngs_modulus,output_json_path,source_identifier,source_identifier_type,structure_iri,structure_name
Na8Re12S24,0.7270134296160276,https://elagente.ca/grafico/ConceptualAtoms_00030892-4a3d-40dd-8422-ff7af5e4343a,https://elagente.ca/ontomlff/MLFFElasticityResult_43e2a0e7-9d58-42a4-aa8e-da258c84a25b,[],[],0.5169981915745149,eV/Å^3,1.2537929609984655,/scratch/kenko/akg4pyscf/.graphchat-workspaces/kenko_room/mlff_elasticity_benchmark/workflow_runs/Orb_OMAT/elasticity_Orb_OMAT/structures/Na8Re12S24_9af9be7a/output.json,mp-541895,cif,https://elagente.ca/grafico/ConceptualAtoms_00030892-4a3d-40dd-8422-ff7af5e4343a,mp-541895
Pt6Si2,1.3804213625762114,https://elagente.ca/grafico/ConceptualAtoms_0018f87b-ea2a-4aeb-b434-ea6cbae22bc8,https://elagente.ca/ontomlff/MLFFElasticityResult_a01f32b2-3326-48b3-9eee-e8e493b7a331,[],[],0.4504397652094566,eV/Å^3,1.2187567511479869,/scratch/kenko/akg4pyscf/.graphchat-workspaces/kenko_room/mlff_elasticity_benchmark/workflow_runs/Orb_OMAT/elasticity_Orb_OMAT/structures/Pt6Si2_aa1f6179/output.json,mp-13363,cif,https://elagente.ca/grafico/ConceptualAtoms_0018f87b-ea2a-4aeb-b434-ea6cbae22bc8,mp-13363
Cs4I12Pb4,0.0976088004770404,https://elagente.ca/grafico/ConceptualAtoms_00d230fd-cf2b-4326-9cde-0324bb854a5e,https://elagente.ca/ontomlff/MLFFElasticityResult_9346af31-379a-4f76-a3fb-39c2b465a5f0,[],[],0.05367741920351744,eV/Å^3,0.1360865124778756,/scratch/kenko/akg4pyscf/.graphchat-workspaces/kenko_room/mlff_elasticity_benchmark/workflow_runs/Orb_OMAT/elasticity_Orb_OMAT/structures/Cs4I12Pb4_b7d62824/output.json,mp-540839,cif,https://elagente.ca/grafico/ConceptualAtoms_00d230fd-cf2b-4326-9cde-0324bb854a5e,mp-540839
Al2Si2Y,0.4673528832046024,https://elagente.ca/grafico/ConceptualAtoms_00f9048f-56e1-497a-bde4-fdcb893e5338,https://elagente.ca/ontomlff/MLFFElasticityResult_ce4cbdbf-4c14-47a1-92b5-ddc3eeb40cd3,[],[],0.3024222998529611,eV/Å^3,0.7462925323001002,/scratch/kenko/akg4pyscf/.graphchat-workspaces/kenko_room/mlff_elasticity_benchmark/workflow_runs/Orb_OMAT/elasticity_Orb_OMAT/structures/Al2Si2Y_97853392/output.json,mp-10435,cif,https://elagente.ca/grafico/ConceptualAtoms_00f9048f-56e1-497a-bde4-fdcb893e5338,mp-10435
BiF6Rb,0.3894161139497426,https://elagente.ca/grafico/ConceptualAtoms_013fa61d-2cba-453e-81df-3e0bda080c42,https://elagente.ca/ontomlff/MLFFElasticityResult_29fa8113-0ba7-49d0-ba3d-3fb0b4d5d743,[],[],0.20052147417785443,eV/Å^3,0.5134366866593869,/scratch/kenko/akg4pyscf/.graphchat-workspaces/kenko_room/mlff_elasticity_benchmark/workflow_runs/Orb_OMAT/elasticity_Orb_OMAT/structures/BiF6Rb_fb9021cd/output.json,mp-27421,cif,https://elagente.ca/grafico/ConceptualAtoms_013fa61d-2cba-453e-81df-3e0bda080c42,mp-27421
Hf2RhTc,1.0497789553988786,https://elagente.ca/grafico/ConceptualAtoms_016064d0-b7db-442a-81a3-f89336bc59df,https://elagente.ca/ontomlff/MLFFElasticityResult_a55b4cf4-cdfb-4396-a8b8-815b1eea86e4,[],[],0.4936662749565657,eV/Å^3,1.2803074873220064,/scratch/kenko/akg4pyscf/.graphchat-workspaces/kenko_room/mlff_elasticity_benchmark/workflow_runs/Orb_OMAT/elasticity_Orb_OMAT/structures/Hf2RhTc_ce948d47/output.json,mp-864916,cif,https://elagente.ca/grafico/ConceptualAtoms_016064d0-b7db-442a-81a3-f89336bc59df,mp-864916
Mo,1.3257935972939507,https://elagente.ca/grafico/ConceptualAtoms_01830b34-aa4a-40ef-9082-0f2cabab5438,https://elagente.ca/ontomlff/MLFFElasticityResult_0002bb9e-6651-4612-a5e4-0650e395497d,[],[],0.7476220195544434,eV/Å^3,1.887984565617556,/scratch/kenko/akg4pyscf/.graphchat-workspaces/kenko_room/mlff_elasticity_benchmark/workflow_runs/Orb_OMAT/elasticity_Orb_OMAT/structures/Mo_228209b4/output.json,mp-129,cif,https://elagente.ca/grafico/ConceptualAtoms_01830b34-aa4a-40ef-9082-0f2cabab5438,mp-129
MgRh2Zn,0.8083431526133186,https://elagente.ca/grafico/ConceptualAtoms_02123f0a-ec17-4c4a-b3bd-41897a86f97a,https://elagente.ca/ontomlff/MLFFElasticityResult_368be56a-4410-4f43-8bf9-85e974a119dc,[],[],0.4234911401500294,eV/Å^3,1.0815914310636077,/scratch/kenko/akg4pyscf/.graphchat-workspaces/kenko_room/mlff_elasticity_benchmark/workflow_runs/Orb_OMAT/elasticity_Orb_OMAT/structures/MgRh2Zn_4aa874d8/output.json,mp-977547,cif,https://elagente.ca/grafico/ConceptualAtoms_02123f0a-ec17-4c4a-b3bd-41897a86f97a,mp-977547
As2Ba2Cu2,0.30583980898723206,https://elagente.ca/grafico/ConceptualAtoms_021f6816-0162-4603-a6bb-ffe8815627c8,https://elagente.ca/ontomlff/MLFFElasticityResult_26db5b25-4aea-4e57-8432-d74838482b32,[],[],0.20261199901244137,eV/Å^3,0.49788919653188407,/scratch/kenko/akg4pyscf/.graphchat-workspaces/kenko_room/mlff_elasticity_benchmark/workflow_runs/Orb_OMAT/elasticity_Orb_OMAT/structures/As2Ba2Cu2_fbc0160d/output.json,mp-9898,cif,https://elagente.ca/grafico/ConceptualAtoms_021f6816-0162-4603-a6bb-ffe8815627c8,mp-9898
O8Pd6Tl2,0.8052386678849266,https://elagente.ca/grafico/ConceptualAtoms_025201a3-2426-4cb2-87fa-560d7d8e602f,https://elagente.ca/ontomlff/MLFFElasticityResult_d3f9722b-b46a-4349-8a10-a059328d5ed8,[],[],0.34133501836468005,eV/Å^3,0.8972287344911557,/scratch/kenko/akg4pyscf/.graphchat-workspaces/kenko_room/mlff_elasticity_benchmark/workflow_runs/Orb_OMAT/elasticity_Orb_OMAT/structures/O8Pd6Tl2_adf52d55/output.json,mp-5478,cif,https://elagente.ca/grafico/ConceptualAtoms_025201a3-2426-4cb2-87fa-560d7d8e602f,mp-5478
PuSi2,0.5615322785771402,https://elagente.ca/grafico/ConceptualAtoms_02dbe0ee-37aa-4cc7-adcf-09a57a151828,https://elagente.ca/ontomlff/MLFFElasticityResult_71786a32-fcf5-49f7-90da-f3c3888f1392,[],[],0.40691532708255995,eV/Å^3,0.9832430591629278,/scratch/kenko/akg4pyscf/.graphchat-workspaces/kenko_room/mlff_elasticity_benchmark/workflow_runs/Orb_OMAT/elasticity_Orb_OMAT/structures/PuSi2_76c22e89/output.json,mp-10186,cif,https://elagente.ca/grafico/ConceptualAtoms_02dbe0ee-37aa-4cc7-adcf-09a57a151828,mp-10186
Dy8O16Sr4,0.8109264100954062,https://elagente.ca/grafico/ConceptualAtoms_030e2e6f-a793-4841-9eee-61fa9efe149f,https://elagente.ca/ontomlff/MLFFElasticityResult_4c036ec3-95d2-4e8a-9dbe-c68fb0cd401c,[],[],0.5235180623942624,eV/Å^3,1.2924314533850554,/scratch/kenko/akg4pyscf/.graphchat-workspaces/kenko_room/mlff_elasticity_benchmark/workflow_runs/Orb_OMAT/elasticity_Orb_OMAT/structures/Dy8O16Sr4_5ba5e70c/output.json,mp-556075,cif,https://elagente.ca/grafico/ConceptualAtoms_030e2e6f-a793-4841-9eee-61fa9efe149f,mp-556075
Fe4Sb12,0.41701527285250073,https://elagente.ca/grafico/ConceptualAtoms_033e5f11-94d9-4b8e-b1c9-c40904fb37e3,https://elagente.ca/ontomlff/MLFFElasticityResult_2f5fa730-887d-4598-bd1b-d9c747758583,[],[],0.30596905265982544,eV/Å^3,0.7375291868062954,/scratch/kenko/akg4pyscf/.graphchat-workspaces/kenko_room/mlff_elasticity_benchmark/workflow_runs/Orb_OMAT/elasticity_Orb_OMAT/structures/Fe4Sb12_0ca508f4/output.json,mp-971669,cif,https://elagente.ca/grafico/ConceptualAtoms_033e5f11-94d9-4b8e-b1c9-c40904fb37e3,mp-971669
CeGe2Rh2,0.7799466608541445,https://elagente.ca/grafico/ConceptualAtoms_0342faf6-e854-43d0-8ea2-8e589f4fe383,https://elagente.ca/ontomlff/MLFFElasticityResult_d6b94c96-76c5-4853-917f-bec918bb3a39,[],[],0.4482838479606261,eV/Å^3,1.128621827530271,/scratch/kenko/akg4pyscf/.graphchat-workspaces/kenko_room/mlff_elasticity_benchmark/workflow_runs/Orb_OMAT/elasticity_Orb_OMAT/structures/CeGe2Rh2_274e69cf/output.json,mp-5577,cif,https://elagente.ca/grafico/ConceptualAtoms_0342faf6-e854-43d0-8ea2-8e589f4fe383,mp-5577
Al3NdPd2,0.640877878408588,https://elagente.ca/grafico/ConceptualAtoms_035c59ab-5ecd-4d98-bdd1-6347b08dbaab,https://elagente.ca/ontomlff/MLFFElasticityResult_4b0ea721-b447-4354-aa35-d2ff26511be8,[],[],0.32259022522014086,eV/Å^3,0.8287229104363609,/scratch/kenko/akg4pyscf/.graphchat-workspaces/kenko_room/mlff_elasticity_benchmark/workflow_runs/Orb_OMAT/elasticity_Orb_OMAT/structures/Al3NdPd2_35bf1cc2/output.json,mp-12734,cif,https://elagente.ca/grafico/ConceptualAtoms_035c59ab-5ecd-4d98-bdd1-6347b08dbaab,mp-12734
Nd4Tl2,0.2311745462839086,https://elagente.ca/grafico/ConceptualAtoms_035ed8c5-b2ba-46ac-b01d-4462dfdd7a4c,https://elagente.ca/ontomlff/MLFFElasticityResult_7996881f-91f6-4ed5-893f-02070ceec180,[],[],0.11724055558123994,eV/Å^3,0.30086095545166136,/scratch/kenko/akg4pyscf/.graphchat-workspaces/kenko_room/mlff_elasticity_benchmark/workflow_runs/Orb_OMAT/elasticity_Orb_OMAT/structures/Nd4Tl2_7215df18/output.json,mp-2816,cif,https://elagente.ca/grafico/ConceptualAtoms_035ed8c5-b2ba-46ac-b01d-4462dfdd7a4c,mp-2816
NbRu,1.230765042250698,https://elagente.ca/grafico/ConceptualAtoms_03649100-d4ec-45b4-8d0f-21c6cba33e50,https://elagente.ca/ontomlff/MLFFElasticityResult_35e2828e-d1cf-4c57-9d3b-a34c84269de4,[],[],-0.02785941830964385,eV/Å^3,-0.08421367106143203,/scratch/kenko/akg4pyscf/.graphchat-workspaces/kenko_room/mlff_elasticity_benchmark/workflow_runs/Orb_OMAT/elasticity_Orb_OMAT/structures/NbRu_25b3e8be/output.json,mp-11516,cif,https://elagente.ca/grafico/ConceptualAtoms_03649100-d4ec-45b4-8d0f-21c6cba33e50,mp-11516
In2Rb2Te4,0.16331477759042073,https://elagente.ca/grafico/ConceptualAtoms_036e6056-ff69-4c50-81b7-79cfc8451280,https://elagente.ca/ontomlff/MLFFElasticityResult_b37488af-524a-4c6c-9bb1-8ea45c09b3bc,[],[],0.09921439693551232,eV/Å^3,0.2475200437006126,/scratch/kenko/akg4pyscf/.graphchat-workspaces/kenko_room/mlff_elasticity_benchmark/workflow_runs/Orb_OMAT/elasticity_Orb_OMAT/structures/In2Rb2Te4_bea0d36f/output.json,mp-22255,cif,https://elagente.ca/grafico/ConceptualAtoms_036e6056-ff69-4c50-81b7-79cfc8451280,mp-22255
La2MgO4,0.8592861389123274,https://elagente.ca/grafico/ConceptualAtoms_0381d4e1-8b58-4b7c-9b21-49403738d666,https://elagente.ca/ontomlff/MLFFElasticityResult_4dbe7ec8-4f7a-40e8-8cf0-524c2a80697c,[],[],0.4991943013672112,eV/Å^3,1.2546280638566185,/scratch/kenko/akg4pyscf/.graphchat-workspaces/kenko_room/mlff_elasticity_benchmark/workflow_runs/Orb_OMAT/elasticity_Orb_OMAT/structures/La2MgO4_8ba982b7/output.json,mp-754808,cif,https://elagente.ca/grafico/ConceptualAtoms_0381d4e1-8b58-4b7c-9b21-49403738d666,mp-754808
Ag3Na,0.28382182082708607,https://elagente.ca/grafico/ConceptualAtoms_03982b77-84df-4531-8f0e-7c1edca2e3de,https://elagente.ca/ontomlff/MLFFElasticityResult_a0a70be1-a1a0-413f-9ba0-9748a65b285e,[],[],0.12094525534247957,eV/Å^3,0.3177074436373032,/scratch/kenko/akg4pyscf/.graphchat-workspaces/kenko_room/mlff_elasticity_benchmark/workflow_runs/Orb_OMAT/elasticity_Orb_OMAT/structures/Ag3Na_8a5297fe/output.json,mp-973174,cif,https://elagente.ca/grafico/ConceptualAtoms_03982b77-84df-4531-8f0e-7c1edca2e3de,mp-973174
C4N4Na4S4,0.2815621965355275,https://elagente.ca/grafico/ConceptualAtoms_03d8b4a2-f370-4ae6-892f-c5ca364c12a4,https://elagente.ca/ontomlff/MLFFElasticityResult_8ff5c4c3-3bbf-4b95-a566-7f695498062c,[],[],0.17780171223687902,eV/Å^3,0.4406506803006141,/scratch/kenko/akg4pyscf/.graphchat-workspaces/kenko_room/mlff_elasticity_benchmark/workflow_runs/Orb_OMAT/elasticity_Orb_OMAT/structures/C4N4Na4S4_98e74822/output.json,mp-6633,cif,https://elagente.ca/grafico/ConceptualAtoms_03d8b4a2-f370-4ae6-892f-c5ca364c12a4,mp-6633
Ag2Be4,0.7273606799236527,https://elagente.ca/grafico/ConceptualAtoms_0414ab1b-1df2-426b-9122-a7fa50497095,https://elagente.ca/ontomlff/MLFFElasticityResult_9356a73b-2eda-4edc-a621-5d47cbca14d7,[],[],0.5044075250689916,eV/Å^3,1.2291042730075952,/scratch/kenko/akg4pyscf/.graphchat-workspaces/kenko_room/mlff_elasticity_benchmark/workflow_runs/Orb_OMAT/elasticity_Orb_OMAT/structures/Ag2Be4_457cc463/output.json,mp-603,cif,https://elagente.ca/grafico/ConceptualAtoms_0414ab1b-1df2-426b-9122-a7fa50497095,mp-603
Ni4Pd4Te4,0.7211734269840504,https://elagente.ca/grafico/ConceptualAtoms_04157fcc-5339-4bef-98e9-f4cfab486493,https://elagente.ca/ontomlff/MLFFElasticityResult_9b56f3bc-df41-40a9-88eb-b646a910249e,[],[],0.29443834667191304,eV/Å^3,0.7775029172852309,/scratch/kenko/akg4pyscf/.graphchat-workspaces/kenko_room/mlff_elasticity_benchmark/workflow_runs/Orb_OMAT/elasticity_Orb_OMAT/structures/Ni4Pd4Te4_f911a57d/output.json,mp-569511,cif,https://elagente.ca/grafico/ConceptualAtoms_04157fcc-5339-4bef-98e9-f4cfab486493,mp-569511
N3Os3,2.202489234983127,https://elagente.ca/grafico/ConceptualAtoms_04388ddd-b415-40f2-853d-7600e8c6f733,https://elagente.ca/ontomlff/MLFFElasticityResult_eebaaa9b-ae6e-45d9-b177-147a996a4d7f,[],[],0.8062883763116777,eV/Å^3,2.155799711628476,/scratch/kenko/akg4pyscf/.graphchat-workspaces/kenko_room/mlff_elasticity_benchmark/workflow_runs/Orb_OMAT/elasticity_Orb_OMAT/structures/N3Os3_90f4a12c/output.json,mp-1018849,cif,https://elagente.ca/grafico/ConceptualAtoms_04388ddd-b415-40f2-853d-7600e8c6f733,mp-1018849
H6Re2,1.4387172166043831,https://elagente.ca/grafico/ConceptualAtoms_046669f9-bdb8-43fe-8b59-8fa23a1d6f06,https://elagente.ca/ontomlff/MLFFElasticityResult_8f54615c-723d-44ad-9f49-0f764c0fc9fc,[],[],0.43454110418208935,eV/Å^3,1.1843821948808557,/scratch/kenko/akg4pyscf/.graphchat-workspaces/kenko_room/mlff_elasticity_benchmark/workflow_runs/Orb_OMAT/elasticity_Orb_OMAT/structures/H6Re2_5c4aa318/output.json,mp-974464,cif,https://elagente.ca/grafico/ConceptualAtoms_046669f9-bdb8-43fe-8b59-8fa23a1d6f06,mp-974464
CaNdRh2,0.4481746906223617,https://elagente.ca/grafico/ConceptualAtoms_04f8557a-b85a-4647-9897-78b680e35084,https://elagente.ca/ontomlff/MLFFElasticityResult_2f3618a5-692c-4ad7-bd8d-a94c0b5e3adc,[],[],0.1787962549286029,eV/Å^3,0.4734313548159589,/scratch/kenko/akg4pyscf/.graphchat-workspaces/kenko_room/mlff_elasticity_benchmark/workflow_runs/Orb_OMAT/elasticity_Orb_OMAT/structures/CaNdRh2_1d4f4700/output.json,mp-866227,cif,https://elagente.ca/grafico/ConceptualAtoms_04f8557a-b85a-4647-9897-78b680e35084,mp-866227
AgNaO2,0.43745237627600786,https://elagente.ca/grafico/ConceptualAtoms_04fe6571-2bae-4e24-b143-1b9a74e9e685,https://elagente.ca/ontomlff/MLFFElasticityResult_cc4e65f2-1f23-4a8a-a88a-7d9d5b4f00bb,[],[],0.25921559997077986,eV/Å^3,0.6493815417344976,/scratch/kenko/akg4pyscf/.graphchat-workspaces/kenko_room/mlff_elasticity_benchmark/workflow_runs/Orb_OMAT/elasticity_Orb_OMAT/structures/AgNaO2_f608278f/output.json,mp-754326,cif,https://elagente.ca/grafico/ConceptualAtoms_04fe6571-2bae-4e24-b143-1b9a74e9e685,mp-754326
Br2La2,0.19352383910463705,https://elagente.ca/grafico/ConceptualAtoms_0519a1ff-c86c-46ab-b018-64d878e82ea7,https://elagente.ca/ontomlff/MLFFElasticityResult_9df2dd67-ca26-4fe6-8a7b-f3ec5118f905,[],[],0.09058840002773327,eV/Å^3,0.23508426306260888,/scratch/kenko/akg4pyscf/.graphchat-workspaces/kenko_room/mlff_elasticity_benchmark/workflow_runs/Orb_OMAT/elasticity_Orb_OMAT/structures/Br2La2_c518c521/output.json,mp-27679,cif,https://elagente.ca/grafico/ConceptualAtoms_0519a1ff-c86c-46ab-b018-64d878e82ea7,mp-27679
Br4FeLi2,0.21501949129398462,https://elagente.ca/grafico/ConceptualAtoms_05276bb2-1184-4711-8340-1813eab3807a,https://elagente.ca/ontomlff/MLFFElasticityResult_c52ad29d-a4e9-450e-9975-66006810b423,[],[],0.0927038097439353,eV/Å^3,0.24316522827340478,/scratch/kenko/akg4pyscf/.graphchat-workspaces/kenko_room/mlff_elasticity_benchmark/workflow_runs/Orb_OMAT/elasticity_Orb_OMAT/structures/Br4FeLi2_52c583ce/output.json,mp-22967,cif,https://elagente.ca/grafico/ConceptualAtoms_05276bb2-1184-4711-8340-1813eab3807a,mp-22967
Cu2K2Te2,0.17380354457518188,https://elagente.ca/grafico/ConceptualAtoms_0536cfeb-506d-4d06-8966-55f0fa063429,https://elagente.ca/ontomlff/MLFFElasticityResult_1c7816c9-fba4-4193-91a5-81963b75e320,[],[],0.1203225464988805,eV/Å^3,0.29328757100970954,/scratch/kenko/akg4pyscf/.graphchat-workspaces/kenko_room/mlff_elasticity_benchmark/workflow_runs/Orb_OMAT/elasticity_Orb_OMAT/structures/Cu2K2Te2_0037d6bf/output.json,mp-7436,cif,https://elagente.ca/grafico/ConceptualAtoms_0536cfeb-506d-4d06-8966-55f0fa063429,mp-7436
InTe,0.23009746228865785,https://elagente.ca/grafico/ConceptualAtoms_068b3647-31ac-4b00-8eca-9a44f9f7b014,https://elagente.ca/ontomlff/MLFFElasticityResult_4ec42b3d-4250-49f8-ab41-2c5030b42d44,[],[],0.006696806317955597,eV/Å^3,0.019897386341745465,/scratch/kenko/akg4pyscf/.graphchat-workspaces/kenko_room/mlff_elasticity_benchmark/workflow_runs/Orb_OMAT/elasticity_Orb_OMAT/structures/InTe_4216d44d/output.json,mp-2819,cif,https://elagente.ca/grafico/ConceptualAtoms_068b3647-31ac-4b00-8eca-9a44f9f7b014,mp-2819
KO2Sc,0.702187962826224,https://elagente.ca/grafico/ConceptualAtoms_06ba4527-bbed-4f6c-a338-b6f09242f419,https://elagente.ca/ontomlff/MLFFElasticityResult_50492636-a6a6-46b2-8c3f-a14f221c1979,[],[],0.46594164950073025,eV/Å^3,1.144645760895871,/scratch/kenko/akg4pyscf/.graphchat-workspaces/kenko_room/mlff_elasticity_benchmark/workflow_runs/Orb_OMAT/elasticity_Orb_OMAT/structures/KO2Sc_8a32fb6b/output.json,mp-8188,cif,https://elagente.ca/grafico/ConceptualAtoms_06ba4527-bbed-4f6c-a338-b6f09242f419,mp-8188
Mg8Tm4,0.23163346840878857,https://elagente.ca/grafico/ConceptualAtoms_06e5b11e-dcc1-4be0-974d-0cc6a72e4643,https://elagente.ca/ontomlff/MLFFElasticityResult_dd3a314f-2c23-4f95-b92a-a1f719175d38,[],[],0.13232684315516194,eV/Å^3,0.33347780955265666,/scratch/kenko/akg4pyscf/.graphchat-workspaces/kenko_room/mlff_elasticity_benchmark/workflow_runs/Orb_OMAT/elasticity_Orb_OMAT/structures/Mg8Tm4_6a2fd342/output.json,mp-2214,cif,https://elagente.ca/grafico/ConceptualAtoms_06e5b11e-dcc1-4be0-974d-0cc6a72e4643,mp-2214
As2K2Mn2,0.32276003577861934,https://elagente.ca/grafico/ConceptualAtoms_06fc36f2-6031-4c2d-bfd9-702f17924234,https://elagente.ca/ontomlff/MLFFElasticityResult_026f555a-7226-45e8-9be7-42987a12cecb,[],[],0.12797631344081406,eV/Å^3,0.33910930736567985,/scratch/kenko/akg4pyscf/.graphchat-workspaces/kenko_room/mlff_elasticity_benchmark/workflow_runs/Orb_OMAT/elasticity_Orb_OMAT/structures/As2K2Mn2_5ee108c9/output.json,mp-21847,cif,https://elagente.ca/grafico/ConceptualAtoms_06fc36f2-6031-4c2d-bfd9-702f17924234,mp-21847
Ba2Cu2O4,0.5041951150061214,https://elagente.ca/grafico/ConceptualAtoms_076bf933-953c-4ecf-befb-baac4d7977a2,https://elagente.ca/ontomlff/MLFFElasticityResult_243f9d97-6073-42dc-8573-294592457172,[],[],0.2694452358512346,eV/Å^3,0.6861143451893729,/scratch/kenko/akg4pyscf/.graphchat-workspaces/kenko_room/mlff_elasticity_benchmark/workflow_runs/Orb_OMAT/elasticity_Orb_OMAT/structures/Ba2Cu2O4_1494c596/output.json,mp-997034,cif,https://elagente.ca/grafico/ConceptualAtoms_076bf933-953c-4ecf-befb-baac4d7977a2,mp-997034
CaCu2Si2,0.5341564042015762,https://elagente.ca/grafico/ConceptualAtoms_078e03a0-882f-432a-bdd0-12007639cb7a,https://elagente.ca/ontomlff/MLFFElasticityResult_f779f4bd-f205-4cc9-ac5b-851e6383c006,[],[],0.3720872671956676,eV/Å^3,0.9059123851603798,/scratch/kenko/akg4pyscf/.graphchat-workspaces/kenko_room/mlff_elasticity_benchmark/workflow_runs/Orb_OMAT/elasticity_Orb_OMAT/structures/CaCu2Si2_025ac193/output.json,mp-5486,cif,https://elagente.ca/grafico/ConceptualAtoms_078e03a0-882f-432a-bdd0-12007639cb7a,mp-5486
AuGa2,0.4102011527931044,https://elagente.ca/grafico/ConceptualAtoms_07b98a94-3b4e-4c1d-b4a4-c8311d771fac,https://elagente.ca/ontomlff/MLFFElasticityResult_f1f3ca43-0910-4502-88a3-91e9f707c903,[],[],0.16178686548485965,eV/Å^3,0.4289647940819188,/scratch/kenko/akg4pyscf/.graphchat-workspaces/kenko_room/mlff_elasticity_benchmark/workflow_runs/Orb_OMAT/elasticity_Orb_OMAT/structures/AuGa2_f0b709ed/output.json,mp-2776,cif,https://elagente.ca/grafico/ConceptualAtoms_07b98a94-3b4e-4c1d-b4a4-c8311d771fac,mp-2776
Cd4Mg2,0.1718192836160048,https://elagente.ca/grafico/ConceptualAtoms_08353d9e-8126-4130-a2fa-5c54ba97c4f1,https://elagente.ca/ontomlff/MLFFElasticityResult_3e13c147-4f77-4a5e-a33f-248ff699c17d,[],[],0.0462763003915993,eV/Å^3,0.12739201787399934,/scratch/kenko/akg4pyscf/.graphchat-workspaces/kenko_room/mlff_elasticity_benchmark/workflow_runs/Orb_OMAT/elasticity_Orb_OMAT/structures/Cd4Mg2_21268503/output.json,mp-972954,cif,https://elagente.ca/grafico/ConceptualAtoms_08353d9e-8126-4130-a2fa-5c54ba97c4f1,mp-972954
GaLa3,0.21541136746866937,https://elagente.ca/grafico/ConceptualAtoms_08413044-5a3d-4f43-a415-c64380f6e8ed,https://elagente.ca/ontomlff/MLFFElasticityResult_8644443b-fb2a-4371-9831-15f2389f2a19,[],[],0.0973991330389077,eV/Å^3,0.25392614926710466,/scratch/kenko/akg4pyscf/.graphchat-workspaces/kenko_room/mlff_elasticity_benchmark/workflow_runs/Orb_OMAT/elasticity_Orb_OMAT/structures/GaLa3_4a419230/output.json,mp-20487,cif,https://elagente.ca/grafico/ConceptualAtoms_08413044-5a3d-4f43-a415-c64380f6e8ed,mp-20487
CuLiO2,0.771784307734504,https://elagente.ca/grafico/ConceptualAtoms_0864932b-d619-40b8-a4ba-a8b2eb15e47c,https://elagente.ca/ontomlff/MLFFElasticityResult_51fd8a0d-7079-4507-ad32-bcea6245a22b,[],[],0.43956662489449616,eV/Å^3,1.1082921139328668,/scratch/kenko/akg4pyscf/.graphchat-workspaces/kenko_room/mlff_elasticity_benchmark/workflow_runs/Orb_OMAT/elasticity_Orb_OMAT/structures/CuLiO2_404dde87/output.json,mp-754912,cif,https://elagente.ca/grafico/ConceptualAtoms_0864932b-d619-40b8-a4ba-a8b2eb15e47c,mp-754912
O3PdRb,0.5314320406738848,https://elagente.ca/grafico/ConceptualAtoms_0871654f-3b9c-4ff6-997f-b4e2ff1f4996,https://elagente.ca/ontomlff/MLFFElasticityResult_e103b03c-7565-4ee8-98f3-f840e573e147,[],[],0.2575829503402199,eV/Å^3,0.6652650893169035,/scratch/kenko/akg4pyscf/.graphchat-workspaces/kenko_room/mlff_elasticity_benchmark/workflow_runs/Orb_OMAT/elasticity_Orb_OMAT/structures/O3PdRb_210e3004/output.json,mp-975255,cif,https://elagente.ca/grafico/ConceptualAtoms_0871654f-3b9c-4ff6-997f-b4e2ff1f4996,mp-975255
Cl6PdS2,0.19157850404408108,https://elagente.ca/grafico/ConceptualAtoms_08c8c76a-7cb0-431b-8f93-2e53e2cfed34,https://elagente.ca/ontomlff/MLFFElasticityResult_b6753d50-f0fd-4c3e-bfcc-c2d02c255b7e,[],[],0.09789473606647585,eV/Å^3,0.2509413518893422,/scratch/kenko/akg4pyscf/.graphchat-workspaces/kenko_room/mlff_elasticity_benchmark/workflow_runs/Orb_OMAT/elasticity_Orb_OMAT/structures/Cl6PdS2_84652230/output.json,mp-28174,cif,https://elagente.ca/grafico/ConceptualAtoms_08c8c76a-7cb0-431b-8f93-2e53e2cfed34,mp-28174
BaIr2P2,0.7957058763992348,https://elagente.ca/grafico/ConceptualAtoms_08ca4188-65d5-428a-8f77-8fb741a6a72a,https://elagente.ca/ontomlff/MLFFElasticityResult_fc5df0f3-ca9c-48bf-9946-f17704cdc24b,[],[],0.413206695673638,eV/Å^3,1.0567058025934797,/scratch/kenko/akg4pyscf/.graphchat-workspaces/kenko_room/mlff_elasticity_benchmark/workflow_runs/Orb_OMAT/elasticity_Orb_OMAT/structures/BaIr2P2_a81c65aa/output.json,mp-11169,cif,https://elagente.ca/grafico/ConceptualAtoms_08ca4188-65d5-428a-8f77-8fb741a6a72a,mp-11169
LiMgN,0.6122036961179106,https://elagente.ca/grafico/ConceptualAtoms_093cb891-76f2-409e-b995-921428cfe239,https://elagente.ca/ontomlff/MLFFElasticityResult_989ebaf7-31fd-4622-9921-65b5aa2456ac,[],[],0.5519829801727438,eV/Å^3,1.2732737747186982,/scratch/kenko/akg4pyscf/.graphchat-workspaces/kenko_room/mlff_elasticity_benchmark/workflow_runs/Orb_OMAT/elasticity_Orb_OMAT/structures/LiMgN_8aab93e8/output.json,mp-37906,cif,https://elagente.ca/grafico/ConceptualAtoms_093cb891-76f2-409e-b995-921428cfe239,mp-37906
Ir2Li2Sn8,0.5071086455191847,https://elagente.ca/grafico/ConceptualAtoms_09749fa5-6914-4980-b343-03ed81603f56,https://elagente.ca/ontomlff/MLFFElasticityResult_8772b9bf-ffe0-41c9-a83b-b08a48c35274,[],[],0.27844208144835536,eV/Å^3,0.706092934364605,/scratch/kenko/akg4pyscf/.graphchat-workspaces/kenko_room/mlff_elasticity_benchmark/workflow_runs/Orb_OMAT/elasticity_Orb_OMAT/structures/Ir2Li2Sn8_16233015/output.json,mp-21894,cif,https://elagente.ca/grafico/ConceptualAtoms_09749fa5-6914-4980-b343-03ed81603f56,mp-21894
CuHgO2,0.43134104851438293,https://elagente.ca/grafico/ConceptualAtoms_09ec8568-7aea-4d07-a44f-a00e22ccb6b3,https://elagente.ca/ontomlff/MLFFElasticityResult_197cbffb-5b3e-41ea-aec9-f5b38bdd062b,[],[],0.18147370212994482,eV/Å^3,0.4774618893301358,/scratch/kenko/akg4pyscf/.graphchat-workspaces/kenko_room/mlff_elasticity_benchmark/workflow_runs/Orb_OMAT/elasticity_Orb_OMAT/structures/CuHgO2_f688faf4/output.json,mp-996973,cif,https://elagente.ca/grafico/ConceptualAtoms_09ec8568-7aea-4d07-a44f-a00e22ccb6b3,mp-996973
Ag2Nb2O6,1.0221399855354023,https://elagente.ca/grafico/ConceptualAtoms_0a21081c-1258-472d-bb93-918cfa046243,https://elagente.ca/ontomlff/MLFFElasticityResult_dd4cd308-ea4a-4ab9-9a91-fcfe096f0893,[],[],0.4522466058433703,eV/Å^3,1.1823609820818914,/scratch/kenko/akg4pyscf/.graphchat-workspaces/kenko_room/mlff_elasticity_benchmark/workflow_runs/Orb_OMAT/elasticity_Orb_OMAT/structures/Ag2Nb2O6_2f8c91f4/output.json,mp-2349989,cif,https://elagente.ca/grafico/ConceptualAtoms_0a21081c-1258-472d-bb93-918cfa046243,mp-2349989
Hf4S20Y8,0.5957310010864487,https://elagente.ca/grafico/ConceptualAtoms_0a570e11-80ff-4aa1-8026-fac460eac883,https://elagente.ca/ontomlff/MLFFElasticityResult_c326e2aa-7472-4585-8910-35cd67f62aac,[],[],0.3477643928795826,eV/Å^3,0.8733505748561737,/scratch/kenko/akg4pyscf/.graphchat-workspaces/kenko_room/mlff_elasticity_benchmark/workflow_runs/Orb_OMAT/elasticity_Orb_OMAT/structures/Hf4S20Y8_1e1d2b07/output.json,mp-16919,cif,https://elagente.ca/grafico/ConceptualAtoms_0a570e11-80ff-4aa1-8026-fac460eac883,mp-16919
Ca2Zn2,0.11553842774850939,https://elagente.ca/grafico/ConceptualAtoms_0a60b730-8614-493c-a8e3-e3c0a7861e6b,https://elagente.ca/ontomlff/MLFFElasticityResult_68d78fca-bfbc-49a0-901d-701da4ebaaea,[],[],0.021216566217554127,eV/Å^3,0.05997837968405547,/scratch/kenko/akg4pyscf/.graphchat-workspaces/kenko_room/mlff_elasticity_benchmark/workflow_runs/Orb_OMAT/elasticity_Orb_OMAT/structures/Ca2Zn2_28f7fa1d/output.json,mp-1039123,cif,https://elagente.ca/grafico/ConceptualAtoms_0a60b730-8614-493c-a8e3-e3c0a7861e6b,mp-1039123
In8Pd2Sr2,0.291355992205515,https://elagente.ca/grafico/ConceptualAtoms_0a71c7a4-2174-4ed2-bfa0-0816f1cac948,https://elagente.ca/ontomlff/MLFFElasticityResult_0ed4d03c-a345-4a60-b8f7-a431cb8e0049,[],[],0.14795778638834778,eV/Å^3,0.3796141965919513,/scratch/kenko/akg4pyscf/.graphchat-workspaces/kenko_room/mlff_elasticity_benchmark/workflow_runs/Orb_OMAT/elasticity_Orb_OMAT/structures/In8Pd2Sr2_0b77ac6d/output.json,mp-19991,cif,https://elagente.ca/grafico/ConceptualAtoms_0a71c7a4-2174-4ed2-bfa0-0816f1cac948,mp-19991
TcYb3,0.4192855321553304,https://elagente.ca/grafico/ConceptualAtoms_0ac364a0-4f77-4aee-8170-f331adf04ecc,https://elagente.ca/ontomlff/MLFFElasticityResult_0b82f679-7da1-4d76-abd6-bfb6dad4d578,[],[],0.07242321555936661,eV/Å^3,0.20544103264244196,/scratch/kenko/akg4pyscf/.graphchat-workspaces/kenko_room/mlff_elasticity_benchmark/workflow_runs/Orb_OMAT/elasticity_Orb_OMAT/structures/TcYb3_f34b2299/output.json,mp-979938,cif,https://elagente.ca/grafico/ConceptualAtoms_0ac364a0-4f77-4aee-8170-f331adf04ecc,mp-979938
Li3NbO4,1.0481798416715995,https://elagente.ca/grafico/ConceptualAtoms_0aed1ad9-fee6-4675-acc3-946a9972f410,https://elagente.ca/ontomlff/MLFFElasticityResult_43d6ea7a-f09c-4e1d-8154-dd474ade106f,[],[],0.7283172082660085,eV/Å^3,1.7740565214769404,/scratch/kenko/akg4pyscf/.graphchat-workspaces/kenko_room/mlff_elasticity_benchmark/workflow_runs/Orb_OMAT/elasticity_Orb_OMAT/structures/Li3NbO4_d7752055/output.json,mp-36086,cif,https://elagente.ca/grafico/ConceptualAtoms_0aed1ad9-fee6-4675-acc3-946a9972f410,mp-36086
FHg3,0.22200079695064673,https://elagente.ca/grafico/ConceptualAtoms_0af239d1-a352-4c33-b16e-6106721224c6,https://elagente.ca/ontomlff/MLFFElasticityResult_78299466-d739-4920-91a5-8217e82cde89,[],[],-0.009134142448990384,eV/Å^3,-0.027783474346036636,/scratch/kenko/akg4pyscf/.graphchat-workspaces/kenko_room/mlff_elasticity_benchmark/workflow_runs/Orb_OMAT/elasticity_Orb_OMAT/structures/FHg3_25024b95/output.json,mp-973777,cif,https://elagente.ca/grafico/ConceptualAtoms_0af239d1-a352-4c33-b16e-6106721224c6,mp-973777
N12Sr2,0.48426205493591296,https://elagente.ca/grafico/ConceptualAtoms_0b06685e-39d4-46bb-8ef2-fe4fff2a23c4,https://elagente.ca/ontomlff/MLFFElasticityResult_5617abb9-0893-4fec-885b-cec8e76af770,[],[],0.3008792432495875,eV/Å^3,0.7477706976413153,/scratch/kenko/akg4pyscf/.graphchat-workspaces/kenko_room/mlff_elasticity_benchmark/workflow_runs/Orb_OMAT/elasticity_Orb_OMAT/structures/N12Sr2_30ff7a26/output.json,mp-2131,cif,https://elagente.ca/grafico/ConceptualAtoms_0b06685e-39d4-46bb-8ef2-fe4fff2a23c4,mp-2131
AgPr2Tl,0.2990307404062791,https://elagente.ca/grafico/ConceptualAtoms_0b33e0de-9cec-4b3b-9ad9-71f64f466e9f,https://elagente.ca/ontomlff/MLFFElasticityResult_eee5c5cf-9be8-497b-8842-12d0a9453768,[],[],0.11194586855449973,eV/Å^3,0.298578722336598,/scratch/kenko/akg4pyscf/.graphchat-workspaces/kenko_room/mlff_elasticity_benchmark/workflow_runs/Orb_OMAT/elasticity_Orb_OMAT/structures/AgPr2Tl_5b5c72f6/output.json,mp-978085,cif,https://elagente.ca/grafico/ConceptualAtoms_0b33e0de-9cec-4b3b-9ad9-71f64f466e9f,mp-978085
CU,0.9529150962343472,https://elagente.ca/grafico/ConceptualAtoms_0b617148-a89c-4465-ade0-ff74c66d9e7d,https://elagente.ca/ontomlff/MLFFElasticityResult_87c9b4a9-2175-47db-9d57-dc720890f167,[],[],0.33633532797012744,eV/Å^3,0.9027913373216905,/scratch/kenko/akg4pyscf/.graphchat-workspaces/kenko_room/mlff_elasticity_benchmark/workflow_runs/Orb_OMAT/elasticity_Orb_OMAT/structures/CU_0736a027/output.json,mp-2489,cif,https://elagente.ca/grafico/ConceptualAtoms_0b617148-a89c-4465-ade0-ff74c66d9e7d,mp-2489
C16B16Mg8,0.9650035989870306,https://elagente.ca/grafico/ConceptualAtoms_0b693652-06cb-4e8a-a871-61b77c111f1c,https://elagente.ca/ontomlff/MLFFElasticityResult_14b51c31-ea04-45fc-805b-7e8be9ab17f4,[],[],0.7356177776315427,eV/Å^3,1.7597129793857706,/scratch/kenko/akg4pyscf/.graphchat-workspaces/kenko_room/mlff_elasticity_benchmark/workflow_runs/Orb_OMAT/elasticity_Orb_OMAT/structures/C16B16Mg8_c233b291/output.json,mp-3582,cif,https://elagente.ca/grafico/ConceptualAtoms_0b693652-06cb-4e8a-a871-61b77c111f1c,mp-3582
Gd4O12Sc4,1.0197428702313829,https://elagente.ca/grafico/ConceptualAtoms_0bf9880d-7394-4d10-96c6-d503caaead5f,https://elagente.ca/ontomlff/MLFFElasticityResult_c85555db-1b20-4508-90b5-e9c45b4e5515,[],[],0.6107188109653343,eV/Å^3,1.527265852830206,/scratch/kenko/akg4pyscf/.graphchat-workspaces/kenko_room/mlff_elasticity_benchmark/workflow_runs/Orb_OMAT/elasticity_Orb_OMAT/structures/Gd4O12Sc4_bdaab6ef/output.json,mp-5690,cif,https://elagente.ca/grafico/ConceptualAtoms_0bf9880d-7394-4d10-96c6-d503caaead5f,mp-5690
Cl6Lu2,0.18492566895045784,https://elagente.ca/grafico/ConceptualAtoms_0c03fe31-f73b-4d86-9951-07429b207667,https://elagente.ca/ontomlff/MLFFElasticityResult_b3284409-6396-4ac7-aadf-06cc99048948,[],[],0.1002482200485011,eV/Å^3,0.25471724680240376,/scratch/kenko/akg4pyscf/.graphchat-workspaces/kenko_room/mlff_elasticity_benchmark/workflow_runs/Orb_OMAT/elasticity_Orb_OMAT/structures/Cl6Lu2_cec9b28c/output.json,mp-865324,cif,https://elagente.ca/grafico/ConceptualAtoms_0c03fe31-f73b-4d86-9951-07429b207667,mp-865324
P2Sn2Sr2,0.2707327521954457,https://elagente.ca/grafico/ConceptualAtoms_0d0e31b8-6266-486a-8301-d4283d1982ee,https://elagente.ca/ontomlff/MLFFElasticityResult_10194853-4334-4dab-9049-c4c837586860,[],[],0.1616441924153279,eV/Å^3,0.40444056860005884,/scratch/kenko/akg4pyscf/.graphchat-workspaces/kenko_room/mlff_elasticity_benchmark/workflow_runs/Orb_OMAT/elasticity_Orb_OMAT/structures/P2Sn2Sr2_7a2c42fd/output.json,mp-8539,cif,https://elagente.ca/grafico/ConceptualAtoms_0d0e31b8-6266-486a-8301-d4283d1982ee,mp-8539
Ga4Pd4,0.8033498738775544,https://elagente.ca/grafico/ConceptualAtoms_0d1e8a99-c6ab-470d-b159-eb743af4c5f8,https://elagente.ca/ontomlff/MLFFElasticityResult_32bd0108-5ae7-483d-8d1a-62111dc22aab,[],[],0.3089791911716518,eV/Å^3,0.8216042205241584,/scratch/kenko/akg4pyscf/.graphchat-workspaces/kenko_room/mlff_elasticity_benchmark/workflow_runs/Orb_OMAT/elasticity_Orb_OMAT/structures/Ga4Pd4_482970c4/output.json,mp-1078526,cif,https://elagente.ca/grafico/ConceptualAtoms_0d1e8a99-c6ab-470d-b159-eb743af4c5f8,mp-1078526
Ti4Zn8,0.5969114834994759,https://elagente.ca/grafico/ConceptualAtoms_0d7f8eaf-00c9-4feb-91db-d93f7185ea05,https://elagente.ca/ontomlff/MLFFElasticityResult_826e82fd-c42c-4491-b0bf-2820b21f5c9c,[],[],0.41303664445932947,eV/Å^3,1.0068726514889281,/scratch/kenko/akg4pyscf/.graphchat-workspaces/kenko_room/mlff_elasticity_benchmark/workflow_runs/Orb_OMAT/elasticity_Orb_OMAT/structures/Ti4Zn8_bfa30dde/output.json,mp-30882,cif,https://elagente.ca/grafico/ConceptualAtoms_0d7f8eaf-00c9-4feb-91db-d93f7185ea05,mp-30882
H2Ho,0.4895577500413425,https://elagente.ca/grafico/ConceptualAtoms_0d9d5ddd-1b8e-4b94-b505-4a062e2bb3cf,https://elagente.ca/ontomlff/MLFFElasticityResult_8e16dd8d-2960-4b7c-b602-d33e83dcfd16,[],[],0.39371698840350206,eV/Å^3,0.9314507728167539,/scratch/kenko/akg4pyscf/.graphchat-workspaces/kenko_room/mlff_elasticity_benchmark/workflow_runs/Orb_OMAT/elasticity_Orb_OMAT/structures/H2Ho_e38e2ef2/output.json,mp-24152,cif,https://elagente.ca/grafico/ConceptualAtoms_0d9d5ddd-1b8e-4b94-b505-4a062e2bb3cf,mp-24152
GaRh2Tb,0.7681553206788087,https://elagente.ca/grafico/ConceptualAtoms_0deba1fc-fffb-463e-95c6-f3eab01dc7fd,https://elagente.ca/ontomlff/MLFFElasticityResult_28a27539-adc9-4ffd-85ba-b4dbfb1e4190,[],[],0.3368878692664196,eV/Å^3,0.8817598973832017,/scratch/kenko/akg4pyscf/.graphchat-workspaces/kenko_room/mlff_elasticity_benchmark/workflow_runs/Orb_OMAT/elasticity_Orb_OMAT/structures/GaRh2Tb_36dea091/output.json,mp-977421,cif,https://elagente.ca/grafico/ConceptualAtoms_0deba1fc-fffb-463e-95c6-f3eab01dc7fd,mp-977421
AlOs2Ta,1.524161145974102,https://elagente.ca/grafico/ConceptualAtoms_0df5a223-dc02-4624-9bf1-4892ac365283,https://elagente.ca/ontomlff/MLFFElasticityResult_e1bb8455-0765-4503-bd70-1bce4328b78e,[],[],0.8795742587469054,eV/Å^3,2.213020636043552,/scratch/kenko/akg4pyscf/.graphchat-workspaces/kenko_room/mlff_elasticity_benchmark/workflow_runs/Orb_OMAT/elasticity_Orb_OMAT/structures/AlOs2Ta_b39cf45d/output.json,mp-862445,cif,https://elagente.ca/grafico/ConceptualAtoms_0df5a223-dc02-4624-9bf1-4892ac365283,mp-862445
BiNa,0.16665666514554311,https://elagente.ca/grafico/ConceptualAtoms_0e03a6df-8d27-455c-bf96-91289b716971,https://elagente.ca/ontomlff/MLFFElasticityResult_8c0c4d10-a475-40b7-98af-f880708b4385,[],[],0.09498077623633136,eV/Å^3,0.2394527775529112,/scratch/kenko/akg4pyscf/.graphchat-workspaces/kenko_room/mlff_elasticity_benchmark/workflow_runs/Orb_OMAT/elasticity_Orb_OMAT/structures/BiNa_69a5bb3c/output.json,mp-22924,cif,https://elagente.ca/grafico/ConceptualAtoms_0e03a6df-8d27-455c-bf96-91289b716971,mp-22924
Cd2Cu2F8,0.6153905039990849,https://elagente.ca/grafico/ConceptualAtoms_0e1db9ae-a20d-434a-a518-cbdb4bb03e67,https://elagente.ca/ontomlff/MLFFElasticityResult_8a71294d-4fb9-4540-b0d5-6099c0958e1b,[],[],0.25285060738507403,eV/Å^3,0.6671758012958312,/scratch/kenko/akg4pyscf/.graphchat-workspaces/kenko_room/mlff_elasticity_benchmark/workflow_runs/Orb_OMAT/elasticity_Orb_OMAT/structures/Cd2Cu2F8_61d4929f/output.json,mp-9075,cif,https://elagente.ca/grafico/ConceptualAtoms_0e1db9ae-a20d-434a-a518-cbdb4bb03e67,mp-9075
CNNaO,0.401682412754908,https://elagente.ca/grafico/ConceptualAtoms_0e4beb4d-87c6-42c2-a611-2ae4b69d06b6,https://elagente.ca/ontomlff/MLFFElasticityResult_330cd059-4745-43d0-8eb4-a6e4ebd3bfd7,[],[],0.2417265545197526,eV/Å^3,0.6040168512701316,/scratch/kenko/akg4pyscf/.graphchat-workspaces/kenko_room/mlff_elasticity_benchmark/workflow_runs/Orb_OMAT/elasticity_Orb_OMAT/structures/CNNaO_12859fd1/output.json,mp-546500,cif,https://elagente.ca/grafico/ConceptualAtoms_0e4beb4d-87c6-42c2-a611-2ae4b69d06b6,mp-546500
Al22Na2O34,1.106947418266342,https://elagente.ca/grafico/ConceptualAtoms_0e9a37a5-8946-44bd-bb2a-c5f1df3b61af,https://elagente.ca/ontomlff/MLFFElasticityResult_ac6f94bc-0cb9-425d-bc7c-7838489f6a8c,[],[],0.7874314892799781,eV/Å^3,1.9095142572685329,/scratch/kenko/akg4pyscf/.graphchat-workspaces/kenko_room/mlff_elasticity_benchmark/workflow_runs/Orb_OMAT/elasticity_Orb_OMAT/structures/Al22Na2O34_cf055acc/output.json,mp-3405,cif,https://elagente.ca/grafico/ConceptualAtoms_0e9a37a5-8946-44bd-bb2a-c5f1df3b61af,mp-3405
CrKS2,0.4122096847751914,https://elagente.ca/grafico/ConceptualAtoms_0ea468b9-f4cf-40f0-a5b4-0a311adcb3ab,https://elagente.ca/ontomlff/MLFFElasticityResult_a840cf59-3a8a-4ec5-a7ec-81bf2743d909,[],[],0.2509757990698554,eV/Å^3,0.62590001172817,/scratch/kenko/akg4pyscf/.graphchat-workspaces/kenko_room/mlff_elasticity_benchmark/workflow_runs/Orb_OMAT/elasticity_Orb_OMAT/structures/CrKS2_610bb323/output.json,mp-4026,cif,https://elagente.ca/grafico/ConceptualAtoms_0ea468b9-f4cf-40f0-a5b4-0a311adcb3ab,mp-4026
F8HfNa3,0.5259660569302886,https://elagente.ca/grafico/ConceptualAtoms_0eb42d8c-5732-4f95-9910-9ba36a183717,https://elagente.ca/ontomlff/MLFFElasticityResult_f80c3e65-fdde-474a-b499-7cc4075fdd9f,[],[],0.20720542364647188,eV/Å^3,0.5494623280719485,/scratch/kenko/akg4pyscf/.graphchat-workspaces/kenko_room/mlff_elasticity_benchmark/workflow_runs/Orb_OMAT/elasticity_Orb_OMAT/structures/F8HfNa3_80672861/output.json,mp-864765,cif,https://elagente.ca/grafico/ConceptualAtoms_0eb42d8c-5732-4f95-9910-9ba36a183717,mp-864765
F16Te4,0.5176109941053084,https://elagente.ca/grafico/ConceptualAtoms_0ed2ea2d-9678-4bfa-a3d2-dd64c41344f0,https://elagente.ca/ontomlff/MLFFElasticityResult_7a66935a-323d-4b61-8902-df8818ae780e,[],[],0.3089803120743676,eV/Å^3,0.7731089163252575,/scratch/kenko/akg4pyscf/.graphchat-workspaces/kenko_room/mlff_elasticity_benchmark/workflow_runs/Orb_OMAT/elasticity_Orb_OMAT/structures/F16Te4_6ce5d2c3/output.json,mp-561664,cif,https://elagente.ca/grafico/ConceptualAtoms_0ed2ea2d-9678-4bfa-a3d2-dd64c41344f0,mp-561664
In3Th,0.4034007743203535,https://elagente.ca/grafico/ConceptualAtoms_0ed34785-97d9-443f-82d0-563aca0688c7,https://elagente.ca/ontomlff/MLFFElasticityResult_2fe0bd8e-35b2-4888-a8b8-9c3197391c74,[],[],0.24030236694659085,eV/Å^3,0.6014757857356268,/scratch/kenko/akg4pyscf/.graphchat-workspaces/kenko_room/mlff_elasticity_benchmark/workflow_runs/Orb_OMAT/elasticity_Orb_OMAT/structures/In3Th_50e5ee3f/output.json,mp-20206,cif,https://elagente.ca/grafico/ConceptualAtoms_0ed34785-97d9-443f-82d0-563aca0688c7,mp-20206
B3F12Li3,0.4920283993084086,https://elagente.ca/grafico/ConceptualAtoms_0f0cf7c9-e818-40c3-a813-8c0b7713b668,https://elagente.ca/ontomlff/MLFFElasticityResult_04f351de-1db0-49de-b808-068e6ea9844d,[],[],0.31814175059277816,eV/Å^3,0.7851921897838554,/scratch/kenko/akg4pyscf/.graphchat-workspaces/kenko_room/mlff_elasticity_benchmark/workflow_runs/Orb_OMAT/elasticity_Orb_OMAT/structures/B3F12Li3_2999f4ae/output.json,mp-12403,cif,https://elagente.ca/grafico/ConceptualAtoms_0f0cf7c9-e818-40c3-a813-8c0b7713b668,mp-12403
B4Li4,0.3304102192576839,https://elagente.ca/grafico/ConceptualAtoms_0f1db174-adc4-4611-9184-198db126fe4f,https://elagente.ca/ontomlff/MLFFElasticityResult_e4980b98-e4f4-45f3-9103-5caf5b4e3d94,[],[],0.19995034443934223,eV/Å^3,0.49916069280599024,/scratch/kenko/akg4pyscf/.graphchat-workspaces/kenko_room/mlff_elasticity_benchmark/workflow_runs/Orb_OMAT/elasticity_Orb_OMAT/structures/B4Li4_2159c620/output.json,mp-1205309,cif,https://elagente.ca/grafico/ConceptualAtoms_0f1db174-adc4-4611-9184-198db126fe4f,mp-1205309
Hf6Rh6Sn6,0.9066003882217241,https://elagente.ca/grafico/ConceptualAtoms_0f24babd-8186-4820-8995-83f110044857,https://elagente.ca/ontomlff/MLFFElasticityResult_3d97a650-bef9-4a06-9eb2-886010c635dc,[],[],0.41276845073250845,eV/Å^3,1.075137906772547,/scratch/kenko/akg4pyscf/.graphchat-workspaces/kenko_room/mlff_elasticity_benchmark/workflow_runs/Orb_OMAT/elasticity_Orb_OMAT/structures/Hf6Rh6Sn6_681a69f3/output.json,mp-2960,cif,https://elagente.ca/grafico/ConceptualAtoms_0f24babd-8186-4820-8995-83f110044857,mp-2960
CdHgO2,0.49587440922019177,https://elagente.ca/grafico/ConceptualAtoms_0f6c04b2-087a-4cfc-b176-43d7250f5814,https://elagente.ca/ontomlff/MLFFElasticityResult_fe40c334-1b02-4187-b8b2-6c75d08f771b,[],[],0.1905907320906974,eV/Å^3,0.5068374000600793,/scratch/kenko/akg4pyscf/.graphchat-workspaces/kenko_room/mlff_elasticity_benchmark/workflow_runs/Orb_OMAT/elasticity_Orb_OMAT/structures/CdHgO2_31c4de26/output.json,mp-2695851,cif,https://elagente.ca/grafico/ConceptualAtoms_0f6c04b2-087a-4cfc-b176-43d7250f5814,mp-2695851
MnRuTi2,1.0069532810786754,https://elagente.ca/grafico/ConceptualAtoms_10212a0d-2c89-423a-b539-a9501af29da7,https://elagente.ca/ontomlff/MLFFElasticityResult_c1ade417-b832-491d-a7ec-6a6969ee86fb,[],[],0.514691226183649,eV/Å^3,1.3192936769819894,/scratch/kenko/akg4pyscf/.graphchat-workspaces/kenko_room/mlff_elasticity_benchmark/workflow_runs/Orb_OMAT/elasticity_Orb_OMAT/structures/MnRuTi2_17a84d6c/output.json,mp-865469,cif,https://elagente.ca/grafico/ConceptualAtoms_10212a0d-2c89-423a-b539-a9501af29da7,mp-865469
Ni2Se2Tl,0.3919777641660235,https://elagente.ca/grafico/ConceptualAtoms_103d3efd-7112-4484-aa59-bec73e07ce14,https://elagente.ca/ontomlff/MLFFElasticityResult_963fcbef-20da-47be-b5ae-ffc896eec103,[],[],0.12207626065507399,eV/Å^3,0.33178539891155207,/scratch/kenko/akg4pyscf/.graphchat-workspaces/kenko_room/mlff_elasticity_benchmark/workflow_runs/Orb_OMAT/elasticity_Orb_OMAT/structures/Ni2Se2Tl_7bda0c16/output.json,mp-4354,cif,https://elagente.ca/grafico/ConceptualAtoms_103d3efd-7112-4484-aa59-bec73e07ce14,mp-4354
Au2PrSn,0.4555655209887446,https://elagente.ca/grafico/ConceptualAtoms_1064b4fc-1fe6-4d25-99bd-5bc2fb5ea3b1,https://elagente.ca/ontomlff/MLFFElasticityResult_e96c124c-4278-483c-bc4a-15dbdda1dfd5,[],[],0.11510336666028753,eV/Å^3,0.31848707599839043,/scratch/kenko/akg4pyscf/.graphchat-workspaces/kenko_room/mlff_elasticity_benchmark/workflow_runs/Orb_OMAT/elasticity_Orb_OMAT/structures/Au2PrSn_b6cb91b3/output.json,mp-862805,cif,https://elagente.ca/grafico/ConceptualAtoms_1064b4fc-1fe6-4d25-99bd-5bc2fb5ea3b1,mp-862805
CuF6Zr,0.5861856611670906,https://elagente.ca/grafico/ConceptualAtoms_1097f76c-2dfc-470b-92bd-a3af66070c94,https://elagente.ca/ontomlff/MLFFElasticityResult_8ba54c84-734d-4ec1-ba98-b20ce68fd987,[],[],0.1895227990422791,eV/Å^3,0.5132540947886828,/scratch/kenko/akg4pyscf/.graphchat-workspaces/kenko_room/mlff_elasticity_benchmark/workflow_runs/Orb_OMAT/elasticity_Orb_OMAT/structures/CuF6Zr_52678343/output.json,mp-8096,cif,https://elagente.ca/grafico/ConceptualAtoms_1097f76c-2dfc-470b-92bd-a3af66070c94,mp-8096
LaO3Ti,1.08055060144186,https://elagente.ca/grafico/ConceptualAtoms_10bd6ca1-8825-4ada-9515-7da8ba488632,https://elagente.ca/ontomlff/MLFFElasticityResult_12a82514-c0cf-4ad5-9d7e-17c622f385d2,[],[],0.499040762546722,eV/Å^3,1.2973932175032064,/scratch/kenko/akg4pyscf/.graphchat-workspaces/kenko_room/mlff_elasticity_benchmark/workflow_runs/Orb_OMAT/elasticity_Orb_OMAT/structures/LaO3Ti_7586f67e/output.json,mp-8020,cif,https://elagente.ca/grafico/ConceptualAtoms_10bd6ca1-8825-4ada-9515-7da8ba488632,mp-8020
Cu2GeTe3,0.29712350123215747,https://elagente.ca/grafico/ConceptualAtoms_10f8175c-2e75-4579-bf6d-0c0135971b9c,https://elagente.ca/ontomlff/MLFFElasticityResult_d5cf19bc-b481-468b-b1d1-9bd45fccb84b,[],[],0.15018657494378,eV/Å^3,0.3855915888859041,/scratch/kenko/akg4pyscf/.graphchat-workspaces/kenko_room/mlff_elasticity_benchmark/workflow_runs/Orb_OMAT/elasticity_Orb_OMAT/structures/Cu2GeTe3_57c20722/output.json,mp-12806,cif,https://elagente.ca/grafico/ConceptualAtoms_10f8175c-2e75-4579-bf6d-0c0135971b9c,mp-12806
Hg6Mg10,0.26164709618290294,https://elagente.ca/grafico/ConceptualAtoms_111f231b-f2e7-4ca7-afac-5fde4c9e1831,https://elagente.ca/ontomlff/MLFFElasticityResult_9a2f658e-73e8-4945-a194-b4cecae6483f,[],[],0.12289242568268871,eV/Å^3,0.3187698499936694,/scratch/kenko/akg4pyscf/.graphchat-workspaces/kenko_room/mlff_elasticity_benchmark/workflow_runs/Orb_OMAT/elasticity_Orb_OMAT/structures/Hg6Mg10_71b813b9/output.json,mp-11465,cif,https://elagente.ca/grafico/ConceptualAtoms_111f231b-f2e7-4ca7-afac-5fde4c9e1831,mp-11465
Au2LiMg,0.38333205628409267,https://elagente.ca/grafico/ConceptualAtoms_11c4140e-001a-4231-b354-2bfb954d03b8,https://elagente.ca/ontomlff/MLFFElasticityResult_4d917840-6179-4482-975e-3f40f1e1cc94,[],[],0.14228464887391493,eV/Å^3,0.37985583051383537,/scratch/kenko/akg4pyscf/.graphchat-workspaces/kenko_room/mlff_elasticity_benchmark/workflow_runs/Orb_OMAT/elasticity_Orb_OMAT/structures/Au2LiMg_289a8542/output.json,mp-977418,cif,https://elagente.ca/grafico/ConceptualAtoms_11c4140e-001a-4231-b354-2bfb954d03b8,mp-977418
Be2,0.63136831778027,https://elagente.ca/grafico/ConceptualAtoms_1248143b-23ce-4af4-bb3e-42d3759a7115,https://elagente.ca/ontomlff/MLFFElasticityResult_70fb9d8a-9efc-42fd-9756-68f3b97f3016,[],[],0.735390989556862,eV/Å^3,1.5891726926494723,/scratch/kenko/akg4pyscf/.graphchat-workspaces/kenko_room/mlff_elasticity_benchmark/workflow_runs/Orb_OMAT/elasticity_Orb_OMAT/structures/Be2_d6e306e6/output.json,mp-87,cif,https://elagente.ca/grafico/ConceptualAtoms_1248143b-23ce-4af4-bb3e-42d3759a7115,mp-87
Al2MgS4,0.4098922391798483,https://elagente.ca/grafico/ConceptualAtoms_1250a46b-e55f-4c18-8088-b224b1b05ea1,https://elagente.ca/ontomlff/MLFFElasticityResult_4b085661-b273-4bfe-9650-2ecddf4e4bed,[],[],0.277626294647563,eV/Å^3,0.6794730481089961,/scratch/kenko/akg4pyscf/.graphchat-workspaces/kenko_room/mlff_elasticity_benchmark/workflow_runs/Orb_OMAT/elasticity_Orb_OMAT/structures/Al2MgS4_431c7a33/output.json,mp-16755,cif,https://elagente.ca/grafico/ConceptualAtoms_1250a46b-e55f-4c18-8088-b224b1b05ea1,mp-16755
EuMg,0.21808990105917356,https://elagente.ca/grafico/ConceptualAtoms_12751f56-0121-48f5-b84a-0d1c8675098d,https://elagente.ca/ontomlff/MLFFElasticityResult_f6f528e3-a3eb-4354-947e-dd8d9869d304,[],[],0.04796184056869229,eV/Å^3,0.13405825815793868,/scratch/kenko/akg4pyscf/.graphchat-workspaces/kenko_room/mlff_elasticity_benchmark/workflow_runs/Orb_OMAT/elasticity_Orb_OMAT/structures/EuMg_5da66ce2/output.json,mp-21253,cif,https://elagente.ca/grafico/ConceptualAtoms_12751f56-0121-48f5-b84a-0d1c8675098d,mp-21253
Al3Hf4,0.6614563653197741,https://elagente.ca/grafico/ConceptualAtoms_12c64282-273a-4f00-89ac-80d800f5b696,https://elagente.ca/ontomlff/MLFFElasticityResult_c32b58ac-ff92-4f14-9de5-1201959cc105,[],[],0.4048026617521454,eV/Å^3,1.0086481509966534,/scratch/kenko/akg4pyscf/.graphchat-workspaces/kenko_room/mlff_elasticity_benchmark/workflow_runs/Orb_OMAT/elasticity_Orb_OMAT/structures/Al3Hf4_b9cab9e9/output.json,mp-1025223,cif,https://elagente.ca/grafico/ConceptualAtoms_12c64282-273a-4f00-89ac-80d800f5b696,mp-1025223
CrN2W,1.7143424332702368,https://elagente.ca/grafico/ConceptualAtoms_12c725ba-c769-43ef-abee-6c3c495fe911,https://elagente.ca/ontomlff/MLFFElasticityResult_99b4b058-44dc-46e4-bd46-6b4e86427d8e,[],[],1.087699779718989,eV/Å^3,2.6934591692219176,/scratch/kenko/akg4pyscf/.graphchat-workspaces/kenko_room/mlff_elasticity_benchmark/workflow_runs/Orb_OMAT/elasticity_Orb_OMAT/structures/CrN2W_6d6037e0/output.json,mp-15226,cif,https://elagente.ca/grafico/ConceptualAtoms_12c725ba-c769-43ef-abee-6c3c495fe911,mp-15226
As4V4,0.8840700230764291,https://elagente.ca/grafico/ConceptualAtoms_12d09c2d-6ba5-4886-a28a-4baef5fa98a3,https://elagente.ca/ontomlff/MLFFElasticityResult_5c44905a-dc3b-477d-83b7-b29da4b87dc0,[],[],0.6607730810724068,eV/Å^3,1.5869465127852886,/scratch/kenko/akg4pyscf/.graphchat-workspaces/kenko_room/mlff_elasticity_benchmark/workflow_runs/Orb_OMAT/elasticity_Orb_OMAT/structures/As4V4_06e6bc0a/output.json,mp-19940,cif,https://elagente.ca/grafico/ConceptualAtoms_12d09c2d-6ba5-4886-a28a-4baef5fa98a3,mp-19940
O3PbZr,0.8997929477906008,https://elagente.ca/grafico/ConceptualAtoms_12dccc2f-ee31-40ab-bc4d-fbbbe0d88413,https://elagente.ca/ontomlff/MLFFElasticityResult_9d300ce0-52d4-4c31-abce-9717cb1725a0,[],[],0.45769265279293936,eV/Å^3,1.174017628568308,/scratch/kenko/akg4pyscf/.graphchat-workspaces/kenko_room/mlff_elasticity_benchmark/workflow_runs/Orb_OMAT/elasticity_Orb_OMAT/structures/O3PbZr_a9e3370a/output.json,mp-20337,cif,https://elagente.ca/grafico/ConceptualAtoms_12dccc2f-ee31-40ab-bc4d-fbbbe0d88413,mp-20337
Cs4P4Si2,0.18983384163062975,https://elagente.ca/grafico/ConceptualAtoms_133ff7ce-1b6f-499a-a913-d79d516ea365,https://elagente.ca/ontomlff/MLFFElasticityResult_04550b36-b9ae-4f20-b469-829c2ea2f53e,[],[],0.126301337715118,eV/Å^3,0.3101257911837778,/scratch/kenko/akg4pyscf/.graphchat-workspaces/kenko_room/mlff_elasticity_benchmark/workflow_runs/Orb_OMAT/elasticity_Orb_OMAT/structures/Cs4P4Si2_9b8f7231/output.json,mp-8932,cif,https://elagente.ca/grafico/ConceptualAtoms_133ff7ce-1b6f-499a-a913-d79d516ea365,mp-8932
Au2Ba2O4,0.5241457657484971,https://elagente.ca/grafico/ConceptualAtoms_13498ae3-989c-47da-b5af-d782100b6cdb,https://elagente.ca/ontomlff/MLFFElasticityResult_3b09bcf8-11df-4e3c-bde7-290b36bd7efd,[],[],0.2654545757100063,eV/Å^3,0.6813415115106689,/scratch/kenko/akg4pyscf/.graphchat-workspaces/kenko_room/mlff_elasticity_benchmark/workflow_runs/Orb_OMAT/elasticity_Orb_OMAT/structures/Au2Ba2O4_cd6e9d86/output.json,mp-997009,cif,https://elagente.ca/grafico/ConceptualAtoms_13498ae3-989c-47da-b5af-d782100b6cdb,mp-997009
Er2OsPd,0.6590564998381858,https://elagente.ca/grafico/ConceptualAtoms_13949f38-ae39-4b95-984f-610cb43a02cd,https://elagente.ca/ontomlff/MLFFElasticityResult_bb7195e3-9c89-484d-8c69-d4a3789a7c9a,[],[],0.23302532746566063,eV/Å^3,0.6253709823974984,/scratch/kenko/akg4pyscf/.graphchat-workspaces/kenko_room/mlff_elasticity_benchmark/workflow_runs/Orb_OMAT/elasticity_Orb_OMAT/structures/Er2OsPd_2ef2a3ee/output.json,mp-867213,cif,https://elagente.ca/grafico/ConceptualAtoms_13949f38-ae39-4b95-984f-610cb43a02cd,mp-867213
As2Ge2Te5,0.30688004545802994,https://elagente.ca/grafico/ConceptualAtoms_13a15297-26c0-4f9f-9849-8405eb3ebdf1,https://elagente.ca/ontomlff/MLFFElasticityResult_e3186e1a-6221-44fe-bfd8-3b25b5408ace,[],[],0.1971823595217373,eV/Å^3,0.4871989829168047,/scratch/kenko/akg4pyscf/.graphchat-workspaces/kenko_room/mlff_elasticity_benchmark/workflow_runs/Orb_OMAT/elasticity_Orb_OMAT/structures/As2Ge2Te5_eabdd9a0/output.json,mp-14791,cif,https://elagente.ca/grafico/ConceptualAtoms_13a15297-26c0-4f9f-9849-8405eb3ebdf1,mp-14791
Nb2Se4Ti,0.657967216453424,https://elagente.ca/grafico/ConceptualAtoms_1454e429-f99a-41a2-b310-3467c563712d,https://elagente.ca/ontomlff/MLFFElasticityResult_4dca76c2-f0e8-467f-a9d0-d86db866fe2f,[],[],0.4113799637916289,eV/Å^3,1.0212927285794076,/scratch/kenko/akg4pyscf/.graphchat-workspaces/kenko_room/mlff_elasticity_benchmark/workflow_runs/Orb_OMAT/elasticity_Orb_OMAT/structures/Nb2Se4Ti_3d639317/output.json,mp-1025291,cif,https://elagente.ca/grafico/ConceptualAtoms_1454e429-f99a-41a2-b310-3467c563712d,mp-1025291
CdCu2Zr,0.6509548622042239,https://elagente.ca/grafico/ConceptualAtoms_147d8464-615c-4e83-9c51-b6bfb7223916,https://elagente.ca/ontomlff/MLFFElasticityResult_73e75f9c-d945-4293-a4c8-9d688bbe37db,[],[],0.338500514016432,eV/Å^3,0.8654827633423198,/scratch/kenko/akg4pyscf/.graphchat-workspaces/kenko_room/mlff_elasticity_benchmark/workflow_runs/Orb_OMAT/elasticity_Orb_OMAT/structures/CdCu2Zr_c785ca88/output.json,mp-11293,cif,https://elagente.ca/grafico/ConceptualAtoms_147d8464-615c-4e83-9c51-b6bfb7223916,mp-11293
Dy2Sb2Zr2,0.46468600222056783,https://elagente.ca/grafico/ConceptualAtoms_14e49350-1796-4a11-a402-403aeb32656d,https://elagente.ca/ontomlff/MLFFElasticityResult_5a6bd161-e49b-4dbc-bf1f-75da67194864,[],[],0.26296644319782125,eV/Å^3,0.6637025947100854,/scratch/kenko/akg4pyscf/.graphchat-workspaces/kenko_room/mlff_elasticity_benchmark/workflow_runs/Orb_OMAT/elasticity_Orb_OMAT/structures/Dy2Sb2Zr2_6ccc86a1/output.json,mp-5068,cif,https://elagente.ca/grafico/ConceptualAtoms_14e49350-1796-4a11-a402-403aeb32656d,mp-5068
LuRh2Sc,0.7074051730805824,https://elagente.ca/grafico/ConceptualAtoms_14f19366-a219-4691-83cf-cf00150428ed,https://elagente.ca/ontomlff/MLFFElasticityResult_41565ab6-3f7a-4769-bfaf-9f49e1c26b7a,[],[],0.2758850379136278,eV/Å^3,0.7324390637914744,/scratch/kenko/akg4pyscf/.graphchat-workspaces/kenko_room/mlff_elasticity_benchmark/workflow_runs/Orb_OMAT/elasticity_Orb_OMAT/structures/LuRh2Sc_6f6e451d/output.json,mp-973432,cif,https://elagente.ca/grafico/ConceptualAtoms_14f19366-a219-4691-83cf-cf00150428ed,mp-973432
Ca2Ir2Sn4,0.4986062013075937,https://elagente.ca/grafico/ConceptualAtoms_14fec716-65e3-43d5-8433-1de49d38da72,https://elagente.ca/ontomlff/MLFFElasticityResult_c6aab17c-4b6f-4ebc-ae6a-c8de190e5c74,[],[],0.2128883930477446,eV/Å^3,0.5590936645860787,/scratch/kenko/akg4pyscf/.graphchat-workspaces/kenko_room/mlff_elasticity_benchmark/workflow_runs/Orb_OMAT/elasticity_Orb_OMAT/structures/Ca2Ir2Sn4_08d6cff0/output.json,mp-11957,cif,https://elagente.ca/grafico/ConceptualAtoms_14fec716-65e3-43d5-8433-1de49d38da72,mp-11957
Pd6Zn2,0.8613584930973783,https://elagente.ca/grafico/ConceptualAtoms_15858d10-a450-4410-bc50-cb7b7d4bf253,https://elagente.ca/ontomlff/MLFFElasticityResult_a8929325-00ef-434c-bc5c-56da1cddd83b,[],[],0.25799635930076004,eV/Å^3,0.703728234553505,/scratch/kenko/akg4pyscf/.graphchat-workspaces/kenko_room/mlff_elasticity_benchmark/workflow_runs/Orb_OMAT/elasticity_Orb_OMAT/structures/Pd6Zn2_ddb2e909/output.json,mp-971909,cif,https://elagente.ca/grafico/ConceptualAtoms_15858d10-a450-4410-bc50-cb7b7d4bf253,mp-971909
I6Sb2,0.14386423224458056,https://elagente.ca/grafico/ConceptualAtoms_15e297fd-c482-46d5-ab74-eb15420d945d,https://elagente.ca/ontomlff/MLFFElasticityResult_95647358-67e4-4bd6-8d0c-d13d051138f1,[],[],0.0754308371184719,eV/Å^3,0.1926265522321935,/scratch/kenko/akg4pyscf/.graphchat-workspaces/kenko_room/mlff_elasticity_benchmark/workflow_runs/Orb_OMAT/elasticity_Orb_OMAT/structures/I6Sb2_33375527/output.json,mp-23281,cif,https://elagente.ca/grafico/ConceptualAtoms_15e297fd-c482-46d5-ab74-eb15420d945d,mp-23281
Ge2Tb2Ti2,0.4879872220504875,https://elagente.ca/grafico/ConceptualAtoms_16047c36-7a6d-4d28-b116-d2e303159b20,https://elagente.ca/ontomlff/MLFFElasticityResult_d9c91c6d-f227-4eb9-99f4-5a727c556eb9,[],[],0.31272737793489513,eV/Å^3,0.7730461806638367,/scratch/kenko/akg4pyscf/.graphchat-workspaces/kenko_room/mlff_elasticity_benchmark/workflow_runs/Orb_OMAT/elasticity_Orb_OMAT/structures/Ge2Tb2Ti2_00092bf0/output.json,mp-21433,cif,https://elagente.ca/grafico/ConceptualAtoms_16047c36-7a6d-4d28-b116-d2e303159b20,mp-21433
Cr4Te4,0.3120013500660699,https://elagente.ca/grafico/ConceptualAtoms_16708621-ceef-4a42-8261-b4e0bce3ef4a,https://elagente.ca/ontomlff/MLFFElasticityResult_8ca91ece-fc21-4769-9726-bbc68e02864f,[],[],0.16216802567279653,eV/Å^3,0.4146615967866252,/scratch/kenko/akg4pyscf/.graphchat-workspaces/kenko_room/mlff_elasticity_benchmark/workflow_runs/Orb_OMAT/elasticity_Orb_OMAT/structures/Cr4Te4_5b1e8cce/output.json,mp-794,cif,https://elagente.ca/grafico/ConceptualAtoms_16708621-ceef-4a42-8261-b4e0bce3ef4a,mp-794
Cl2Fe,0.28230697869296806,https://elagente.ca/grafico/ConceptualAtoms_16d81c39-af31-45f9-a782-070d5199d684,https://elagente.ca/ontomlff/MLFFElasticityResult_75fecb1b-b79b-467e-a20d-b1cbe3c40a02,[],[],0.13025656367822586,eV/Å^3,0.3386805699114118,/scratch/kenko/akg4pyscf/.graphchat-workspaces/kenko_room/mlff_elasticity_benchmark/workflow_runs/Orb_OMAT/elasticity_Orb_OMAT/structures/Cl2Fe_6a2c25a4/output.json,mp-23229,cif,https://elagente.ca/grafico/ConceptualAtoms_16d81c39-af31-45f9-a782-070d5199d684,mp-23229
ErRu2Si2,0.9914910829671958,https://elagente.ca/grafico/ConceptualAtoms_17122ece-2322-46b1-990a-aa78f21e3f76,https://elagente.ca/ontomlff/MLFFElasticityResult_66670a76-57dc-4951-ac20-c2477d045795,[],[],0.6115117714729681,eV/Å^3,1.5216952067285365,/scratch/kenko/akg4pyscf/.graphchat-workspaces/kenko_room/mlff_elasticity_benchmark/workflow_runs/Orb_OMAT/elasticity_Orb_OMAT/structures/ErRu2Si2_15e2fc62/output.json,mp-5022,cif,https://elagente.ca/grafico/ConceptualAtoms_17122ece-2322-46b1-990a-aa78f21e3f76,mp-5022
HgO3Os,1.2137211419315639,https://elagente.ca/grafico/ConceptualAtoms_171e3744-daaf-4a99-975c-3dba0ae42601,https://elagente.ca/ontomlff/MLFFElasticityResult_4a1086f8-ab08-4511-ae04-b7cf552827b7,[],[],0.25306589531397744,eV/Å^3,0.7098613407319134,/scratch/kenko/akg4pyscf/.graphchat-workspaces/kenko_room/mlff_elasticity_benchmark/workflow_runs/Orb_OMAT/elasticity_Orb_OMAT/structures/HgO3Os_ba9f1b7d/output.json,mp-1016840,cif,https://elagente.ca/grafico/ConceptualAtoms_171e3744-daaf-4a99-975c-3dba0ae42601,mp-1016840
Si2Yb2,0.5679862597322709,https://elagente.ca/grafico/ConceptualAtoms_17be0c1d-f53f-40eb-b6b8-7b4d573f2e5b,https://elagente.ca/ontomlff/MLFFElasticityResult_e6c9a4e6-5a48-458c-a291-9fa15889967a,[],[],0.43864927051664027,eV/Å^3,1.0465380388891952,/scratch/kenko/akg4pyscf/.graphchat-workspaces/kenko_room/mlff_elasticity_benchmark/workflow_runs/Orb_OMAT/elasticity_Orb_OMAT/structures/Si2Yb2_9ec7ef19/output.json,mp-10651,cif,https://elagente.ca/grafico/ConceptualAtoms_17be0c1d-f53f-40eb-b6b8-7b4d573f2e5b,mp-10651
N3Ta3,1.669323911200315,https://elagente.ca/grafico/ConceptualAtoms_18010b70-461c-4a68-866a-e8180309d5cc,https://elagente.ca/ontomlff/MLFFElasticityResult_6fd9dd32-2b0f-46f9-8da9-3ec3f6e3c8c8,[],[],0.7554732657792456,eV/Å^3,1.9693371382500537,/scratch/kenko/akg4pyscf/.graphchat-workspaces/kenko_room/mlff_elasticity_benchmark/workflow_runs/Orb_OMAT/elasticity_Orb_OMAT/structures/N3Ta3_035536f6/output.json,mp-1497,cif,https://elagente.ca/grafico/ConceptualAtoms_18010b70-461c-4a68-866a-e8180309d5cc,mp-1497
Si3U,0.8239419327224092,https://elagente.ca/grafico/ConceptualAtoms_185915ee-e8b5-4394-886a-502f4f3be1e0,https://elagente.ca/ontomlff/MLFFElasticityResult_d171c25b-175e-4bdf-aa54-91ff54f0ec92,[],[],0.4924663626770547,eV/Å^3,1.23195453815998,/scratch/kenko/akg4pyscf/.graphchat-workspaces/kenko_room/mlff_elasticity_benchmark/workflow_runs/Orb_OMAT/elasticity_Orb_OMAT/structures/Si3U_22abff38/output.json,mp-2800,cif,https://elagente.ca/grafico/ConceptualAtoms_185915ee-e8b5-4394-886a-502f4f3be1e0,mp-2800
Ho2I6,0.11407614262091026,https://elagente.ca/grafico/ConceptualAtoms_186a6531-bf57-4839-b6f6-709896504dc6,https://elagente.ca/ontomlff/MLFFElasticityResult_17af360c-6af9-458b-9649-bc9e41276e8c,[],[],0.0645367664224532,eV/Å^3,0.1628923744391144,/scratch/kenko/akg4pyscf/.graphchat-workspaces/kenko_room/mlff_elasticity_benchmark/workflow_runs/Orb_OMAT/elasticity_Orb_OMAT/structures/Ho2I6_bf0ba117/output.json,mp-864657,cif,https://elagente.ca/grafico/ConceptualAtoms_186a6531-bf57-4839-b6f6-709896504dc6,mp-864657
Mn2S2,0.2188794785803838,https://elagente.ca/grafico/ConceptualAtoms_1920da5c-3f2b-457a-b654-7bf1212a1f89,https://elagente.ca/ontomlff/MLFFElasticityResult_a8a16c94-bcf6-4be3-89fd-486c7c04dfc7,[],[],0.23028762073385317,eV/Å^3,0.5114824464067049,/scratch/kenko/akg4pyscf/.graphchat-workspaces/kenko_room/mlff_elasticity_benchmark/workflow_runs/Orb_OMAT/elasticity_Orb_OMAT/structures/Mn2S2_75c9099e/output.json,mp-2065,cif,https://elagente.ca/grafico/ConceptualAtoms_1920da5c-3f2b-457a-b654-7bf1212a1f89,mp-2065
B8O14Sr2,1.3957761313978636,https://elagente.ca/grafico/ConceptualAtoms_193a7f7c-ebd5-41ad-b867-7d6d5e0a6aec,https://elagente.ca/ontomlff/MLFFElasticityResult_951be4c8-0ba8-45ef-b57a-4fca4822bd2e,[],[],1.0089924768873237,eV/Å^3,2.439215910344168,/scratch/kenko/akg4pyscf/.graphchat-workspaces/kenko_room/mlff_elasticity_benchmark/workflow_runs/Orb_OMAT/elasticity_Orb_OMAT/structures/B8O14Sr2_a68fd04e/output.json,mp-5540,cif,https://elagente.ca/grafico/ConceptualAtoms_193a7f7c-ebd5-41ad-b867-7d6d5e0a6aec,mp-5540
Cu4Se8,0.4712498598659801,https://elagente.ca/grafico/ConceptualAtoms_19c3f976-3425-4b9f-afa3-48aadec543fe,https://elagente.ca/ontomlff/MLFFElasticityResult_9d5972d6-8fbc-4ab0-9bdc-87aa633d7a3a,[],[],0.14455183123955767,eV/Å^3,0.3934285547528418,/scratch/kenko/akg4pyscf/.graphchat-workspaces/kenko_room/mlff_elasticity_benchmark/workflow_runs/Orb_OMAT/elasticity_Orb_OMAT/structures/Cu4Se8_5d956b2a/output.json,mp-2280,cif,https://elagente.ca/grafico/ConceptualAtoms_19c3f976-3425-4b9f-afa3-48aadec543fe,mp-2280
ErFe2Si2,0.8972290598089343,https://elagente.ca/grafico/ConceptualAtoms_19e7d242-67d6-48fe-bfcf-8b54cbaf6d0e,https://elagente.ca/ontomlff/MLFFElasticityResult_84001c67-f9db-408b-8637-5fecca0f02b3,[],[],0.6238760120728322,eV/Å^3,1.5194514170808089,/scratch/kenko/akg4pyscf/.graphchat-workspaces/kenko_room/mlff_elasticity_benchmark/workflow_runs/Orb_OMAT/elasticity_Orb_OMAT/structures/ErFe2Si2_5c417673/output.json,mp-5688,cif,https://elagente.ca/grafico/ConceptualAtoms_19e7d242-67d6-48fe-bfcf-8b54cbaf6d0e,mp-5688
HgNd2Sn,0.33143442266928724,https://elagente.ca/grafico/ConceptualAtoms_1a7405e4-4060-4bd7-b7b3-9c5b70494362,https://elagente.ca/ontomlff/MLFFElasticityResult_821bd70e-6ec2-4adc-a277-ed8fe3d062af,[],[],0.1274810204743086,eV/Å^3,0.33898173624294836,/scratch/kenko/akg4pyscf/.graphchat-workspaces/kenko_room/mlff_elasticity_benchmark/workflow_runs/Orb_OMAT/elasticity_Orb_OMAT/structures/HgNd2Sn_4b868548/output.json,mp-864633,cif,https://elagente.ca/grafico/ConceptualAtoms_1a7405e4-4060-4bd7-b7b3-9c5b70494362,mp-864633
Hg2TbTm,0.36373956535921925,https://elagente.ca/grafico/ConceptualAtoms_1aa7d201-39e2-4e6f-8312-11b7cb5ec151,https://elagente.ca/ontomlff/MLFFElasticityResult_c8349ceb-ea95-46e9-af46-d5e2c9caca7d,[],[],0.14875982463923612,eV/Å^3,0.3927394688523736,/scratch/kenko/akg4pyscf/.graphchat-workspaces/kenko_room/mlff_elasticity_benchmark/workflow_runs/Orb_OMAT/elasticity_Orb_OMAT/structures/Hg2TbTm_b1ef149a/output.json,mp-978988,cif,https://elagente.ca/grafico/ConceptualAtoms_1aa7d201-39e2-4e6f-8312-11b7cb5ec151,mp-978988
F2Pb,0.4222245156741305,https://elagente.ca/grafico/ConceptualAtoms_1ad000cf-30bf-4c3a-8df5-72810cfa4225,https://elagente.ca/ontomlff/MLFFElasticityResult_d7e20148-465b-4310-a779-887bd404f67d,[],[],0.17108114585450135,eV/Å^3,0.45217163175706954,/scratch/kenko/akg4pyscf/.graphchat-workspaces/kenko_room/mlff_elasticity_benchmark/workflow_runs/Orb_OMAT/elasticity_Orb_OMAT/structures/F2Pb_daaab3a7/output.json,mp-315,cif,https://elagente.ca/grafico/ConceptualAtoms_1ad000cf-30bf-4c3a-8df5-72810cfa4225,mp-315
AsInPt5,1.0971480299627503,https://elagente.ca/grafico/ConceptualAtoms_1aef0926-ceba-40f8-8cbb-53f781d9b43a,https://elagente.ca/ontomlff/MLFFElasticityResult_b5803e02-68c5-4403-9244-b0178bd66e93,[],[],0.4136637064586264,eV/Å^3,1.1024383391762271,/scratch/kenko/akg4pyscf/.graphchat-workspaces/kenko_room/mlff_elasticity_benchmark/workflow_runs/Orb_OMAT/elasticity_Orb_OMAT/structures/AsInPt5_aa8abaa5/output.json,mp-1025212,cif,https://elagente.ca/grafico/ConceptualAtoms_1aef0926-ceba-40f8-8cbb-53f781d9b43a,mp-1025212
O2STm2,0.8468691571179003,https://elagente.ca/grafico/ConceptualAtoms_1b14f7d0-a781-4af4-9a83-c8c63828a242,https://elagente.ca/ontomlff/MLFFElasticityResult_36011a4f-b716-44c4-a504-1420df7cfc2d,[],[],0.5093763185577853,eV/Å^3,1.2729168774002984,/scratch/kenko/akg4pyscf/.graphchat-workspaces/kenko_room/mlff_elasticity_benchmark/workflow_runs/Orb_OMAT/elasticity_Orb_OMAT/structures/O2STm2_eff0218d/output.json,mp-3556,cif,https://elagente.ca/grafico/ConceptualAtoms_1b14f7d0-a781-4af4-9a83-c8c63828a242,mp-3556
Cs2F6LiTl,0.313349486528245,https://elagente.ca/grafico/ConceptualAtoms_1b2cc7e1-1166-4311-ba31-babceff011dc,https://elagente.ca/ontomlff/MLFFElasticityResult_f2041140-54aa-4010-8438-b22f955f0deb,[],[],0.15645896761453348,eV/Å^3,0.40240223051639606,/scratch/kenko/akg4pyscf/.graphchat-workspaces/kenko_room/mlff_elasticity_benchmark/workflow_runs/Orb_OMAT/elasticity_Orb_OMAT/structures/Cs2F6LiTl_a002650f/output.json,mp-989562,cif,https://elagente.ca/grafico/ConceptualAtoms_1b2cc7e1-1166-4311-ba31-babceff011dc,mp-989562
As2YbZn2,0.42320933808636196,https://elagente.ca/grafico/ConceptualAtoms_1b9ff9bc-2fdc-42f9-b93f-7c2e09e35e26,https://elagente.ca/ontomlff/MLFFElasticityResult_98a582b5-eb48-4403-8c00-2cfa05e1edc5,[],[],0.2034883055951468,eV/Å^3,0.526138601295131,/scratch/kenko/akg4pyscf/.graphchat-workspaces/kenko_room/mlff_elasticity_benchmark/workflow_runs/Orb_OMAT/elasticity_Orb_OMAT/structures/As2YbZn2_2337e9f1/output.json,mp-10314,cif,https://elagente.ca/grafico/ConceptualAtoms_1b9ff9bc-2fdc-42f9-b93f-7c2e09e35e26,mp-10314
Ag2BaSn2,0.2875457301087939,https://elagente.ca/grafico/ConceptualAtoms_1ba59efd-4ff0-4ff3-b630-04b817d1f60c,https://elagente.ca/ontomlff/MLFFElasticityResult_d0483dd4-3453-4f28-95b3-3a805e092d10,[],[],0.1500420447495914,eV/Å^3,0.3834338952469067,/scratch/kenko/akg4pyscf/.graphchat-workspaces/kenko_room/mlff_elasticity_benchmark/workflow_runs/Orb_OMAT/elasticity_Orb_OMAT/structures/Ag2BaSn2_3f322522/output.json,mp-7882,cif,https://elagente.ca/grafico/ConceptualAtoms_1ba59efd-4ff0-4ff3-b630-04b817d1f60c,mp-7882
Al8CaMn4,0.6097536830474468,https://elagente.ca/grafico/ConceptualAtoms_1baf68d2-03a3-44ff-b6bd-8163b0e029f3,https://elagente.ca/ontomlff/MLFFElasticityResult_30142865-bb4a-44b6-a61a-ec84883ec517,[],[],0.45139715189096663,eV/Å^3,1.0861643721191805,/scratch/kenko/akg4pyscf/.graphchat-workspaces/kenko_room/mlff_elasticity_benchmark/workflow_runs/Orb_OMAT/elasticity_Orb_OMAT/structures/Al8CaMn4_f46cc19d/output.json,mp-10878,cif,https://elagente.ca/grafico/ConceptualAtoms_1baf68d2-03a3-44ff-b6bd-8163b0e029f3,mp-10878
Al2F14Mg2Na4,0.5244766991510923,https://elagente.ca/grafico/ConceptualAtoms_1bd89234-4dc2-4eed-9d15-2b9905261b46,https://elagente.ca/ontomlff/MLFFElasticityResult_d470e436-bedf-46b8-b889-058a817d664b,[],[],0.32461217289218713,eV/Å^3,0.807286387887417,/scratch/kenko/akg4pyscf/.graphchat-workspaces/kenko_room/mlff_elasticity_benchmark/workflow_runs/Orb_OMAT/elasticity_Orb_OMAT/structures/Al2F14Mg2Na4_30ec4226/output.json,mp-6319,cif,https://elagente.ca/grafico/ConceptualAtoms_1bd89234-4dc2-4eed-9d15-2b9905261b46,mp-6319
Be2IrTi,1.1215510778338729,https://elagente.ca/grafico/ConceptualAtoms_1c7700da-b223-4c9b-ab11-b55a533a9e92,https://elagente.ca/ontomlff/MLFFElasticityResult_20cfeada-d2e3-4093-b48d-147a73740e80,[],[],0.3752589953557819,eV/Å^3,1.0128176664537516,/scratch/kenko/akg4pyscf/.graphchat-workspaces/kenko_room/mlff_elasticity_benchmark/workflow_runs/Orb_OMAT/elasticity_Orb_OMAT/structures/Be2IrTi_a28a2f10/output.json,mp-866139,cif,https://elagente.ca/grafico/ConceptualAtoms_1c7700da-b223-4c9b-ab11-b55a533a9e92,mp-866139
AlRh,1.1177184784138663,https://elagente.ca/grafico/ConceptualAtoms_1ca2e3c3-c995-49f7-956a-cc1879d1f3ba,https://elagente.ca/ontomlff/MLFFElasticityResult_2511b07d-a62b-45a5-8230-6dd894cc2043,[],[],0.6129376187987601,eV/Å^3,1.5546345584443702,/scratch/kenko/akg4pyscf/.graphchat-workspaces/kenko_room/mlff_elasticity_benchmark/workflow_runs/Orb_OMAT/elasticity_Orb_OMAT/structures/AlRh_9cb36d0d/output.json,mp-364,cif,https://elagente.ca/grafico/ConceptualAtoms_1ca2e3c3-c995-49f7-956a-cc1879d1f3ba,mp-364
HgO2Rb2,0.18143519109110684,https://elagente.ca/grafico/ConceptualAtoms_1cfc32c1-ae68-44c1-b999-d063bb011c2a,https://elagente.ca/ontomlff/MLFFElasticityResult_e215152b-88b8-4f42-8284-4e33435231d3,[],[],0.10492627707737903,eV/Å^3,0.26390552480683543,/scratch/kenko/akg4pyscf/.graphchat-workspaces/kenko_room/mlff_elasticity_benchmark/workflow_runs/Orb_OMAT/elasticity_Orb_OMAT/structures/HgO2Rb2_1d0b7f6d/output.json,mp-5072,cif,https://elagente.ca/grafico/ConceptualAtoms_1cfc32c1-ae68-44c1-b999-d063bb011c2a,mp-5072
OZr,1.0531402325333126,https://elagente.ca/grafico/ConceptualAtoms_1d4a6b89-53a2-4c19-93d9-7e66843a5628,https://elagente.ca/ontomlff/MLFFElasticityResult_987b805d-322d-4a5d-97bc-d43e0d12f3c0,[],[],0.1396119063776293,eV/Å^3,0.4011109918486875,/scratch/kenko/akg4pyscf/.graphchat-workspaces/kenko_room/mlff_elasticity_benchmark/workflow_runs/Orb_OMAT/elasticity_Orb_OMAT/structures/OZr_c14a9d25/output.json,mp-10197,cif,https://elagente.ca/grafico/ConceptualAtoms_1d4a6b89-53a2-4c19-93d9-7e66843a5628,mp-10197
DySi2,0.5176148629504607,https://elagente.ca/grafico/ConceptualAtoms_1d5fd95d-4e9b-49ef-a27d-be8fa2e72e5f,https://elagente.ca/ontomlff/MLFFElasticityResult_2592a9fa-6730-4202-bd0f-681e20d7f9c2,[],[],0.12022571231391642,eV/Å^3,0.3347591192266756,/scratch/kenko/akg4pyscf/.graphchat-workspaces/kenko_room/mlff_elasticity_benchmark/workflow_runs/Orb_OMAT/elasticity_Orb_OMAT/structures/DySi2_994036b2/output.json,mp-993,cif,https://elagente.ca/grafico/ConceptualAtoms_1d5fd95d-4e9b-49ef-a27d-be8fa2e72e5f,mp-993
F6InLiTl2,0.3909278875820279,https://elagente.ca/grafico/ConceptualAtoms_1d735c9e-c245-4fc0-b17b-6d4605fc777b,https://elagente.ca/ontomlff/MLFFElasticityResult_13b8bb03-2c37-410e-afc6-b8f50e059616,[],[],0.17856731130212306,eV/Å^3,0.46491436218438686,/scratch/kenko/akg4pyscf/.graphchat-workspaces/kenko_room/mlff_elasticity_benchmark/workflow_runs/Orb_OMAT/elasticity_Orb_OMAT/structures/F6InLiTl2_9fe78af2/output.json,mp-989551,cif,https://elagente.ca/grafico/ConceptualAtoms_1d735c9e-c245-4fc0-b17b-6d4605fc777b,mp-989551
GaRh2Tm,0.8085274372455307,https://elagente.ca/grafico/ConceptualAtoms_1dc07100-9c73-445e-9259-704a9b8fc4ec,https://elagente.ca/ontomlff/MLFFElasticityResult_1021a2cd-fdf9-4571-ba29-53da51c2b1e1,[],[],0.4016159285576555,eV/Å^3,1.0336938654005337,/scratch/kenko/akg4pyscf/.graphchat-workspaces/kenko_room/mlff_elasticity_benchmark/workflow_runs/Orb_OMAT/elasticity_Orb_OMAT/structures/GaRh2Tm_0a5489a0/output.json,mp-865195,cif,https://elagente.ca/grafico/ConceptualAtoms_1dc07100-9c73-445e-9259-704a9b8fc4ec,mp-865195
Pd2Ta,1.1713159154351986,https://elagente.ca/grafico/ConceptualAtoms_1dcab8ee-e405-40ff-8131-f9d5f010edbd,https://elagente.ca/ontomlff/MLFFElasticityResult_2c3ebc37-6f38-4ee6-b07c-b69114ab75bc,[],[],0.4265762013203379,eV/Å^3,1.1411932787468222,/scratch/kenko/akg4pyscf/.graphchat-workspaces/kenko_room/mlff_elasticity_benchmark/workflow_runs/Orb_OMAT/elasticity_Orb_OMAT/structures/Pd2Ta_9af82c1e/output.json,mp-30835,cif,https://elagente.ca/grafico/ConceptualAtoms_1dcab8ee-e405-40ff-8131-f9d5f010edbd,mp-30835
Se4W2,0.679201536350534,https://elagente.ca/grafico/ConceptualAtoms_1dcd7fa3-c9ec-448b-951d-98fa33e1414f,https://elagente.ca/ontomlff/MLFFElasticityResult_bb641d93-60d8-413d-b3d6-a62cfde549b1,[],[],0.4592969169705451,eV/Å^3,1.1244322275295924,/scratch/kenko/akg4pyscf/.graphchat-workspaces/kenko_room/mlff_elasticity_benchmark/workflow_runs/Orb_OMAT/elasticity_Orb_OMAT/structures/Se4W2_fba66381/output.json,mp-1821,cif,https://elagente.ca/grafico/ConceptualAtoms_1dcd7fa3-c9ec-448b-951d-98fa33e1414f,mp-1821
AlCo2Zr,0.8546435651195843,https://elagente.ca/grafico/ConceptualAtoms_1e0bca05-712f-4264-b259-f1f8d5e3e5f8,https://elagente.ca/ontomlff/MLFFElasticityResult_69fbb6bb-ca3f-4397-a416-f09f0c2b1dc2,[],[],0.44193073388743154,eV/Å^3,1.1308702684813008,/scratch/kenko/akg4pyscf/.graphchat-workspaces/kenko_room/mlff_elasticity_benchmark/workflow_runs/Orb_OMAT/elasticity_Orb_OMAT/structures/AlCo2Zr_cbe1ac7a/output.json,mp-3909,cif,https://elagente.ca/grafico/ConceptualAtoms_1e0bca05-712f-4264-b259-f1f8d5e3e5f8,mp-3909
Co2Si4Zr4,0.9120772669378447,https://elagente.ca/grafico/ConceptualAtoms_1e740a1b-42d4-42b1-9e75-cf3bf8fdf39e,https://elagente.ca/ontomlff/MLFFElasticityResult_91d98df0-40dd-46ee-822b-ede0d7d3ee02,[],[],0.6529355389510559,eV/Å^3,1.5814353259552816,/scratch/kenko/akg4pyscf/.graphchat-workspaces/kenko_room/mlff_elasticity_benchmark/workflow_runs/Orb_OMAT/elasticity_Orb_OMAT/structures/Co2Si4Zr4_56f9629e/output.json,mp-4022,cif,https://elagente.ca/grafico/ConceptualAtoms_1e740a1b-42d4-42b1-9e75-cf3bf8fdf39e,mp-4022
Pd2Ta2,1.1959917779034324,https://elagente.ca/grafico/ConceptualAtoms_1e8c7e4d-162e-4c42-90c6-5b551492a874,https://elagente.ca/ontomlff/MLFFElasticityResult_e59a0fb7-cd47-4d33-a023-c1ec1a4b04c3,[],[],0.3583458333900665,eV/Å^3,0.977418681880475,/scratch/kenko/akg4pyscf/.graphchat-workspaces/kenko_room/mlff_elasticity_benchmark/workflow_runs/Orb_OMAT/elasticity_Orb_OMAT/structures/Pd2Ta2_c2e8f288/output.json,mp-999133,cif,https://elagente.ca/grafico/ConceptualAtoms_1e8c7e4d-162e-4c42-90c6-5b551492a874,mp-999133
Au2Er,0.56945656690906,https://elagente.ca/grafico/ConceptualAtoms_1e915561-56e7-4cfb-9fc7-55b980b0a341,https://elagente.ca/ontomlff/MLFFElasticityResult_c0bd721e-82a2-4f2a-882e-6d1e0d16acd1,[],[],0.2648269737362085,eV/Å^3,0.6878519263507997,/scratch/kenko/akg4pyscf/.graphchat-workspaces/kenko_room/mlff_elasticity_benchmark/workflow_runs/Orb_OMAT/elasticity_Orb_OMAT/structures/Au2Er_9e794ea2/output.json,mp-2466,cif,https://elagente.ca/grafico/ConceptualAtoms_1e915561-56e7-4cfb-9fc7-55b980b0a341,mp-2466
Ir4Lu4Si4,0.9926646974579867,https://elagente.ca/grafico/ConceptualAtoms_1ebe2f14-fcfe-405c-bd55-44299f154ab2,https://elagente.ca/ontomlff/MLFFElasticityResult_a07e1e65-35a2-4ab9-ac7f-9d4bc33e38ed,[],[],0.5557069090074631,eV/Å^3,1.4049506945850896,/scratch/kenko/akg4pyscf/.graphchat-workspaces/kenko_room/mlff_elasticity_benchmark/workflow_runs/Orb_OMAT/elasticity_Orb_OMAT/structures/Ir4Lu4Si4_a3f281f0/output.json,mp-22440,cif,https://elagente.ca/grafico/ConceptualAtoms_1ebe2f14-fcfe-405c-bd55-44299f154ab2,mp-22440
HoYZn2,0.33110935600509595,https://elagente.ca/grafico/ConceptualAtoms_1ec4a496-ed89-40b4-855a-b1e4a37485e8,https://elagente.ca/ontomlff/MLFFElasticityResult_8608ab7c-cf71-4b1d-9b43-f81a07e2a720,[],[],0.1958921234365953,eV/Å^3,0.4908724538433602,/scratch/kenko/akg4pyscf/.graphchat-workspaces/kenko_room/mlff_elasticity_benchmark/workflow_runs/Orb_OMAT/elasticity_Orb_OMAT/structures/HoYZn2_a649b39d/output.json,mp-979427,cif,https://elagente.ca/grafico/ConceptualAtoms_1ec4a496-ed89-40b4-855a-b1e4a37485e8,mp-979427
AlLiSi,0.35946393721524383,https://elagente.ca/grafico/ConceptualAtoms_1f99ede1-c606-4c76-87a5-af8552a844ad,https://elagente.ca/ontomlff/MLFFElasticityResult_e7a8a2d2-7106-4f6f-a869-40d2da81b2f8,[],[],0.31967358158124703,eV/Å^3,0.7397365840970626,/scratch/kenko/akg4pyscf/.graphchat-workspaces/kenko_room/mlff_elasticity_benchmark/workflow_runs/Orb_OMAT/elasticity_Orb_OMAT/structures/AlLiSi_7e81ae6c/output.json,mp-3161,cif,https://elagente.ca/grafico/ConceptualAtoms_1f99ede1-c606-4c76-87a5-af8552a844ad,mp-3161
Au2Cs2Te2,0.11712582252101522,https://elagente.ca/grafico/ConceptualAtoms_1faa3892-cc01-418e-8cb7-19d7846ec135,https://elagente.ca/ontomlff/MLFFElasticityResult_c09a3325-71db-4614-87e9-af3c60f4007c,[],[],0.0514891249279493,eV/Å^3,0.13472538052127897,/scratch/kenko/akg4pyscf/.graphchat-workspaces/kenko_room/mlff_elasticity_benchmark/workflow_runs/Orb_OMAT/elasticity_Orb_OMAT/structures/Au2Cs2Te2_24c3a224/output.json,mp-573755,cif,https://elagente.ca/grafico/ConceptualAtoms_1faa3892-cc01-418e-8cb7-19d7846ec135,mp-573755
Mo12N4Ni8,1.5954658971957607,https://elagente.ca/grafico/ConceptualAtoms_1fab8373-1f41-4a35-a361-741a8b441659,https://elagente.ca/ontomlff/MLFFElasticityResult_16e3115e-9f58-43b7-9e5b-7b046d63604f,[],[],0.8259561565820999,eV/Å^3,2.1132067300993636,/scratch/kenko/akg4pyscf/.graphchat-workspaces/kenko_room/mlff_elasticity_benchmark/workflow_runs/Orb_OMAT/elasticity_Orb_OMAT/structures/Mo12N4Ni8_75355166/output.json,mp-4091,cif,https://elagente.ca/grafico/ConceptualAtoms_1fab8373-1f41-4a35-a361-741a8b441659,mp-4091
AgBaO2,0.4853211564809815,https://elagente.ca/grafico/ConceptualAtoms_1feae56d-fa1e-416a-9ef8-86af02549417,https://elagente.ca/ontomlff/MLFFElasticityResult_97b2cf2d-a335-4652-a0f7-5b14a59c0081,[],[],0.27617580084856425,eV/Å^3,0.6964253118838208,/scratch/kenko/akg4pyscf/.graphchat-workspaces/kenko_room/mlff_elasticity_benchmark/workflow_runs/Orb_OMAT/elasticity_Orb_OMAT/structures/AgBaO2_121e597d/output.json,mp-996990,cif,https://elagente.ca/grafico/ConceptualAtoms_1feae56d-fa1e-416a-9ef8-86af02549417,mp-996990
Cd2S8Yb4,0.412323712257162,https://elagente.ca/grafico/ConceptualAtoms_1ffa4184-f23e-4d1d-b3af-4b89ebe43263,https://elagente.ca/ontomlff/MLFFElasticityResult_4fae8089-cc76-4258-8ea2-d5c471deb434,[],[],0.2621123043837926,eV/Å^3,0.648847181312764,/scratch/kenko/akg4pyscf/.graphchat-workspaces/kenko_room/mlff_elasticity_benchmark/workflow_runs/Orb_OMAT/elasticity_Orb_OMAT/structures/Cd2S8Yb4_35db9f71/output.json,mp-2959,cif,https://elagente.ca/grafico/ConceptualAtoms_1ffa4184-f23e-4d1d-b3af-4b89ebe43263,mp-2959
CdZr2,0.4572409887454584,https://elagente.ca/grafico/ConceptualAtoms_2005b6aa-4800-4aee-ad05-aa05ed4e15d8,https://elagente.ca/ontomlff/MLFFElasticityResult_33b8fa64-0019-4f56-97c0-3f93f7ce6f3b,[],[],0.18256185308582742,eV/Å^3,0.48335597862759744,/scratch/kenko/akg4pyscf/.graphchat-workspaces/kenko_room/mlff_elasticity_benchmark/workflow_runs/Orb_OMAT/elasticity_Orb_OMAT/structures/CdZr2_967cccf3/output.json,mp-1018104,cif,https://elagente.ca/grafico/ConceptualAtoms_2005b6aa-4800-4aee-ad05-aa05ed4e15d8,mp-1018104
Pd3Sn,0.8327335946499846,https://elagente.ca/grafico/ConceptualAtoms_2021de7a-fe0f-437d-ab65-a4a53bf39fdf,https://elagente.ca/ontomlff/MLFFElasticityResult_fe09d075-230d-48f5-b7e4-f8d6f538304b,[],[],0.3633488980467545,eV/Å^3,0.951636633456289,/scratch/kenko/akg4pyscf/.graphchat-workspaces/kenko_room/mlff_elasticity_benchmark/workflow_runs/Orb_OMAT/elasticity_Orb_OMAT/structures/Pd3Sn_cf7530df/output.json,mp-718,cif,https://elagente.ca/grafico/ConceptualAtoms_2021de7a-fe0f-437d-ab65-a4a53bf39fdf,mp-718
P4Ti4,0.8636349107931718,https://elagente.ca/grafico/ConceptualAtoms_20302b15-c6da-4aca-af57-c3b8266bd16b,https://elagente.ca/ontomlff/MLFFElasticityResult_9d327ba8-2849-4b8c-bb9d-f0c943e9b6bb,[],[],0.607908162722671,eV/Å^3,1.477140602435883,/scratch/kenko/akg4pyscf/.graphchat-workspaces/kenko_room/mlff_elasticity_benchmark/workflow_runs/Orb_OMAT/elasticity_Orb_OMAT/structures/P4Ti4_7b2a447f/output.json,mp-739,cif,https://elagente.ca/grafico/ConceptualAtoms_20302b15-c6da-4aca-af57-c3b8266bd16b,mp-739
Ba2O6TaY,0.893217306794146,https://elagente.ca/grafico/ConceptualAtoms_206fc769-9f6d-4912-97af-b88266c53304,https://elagente.ca/ontomlff/MLFFElasticityResult_804b38f0-ac30-4bfd-b1ea-284561734964,[],[],0.5612989178227459,eV/Å^3,1.3922633802294182,/scratch/kenko/akg4pyscf/.graphchat-workspaces/kenko_room/mlff_elasticity_benchmark/workflow_runs/Orb_OMAT/elasticity_Orb_OMAT/structures/Ba2O6TaY_31739953/output.json,mp-12385,cif,https://elagente.ca/grafico/ConceptualAtoms_206fc769-9f6d-4912-97af-b88266c53304,mp-12385
Cl4Os,0.3209558873916074,https://elagente.ca/grafico/ConceptualAtoms_20909218-7a6d-44ad-9cee-fef971daf8a0,https://elagente.ca/ontomlff/MLFFElasticityResult_9c942c12-259c-47b2-aced-f8f8cdee9a02,[],[],0.1716852307026048,eV/Å^3,0.4371153370310649,/scratch/kenko/akg4pyscf/.graphchat-workspaces/kenko_room/mlff_elasticity_benchmark/workflow_runs/Orb_OMAT/elasticity_Orb_OMAT/structures/Cl4Os_f8848a98/output.json,mp-571035,cif,https://elagente.ca/grafico/ConceptualAtoms_20909218-7a6d-44ad-9cee-fef971daf8a0,mp-571035
Li2N2O6,0.5905738566504122,https://elagente.ca/grafico/ConceptualAtoms_2090cc25-e5d1-4254-87ad-052362708524,https://elagente.ca/ontomlff/MLFFElasticityResult_7aebeffd-2c41-4fb7-9c24-e294c9c72427,[],[],0.3802097656839405,eV/Å^3,0.9390994477565586,/scratch/kenko/akg4pyscf/.graphchat-workspaces/kenko_room/mlff_elasticity_benchmark/workflow_runs/Orb_OMAT/elasticity_Orb_OMAT/structures/Li2N2O6_4860e0f3/output.json,mp-8180,cif,https://elagente.ca/grafico/ConceptualAtoms_2090cc25-e5d1-4254-87ad-052362708524,mp-8180
AsLiRh2,0.9234373323487364,https://elagente.ca/grafico/ConceptualAtoms_20e71d83-4b85-459f-b49e-b861c3ffa296,https://elagente.ca/ontomlff/MLFFElasticityResult_16d2c272-3ac4-47d0-b9d6-f773ac8d86c5,[],[],0.36069018939037967,eV/Å^3,0.9574164750318437,/scratch/kenko/akg4pyscf/.graphchat-workspaces/kenko_room/mlff_elasticity_benchmark/workflow_runs/Orb_OMAT/elasticity_Orb_OMAT/structures/AsLiRh2_af07de9d/output.json,mp-862335,cif,https://elagente.ca/grafico/ConceptualAtoms_20e71d83-4b85-459f-b49e-b861c3ffa296,mp-862335
Al3Hf,0.6386072173336764,https://elagente.ca/grafico/ConceptualAtoms_2180e275-c1c8-4e96-b5a9-71779f49c97f,https://elagente.ca/ontomlff/MLFFElasticityResult_375af9a1-73b5-475c-ac71-68b36a484e42,[],[],0.4248263881201633,eV/Å^3,1.0431618663947364,/scratch/kenko/akg4pyscf/.graphchat-workspaces/kenko_room/mlff_elasticity_benchmark/workflow_runs/Orb_OMAT/elasticity_Orb_OMAT/structures/Al3Hf_de5a4733/output.json,mp-2614,cif,https://elagente.ca/grafico/ConceptualAtoms_2180e275-c1c8-4e96-b5a9-71779f49c97f,mp-2614
Cu6Pm2,0.4928873696338707,https://elagente.ca/grafico/ConceptualAtoms_21d07ddc-41fa-449d-9406-5524f5b5914e,https://elagente.ca/ontomlff/MLFFElasticityResult_dd164d12-d4d8-4621-a55c-9a372452870d,[],[],0.22551688128497996,eV/Å^3,0.5870215555889204,/scratch/kenko/akg4pyscf/.graphchat-workspaces/kenko_room/mlff_elasticity_benchmark/workflow_runs/Orb_OMAT/elasticity_Orb_OMAT/structures/Cu6Pm2_08603ffa/output.json,mp-863677,cif,https://elagente.ca/grafico/ConceptualAtoms_21d07ddc-41fa-449d-9406-5524f5b5914e,mp-863677
GaLiPt2,0.8958507983418119,https://elagente.ca/grafico/ConceptualAtoms_21e44957-1585-47fb-a6f9-6b9e67c70789,https://elagente.ca/ontomlff/MLFFElasticityResult_ef1192ef-b775-4575-9ff9-cd03869c36f3,[],[],0.04708383325911371,eV/Å^3,0.13881948999325072,/scratch/kenko/akg4pyscf/.graphchat-workspaces/kenko_room/mlff_elasticity_benchmark/workflow_runs/Orb_OMAT/elasticity_Orb_OMAT/structures/GaLiPt2_964d0196/output.json,mp-867170,cif,https://elagente.ca/grafico/ConceptualAtoms_21e44957-1585-47fb-a6f9-6b9e67c70789,mp-867170
FKNb4O5,1.1866540686594145,https://elagente.ca/grafico/ConceptualAtoms_2251104b-5480-4079-beab-14f05105b6f7,https://elagente.ca/ontomlff/MLFFElasticityResult_07a740ae-a42c-4332-8e69-129e1c4087fc,[],[],0.6886108251674894,eV/Å^3,1.7310013227401195,/scratch/kenko/akg4pyscf/.graphchat-workspaces/kenko_room/mlff_elasticity_benchmark/workflow_runs/Orb_OMAT/elasticity_Orb_OMAT/structures/FKNb4O5_a9c49c66/output.json,mp-549490,cif,https://elagente.ca/grafico/ConceptualAtoms_2251104b-5480-4079-beab-14f05105b6f7,mp-549490
GdSi2,0.45998038872300895,https://elagente.ca/grafico/ConceptualAtoms_22a775b8-7329-4ff0-9bcd-857d8c036463,https://elagente.ca/ontomlff/MLFFElasticityResult_0f50878e-fa6a-43c8-a9e6-c846e18821b6,[],[],0.18376444276286052,eV/Å^3,0.4865061262134839,/scratch/kenko/akg4pyscf/.graphchat-workspaces/kenko_room/mlff_elasticity_benchmark/workflow_runs/Orb_OMAT/elasticity_Orb_OMAT/structures/GdSi2_4fb9dace/output.json,mp-20125,cif,https://elagente.ca/grafico/ConceptualAtoms_22a775b8-7329-4ff0-9bcd-857d8c036463,mp-20125
Ge2Rh2Th,0.8875759214096116,https://elagente.ca/grafico/ConceptualAtoms_2332667f-3941-494a-ac1c-fa13d531777a,https://elagente.ca/ontomlff/MLFFElasticityResult_f9c733c5-0ddb-4d3c-9cea-0ca0d5b7bd16,[],[],0.45908579047346937,eV/Å^3,1.1747214806746058,/scratch/kenko/akg4pyscf/.graphchat-workspaces/kenko_room/mlff_elasticity_benchmark/workflow_runs/Orb_OMAT/elasticity_Orb_OMAT/structures/Ge2Rh2Th_664817fd/output.json,mp-3011,cif,https://elagente.ca/grafico/ConceptualAtoms_2332667f-3941-494a-ac1c-fa13d531777a,mp-3011
AgMg2Rh,0.5064680937904045,https://elagente.ca/grafico/ConceptualAtoms_2383c855-1cd4-4e41-8ee1-92ced73c59c6,https://elagente.ca/ontomlff/MLFFElasticityResult_8b74bf03-0c33-42a7-b745-be55eb5d7869,[],[],0.19050790956636926,eV/Å^3,0.5078480666393254,/scratch/kenko/akg4pyscf/.graphchat-workspaces/kenko_room/mlff_elasticity_benchmark/workflow_runs/Orb_OMAT/elasticity_Orb_OMAT/structures/AgMg2Rh_42ef0f24/output.json,mp-864933,cif,https://elagente.ca/grafico/ConceptualAtoms_2383c855-1cd4-4e41-8ee1-92ced73c59c6,mp-864933
Ag2In2Se4,0.27851165233997377,https://elagente.ca/grafico/ConceptualAtoms_2394445b-a416-4d73-beed-a87597e4ce3a,https://elagente.ca/ontomlff/MLFFElasticityResult_3ad7005b-2b9e-4f73-bf3e-a62c500019de,[],[],0.12682770390664053,eV/Å^3,0.33034006129418,/scratch/kenko/akg4pyscf/.graphchat-workspaces/kenko_room/mlff_elasticity_benchmark/workflow_runs/Orb_OMAT/elasticity_Orb_OMAT/structures/Ag2In2Se4_f563758e/output.json,mp-20554,cif,https://elagente.ca/grafico/ConceptualAtoms_2394445b-a416-4d73-beed-a87597e4ce3a,mp-20554
C2,0.7295657068244106,https://elagente.ca/grafico/ConceptualAtoms_24094677-29a8-4b1b-a8b6-dc73ec4d08b0,https://elagente.ca/ontomlff/MLFFElasticityResult_64dcb7a8-ba69-4815-9110-dc04dfcd5f99,[],[],0.5705429043655048,eV/Å^3,1.357706035701839,/scratch/kenko/akg4pyscf/.graphchat-workspaces/kenko_room/mlff_elasticity_benchmark/workflow_runs/Orb_OMAT/elasticity_Orb_OMAT/structures/C2_7a405b31/output.json,mp-169,cif,https://elagente.ca/grafico/ConceptualAtoms_24094677-29a8-4b1b-a8b6-dc73ec4d08b0,mp-169
Rh4Zr4,0.9212037006625913,https://elagente.ca/grafico/ConceptualAtoms_24519157-a225-40b5-8ac0-e2df4eadd805,https://elagente.ca/ontomlff/MLFFElasticityResult_717d5c9c-3ecc-4a9d-8e1b-b3d2a8dc3b35,[],[],0.3036160623803341,eV/Å^3,0.8206859248805906,/scratch/kenko/akg4pyscf/.graphchat-workspaces/kenko_room/mlff_elasticity_benchmark/workflow_runs/Orb_OMAT/elasticity_Orb_OMAT/structures/Rh4Zr4_4872059e/output.json,mp-567181,cif,https://elagente.ca/grafico/ConceptualAtoms_24519157-a225-40b5-8ac0-e2df4eadd805,mp-567181
Ru6Tc2,1.7033944102744845,https://elagente.ca/grafico/ConceptualAtoms_249a4bc3-116a-4127-87d4-ad83df19fc6f,https://elagente.ca/ontomlff/MLFFElasticityResult_3d3b4339-ef3e-43b6-8558-edba3e1eb348,[],[],1.148382174433809,eV/Å^3,2.812997684152346,/scratch/kenko/akg4pyscf/.graphchat-workspaces/kenko_room/mlff_elasticity_benchmark/workflow_runs/Orb_OMAT/elasticity_Orb_OMAT/structures/Ru6Tc2_4473f913/output.json,mp-867356,cif,https://elagente.ca/grafico/ConceptualAtoms_249a4bc3-116a-4127-87d4-ad83df19fc6f,mp-867356
Pd3Tl3Y3,0.4857096630484448,https://elagente.ca/grafico/ConceptualAtoms_24d79ea0-80f3-479e-ad03-e55d81f3c28a,https://elagente.ca/ontomlff/MLFFElasticityResult_da53f4b6-57f9-4e69-b26c-21c5fd206de1,[],[],0.2269449826241536,eV/Å^3,0.5890859641550275,/scratch/kenko/akg4pyscf/.graphchat-workspaces/kenko_room/mlff_elasticity_benchmark/workflow_runs/Orb_OMAT/elasticity_Orb_OMAT/structures/Pd3Tl3Y3_1272abba/output.json,mp-11547,cif,https://elagente.ca/grafico/ConceptualAtoms_24d79ea0-80f3-479e-ad03-e55d81f3c28a,mp-11547
Ba2Fe4S6,0.22108975718900753,https://elagente.ca/grafico/ConceptualAtoms_2548fded-b1a9-4592-bf5f-78fe2acdd18a,https://elagente.ca/ontomlff/MLFFElasticityResult_233d657f-7d7e-4b9a-9cdc-641467c94cb8,[],[],0.25107416872299637,eV/Å^3,0.5463913459434113,/scratch/kenko/akg4pyscf/.graphchat-workspaces/kenko_room/mlff_elasticity_benchmark/workflow_runs/Orb_OMAT/elasticity_Orb_OMAT/structures/Ba2Fe4S6_3964c076/output.json,mp-22739,cif,https://elagente.ca/grafico/ConceptualAtoms_2548fded-b1a9-4592-bf5f-78fe2acdd18a,mp-22739
Cu4InSc,0.6407855361981838,https://elagente.ca/grafico/ConceptualAtoms_26231b91-7376-44f1-8cf4-a9d6a1ce795c,https://elagente.ca/ontomlff/MLFFElasticityResult_b32c1664-66ca-4f8c-8cc6-c4e7b7ac40fc,[],[],0.30629358565102416,eV/Å^3,0.7925947733744978,/scratch/kenko/akg4pyscf/.graphchat-workspaces/kenko_room/mlff_elasticity_benchmark/workflow_runs/Orb_OMAT/elasticity_Orb_OMAT/structures/Cu4InSc_d2f7117c/output.json,mp-13240,cif,https://elagente.ca/grafico/ConceptualAtoms_26231b91-7376-44f1-8cf4-a9d6a1ce795c,mp-13240
Fe17N3Pr2,0.7793310801660367,https://elagente.ca/grafico/ConceptualAtoms_26be2931-5a36-4f4e-ad0a-32cc6249b848,https://elagente.ca/ontomlff/MLFFElasticityResult_55199994-c1d5-4417-97cd-596d4033dd7b,[],[],0.4978068244638868,eV/Å^3,1.2312599238402167,/scratch/kenko/akg4pyscf/.graphchat-workspaces/kenko_room/mlff_elasticity_benchmark/workflow_runs/Orb_OMAT/elasticity_Orb_OMAT/structures/Fe17N3Pr2_10696005/output.json,mp-1190963,cif,https://elagente.ca/grafico/ConceptualAtoms_26be2931-5a36-4f4e-ad0a-32cc6249b848,mp-1190963
P4Sn2Zn2,0.40418656811662446,https://elagente.ca/grafico/ConceptualAtoms_271c606b-2071-4d5d-8b42-8de53cbead80,https://elagente.ca/ontomlff/MLFFElasticityResult_8227fd09-4802-410f-9eb1-b72be21f442c,[],[],0.26661000947205493,eV/Å^3,0.6556662523061985,/scratch/kenko/akg4pyscf/.graphchat-workspaces/kenko_room/mlff_elasticity_benchmark/workflow_runs/Orb_OMAT/elasticity_Orb_OMAT/structures/P4Sn2Zn2_a2381d74/output.json,mp-4175,cif,https://elagente.ca/grafico/ConceptualAtoms_271c606b-2071-4d5d-8b42-8de53cbead80,mp-4175
Ca2Mg2O12Si4,0.9412790257366994,https://elagente.ca/grafico/ConceptualAtoms_276f021c-dd16-4cb3-a993-5f5b9b7a7e59,https://elagente.ca/ontomlff/MLFFElasticityResult_6058d664-bfce-46be-a0a6-0646ef6cc200,[],[],0.6183056365413606,eV/Å^3,1.5217216658724122,/scratch/kenko/akg4pyscf/.graphchat-workspaces/kenko_room/mlff_elasticity_benchmark/workflow_runs/Orb_OMAT/elasticity_Orb_OMAT/structures/Ca2Mg2O12Si4_48d7cd49/output.json,mp-562517,cif,https://elagente.ca/grafico/ConceptualAtoms_276f021c-dd16-4cb3-a993-5f5b9b7a7e59,mp-562517
Ge2Ni2Pt4,1.1760378876818605,https://elagente.ca/grafico/ConceptualAtoms_2772f0df-932c-41b8-9239-9996679791d7,https://elagente.ca/ontomlff/MLFFElasticityResult_c0641839-d1a7-4440-a6a7-60c331e0e1e5,[],[],0.4300396148457818,eV/Å^3,1.1499519100962199,/scratch/kenko/akg4pyscf/.graphchat-workspaces/kenko_room/mlff_elasticity_benchmark/workflow_runs/Orb_OMAT/elasticity_Orb_OMAT/structures/Ge2Ni2Pt4_2f66ac35/output.json,mp-29752,cif,https://elagente.ca/grafico/ConceptualAtoms_2772f0df-932c-41b8-9239-9996679791d7,mp-29752
Mn2P2Sr,0.4087141911202692,https://elagente.ca/grafico/ConceptualAtoms_2792fd08-dc94-4455-bda2-12c071969f7c,https://elagente.ca/ontomlff/MLFFElasticityResult_f4911bd7-08c8-4d33-a10b-65f07355d1b9,[],[],0.35970978891389094,eV/Å^3,0.8343566464333058,/scratch/kenko/akg4pyscf/.graphchat-workspaces/kenko_room/mlff_elasticity_benchmark/workflow_runs/Orb_OMAT/elasticity_Orb_OMAT/structures/Mn2P2Sr_e9233109/output.json,mp-5589,cif,https://elagente.ca/grafico/ConceptualAtoms_2792fd08-dc94-4455-bda2-12c071969f7c,mp-5589
Al2CoOs,1.1813281725232667,https://elagente.ca/grafico/ConceptualAtoms_27c1de8a-3f9a-46c8-a2b4-df5fed0944d2,https://elagente.ca/ontomlff/MLFFElasticityResult_71eedeae-b87a-4d5a-922c-a0dac962cecb,[],[],0.7151372975398804,eV/Å^3,1.7851817490358237,/scratch/kenko/akg4pyscf/.graphchat-workspaces/kenko_room/mlff_elasticity_benchmark/workflow_runs/Orb_OMAT/elasticity_Orb_OMAT/structures/Al2CoOs_53dba3fd/output.json,mp-984352,cif,https://elagente.ca/grafico/ConceptualAtoms_27c1de8a-3f9a-46c8-a2b4-df5fed0944d2,mp-984352
Hf2OsRe,1.2054351120453928,https://elagente.ca/grafico/ConceptualAtoms_27f376db-c90f-4487-b380-9c26647e6cd6,https://elagente.ca/ontomlff/MLFFElasticityResult_b241ab17-236d-4bf2-9825-a6f31193db2a,[],[],0.6136478166378058,eV/Å^3,1.573874078742677,/scratch/kenko/akg4pyscf/.graphchat-workspaces/kenko_room/mlff_elasticity_benchmark/workflow_runs/Orb_OMAT/elasticity_Orb_OMAT/structures/Hf2OsRe_459755d4/output.json,mp-864927,cif,https://elagente.ca/grafico/ConceptualAtoms_27f376db-c90f-4487-b380-9c26647e6cd6,mp-864927
Nb4Se6,0.7358675691392007,https://elagente.ca/grafico/ConceptualAtoms_27fca7cf-6452-4ecf-b634-2fa2a5c556b8,https://elagente.ca/ontomlff/MLFFElasticityResult_b527f717-83c8-4fe7-b8df-5792c8dc2df2,[],[],0.4329253309572477,eV/Å^3,1.0858363768624444,/scratch/kenko/akg4pyscf/.graphchat-workspaces/kenko_room/mlff_elasticity_benchmark/workflow_runs/Orb_OMAT/elasticity_Orb_OMAT/structures/Nb4Se6_97dc7bd6/output.json,mp-2330,cif,https://elagente.ca/grafico/ConceptualAtoms_27fca7cf-6452-4ecf-b634-2fa2a5c556b8,mp-2330
CdCl4Rb2,0.1467604925259153,https://elagente.ca/grafico/ConceptualAtoms_28151013-e702-4e19-8458-de00eaa6e4b1,https://elagente.ca/ontomlff/MLFFElasticityResult_76155d7d-db3c-42f9-8f96-606f85b54cae,[],[],0.0666043556840425,eV/Å^3,0.173557804594662,/scratch/kenko/akg4pyscf/.graphchat-workspaces/kenko_room/mlff_elasticity_benchmark/workflow_runs/Orb_OMAT/elasticity_Orb_OMAT/structures/CdCl4Rb2_1bbbbf7c/output.json,mp-29873,cif,https://elagente.ca/grafico/ConceptualAtoms_28151013-e702-4e19-8458-de00eaa6e4b1,mp-29873
Cl3CsPb,0.1324728374469657,https://elagente.ca/grafico/ConceptualAtoms_281cfcf5-7e74-4224-b2fb-58c62232d2b4,https://elagente.ca/ontomlff/MLFFElasticityResult_bf753e82-c40a-4ba5-86b5-61049fc4fb64,[],[],0.05912158250732241,eV/Å^3,0.15439615248981223,/scratch/kenko/akg4pyscf/.graphchat-workspaces/kenko_room/mlff_elasticity_benchmark/workflow_runs/Orb_OMAT/elasticity_Orb_OMAT/structures/Cl3CsPb_eb691ad9/output.json,mp-23037,cif,https://elagente.ca/grafico/ConceptualAtoms_281cfcf5-7e74-4224-b2fb-58c62232d2b4,mp-23037
CuRh2Sn,1.0403691340254189,https://elagente.ca/grafico/ConceptualAtoms_28498eb5-2ff8-4965-8542-e9b2f2ef7891,https://elagente.ca/ontomlff/MLFFElasticityResult_3702a6c5-d911-4fc8-a07a-cdada268e703,[],[],0.42998609760463935,eV/Å^3,1.133762987776289,/scratch/kenko/akg4pyscf/.graphchat-workspaces/kenko_room/mlff_elasticity_benchmark/workflow_runs/Orb_OMAT/elasticity_Orb_OMAT/structures/CuRh2Sn_66616795/output.json,mp-30595,cif,https://elagente.ca/grafico/ConceptualAtoms_28498eb5-2ff8-4965-8542-e9b2f2ef7891,mp-30595
Pd2V,1.0244754114520882,https://elagente.ca/grafico/ConceptualAtoms_28596611-f8b4-434e-8c55-35137adedda6,https://elagente.ca/ontomlff/MLFFElasticityResult_42f21117-202f-4f8f-bec3-b19685bff73b,[],[],0.47049989022719124,eV/Å^3,1.2241056853767993,/scratch/kenko/akg4pyscf/.graphchat-workspaces/kenko_room/mlff_elasticity_benchmark/workflow_runs/Orb_OMAT/elasticity_Orb_OMAT/structures/Pd2V_aefd9e19/output.json,mp-11549,cif,https://elagente.ca/grafico/ConceptualAtoms_28596611-f8b4-434e-8c55-35137adedda6,mp-11549
BiNaO6Ti2,1.065236767458365,https://elagente.ca/grafico/ConceptualAtoms_288a95a5-360a-4f83-842c-d483e6829fa3,https://elagente.ca/ontomlff/MLFFElasticityResult_07ae74e8-61c6-4d51-b5d9-86fba05425da,[],[],0.5854549208247426,eV/Å^3,1.484418858961571,/scratch/kenko/akg4pyscf/.graphchat-workspaces/kenko_room/mlff_elasticity_benchmark/workflow_runs/Orb_OMAT/elasticity_Orb_OMAT/structures/BiNaO6Ti2_3aa0388d/output.json,mp-39681,cif,https://elagente.ca/grafico/ConceptualAtoms_288a95a5-360a-4f83-842c-d483e6829fa3,mp-39681
Fe3Sn3,0.5690087111794262,https://elagente.ca/grafico/ConceptualAtoms_28cf28af-95d1-48b4-8fd0-83709b40a030,https://elagente.ca/ontomlff/MLFFElasticityResult_396d9526-17d6-424b-a051-e9b586a28c2b,[],[],0.3788605893628847,eV/Å^3,0.9301438854416679,/scratch/kenko/akg4pyscf/.graphchat-workspaces/kenko_room/mlff_elasticity_benchmark/workflow_runs/Orb_OMAT/elasticity_Orb_OMAT/structures/Fe3Sn3_d6325024/output.json,mp-21260,cif,https://elagente.ca/grafico/ConceptualAtoms_28cf28af-95d1-48b4-8fd0-83709b40a030,mp-21260
CeIr5,1.3537906651112697,https://elagente.ca/grafico/ConceptualAtoms_295d7c7a-996f-4532-b08e-c7bda15f99b7,https://elagente.ca/ontomlff/MLFFElasticityResult_6dadfd19-92df-46e2-9a0c-720b7d56d9d1,[],[],0.5723809796629219,eV/Å^3,1.5050341013051267,/scratch/kenko/akg4pyscf/.graphchat-workspaces/kenko_room/mlff_elasticity_benchmark/workflow_runs/Orb_OMAT/elasticity_Orb_OMAT/structures/CeIr5_5e458ff1/output.json,mp-30507,cif,https://elagente.ca/grafico/ConceptualAtoms_295d7c7a-996f-4532-b08e-c7bda15f99b7,mp-30507
O2Zr,1.4401643392431969,https://elagente.ca/grafico/ConceptualAtoms_29a1dfe2-bca8-4b62-9dc0-9693baef2796,https://elagente.ca/ontomlff/MLFFElasticityResult_0b34fab1-31a0-4b06-a38c-cc6da9fb1744,[],[],0.6992455023513695,eV/Å^3,1.8055235139254942,/scratch/kenko/akg4pyscf/.graphchat-workspaces/kenko_room/mlff_elasticity_benchmark/workflow_runs/Orb_OMAT/elasticity_Orb_OMAT/structures/O2Zr_7ce85633/output.json,mp-1565,cif,https://elagente.ca/grafico/ConceptualAtoms_29a1dfe2-bca8-4b62-9dc0-9693baef2796,mp-1565
TeYb,0.38816092827198956,https://elagente.ca/grafico/ConceptualAtoms_29a850b5-05c3-41a6-819a-a8021cdc4b52,https://elagente.ca/ontomlff/MLFFElasticityResult_13b232f8-7fe6-467b-b21e-c8eb20a12605,[],[],0.11449113520912052,eV/Å^3,0.31272636731117137,/scratch/kenko/akg4pyscf/.graphchat-workspaces/kenko_room/mlff_elasticity_benchmark/workflow_runs/Orb_OMAT/elasticity_Orb_OMAT/structures/TeYb_6e25eab3/output.json,mp-1779,cif,https://elagente.ca/grafico/ConceptualAtoms_29a850b5-05c3-41a6-819a-a8021cdc4b52,mp-1779
CuF3Tl,0.4249224644435958,https://elagente.ca/grafico/ConceptualAtoms_29d45c0d-d154-48e9-bfbf-b7957ace07c9,https://elagente.ca/ontomlff/MLFFElasticityResult_2bc7556b-cdaa-4c94-ba22-9feb20db7803,[],[],0.16001404755423423,eV/Å^3,0.42650542685692466,/scratch/kenko/akg4pyscf/.graphchat-workspaces/kenko_room/mlff_elasticity_benchmark/workflow_runs/Orb_OMAT/elasticity_Orb_OMAT/structures/CuF3Tl_79df4d34/output.json,mp-554973,cif,https://elagente.ca/grafico/ConceptualAtoms_29d45c0d-d154-48e9-bfbf-b7957ace07c9,mp-554973
ITl,0.10085300257876809,https://elagente.ca/grafico/ConceptualAtoms_2a0c383a-bbd0-4cab-8f3a-72790806af52,https://elagente.ca/ontomlff/MLFFElasticityResult_c244e72e-f602-4c4d-b321-c6f924c8b5c8,[],[],0.038766592735461514,eV/Å^3,0.1030908476992093,/scratch/kenko/akg4pyscf/.graphchat-workspaces/kenko_room/mlff_elasticity_benchmark/workflow_runs/Orb_OMAT/elasticity_Orb_OMAT/structures/ITl_42b3c047/output.json,mp-23197,cif,https://elagente.ca/grafico/ConceptualAtoms_2a0c383a-bbd0-4cab-8f3a-72790806af52,mp-23197
Ca2CuO3,0.6998732454958534,https://elagente.ca/grafico/ConceptualAtoms_2a517950-d23f-4d02-b92a-0a6914ea9657,https://elagente.ca/ontomlff/MLFFElasticityResult_b9aa3319-5528-46d3-be63-3bece1fe385c,[],[],0.40583101482401457,eV/Å^3,1.0202844433767657,/scratch/kenko/akg4pyscf/.graphchat-workspaces/kenko_room/mlff_elasticity_benchmark/workflow_runs/Orb_OMAT/elasticity_Orb_OMAT/structures/Ca2CuO3_c0dbd811/output.json,mp-5869,cif,https://elagente.ca/grafico/ConceptualAtoms_2a517950-d23f-4d02-b92a-0a6914ea9657,mp-5869
S2Ti,0.40045493530320986,https://elagente.ca/grafico/ConceptualAtoms_2a999bb5-ec62-4680-b771-64643653b3d9,https://elagente.ca/ontomlff/MLFFElasticityResult_8a136ba5-f6c0-4eeb-81c1-9d36bfa1d53d,[],[],0.22416854694500069,eV/Å^3,0.5667525120033174,/scratch/kenko/akg4pyscf/.graphchat-workspaces/kenko_room/mlff_elasticity_benchmark/workflow_runs/Orb_OMAT/elasticity_Orb_OMAT/structures/S2Ti_29f2a040/output.json,mp-558110,cif,https://elagente.ca/grafico/ConceptualAtoms_2a999bb5-ec62-4680-b771-64643653b3d9,mp-558110
Ge12,0.40089527633858235,https://elagente.ca/grafico/ConceptualAtoms_2ad7500e-e7b1-490a-8191-f4720328494d,https://elagente.ca/ontomlff/MLFFElasticityResult_81939670-089d-4107-91c5-bd5f869f4806,[],[],0.260441695834227,eV/Å^3,0.6422465537925799,/scratch/kenko/akg4pyscf/.graphchat-workspaces/kenko_room/mlff_elasticity_benchmark/workflow_runs/Orb_OMAT/elasticity_Orb_OMAT/structures/Ge12_20fd69f8/output.json,mp-137,cif,https://elagente.ca/grafico/ConceptualAtoms_2ad7500e-e7b1-490a-8191-f4720328494d,mp-137
Ni6P3,1.1858564707900219,https://elagente.ca/grafico/ConceptualAtoms_2b1e73a8-6b87-40d3-87e4-170027f930b3,https://elagente.ca/ontomlff/MLFFElasticityResult_e1c11c9e-20f7-446d-ac02-6cdbe9307245,[],[],0.37939146338887597,eV/Å^3,1.028492414372592,/scratch/kenko/akg4pyscf/.graphchat-workspaces/kenko_room/mlff_elasticity_benchmark/workflow_runs/Orb_OMAT/elasticity_Orb_OMAT/structures/Ni6P3_ce631447/output.json,mp-21167,cif,https://elagente.ca/grafico/ConceptualAtoms_2b1e73a8-6b87-40d3-87e4-170027f930b3,mp-21167
GaGeRu2,1.174186060468359,https://elagente.ca/grafico/ConceptualAtoms_2b7d9ec0-f0f1-4725-8f99-7884211b0871,https://elagente.ca/ontomlff/MLFFElasticityResult_49673d25-c25a-4bb8-9f3e-1f81cc11a967,[],[],0.5174850051782554,eV/Å^3,1.3536026383074744,/scratch/kenko/akg4pyscf/.graphchat-workspaces/kenko_room/mlff_elasticity_benchmark/workflow_runs/Orb_OMAT/elasticity_Orb_OMAT/structures/GaGeRu2_7d394f07/output.json,mp-865895,cif,https://elagente.ca/grafico/ConceptualAtoms_2b7d9ec0-f0f1-4725-8f99-7884211b0871,mp-865895
DyPd2Si2,0.7913885619108981,https://elagente.ca/grafico/ConceptualAtoms_2b877eec-1f4a-4213-a988-878fd7ac8337,https://elagente.ca/ontomlff/MLFFElasticityResult_faa207d6-b4b7-4181-beb0-ffd883b45041,[],[],0.3794008947896663,eV/Å^3,0.9813751284434482,/scratch/kenko/akg4pyscf/.graphchat-workspaces/kenko_room/mlff_elasticity_benchmark/workflow_runs/Orb_OMAT/elasticity_Orb_OMAT/structures/DyPd2Si2_632bf598/output.json,mp-3301,cif,https://elagente.ca/grafico/ConceptualAtoms_2b877eec-1f4a-4213-a988-878fd7ac8337,mp-3301
Bi4I4,0.15400961870784138,https://elagente.ca/grafico/ConceptualAtoms_2b8ad591-4fcc-4fa2-b53b-4d562b9860e2,https://elagente.ca/ontomlff/MLFFElasticityResult_f899b8f1-a689-4383-b1c8-07a06e858eeb,[],[],0.08402471736685474,eV/Å^3,0.21328590784395443,/scratch/kenko/akg4pyscf/.graphchat-workspaces/kenko_room/mlff_elasticity_benchmark/workflow_runs/Orb_OMAT/elasticity_Orb_OMAT/structures/Bi4I4_60b4cb42/output.json,mp-568388,cif,https://elagente.ca/grafico/ConceptualAtoms_2b8ad591-4fcc-4fa2-b53b-4d562b9860e2,mp-568388
CsMn2P2,0.37174864337736957,https://elagente.ca/grafico/ConceptualAtoms_2c34f3ae-1af9-4b01-8ffa-112b46f43610,https://elagente.ca/ontomlff/MLFFElasticityResult_0fa344cc-a28f-4d76-bb34-fbb2edaeb9c9,[],[],0.2571028756598853,eV/Å^3,0.6268077062364754,/scratch/kenko/akg4pyscf/.graphchat-workspaces/kenko_room/mlff_elasticity_benchmark/workflow_runs/Orb_OMAT/elasticity_Orb_OMAT/structures/CsMn2P2_dd948688/output.json,mp-11181,cif,https://elagente.ca/grafico/ConceptualAtoms_2c34f3ae-1af9-4b01-8ffa-112b46f43610,mp-11181
Hg2Na,0.1265760734212602,https://elagente.ca/grafico/ConceptualAtoms_2c3ace71-85eb-4e60-85ac-80be8c00cdce,https://elagente.ca/ontomlff/MLFFElasticityResult_d3e3dd86-8ed8-453f-a79d-f0205c453f0a,[],[],0.05810137098544314,eV/Å^3,0.15117340609325777,/scratch/kenko/akg4pyscf/.graphchat-workspaces/kenko_room/mlff_elasticity_benchmark/workflow_runs/Orb_OMAT/elasticity_Orb_OMAT/structures/Hg2Na_a2653997/output.json,mp-11466,cif,https://elagente.ca/grafico/ConceptualAtoms_2c3ace71-85eb-4e60-85ac-80be8c00cdce,mp-11466
Cr2Ge2Te6,0.2874230323005325,https://elagente.ca/grafico/ConceptualAtoms_2d2beb9e-f0ad-4ae0-845c-bd25d8bdee03,https://elagente.ca/ontomlff/MLFFElasticityResult_c3cb4982-9dab-4fee-ad73-02c24116f774,[],[],0.1946355359406704,eV/Å^3,0.4763765885362532,/scratch/kenko/akg4pyscf/.graphchat-workspaces/kenko_room/mlff_elasticity_benchmark/workflow_runs/Orb_OMAT/elasticity_Orb_OMAT/structures/Cr2Ge2Te6_bfdec7c6/output.json,mp-541449,cif,https://elagente.ca/grafico/ConceptualAtoms_2d2beb9e-f0ad-4ae0-845c-bd25d8bdee03,mp-541449
B24Re4Sc8,1.3184723130498863,https://elagente.ca/grafico/ConceptualAtoms_2d993e5e-904c-4745-9bc7-5f62930355c0,https://elagente.ca/ontomlff/MLFFElasticityResult_692a2131-fab4-4723-855d-4f9b4ed15a20,[],[],1.2100749102682553,eV/Å^3,2.7798035137279844,/scratch/kenko/akg4pyscf/.graphchat-workspaces/kenko_room/mlff_elasticity_benchmark/workflow_runs/Orb_OMAT/elasticity_Orb_OMAT/structures/B24Re4Sc8_ca18bee2/output.json,mp-1196116,cif,https://elagente.ca/grafico/ConceptualAtoms_2d993e5e-904c-4745-9bc7-5f62930355c0,mp-1196116
B2Ta4,1.3755319103908055,https://elagente.ca/grafico/ConceptualAtoms_2da6c72e-4822-460c-ad09-4a8c546628e6,https://elagente.ca/ontomlff/MLFFElasticityResult_0aed7e5f-1fa6-40c9-9d32-8330856ffecc,[],[],0.9194351474684055,eV/Å^3,2.255715776944458,/scratch/kenko/akg4pyscf/.graphchat-workspaces/kenko_room/mlff_elasticity_benchmark/workflow_runs/Orb_OMAT/elasticity_Orb_OMAT/structures/B2Ta4_cd405479/output.json,mp-1032,cif,https://elagente.ca/grafico/ConceptualAtoms_2da6c72e-4822-460c-ad09-4a8c546628e6,mp-1032
LuPd2Zn,0.6125506898920796,https://elagente.ca/grafico/ConceptualAtoms_2dd17ea9-4260-4908-871d-cd66571f9751,https://elagente.ca/ontomlff/MLFFElasticityResult_62737a5d-e505-4795-8dc9-9d29aed471fd,[],[],0.09196309015805042,eV/Å^3,0.26274072646269564,/scratch/kenko/akg4pyscf/.graphchat-workspaces/kenko_room/mlff_elasticity_benchmark/workflow_runs/Orb_OMAT/elasticity_Orb_OMAT/structures/LuPd2Zn_75a7d34a/output.json,mp-865563,cif,https://elagente.ca/grafico/ConceptualAtoms_2dd17ea9-4260-4908-871d-cd66571f9751,mp-865563
H8O12P4Sr2,0.6702498134296886,https://elagente.ca/grafico/ConceptualAtoms_2e594965-4985-4655-ad5a-6717a74cf8cf,https://elagente.ca/ontomlff/MLFFElasticityResult_eca89f79-da75-4643-89f1-40855073266a,[],[],0.4678582684262623,eV/Å^3,1.1386381330916346,/scratch/kenko/akg4pyscf/.graphchat-workspaces/kenko_room/mlff_elasticity_benchmark/workflow_runs/Orb_OMAT/elasticity_Orb_OMAT/structures/H8O12P4Sr2_b8419b68/output.json,mp-765294,cif,https://elagente.ca/grafico/ConceptualAtoms_2e594965-4985-4655-ad5a-6717a74cf8cf,mp-765294
Al6W3,0.9574168502799862,https://elagente.ca/grafico/ConceptualAtoms_2eb9f8d3-d19b-4911-bbec-942a6e5dd402,https://elagente.ca/ontomlff/MLFFElasticityResult_9f71890e-e59a-44be-b0d2-368ee571c98a,[],[],0.61945093113564,eV/Å^3,1.52866871984084,/scratch/kenko/akg4pyscf/.graphchat-workspaces/kenko_room/mlff_elasticity_benchmark/workflow_runs/Orb_OMAT/elasticity_Orb_OMAT/structures/Al6W3_59135804/output.json,mp-12524,cif,https://elagente.ca/grafico/ConceptualAtoms_2eb9f8d3-d19b-4911-bbec-942a6e5dd402,mp-12524
As4B2K6,0.1289452633503138,https://elagente.ca/grafico/ConceptualAtoms_2f3f1887-962c-4548-b5af-559e0b1afee3,https://elagente.ca/ontomlff/MLFFElasticityResult_3a95b687-069c-43cf-9393-aaae8d1adabb,[],[],0.08101611585072191,eV/Å^3,0.20096059962547125,/scratch/kenko/akg4pyscf/.graphchat-workspaces/kenko_room/mlff_elasticity_benchmark/workflow_runs/Orb_OMAT/elasticity_Orb_OMAT/structures/As4B2K6_ccb2122b/output.json,mp-9665,cif,https://elagente.ca/grafico/ConceptualAtoms_2f3f1887-962c-4548-b5af-559e0b1afee3,mp-9665
Ag2InPr,0.38722081547645215,https://elagente.ca/grafico/ConceptualAtoms_2f40e327-5a75-400b-ba1a-04a619472906,https://elagente.ca/ontomlff/MLFFElasticityResult_9af6907d-c6cb-4052-ad4d-f9d729ef3540,[],[],0.16423125892099297,eV/Å^3,0.4316664720146381,/scratch/kenko/akg4pyscf/.graphchat-workspaces/kenko_room/mlff_elasticity_benchmark/workflow_runs/Orb_OMAT/elasticity_Orb_OMAT/structures/Ag2InPr_99f2d289/output.json,mp-570683,cif,https://elagente.ca/grafico/ConceptualAtoms_2f40e327-5a75-400b-ba1a-04a619472906,mp-570683
Ga4S4,0.35258070009730375,https://elagente.ca/grafico/ConceptualAtoms_2f6bf551-32f3-4e7d-87a3-9c8548be5aea,https://elagente.ca/ontomlff/MLFFElasticityResult_befae5d0-dd19-4e1c-bf93-ed659bc07b64,[],[],0.256910570987385,eV/Å^3,0.6201146497780755,/scratch/kenko/akg4pyscf/.graphchat-workspaces/kenko_room/mlff_elasticity_benchmark/workflow_runs/Orb_OMAT/elasticity_Orb_OMAT/structures/Ga4S4_e8f73c13/output.json,mp-2507,cif,https://elagente.ca/grafico/ConceptualAtoms_2f6bf551-32f3-4e7d-87a3-9c8548be5aea,mp-2507
Ir4P4Sr4,0.6673286908414529,https://elagente.ca/grafico/ConceptualAtoms_2f922eaa-1139-443e-950f-514a2026d36c,https://elagente.ca/ontomlff/MLFFElasticityResult_47060bb5-8b07-47d7-9e50-0bd14aba7faa,[],[],0.30828988843569,eV/Å^3,0.8014523892962059,/scratch/kenko/akg4pyscf/.graphchat-workspaces/kenko_room/mlff_elasticity_benchmark/workflow_runs/Orb_OMAT/elasticity_Orb_OMAT/structures/Ir4P4Sr4_57cedafd/output.json,mp-12923,cif,https://elagente.ca/grafico/ConceptualAtoms_2f922eaa-1139-443e-950f-514a2026d36c,mp-12923
B14Li6O24,1.0347630336176374,https://elagente.ca/grafico/ConceptualAtoms_2f97ad4e-3299-42e7-b5d5-12047523f440,https://elagente.ca/ontomlff/MLFFElasticityResult_fd5c2302-7ed9-49f2-8984-d40798c06118,[],[],0.7341186615249256,eV/Å^3,1.7811421043183793,/scratch/kenko/akg4pyscf/.graphchat-workspaces/kenko_room/mlff_elasticity_benchmark/workflow_runs/Orb_OMAT/elasticity_Orb_OMAT/structures/B14Li6O24_2e970e4d/output.json,mp-16828,cif,https://elagente.ca/grafico/ConceptualAtoms_2f97ad4e-3299-42e7-b5d5-12047523f440,mp-16828
FeNi3,1.0636265050884646,https://elagente.ca/grafico/ConceptualAtoms_2faf0cf1-5b21-4c81-863c-71f00a0504e7,https://elagente.ca/ontomlff/MLFFElasticityResult_1e75bb5a-1a7f-481b-97d6-5bd8c1e010f7,[],[],0.5650878676024731,eV/Å^3,1.440210031601199,/scratch/kenko/akg4pyscf/.graphchat-workspaces/kenko_room/mlff_elasticity_benchmark/workflow_runs/Orb_OMAT/elasticity_Orb_OMAT/structures/FeNi3_3524e706/output.json,mp-1007855,cif,https://elagente.ca/grafico/ConceptualAtoms_2faf0cf1-5b21-4c81-863c-71f00a0504e7,mp-1007855
IrV,1.4816401095665037,https://elagente.ca/grafico/ConceptualAtoms_2fd46d39-17c3-4032-9de4-38ae61d4b957,https://elagente.ca/ontomlff/MLFFElasticityResult_dec98e15-47cf-4da7-8d34-e41dea7cd68e,[],[],0.7450555670888386,eV/Å^3,1.9142936514510787,/scratch/kenko/akg4pyscf/.graphchat-workspaces/kenko_room/mlff_elasticity_benchmark/workflow_runs/Orb_OMAT/elasticity_Orb_OMAT/structures/IrV_fefeadde/output.json,mp-1281,cif,https://elagente.ca/grafico/ConceptualAtoms_2fd46d39-17c3-4032-9de4-38ae61d4b957,mp-1281
Al2F8Rb2,0.4896352044810044,https://elagente.ca/grafico/ConceptualAtoms_30f43eca-fbcb-42bc-be7a-6d28a4340fb7,https://elagente.ca/ontomlff/MLFFElasticityResult_4fcdcbbd-5347-4776-ba5e-01789c39a87e,[],[],0.3044456298948469,eV/Å^3,0.7565369180315287,/scratch/kenko/akg4pyscf/.graphchat-workspaces/kenko_room/mlff_elasticity_benchmark/workflow_runs/Orb_OMAT/elasticity_Orb_OMAT/structures/Al2F8Rb2_66da558a/output.json,mp-5259,cif,https://elagente.ca/grafico/ConceptualAtoms_30f43eca-fbcb-42bc-be7a-6d28a4340fb7,mp-5259
Fe3NPt,1.1790526133650254,https://elagente.ca/grafico/ConceptualAtoms_311c36ea-53d8-4efd-b56c-db6a02b7107d,https://elagente.ca/ontomlff/MLFFElasticityResult_a79f00f2-9d6e-44d0-bb98-6124f741ece1,[],[],0.4959982796636879,eV/Å^3,1.305000960655365,/scratch/kenko/akg4pyscf/.graphchat-workspaces/kenko_room/mlff_elasticity_benchmark/workflow_runs/Orb_OMAT/elasticity_Orb_OMAT/structures/Fe3NPt_838d475f/output.json,mp-579496,cif,https://elagente.ca/grafico/ConceptualAtoms_311c36ea-53d8-4efd-b56c-db6a02b7107d,mp-579496
O6Ti2U,1.183416414429461,https://elagente.ca/grafico/ConceptualAtoms_320c056f-ba61-4056-8042-ec03b6ee166f,https://elagente.ca/ontomlff/MLFFElasticityResult_4ee5828a-99a8-42f2-8cd4-566364d63284,[],[],0.5075792896932553,eV/Å^3,1.33226402335307,/scratch/kenko/akg4pyscf/.graphchat-workspaces/kenko_room/mlff_elasticity_benchmark/workflow_runs/Orb_OMAT/elasticity_Orb_OMAT/structures/O6Ti2U_74ea8245/output.json,mp-9771,cif,https://elagente.ca/grafico/ConceptualAtoms_320c056f-ba61-4056-8042-ec03b6ee166f,mp-9771
Al4Mg2O8,1.190951286425934,https://elagente.ca/grafico/ConceptualAtoms_32432b4a-6c87-4945-983d-8f0a2dc466cd,https://elagente.ca/ontomlff/MLFFElasticityResult_c45c1f44-bcc4-4311-8c80-14913ae4aa42,[],[],0.8262915787359966,eV/Å^3,2.0132676431642857,/scratch/kenko/akg4pyscf/.graphchat-workspaces/kenko_room/mlff_elasticity_benchmark/workflow_runs/Orb_OMAT/elasticity_Orb_OMAT/structures/Al4Mg2O8_81ff374b/output.json,mp-3536,cif,https://elagente.ca/grafico/ConceptualAtoms_32432b4a-6c87-4945-983d-8f0a2dc466cd,mp-3536
Sr4,0.0670850318187946,https://elagente.ca/grafico/ConceptualAtoms_3259432e-e340-4c2d-aadc-4902aac502dc,https://elagente.ca/ontomlff/MLFFElasticityResult_d46b06fd-298c-4ada-9918-eeeaed03202f,[],[],0.044427837906708345,eV/Å^3,0.1091813171933401,/scratch/kenko/akg4pyscf/.graphchat-workspaces/kenko_room/mlff_elasticity_benchmark/workflow_runs/Orb_OMAT/elasticity_Orb_OMAT/structures/Sr4_7896d1a1/output.json,mp-867202,cif,https://elagente.ca/grafico/ConceptualAtoms_3259432e-e340-4c2d-aadc-4902aac502dc,mp-867202
P2Pd3S8,0.40679632342738636,https://elagente.ca/grafico/ConceptualAtoms_3298c3a6-3e4b-4d6c-a0bf-887bdc72f4ba,https://elagente.ca/ontomlff/MLFFElasticityResult_215d9a6d-a278-4f17-bb26-b10946ce5e6e,[],[],0.22963131967336747,eV/Å^3,0.5797978104898989,/scratch/kenko/akg4pyscf/.graphchat-workspaces/kenko_room/mlff_elasticity_benchmark/workflow_runs/Orb_OMAT/elasticity_Orb_OMAT/structures/P2Pd3S8_8ffc4025/output.json,mp-3006,cif,https://elagente.ca/grafico/ConceptualAtoms_3298c3a6-3e4b-4d6c-a0bf-887bdc72f4ba,mp-3006
Au2MgZn,0.5275549113823149,https://elagente.ca/grafico/ConceptualAtoms_331ddd7d-8e74-4a30-a728-2b16e081c785,https://elagente.ca/ontomlff/MLFFElasticityResult_1d45ad82-3bb8-4ed2-a57d-d7482e0d455d,[],[],0.14461806845886122,eV/Å^3,0.397529431529672,/scratch/kenko/akg4pyscf/.graphchat-workspaces/kenko_room/mlff_elasticity_benchmark/workflow_runs/Orb_OMAT/elasticity_Orb_OMAT/structures/Au2MgZn_f2b9ec52/output.json,mp-864922,cif,https://elagente.ca/grafico/ConceptualAtoms_331ddd7d-8e74-4a30-a728-2b16e081c785,mp-864922
As2Co2Li2,0.5814183590783693,https://elagente.ca/grafico/ConceptualAtoms_337bdcb4-37e5-40de-9c0e-439ffd79e34f,https://elagente.ca/ontomlff/MLFFElasticityResult_034e76cd-60c7-4081-bc9e-6ef8e2d746da,[],[],0.35915067213461704,eV/Å^3,0.8934800861187909,/scratch/kenko/akg4pyscf/.graphchat-workspaces/kenko_room/mlff_elasticity_benchmark/workflow_runs/Orb_OMAT/elasticity_Orb_OMAT/structures/As2Co2Li2_5ce2b46a/output.json,mp-20698,cif,https://elagente.ca/grafico/ConceptualAtoms_337bdcb4-37e5-40de-9c0e-439ffd79e34f,mp-20698
N2Tc2,2.1307200178571017,https://elagente.ca/grafico/ConceptualAtoms_34895c2b-f9a3-4e5e-ba3b-037f5f6abfc8,https://elagente.ca/ontomlff/MLFFElasticityResult_c9b934af-98dd-4835-b339-c71a945c7014,[],[],1.1406524957089585,eV/Å^3,2.9037892302685298,/scratch/kenko/akg4pyscf/.graphchat-workspaces/kenko_room/mlff_elasticity_benchmark/workflow_runs/Orb_OMAT/elasticity_Orb_OMAT/structures/N2Tc2_86e3b38c/output.json,mp-999117,cif,https://elagente.ca/grafico/ConceptualAtoms_34895c2b-f9a3-4e5e-ba3b-037f5f6abfc8,mp-999117
MgNaTl2,0.11748455015806752,https://elagente.ca/grafico/ConceptualAtoms_34cbc8fe-fd5b-4526-8c58-64e6d58a23a5,https://elagente.ca/ontomlff/MLFFElasticityResult_dde7cd7e-a0e6-4a03-946c-c1939109d8f0,[],[],0.048250758068069534,eV/Å^3,0.12732195196782792,/scratch/kenko/akg4pyscf/.graphchat-workspaces/kenko_room/mlff_elasticity_benchmark/workflow_runs/Orb_OMAT/elasticity_Orb_OMAT/structures/MgNaTl2_cd2bf11e/output.json,mp-865110,cif,https://elagente.ca/grafico/ConceptualAtoms_34cbc8fe-fd5b-4526-8c58-64e6d58a23a5,mp-865110
AuPtYb2,0.6072256392489087,https://elagente.ca/grafico/ConceptualAtoms_34cd507b-ade5-41a8-944a-ae93db1d7ad1,https://elagente.ca/ontomlff/MLFFElasticityResult_0941aab5-f958-4578-ad27-6a6d550f4d79,[],[],0.252790944525471,eV/Å^3,0.6659588760556363,/scratch/kenko/akg4pyscf/.graphchat-workspaces/kenko_room/mlff_elasticity_benchmark/workflow_runs/Orb_OMAT/elasticity_Orb_OMAT/structures/AuPtYb2_1135d991/output.json,mp-977553,cif,https://elagente.ca/grafico/ConceptualAtoms_34cd507b-ade5-41a8-944a-ae93db1d7ad1,mp-977553
Ge2Si2,0.44018579359478494,https://elagente.ca/grafico/ConceptualAtoms_34cf3453-a2f5-4bca-9af1-60afa28d1371,https://elagente.ca/ontomlff/MLFFElasticityResult_d84c0b89-5543-46b2-a8c4-aaa8e2807817,[],[],0.41420416179811154,eV/Å^3,0.9459173775546582,/scratch/kenko/akg4pyscf/.graphchat-workspaces/kenko_room/mlff_elasticity_benchmark/workflow_runs/Orb_OMAT/elasticity_Orb_OMAT/structures/Ge2Si2_f69794f3/output.json,mp-978534,cif,https://elagente.ca/grafico/ConceptualAtoms_34cf3453-a2f5-4bca-9af1-60afa28d1371,mp-978534
Al5Ba5Pb,0.18572993879908065,https://elagente.ca/grafico/ConceptualAtoms_34dcdd53-5793-47d0-9e4f-fe6fd6e7c794,https://elagente.ca/ontomlff/MLFFElasticityResult_a138a0a5-f4e9-4e10-aaf3-17d5f5ed0885,[],[],0.1403342579192879,eV/Å^3,0.3363015942392036,/scratch/kenko/akg4pyscf/.graphchat-workspaces/kenko_room/mlff_elasticity_benchmark/workflow_runs/Orb_OMAT/elasticity_Orb_OMAT/structures/Al5Ba5Pb_fa3e1d50/output.json,mp-568809,cif,https://elagente.ca/grafico/ConceptualAtoms_34dcdd53-5793-47d0-9e4f-fe6fd6e7c794,mp-568809
Cd2Te4Zn2,0.2401888390173062,https://elagente.ca/grafico/ConceptualAtoms_350dcb71-ec10-480b-ae0a-0d578b6f2dde,https://elagente.ca/ontomlff/MLFFElasticityResult_6a3d6e85-34ee-4774-8f31-ee29bd8510f4,[],[],0.12738811202172987,eV/Å^3,0.3247518382920876,/scratch/kenko/akg4pyscf/.graphchat-workspaces/kenko_room/mlff_elasticity_benchmark/workflow_runs/Orb_OMAT/elasticity_Orb_OMAT/structures/Cd2Te4Zn2_345c3f39/output.json,mp-971837,cif,https://elagente.ca/grafico/ConceptualAtoms_350dcb71-ec10-480b-ae0a-0d578b6f2dde,mp-971837
KNi2S2,0.39958873266761574,https://elagente.ca/grafico/ConceptualAtoms_3515dcdf-fa16-4c36-9ba9-c8d79226246f,https://elagente.ca/ontomlff/MLFFElasticityResult_28b28163-bcab-4002-a53e-d2ffc9809474,[],[],0.18897262276406687,eV/Å^3,0.4897189351357541,/scratch/kenko/akg4pyscf/.graphchat-workspaces/kenko_room/mlff_elasticity_benchmark/workflow_runs/Orb_OMAT/elasticity_Orb_OMAT/structures/KNi2S2_fb5b993d/output.json,mp-558518,cif,https://elagente.ca/grafico/ConceptualAtoms_3515dcdf-fa16-4c36-9ba9-c8d79226246f,mp-558518
Be2Na2Sb2,0.20718793652793815,https://elagente.ca/grafico/ConceptualAtoms_355118da-65c1-4acd-a1c3-7ce4cabb84ad,https://elagente.ca/ontomlff/MLFFElasticityResult_306ae471-e01a-4db6-a101-a1c3e61da9e4,[],[],0.15588961551848265,eV/Å^3,0.37389510484235655,/scratch/kenko/akg4pyscf/.graphchat-workspaces/kenko_room/mlff_elasticity_benchmark/workflow_runs/Orb_OMAT/elasticity_Orb_OMAT/structures/Be2Na2Sb2_298cd416/output.json,mp-9574,cif,https://elagente.ca/grafico/ConceptualAtoms_355118da-65c1-4acd-a1c3-7ce4cabb84ad,mp-9574
C2In2Ta4,1.325995615701101,https://elagente.ca/grafico/ConceptualAtoms_35514826-7a24-4a8a-b654-9819f35640b6,https://elagente.ca/ontomlff/MLFFElasticityResult_d1aef1ab-6162-4440-8549-dc006ef23c14,[],[],0.6838821050019965,eV/Å^3,1.7506759927938533,/scratch/kenko/akg4pyscf/.graphchat-workspaces/kenko_room/mlff_elasticity_benchmark/workflow_runs/Orb_OMAT/elasticity_Orb_OMAT/structures/C2In2Ta4_13363306/output.json,mp-22144,cif,https://elagente.ca/grafico/ConceptualAtoms_35514826-7a24-4a8a-b654-9819f35640b6,mp-22144
Ga6Mg12,0.2676064118911471,https://elagente.ca/grafico/ConceptualAtoms_35993906-cf89-4475-a6d3-a2d4850c1faa,https://elagente.ca/ontomlff/MLFFElasticityResult_b5c323bf-22a6-47d5-b5b0-10eaacf08036,[],[],0.14237506471586556,eV/Å^3,0.3627871240455092,/scratch/kenko/akg4pyscf/.graphchat-workspaces/kenko_room/mlff_elasticity_benchmark/workflow_runs/Orb_OMAT/elasticity_Orb_OMAT/structures/Ga6Mg12_98a74390/output.json,mp-30650,cif,https://elagente.ca/grafico/ConceptualAtoms_35993906-cf89-4475-a6d3-a2d4850c1faa,mp-30650
ITl,0.07943774773823913,https://elagente.ca/grafico/ConceptualAtoms_35ef0902-fa3b-4d51-b174-c813e3533995,https://elagente.ca/ontomlff/MLFFElasticityResult_95044189-4c04-4bd5-bab3-5d134f3a0ea8,[],[],0.03514744857061648,eV/Å^3,0.09189001612884079,/scratch/kenko/akg4pyscf/.graphchat-workspaces/kenko_room/mlff_elasticity_benchmark/workflow_runs/Orb_OMAT/elasticity_Orb_OMAT/structures/ITl_8bb2c408/output.json,mp-571102,cif,https://elagente.ca/grafico/ConceptualAtoms_35ef0902-fa3b-4d51-b174-c813e3533995,mp-571102
Pt12Si10,1.1531335652132177,https://elagente.ca/grafico/ConceptualAtoms_35fa1cfb-d289-48fb-9ab0-9c95bbfe1639,https://elagente.ca/ontomlff/MLFFElasticityResult_b9f4a54e-dbbf-4d94-b197-8c61cc45f87b,[],[],0.5032960121951014,eV/Å^3,1.3181194800434888,/scratch/kenko/akg4pyscf/.graphchat-workspaces/kenko_room/mlff_elasticity_benchmark/workflow_runs/Orb_OMAT/elasticity_Orb_OMAT/structures/Pt12Si10_d67f8db8/output.json,mp-29661,cif,https://elagente.ca/grafico/ConceptualAtoms_35fa1cfb-d289-48fb-9ab0-9c95bbfe1639,mp-29661
Cl4CrCs2,0.14285524734425037,https://elagente.ca/grafico/ConceptualAtoms_36b600a4-4781-4369-9ccf-da529a6e6ea9,https://elagente.ca/ontomlff/MLFFElasticityResult_80e664d8-e0bc-4916-983a-49d5a9e918cd,[],[],0.08036331007085688,eV/Å^3,0.20302021354666153,/scratch/kenko/akg4pyscf/.graphchat-workspaces/kenko_room/mlff_elasticity_benchmark/workflow_runs/Orb_OMAT/elasticity_Orb_OMAT/structures/Cl4CrCs2_37f2393f/output.json,mp-28497,cif,https://elagente.ca/grafico/ConceptualAtoms_36b600a4-4781-4369-9ccf-da529a6e6ea9,mp-28497
B4HfTi,1.4377664913781976,https://elagente.ca/grafico/ConceptualAtoms_36bdbf49-7a95-409b-8572-3c661169c0d6,https://elagente.ca/ontomlff/MLFFElasticityResult_b5919408-6964-45de-854a-e4bda98770c4,[],[],1.4433242505776578,eV/Å^3,3.2443442695224114,/scratch/kenko/akg4pyscf/.graphchat-workspaces/kenko_room/mlff_elasticity_benchmark/workflow_runs/Orb_OMAT/elasticity_Orb_OMAT/structures/B4HfTi_d73fd4df/output.json,mp-1224263,cif,https://elagente.ca/grafico/ConceptualAtoms_36bdbf49-7a95-409b-8572-3c661169c0d6,mp-1224263
DyNaS2,0.3801393874298953,https://elagente.ca/grafico/ConceptualAtoms_36d739ed-a7ab-4c6a-84b9-c5f04dea7276,https://elagente.ca/ontomlff/MLFFElasticityResult_1917186c-458a-4609-bc05-c165564b802e,[],[],0.24358074031580385,eV/Å^3,0.6021332091748618,/scratch/kenko/akg4pyscf/.graphchat-workspaces/kenko_room/mlff_elasticity_benchmark/workflow_runs/Orb_OMAT/elasticity_Orb_OMAT/structures/DyNaS2_2a67fae2/output.json,mp-999490,cif,https://elagente.ca/grafico/ConceptualAtoms_36d739ed-a7ab-4c6a-84b9-c5f04dea7276,mp-999490
Cr6Si2,1.4554398407465932,https://elagente.ca/grafico/ConceptualAtoms_3714bdd8-ffc5-4f1f-8c45-b30b54aec4da,https://elagente.ca/ontomlff/MLFFElasticityResult_2a71f348-daaa-40cc-a1a9-2f542955802c,[],[],0.7813194030763384,eV/Å^3,1.9881873295226007,/scratch/kenko/akg4pyscf/.graphchat-workspaces/kenko_room/mlff_elasticity_benchmark/workflow_runs/Orb_OMAT/elasticity_Orb_OMAT/structures/Cr6Si2_3aea5e92/output.json,mp-729,cif,https://elagente.ca/grafico/ConceptualAtoms_3714bdd8-ffc5-4f1f-8c45-b30b54aec4da,mp-729
PbRb3,0.04960341560664265,https://elagente.ca/grafico/ConceptualAtoms_37306b27-44e7-4e0c-965f-c344c845247c,https://elagente.ca/ontomlff/MLFFElasticityResult_f92b0ea5-d7e3-4aaa-9592-592d335cdbff,[],[],0.014805826391025078,eV/Å^3,0.040398085036194686,/scratch/kenko/akg4pyscf/.graphchat-workspaces/kenko_room/mlff_elasticity_benchmark/workflow_runs/Orb_OMAT/elasticity_Orb_OMAT/structures/PbRb3_f445a9e3/output.json,mp-974832,cif,https://elagente.ca/grafico/ConceptualAtoms_37306b27-44e7-4e0c-965f-c344c845247c,mp-974832
CB2Ni2U,1.3141882685489479,https://elagente.ca/grafico/ConceptualAtoms_37767c29-0f49-4449-8218-5beea31ec380,https://elagente.ca/ontomlff/MLFFElasticityResult_77d7060e-8c47-424a-85cb-7300dff8b422,[],[],0.7105812005433627,eV/Å^3,1.806205368855576,/scratch/kenko/akg4pyscf/.graphchat-workspaces/kenko_room/mlff_elasticity_benchmark/workflow_runs/Orb_OMAT/elasticity_Orb_OMAT/structures/CB2Ni2U_9718995b/output.json,mp-1025123,cif,https://elagente.ca/grafico/ConceptualAtoms_37767c29-0f49-4449-8218-5beea31ec380,mp-1025123
Co6La4,0.4444200441615855,https://elagente.ca/grafico/ConceptualAtoms_37bea537-948e-4ab0-8713-9dadc97d007e,https://elagente.ca/ontomlff/MLFFElasticityResult_37a07906-cebd-429f-a554-52defd55849b,[],[],0.10214451612720696,eV/Å^3,0.2846274976942058,/scratch/kenko/akg4pyscf/.graphchat-workspaces/kenko_room/mlff_elasticity_benchmark/workflow_runs/Orb_OMAT/elasticity_Orb_OMAT/structures/Co6La4_da856ced/output.json,mp-569054,cif,https://elagente.ca/grafico/ConceptualAtoms_37bea537-948e-4ab0-8713-9dadc97d007e,mp-569054
Mg4O8Si2,1.2021362576505226,https://elagente.ca/grafico/ConceptualAtoms_3857d962-aabd-4cf3-982a-6c84e4a7de99,https://elagente.ca/ontomlff/MLFFElasticityResult_72e15d84-9260-47d3-aab7-449144ff2b66,[],[],0.884271786699237,eV/Å^3,2.1304424709338483,/scratch/kenko/akg4pyscf/.graphchat-workspaces/kenko_room/mlff_elasticity_benchmark/workflow_runs/Orb_OMAT/elasticity_Orb_OMAT/structures/Mg4O8Si2_517428a8/output.json,mp-5639,cif,https://elagente.ca/grafico/ConceptualAtoms_3857d962-aabd-4cf3-982a-6c84e4a7de99,mp-5639
AuKO2,0.3874836662491341,https://elagente.ca/grafico/ConceptualAtoms_38e4bb76-a80b-4f6d-9b14-f6b8f32944ea,https://elagente.ca/ontomlff/MLFFElasticityResult_e99429e0-6a0d-4d5e-b4eb-4e6f84f93d2c,[],[],0.21664905384052105,eV/Å^3,0.547844027433689,/scratch/kenko/akg4pyscf/.graphchat-workspaces/kenko_room/mlff_elasticity_benchmark/workflow_runs/Orb_OMAT/elasticity_Orb_OMAT/structures/AuKO2_8ece9e3c/output.json,mp-27418,cif,https://elagente.ca/grafico/ConceptualAtoms_38e4bb76-a80b-4f6d-9b14-f6b8f32944ea,mp-27418
CFe2Si2Y2,0.8789706789846268,https://elagente.ca/grafico/ConceptualAtoms_38f34e01-a556-45da-88f4-5de695a7ae78,https://elagente.ca/ontomlff/MLFFElasticityResult_b84ebb6d-a9e9-49d8-befc-269924731b4b,[],[],0.5552584813670679,eV/Å^3,1.3760240232163647,/scratch/kenko/akg4pyscf/.graphchat-workspaces/kenko_room/mlff_elasticity_benchmark/workflow_runs/Orb_OMAT/elasticity_Orb_OMAT/structures/CFe2Si2Y2_1385ebb3/output.json,mp-1025339,cif,https://elagente.ca/grafico/ConceptualAtoms_38f34e01-a556-45da-88f4-5de695a7ae78,mp-1025339
Cl6Na3Y,0.18655993299166546,https://elagente.ca/grafico/ConceptualAtoms_3911f015-12a8-44a0-9f32-63e80a6c5230,https://elagente.ca/ontomlff/MLFFElasticityResult_2a5bcab9-3934-4a08-978a-5ea41e0c632e,[],[],0.10079545090318595,eV/Å^3,0.2562390235341629,/scratch/kenko/akg4pyscf/.graphchat-workspaces/kenko_room/mlff_elasticity_benchmark/workflow_runs/Orb_OMAT/elasticity_Orb_OMAT/structures/Cl6Na3Y_d2168a24/output.json,mp-675104,cif,https://elagente.ca/grafico/ConceptualAtoms_3911f015-12a8-44a0-9f32-63e80a6c5230,mp-675104
Ca2O4Si,1.0241875172017927,https://elagente.ca/grafico/ConceptualAtoms_3945bbda-e8fa-4154-9c51-46303de319ca,https://elagente.ca/ontomlff/MLFFElasticityResult_c0ed82a6-ff95-4b2c-8b48-ee8963805702,[],[],0.7519916752443729,eV/Å^3,1.8124006015556156,/scratch/kenko/akg4pyscf/.graphchat-workspaces/kenko_room/mlff_elasticity_benchmark/workflow_runs/Orb_OMAT/elasticity_Orb_OMAT/structures/Ca2O4Si_e1b297b2/output.json,mp-8682,cif,https://elagente.ca/grafico/ConceptualAtoms_3945bbda-e8fa-4154-9c51-46303de319ca,mp-8682
Be5Fe,0.7746433704602539,https://elagente.ca/grafico/ConceptualAtoms_39461d1a-a313-4c8b-9cad-6361ea67ce58,https://elagente.ca/ontomlff/MLFFElasticityResult_f52de915-9bb4-4bfb-931e-0fea2cafb7c1,[],[],0.7160227629859297,eV/Å^3,1.6421177512664975,/scratch/kenko/akg4pyscf/.graphchat-workspaces/kenko_room/mlff_elasticity_benchmark/workflow_runs/Orb_OMAT/elasticity_Orb_OMAT/structures/Be5Fe_9fa5e20d/output.json,mp-1025010,cif,https://elagente.ca/grafico/ConceptualAtoms_39461d1a-a313-4c8b-9cad-6361ea67ce58,mp-1025010
AgTlTm2,0.3651444487653521,https://elagente.ca/grafico/ConceptualAtoms_3953a351-e5e5-4bad-926f-9ea7fe6b9f56,https://elagente.ca/ontomlff/MLFFElasticityResult_1fd5c39f-736c-4a79-b5b9-78ff6035dcb9,[],[],0.1822305318613831,eV/Å^3,0.4687181145062319,/scratch/kenko/akg4pyscf/.graphchat-workspaces/kenko_room/mlff_elasticity_benchmark/workflow_runs/Orb_OMAT/elasticity_Orb_OMAT/structures/AgTlTm2_d513ee28/output.json,mp-866120,cif,https://elagente.ca/grafico/ConceptualAtoms_3953a351-e5e5-4bad-926f-9ea7fe6b9f56,mp-866120
MnSc2Si,0.5514219622829998,https://elagente.ca/grafico/ConceptualAtoms_39d767fa-4d1e-4dd4-b71c-3a8400cb9379,https://elagente.ca/ontomlff/MLFFElasticityResult_45499eca-c814-409b-87e9-3e07f8b608e4,[],[],0.21676035277365296,eV/Å^3,0.5749453154977565,/scratch/kenko/akg4pyscf/.graphchat-workspaces/kenko_room/mlff_elasticity_benchmark/workflow_runs/Orb_OMAT/elasticity_Orb_OMAT/structures/MnSc2Si_796dbc9b/output.json,mp-999201,cif,https://elagente.ca/grafico/ConceptualAtoms_39d767fa-4d1e-4dd4-b71c-3a8400cb9379,mp-999201
Ga3Tb,0.3760625339591454,https://elagente.ca/grafico/ConceptualAtoms_3a418a4b-5618-4c79-8bc4-646ad12cc610,https://elagente.ca/ontomlff/MLFFElasticityResult_5101a3f5-5986-4811-86f2-7d9cc34b8e5a,[],[],0.16642500478748062,eV/Å^3,0.43509222622352994,/scratch/kenko/akg4pyscf/.graphchat-workspaces/kenko_room/mlff_elasticity_benchmark/workflow_runs/Orb_OMAT/elasticity_Orb_OMAT/structures/Ga3Tb_3d9b8437/output.json,mp-11418,cif,https://elagente.ca/grafico/ConceptualAtoms_3a418a4b-5618-4c79-8bc4-646ad12cc610,mp-11418
As2Ca2Rb2,0.15265827287101003,https://elagente.ca/grafico/ConceptualAtoms_3a44a5f3-d24b-4600-94d5-3a33f51f0fa9,https://elagente.ca/ontomlff/MLFFElasticityResult_9348555a-296a-42ae-ae44-16e3ad588b0f,[],[],0.10434057563652793,eV/Å^3,0.2549389009608583,/scratch/kenko/akg4pyscf/.graphchat-workspaces/kenko_room/mlff_elasticity_benchmark/workflow_runs/Orb_OMAT/elasticity_Orb_OMAT/structures/As2Ca2Rb2_0a2b7f01/output.json,mp-9845,cif,https://elagente.ca/grafico/ConceptualAtoms_3a44a5f3-d24b-4600-94d5-3a33f51f0fa9,mp-9845
Hg2TmYb,0.3883794668477136,https://elagente.ca/grafico/ConceptualAtoms_3ac3e86a-eab6-4733-b75e-b0b4c5657c54,https://elagente.ca/ontomlff/MLFFElasticityResult_bb26c1c9-4cef-484d-b49e-213f58645d6b,[],[],0.1709698396552816,eV/Å^3,0.4472770682579327,/scratch/kenko/akg4pyscf/.graphchat-workspaces/kenko_room/mlff_elasticity_benchmark/workflow_runs/Orb_OMAT/elasticity_Orb_OMAT/structures/Hg2TmYb_05e2efc6/output.json,mp-972062,cif,https://elagente.ca/grafico/ConceptualAtoms_3ac3e86a-eab6-4733-b75e-b0b4c5657c54,mp-972062
InSnYb2,0.3699526645580675,https://elagente.ca/grafico/ConceptualAtoms_3b949d25-d323-4b5e-bce2-95bc917efbc3,https://elagente.ca/ontomlff/MLFFElasticityResult_bd1d8340-f256-46bd-9713-4a638f13f11b,[],[],-0.1072612525196496,eV/Å^3,-0.35620929223254655,/scratch/kenko/akg4pyscf/.graphchat-workspaces/kenko_room/mlff_elasticity_benchmark/workflow_runs/Orb_OMAT/elasticity_Orb_OMAT/structures/InSnYb2_c7a257c7/output.json,mp-981234,cif,https://elagente.ca/grafico/ConceptualAtoms_3b949d25-d323-4b5e-bce2-95bc917efbc3,mp-981234
Fe2N2,1.6341181533553635,https://elagente.ca/grafico/ConceptualAtoms_3baf11e7-904b-4b32-ad30-2a40205f21e6,https://elagente.ca/ontomlff/MLFFElasticityResult_70fb54e0-c33c-4557-a866-f377e4e7c8c0,[],[],0.9110238639923096,eV/Å^3,2.3047675485283667,/scratch/kenko/akg4pyscf/.graphchat-workspaces/kenko_room/mlff_elasticity_benchmark/workflow_runs/Orb_OMAT/elasticity_Orb_OMAT/structures/Fe2N2_161be363/output.json,mp-12120,cif,https://elagente.ca/grafico/ConceptualAtoms_3baf11e7-904b-4b32-ad30-2a40205f21e6,mp-12120
Ba2Be4N4,0.6088087131929985,https://elagente.ca/grafico/ConceptualAtoms_3c21f3a3-e624-48b3-966f-f51dd7d8dc64,https://elagente.ca/ontomlff/MLFFElasticityResult_ab03ca56-809c-422a-ad25-91f4ca15035e,[],[],0.4386079646301928,eV/Å^3,1.0610238275963801,/scratch/kenko/akg4pyscf/.graphchat-workspaces/kenko_room/mlff_elasticity_benchmark/workflow_runs/Orb_OMAT/elasticity_Orb_OMAT/structures/Ba2Be4N4_51eaab0f/output.json,mp-12927,cif,https://elagente.ca/grafico/ConceptualAtoms_3c21f3a3-e624-48b3-966f-f51dd7d8dc64,mp-12927
Sn6Y10,0.3515690189324721,https://elagente.ca/grafico/ConceptualAtoms_3c8b5146-0221-4830-842b-e3cd71b597c1,https://elagente.ca/ontomlff/MLFFElasticityResult_43a00c20-d7c8-4203-aad4-d887cf10ee5f,[],[],0.2620933734096064,eV/Å^3,0.62978046817199,/scratch/kenko/akg4pyscf/.graphchat-workspaces/kenko_room/mlff_elasticity_benchmark/workflow_runs/Orb_OMAT/elasticity_Orb_OMAT/structures/Sn6Y10_ca8c252c/output.json,mp-567412,cif,https://elagente.ca/grafico/ConceptualAtoms_3c8b5146-0221-4830-842b-e3cd71b597c1,mp-567412
La2Mn2N6,1.0314532485012777,https://elagente.ca/grafico/ConceptualAtoms_3ca6c638-1d39-46d6-a53b-b6bf40e15337,https://elagente.ca/ontomlff/MLFFElasticityResult_e2d74561-bc7e-46be-9fac-c8bc0244d389,[],[],0.4000988268302544,eV/Å^3,1.0628682627133612,/scratch/kenko/akg4pyscf/.graphchat-workspaces/kenko_room/mlff_elasticity_benchmark/workflow_runs/Orb_OMAT/elasticity_Orb_OMAT/structures/La2Mn2N6_6291257b/output.json,mp-989554,cif,https://elagente.ca/grafico/ConceptualAtoms_3ca6c638-1d39-46d6-a53b-b6bf40e15337,mp-989554
Cl2V,0.27591945543167995,https://elagente.ca/grafico/ConceptualAtoms_3cbc3d61-df02-4ec0-9fec-5c15ab876aa5,https://elagente.ca/ontomlff/MLFFElasticityResult_42106a3e-706d-4a69-8af1-fda7c5df55b9,[],[],0.15793021148283304,eV/Å^3,0.39787836683784683,/scratch/kenko/akg4pyscf/.graphchat-workspaces/kenko_room/mlff_elasticity_benchmark/workflow_runs/Orb_OMAT/elasticity_Orb_OMAT/structures/Cl2V_338ebd68/output.json,mp-22877,cif,https://elagente.ca/grafico/ConceptualAtoms_3cbc3d61-df02-4ec0-9fec-5c15ab876aa5,mp-22877
As2Pb4Pd6,0.5527784079614191,https://elagente.ca/grafico/ConceptualAtoms_3cea12ae-592d-4f0b-901c-69af2f372630,https://elagente.ca/ontomlff/MLFFElasticityResult_13528ca1-8b1e-4056-a784-3a338c234c48,[],[],0.19463605173661114,eV/Å^3,0.5225744586749154,/scratch/kenko/akg4pyscf/.graphchat-workspaces/kenko_room/mlff_elasticity_benchmark/workflow_runs/Orb_OMAT/elasticity_Orb_OMAT/structures/As2Pb4Pd6_048b2a55/output.json,mp-20257,cif,https://elagente.ca/grafico/ConceptualAtoms_3cea12ae-592d-4f0b-901c-69af2f372630,mp-20257
Ge2Sb2Te5,0.2764764077463954,https://elagente.ca/grafico/ConceptualAtoms_3d0a8f54-e865-4437-8da7-9ea15b8d1525,https://elagente.ca/ontomlff/MLFFElasticityResult_62035bb4-45ff-4028-83c2-b0bde056d045,[],[],0.1271046977702969,eV/Å^3,0.33064488909209433,/scratch/kenko/akg4pyscf/.graphchat-workspaces/kenko_room/mlff_elasticity_benchmark/workflow_runs/Orb_OMAT/elasticity_Orb_OMAT/structures/Ge2Sb2Te5_dcb2e7d5/output.json,mp-3534,cif,https://elagente.ca/grafico/ConceptualAtoms_3d0a8f54-e865-4437-8da7-9ea15b8d1525,mp-3534
SnTi2,0.4438944227287228,https://elagente.ca/grafico/ConceptualAtoms_3d47d84f-60e8-4df3-a84c-7c69ca284433,https://elagente.ca/ontomlff/MLFFElasticityResult_b3bde3f2-4bae-41a5-8280-a0766c18e3ec,[],[],0.11224064798175926,eV/Å^3,0.3105475113765605,/scratch/kenko/akg4pyscf/.graphchat-workspaces/kenko_room/mlff_elasticity_benchmark/workflow_runs/Orb_OMAT/elasticity_Orb_OMAT/structures/SnTi2_edead3e8/output.json,mp-1008688,cif,https://elagente.ca/grafico/ConceptualAtoms_3d47d84f-60e8-4df3-a84c-7c69ca284433,mp-1008688
AsAuYb2,0.4364889614333216,https://elagente.ca/grafico/ConceptualAtoms_3d754af3-fc4f-45c5-85de-9422516e27b2,https://elagente.ca/ontomlff/MLFFElasticityResult_7d377596-a873-4632-ad73-d82c3606b999,[],[],0.2008186374765889,eV/Å^3,0.5223489566724563,/scratch/kenko/akg4pyscf/.graphchat-workspaces/kenko_room/mlff_elasticity_benchmark/workflow_runs/Orb_OMAT/elasticity_Orb_OMAT/structures/AsAuYb2_4b3049fa/output.json,mp-865799,cif,https://elagente.ca/grafico/ConceptualAtoms_3d754af3-fc4f-45c5-85de-9422516e27b2,mp-865799
Al23B50,1.1174450848589208,https://elagente.ca/grafico/ConceptualAtoms_3d764c7c-9627-4893-8dcb-8b54a15eedd9,https://elagente.ca/ontomlff/MLFFElasticityResult_90f711e7-c4a9-45bc-a1cf-fe364c0a40b4,[],[],0.6096634464901367,eV/Å^3,1.547549420860713,/scratch/kenko/akg4pyscf/.graphchat-workspaces/kenko_room/mlff_elasticity_benchmark/workflow_runs/Orb_OMAT/elasticity_Orb_OMAT/structures/Al23B50_504bb77f/output.json,mp-530274,cif,https://elagente.ca/grafico/ConceptualAtoms_3d764c7c-9627-4893-8dcb-8b54a15eedd9,mp-530274
Ac6Ca2,0.11055920400813735,https://elagente.ca/grafico/ConceptualAtoms_3d87f23b-7a45-45ec-b1b4-173d86f31118,https://elagente.ca/ontomlff/MLFFElasticityResult_32879164-e0b8-473e-93c2-6a7dc10226aa,[],[],0.06908014770255971,eV/Å^3,0.1715176153586276,/scratch/kenko/akg4pyscf/.graphchat-workspaces/kenko_room/mlff_elasticity_benchmark/workflow_runs/Orb_OMAT/elasticity_Orb_OMAT/structures/Ac6Ca2_384b734f/output.json,mp-983567,cif,https://elagente.ca/grafico/ConceptualAtoms_3d87f23b-7a45-45ec-b1b4-173d86f31118,mp-983567
Ba2Pt4,0.6299207803142131,https://elagente.ca/grafico/ConceptualAtoms_3d8b5d79-bcb7-4b81-ad7f-f35a9e64cb9d,https://elagente.ca/ontomlff/MLFFElasticityResult_36ae53f3-260e-4427-bd7e-49314b05ce9e,[],[],0.24999845317537112,eV/Å^3,0.6623698266695216,/scratch/kenko/akg4pyscf/.graphchat-workspaces/kenko_room/mlff_elasticity_benchmark/workflow_runs/Orb_OMAT/elasticity_Orb_OMAT/structures/Ba2Pt4_ebca63b6/output.json,mp-747,cif,https://elagente.ca/grafico/ConceptualAtoms_3d8b5d79-bcb7-4b81-ad7f-f35a9e64cb9d,mp-747
Ba3BiN,0.09762360015284638,https://elagente.ca/grafico/ConceptualAtoms_3dbe5a15-726c-4f39-baa4-fb8180e0fb31,https://elagente.ca/ontomlff/MLFFElasticityResult_b81784e6-8591-4046-949b-05623bd0bcc0,[],[],0.01970540645597801,eV/Å^3,0.05538941897488787,/scratch/kenko/akg4pyscf/.graphchat-workspaces/kenko_room/mlff_elasticity_benchmark/workflow_runs/Orb_OMAT/elasticity_Orb_OMAT/structures/Ba3BiN_2be4cc14/output.json,mp-1013710,cif,https://elagente.ca/grafico/ConceptualAtoms_3dbe5a15-726c-4f39-baa4-fb8180e0fb31,mp-1013710
Hf2LiOs,0.8420458992480198,https://elagente.ca/grafico/ConceptualAtoms_3e53b25c-44c0-484d-8ee4-eb5d23387541,https://elagente.ca/ontomlff/MLFFElasticityResult_006d5b9e-26f1-419a-b9e8-4ad6d03b9c1e,[],[],0.3726825687910791,eV/Å^3,0.9743075455732052,/scratch/kenko/akg4pyscf/.graphchat-workspaces/kenko_room/mlff_elasticity_benchmark/workflow_runs/Orb_OMAT/elasticity_Orb_OMAT/structures/Hf2LiOs_e304b27f/output.json,mp-862684,cif,https://elagente.ca/grafico/ConceptualAtoms_3e53b25c-44c0-484d-8ee4-eb5d23387541,mp-862684
ClN,0.1854504978208984,https://elagente.ca/grafico/ConceptualAtoms_3e57c910-43ef-4144-8358-d18aa48b3e46,https://elagente.ca/ontomlff/MLFFElasticityResult_d999e4af-9df6-4f58-b503-23fd00e7ba73,[],[],0.07324038642691219,eV/Å^3,0.19416100972049777,/scratch/kenko/akg4pyscf/.graphchat-workspaces/kenko_room/mlff_elasticity_benchmark/workflow_runs/Orb_OMAT/elasticity_Orb_OMAT/structures/ClN_cc2c1ac1/output.json,mp-1058151,cif,https://elagente.ca/grafico/ConceptualAtoms_3e57c910-43ef-4144-8358-d18aa48b3e46,mp-1058151
Ge4Ni4,0.8079655155291365,https://elagente.ca/grafico/ConceptualAtoms_3ec6f2df-818a-4b17-8ed9-54d9c4af64ab,https://elagente.ca/ontomlff/MLFFElasticityResult_c9e7721b-c52d-46c5-a662-38230b471cac,[],[],0.40730005536024083,eV/Å^3,1.0461158334254068,/scratch/kenko/akg4pyscf/.graphchat-workspaces/kenko_room/mlff_elasticity_benchmark/workflow_runs/Orb_OMAT/elasticity_Orb_OMAT/structures/Ge4Ni4_648b3a1b/output.json,mp-1099,cif,https://elagente.ca/grafico/ConceptualAtoms_3ec6f2df-818a-4b17-8ed9-54d9c4af64ab,mp-1099
B2Ni4,1.5479480254129148,https://elagente.ca/grafico/ConceptualAtoms_3f43b728-6dc3-4081-932e-d9e093d57fd3,https://elagente.ca/ontomlff/MLFFElasticityResult_d95fa2c7-d66b-4d07-8935-c0720770733c,[],[],0.653887080181294,eV/Å^3,1.7195377912764325,/scratch/kenko/akg4pyscf/.graphchat-workspaces/kenko_room/mlff_elasticity_benchmark/workflow_runs/Orb_OMAT/elasticity_Orb_OMAT/structures/B2Ni4_f87a0faf/output.json,mp-2536,cif,https://elagente.ca/grafico/ConceptualAtoms_3f43b728-6dc3-4081-932e-d9e093d57fd3,mp-2536
I4,0.05876616970489518,https://elagente.ca/grafico/ConceptualAtoms_3f8cb506-222b-4ee4-8caf-6bccebbd48aa,https://elagente.ca/ontomlff/MLFFElasticityResult_50f1804e-f5e7-45ba-81b5-a33a5993522a,[],[],0.039087944368933536,eV/Å^3,0.09598300457356543,/scratch/kenko/akg4pyscf/.graphchat-workspaces/kenko_room/mlff_elasticity_benchmark/workflow_runs/Orb_OMAT/elasticity_Orb_OMAT/structures/I4_6c87bb6b/output.json,mp-23153,cif,https://elagente.ca/grafico/ConceptualAtoms_3f8cb506-222b-4ee4-8caf-6bccebbd48aa,mp-23153
IrRb3,0.07955208568161284,https://elagente.ca/grafico/ConceptualAtoms_3fac7638-632e-486a-9475-ee2107b21066,https://elagente.ca/ontomlff/MLFFElasticityResult_aa2fe3fd-f1fb-46fd-b1c0-3c96bbcaa603,[],[],0.037731771895838845,eV/Å^3,0.09774218681081123,/scratch/kenko/akg4pyscf/.graphchat-workspaces/kenko_room/mlff_elasticity_benchmark/workflow_runs/Orb_OMAT/elasticity_Orb_OMAT/structures/IrRb3_5a1de087/output.json,mp-974949,cif,https://elagente.ca/grafico/ConceptualAtoms_3fac7638-632e-486a-9475-ee2107b21066,mp-974949
NRe,1.923925963347187,https://elagente.ca/grafico/ConceptualAtoms_408fd894-ffb6-449b-9189-39fa1aaba7e3,https://elagente.ca/ontomlff/MLFFElasticityResult_e5de25b1-2bee-4a7a-a840-0b88ae6b3732,[],[],-0.2258066216499966,eV/Å^3,-0.7050013080805666,/scratch/kenko/akg4pyscf/.graphchat-workspaces/kenko_room/mlff_elasticity_benchmark/workflow_runs/Orb_OMAT/elasticity_Orb_OMAT/structures/NRe_c635a182/output.json,mp-1002207,cif,https://elagente.ca/grafico/ConceptualAtoms_408fd894-ffb6-449b-9189-39fa1aaba7e3,mp-1002207
BeGeRu2,1.2696361135479854,https://elagente.ca/grafico/ConceptualAtoms_40eecf03-1af8-40b7-8629-b94f3432ca22,https://elagente.ca/ontomlff/MLFFElasticityResult_059c43f1-6450-4f35-8bd5-f3f4aa914563,[],[],0.6502092708492297,eV/Å^3,1.6661956898277526,/scratch/kenko/akg4pyscf/.graphchat-workspaces/kenko_room/mlff_elasticity_benchmark/workflow_runs/Orb_OMAT/elasticity_Orb_OMAT/structures/BeGeRu2_a3098e9a/output.json,mp-862713,cif,https://elagente.ca/grafico/ConceptualAtoms_40eecf03-1af8-40b7-8629-b94f3432ca22,mp-862713
Ag2F8K2,0.30991698485266017,https://elagente.ca/grafico/ConceptualAtoms_4172a7d6-9086-42a6-95fe-a98838eacbe5,https://elagente.ca/ontomlff/MLFFElasticityResult_5c1722da-5cc5-4d6e-aab6-6509921f5603,[],[],0.16274034895053388,eV/Å^3,0.41549436859387817,/scratch/kenko/akg4pyscf/.graphchat-workspaces/kenko_room/mlff_elasticity_benchmark/workflow_runs/Orb_OMAT/elasticity_Orb_OMAT/structures/Ag2F8K2_99f6f6a3/output.json,mp-7387,cif,https://elagente.ca/grafico/ConceptualAtoms_4172a7d6-9086-42a6-95fe-a98838eacbe5,mp-7387
Mg5Y,0.1899684668387522,https://elagente.ca/grafico/ConceptualAtoms_41dc328d-6da5-4f3f-b62c-b121018fad57,https://elagente.ca/ontomlff/MLFFElasticityResult_213ed2c8-8817-4376-823b-25b0363d69e4,[],[],0.018892391366390364,eV/Å^3,0.05485860859266867,/scratch/kenko/akg4pyscf/.graphchat-workspaces/kenko_room/mlff_elasticity_benchmark/workflow_runs/Orb_OMAT/elasticity_Orb_OMAT/structures/Mg5Y_9f616838/output.json,mp-981252,cif,https://elagente.ca/grafico/ConceptualAtoms_41dc328d-6da5-4f3f-b62c-b121018fad57,mp-981252
NbRu2Tm,0.9992708598139634,https://elagente.ca/grafico/ConceptualAtoms_41f107ba-e17f-4ecf-ba3f-6e0c6aecb7bd,https://elagente.ca/ontomlff/MLFFElasticityResult_952932e9-bd8c-443f-9d4f-59eb741b4af6,[],[],0.4873437951922577,eV/Å^3,1.2575895047696386,/scratch/kenko/akg4pyscf/.graphchat-workspaces/kenko_room/mlff_elasticity_benchmark/workflow_runs/Orb_OMAT/elasticity_Orb_OMAT/structures/NbRu2Tm_896e48a3/output.json,mp-865248,cif,https://elagente.ca/grafico/ConceptualAtoms_41f107ba-e17f-4ecf-ba3f-6e0c6aecb7bd,mp-865248
DyLuMg2,0.23124369251894916,https://elagente.ca/grafico/ConceptualAtoms_426e57c0-d8e4-4aa1-a19b-336a4a836e98,https://elagente.ca/ontomlff/MLFFElasticityResult_d2c53482-113f-4481-8091-61e81a0ed911,[],[],0.15358601067289576,eV/Å^3,0.3772403159165697,/scratch/kenko/akg4pyscf/.graphchat-workspaces/kenko_room/mlff_elasticity_benchmark/workflow_runs/Orb_OMAT/elasticity_Orb_OMAT/structures/DyLuMg2_9b9cca86/output.json,mp-866295,cif,https://elagente.ca/grafico/ConceptualAtoms_426e57c0-d8e4-4aa1-a19b-336a4a836e98,mp-866295
IrSc,1.0011878997047003,https://elagente.ca/grafico/ConceptualAtoms_4280a750-2011-40a8-a013-2c5cdafdc0b2,https://elagente.ca/ontomlff/MLFFElasticityResult_026a787a-9067-4053-8355-2170f5a8fd6e,[],[],0.31701495040596894,eV/Å^3,0.8602487978293588,/scratch/kenko/akg4pyscf/.graphchat-workspaces/kenko_room/mlff_elasticity_benchmark/workflow_runs/Orb_OMAT/elasticity_Orb_OMAT/structures/IrSc_e1e0e79e/output.json,mp-1129,cif,https://elagente.ca/grafico/ConceptualAtoms_4280a750-2011-40a8-a013-2c5cdafdc0b2,mp-1129
PdSn3Sr,0.34716336730550834,https://elagente.ca/grafico/ConceptualAtoms_42f8d733-39bd-479e-a689-8ddbaab9526e,https://elagente.ca/ontomlff/MLFFElasticityResult_7a1ba0a4-a6c0-43b2-a16d-e2b724e07c0d,[],[],0.15597931493184344,eV/Å^3,0.4069855404728203,/scratch/kenko/akg4pyscf/.graphchat-workspaces/kenko_room/mlff_elasticity_benchmark/workflow_runs/Orb_OMAT/elasticity_Orb_OMAT/structures/PdSn3Sr_16b5e308/output.json,mp-30834,cif,https://elagente.ca/grafico/ConceptualAtoms_42f8d733-39bd-479e-a689-8ddbaab9526e,mp-30834
Cu2Ge2Tb2,0.5082932858384991,https://elagente.ca/grafico/ConceptualAtoms_43f4bc55-5073-463f-85ef-665a62b7f636,https://elagente.ca/ontomlff/MLFFElasticityResult_b38a6883-ce67-4dec-8f20-645bf86564d7,[],[],0.37660487343261106,eV/Å^3,0.9060454334333026,/scratch/kenko/akg4pyscf/.graphchat-workspaces/kenko_room/mlff_elasticity_benchmark/workflow_runs/Orb_OMAT/elasticity_Orb_OMAT/structures/Cu2Ge2Tb2_539c5e41/output.json,mp-9387,cif,https://elagente.ca/grafico/ConceptualAtoms_43f4bc55-5073-463f-85ef-665a62b7f636,mp-9387
O24Tb16,0.8644892572922007,https://elagente.ca/grafico/ConceptualAtoms_4434f8ba-c12d-40b1-bb36-ec2a74e1f556,https://elagente.ca/ontomlff/MLFFElasticityResult_0d69171d-fb1e-483e-879c-76ae9fa019cd,[],[],0.505039931674188,eV/Å^3,1.2681634950980825,/scratch/kenko/akg4pyscf/.graphchat-workspaces/kenko_room/mlff_elasticity_benchmark/workflow_runs/Orb_OMAT/elasticity_Orb_OMAT/structures/O24Tb16_4034f7e8/output.json,mp-1056,cif,https://elagente.ca/grafico/ConceptualAtoms_4434f8ba-c12d-40b1-bb36-ec2a74e1f556,mp-1056
Na12O14Ti4,0.5537992952927968,https://elagente.ca/grafico/ConceptualAtoms_444ad273-73a3-4cee-8a5e-f41ba9cd8f1c,https://elagente.ca/ontomlff/MLFFElasticityResult_8a8dd47a-cb0a-4a77-bf16-c9450173fade,[],[],0.3090579350538648,eV/Å^3,0.7817503865722322,/scratch/kenko/akg4pyscf/.graphchat-workspaces/kenko_room/mlff_elasticity_benchmark/workflow_runs/Orb_OMAT/elasticity_Orb_OMAT/structures/Na12O14Ti4_59e9636c/output.json,mp-778364,cif,https://elagente.ca/grafico/ConceptualAtoms_444ad273-73a3-4cee-8a5e-f41ba9cd8f1c,mp-778364
Cl2Li5N,0.23551122056565627,https://elagente.ca/grafico/ConceptualAtoms_44c38a63-bd84-4121-952a-f2257035f123,https://elagente.ca/ontomlff/MLFFElasticityResult_db661b63-15ad-4d60-8d85-3023dcc85665,[],[],0.19504744617636988,eV/Å^3,0.45855304136761044,/scratch/kenko/akg4pyscf/.graphchat-workspaces/kenko_room/mlff_elasticity_benchmark/workflow_runs/Orb_OMAT/elasticity_Orb_OMAT/structures/Cl2Li5N_d8613025/output.json,mp-29151,cif,https://elagente.ca/grafico/ConceptualAtoms_44c38a63-bd84-4121-952a-f2257035f123,mp-29151
CBe2,1.2386356533527265,https://elagente.ca/grafico/ConceptualAtoms_44d7df47-bcc4-43ab-94ec-bb492ad3b98b,https://elagente.ca/ontomlff/MLFFElasticityResult_c5c84c52-597d-4419-8447-884efd600b7d,[],[],1.3630649422883279,eV/Å^3,2.9917605000258627,/scratch/kenko/akg4pyscf/.graphchat-workspaces/kenko_room/mlff_elasticity_benchmark/workflow_runs/Orb_OMAT/elasticity_Orb_OMAT/structures/CBe2_181851de/output.json,mp-1569,cif,https://elagente.ca/grafico/ConceptualAtoms_44d7df47-bcc4-43ab-94ec-bb492ad3b98b,mp-1569
Be2PdRh,1.0860334729717902,https://elagente.ca/grafico/ConceptualAtoms_44da5b83-504e-4c37-93bd-a53a2abecc0f,https://elagente.ca/ontomlff/MLFFElasticityResult_e986994a-7588-4ba1-bdac-66e21f373454,[],[],0.6384424168885311,eV/Å^3,1.601503892223,/scratch/kenko/akg4pyscf/.graphchat-workspaces/kenko_room/mlff_elasticity_benchmark/workflow_runs/Orb_OMAT/elasticity_Orb_OMAT/structures/Be2PdRh_a595dfc1/output.json,mp-866115,cif,https://elagente.ca/grafico/ConceptualAtoms_44da5b83-504e-4c37-93bd-a53a2abecc0f,mp-866115
Al12O24Sr6,0.7908468220906922,https://elagente.ca/grafico/ConceptualAtoms_44e7d2f4-38bf-48b1-9487-1949fddf3e1a,https://elagente.ca/ontomlff/MLFFElasticityResult_9b2033ef-fb0f-429c-bc09-847291520c6c,[],[],0.5363866324650449,eV/Å^3,1.312441612899008,/scratch/kenko/akg4pyscf/.graphchat-workspaces/kenko_room/mlff_elasticity_benchmark/workflow_runs/Orb_OMAT/elasticity_Orb_OMAT/structures/Al12O24Sr6_df200da1/output.json,mp-5492,cif,https://elagente.ca/grafico/ConceptualAtoms_44e7d2f4-38bf-48b1-9487-1949fddf3e1a,mp-5492
B2Be,1.129081505161625,https://elagente.ca/grafico/ConceptualAtoms_44f86a1c-8563-4981-80dc-e2928469cac6,https://elagente.ca/ontomlff/MLFFElasticityResult_3def5f7d-161d-4b7a-86cb-2e9609ae3045,[],[],0.35526697995831896,eV/Å^3,0.9646272009012375,/scratch/kenko/akg4pyscf/.graphchat-workspaces/kenko_room/mlff_elasticity_benchmark/workflow_runs/Orb_OMAT/elasticity_Orb_OMAT/structures/B2Be_64214590/output.json,mp-1009823,cif,https://elagente.ca/grafico/ConceptualAtoms_44f86a1c-8563-4981-80dc-e2928469cac6,mp-1009823
Bi2Cl2O4Pb2,0.4774174183862471,https://elagente.ca/grafico/ConceptualAtoms_450df285-9615-4f0d-9b17-b02e3a618c13,https://elagente.ca/ontomlff/MLFFElasticityResult_ec812e70-778b-4c9b-87d2-6eb4f27dbf73,[],[],0.2385379193477109,eV/Å^3,0.6134459218271758,/scratch/kenko/akg4pyscf/.graphchat-workspaces/kenko_room/mlff_elasticity_benchmark/workflow_runs/Orb_OMAT/elasticity_Orb_OMAT/structures/Bi2Cl2O4Pb2_411e0143/output.json,mp-23084,cif,https://elagente.ca/grafico/ConceptualAtoms_450df285-9615-4f0d-9b17-b02e3a618c13,mp-23084
GeSe8V4,0.4801436100115949,https://elagente.ca/grafico/ConceptualAtoms_458eaa60-1f74-4755-a8dc-022f6f63ddae,https://elagente.ca/ontomlff/MLFFElasticityResult_ebadd4f0-1917-4cee-9cc7-3a06f686e414,[],[],0.3282295839323979,eV/Å^3,0.8019493311865722,/scratch/kenko/akg4pyscf/.graphchat-workspaces/kenko_room/mlff_elasticity_benchmark/workflow_runs/Orb_OMAT/elasticity_Orb_OMAT/structures/GeSe8V4_e2b42956/output.json,mp-2420227,cif,https://elagente.ca/grafico/ConceptualAtoms_458eaa60-1f74-4755-a8dc-022f6f63ddae,mp-2420227
ClCu,0.29466356793947845,https://elagente.ca/grafico/ConceptualAtoms_45cf80dd-622d-4401-8d85-ec9fef442300,https://elagente.ca/ontomlff/MLFFElasticityResult_b8de51f1-29cc-4c89-bc88-108cdfd2d485,[],[],0.10136360487113225,eV/Å^3,0.27280892858967204,/scratch/kenko/akg4pyscf/.graphchat-workspaces/kenko_room/mlff_elasticity_benchmark/workflow_runs/Orb_OMAT/elasticity_Orb_OMAT/structures/ClCu_bf3a3a4f/output.json,mp-22914,cif,https://elagente.ca/grafico/ConceptualAtoms_45cf80dd-622d-4401-8d85-ec9fef442300,mp-22914
Mn6Sn6Y,0.5056151648291938,https://elagente.ca/grafico/ConceptualAtoms_460a72e7-9961-4c93-bfd1-04a7af967bcd,https://elagente.ca/ontomlff/MLFFElasticityResult_ff77b1cb-6efc-49ec-9441-b85c6714ed6d,[],[],0.4587311337324125,eV/Å^3,1.056639732588047,/scratch/kenko/akg4pyscf/.graphchat-workspaces/kenko_room/mlff_elasticity_benchmark/workflow_runs/Orb_OMAT/elasticity_Orb_OMAT/structures/Mn6Sn6Y_e859286c/output.json,mp-22260,cif,https://elagente.ca/grafico/ConceptualAtoms_460a72e7-9961-4c93-bfd1-04a7af967bcd,mp-22260
FeSb2Sc6,0.42908337912772526,https://elagente.ca/grafico/ConceptualAtoms_46791045-e4de-405b-9a33-5decebc42d28,https://elagente.ca/ontomlff/MLFFElasticityResult_1905ca81-44ea-4546-94cf-dfb00edf8799,[],[],0.247047806387611,eV/Å^3,0.6218068478885479,/scratch/kenko/akg4pyscf/.graphchat-workspaces/kenko_room/mlff_elasticity_benchmark/workflow_runs/Orb_OMAT/elasticity_Orb_OMAT/structures/FeSb2Sc6_c546972b/output.json,mp-11201,cif,https://elagente.ca/grafico/ConceptualAtoms_46791045-e4de-405b-9a33-5decebc42d28,mp-11201
C2Dy,0.8005075540013276,https://elagente.ca/grafico/ConceptualAtoms_46ce8f78-a6f5-45cb-9d63-eb7d107d9977,https://elagente.ca/ontomlff/MLFFElasticityResult_ecb9b245-3a34-4841-9a2c-1151af015e33,[],[],0.3622567585728863,eV/Å^3,0.9443240752497987,/scratch/kenko/akg4pyscf/.graphchat-workspaces/kenko_room/mlff_elasticity_benchmark/workflow_runs/Orb_OMAT/elasticity_Orb_OMAT/structures/C2Dy_ae0bf2dc/output.json,mp-541840,cif,https://elagente.ca/grafico/ConceptualAtoms_46ce8f78-a6f5-45cb-9d63-eb7d107d9977,mp-541840
Cs6I18Sb4,0.10362120513006606,https://elagente.ca/grafico/ConceptualAtoms_4724c0f1-db59-4ebe-be57-7b35fd00191f,https://elagente.ca/ontomlff/MLFFElasticityResult_fdb595c0-cab3-436c-9d60-94dd7ab400ef,[],[],0.06135835916103427,eV/Å^3,0.15373150432243532,/scratch/kenko/akg4pyscf/.graphchat-workspaces/kenko_room/mlff_elasticity_benchmark/workflow_runs/Orb_OMAT/elasticity_Orb_OMAT/structures/Cs6I18Sb4_308ee339/output.json,mp-23029,cif,https://elagente.ca/grafico/ConceptualAtoms_4724c0f1-db59-4ebe-be57-7b35fd00191f,mp-23029
I6Zr2,0.2043299757652517,https://elagente.ca/grafico/ConceptualAtoms_4737ea46-b0a3-4f1b-93b5-43d33839f85a,https://elagente.ca/ontomlff/MLFFElasticityResult_bac63a69-301d-42f9-8452-e92dd4a02d87,[],[],0.11433161492134708,eV/Å^3,0.2890776262639132,/scratch/kenko/akg4pyscf/.graphchat-workspaces/kenko_room/mlff_elasticity_benchmark/workflow_runs/Orb_OMAT/elasticity_Orb_OMAT/structures/I6Zr2_6755f719/output.json,mp-23282,cif,https://elagente.ca/grafico/ConceptualAtoms_4737ea46-b0a3-4f1b-93b5-43d33839f85a,mp-23282
C2Br2N2,0.16901720221376618,https://elagente.ca/grafico/ConceptualAtoms_47523571-5555-41f6-9a4b-13e4345bf32d,https://elagente.ca/ontomlff/MLFFElasticityResult_dd185117-0214-46c1-babc-ac74261ee1c6,[],[],0.10032743555593171,eV/Å^3,0.25126576908946474,/scratch/kenko/akg4pyscf/.graphchat-workspaces/kenko_room/mlff_elasticity_benchmark/workflow_runs/Orb_OMAT/elasticity_Orb_OMAT/structures/C2Br2N2_e1b308f2/output.json,mp-27989,cif,https://elagente.ca/grafico/ConceptualAtoms_47523571-5555-41f6-9a4b-13e4345bf32d,mp-27989
Fe3NNi,1.00799475566544,https://elagente.ca/grafico/ConceptualAtoms_477d38ce-1a13-4606-a448-8ccf130ff4d3,https://elagente.ca/ontomlff/MLFFElasticityResult_2949011d-c270-45c3-a318-1ea5421c0c73,[],[],0.4712518583706493,eV/Å^3,1.2231432908035673,/scratch/kenko/akg4pyscf/.graphchat-workspaces/kenko_room/mlff_elasticity_benchmark/workflow_runs/Orb_OMAT/elasticity_Orb_OMAT/structures/Fe3NNi_036461cf/output.json,mp-567703,cif,https://elagente.ca/grafico/ConceptualAtoms_477d38ce-1a13-4606-a448-8ccf130ff4d3,mp-567703
KO2Y,0.5675882856156252,https://elagente.ca/grafico/ConceptualAtoms_47ac6f5f-def9-43b0-b6ec-77f6f96f754d,https://elagente.ca/ontomlff/MLFFElasticityResult_095c5431-0dd0-47fb-b6ee-504e99fa64e5,[],[],0.3874304254126166,eV/Å^3,0.9468535095238118,/scratch/kenko/akg4pyscf/.graphchat-workspaces/kenko_room/mlff_elasticity_benchmark/workflow_runs/Orb_OMAT/elasticity_Orb_OMAT/structures/KO2Y_8c175557/output.json,mp-8409,cif,https://elagente.ca/grafico/ConceptualAtoms_47ac6f5f-def9-43b0-b6ec-77f6f96f754d,mp-8409
O10Si2Zn4,0.7815763382632537,https://elagente.ca/grafico/ConceptualAtoms_47e86790-c0c6-4a91-821a-bd80f3fbf776,https://elagente.ca/ontomlff/MLFFElasticityResult_e6f08182-b00a-4c4e-8057-f74b5c4c2b5d,[],[],0.48514952227710106,eV/Å^3,1.205928961078551,/scratch/kenko/akg4pyscf/.graphchat-workspaces/kenko_room/mlff_elasticity_benchmark/workflow_runs/Orb_OMAT/elasticity_Orb_OMAT/structures/O10Si2Zn4_67dcf2a5/output.json,mp-1189355,cif,https://elagente.ca/grafico/ConceptualAtoms_47e86790-c0c6-4a91-821a-bd80f3fbf776,mp-1189355
Co8Hf16,0.7754168617981957,https://elagente.ca/grafico/ConceptualAtoms_49427ed4-8ebf-484c-a236-6dd4980a1b80,https://elagente.ca/ontomlff/MLFFElasticityResult_69e50714-0370-462a-9a05-5d83a355e099,[],[],0.3613821093926505,eV/Å^3,0.9383707957820485,/scratch/kenko/akg4pyscf/.graphchat-workspaces/kenko_room/mlff_elasticity_benchmark/workflow_runs/Orb_OMAT/elasticity_Orb_OMAT/structures/Co8Hf16_09cb1c1e/output.json,mp-1190841,cif,https://elagente.ca/grafico/ConceptualAtoms_49427ed4-8ebf-484c-a236-6dd4980a1b80,mp-1190841
Co3Zn,0.9715956458957027,https://elagente.ca/grafico/ConceptualAtoms_49eac383-b0a2-47e2-b650-6f80d55cfbf3,https://elagente.ca/ontomlff/MLFFElasticityResult_281850c7-561e-4bf5-99b6-dd5041a6ccaa,[],[],0.2243078563654196,eV/Å^3,0.6248389927503227,/scratch/kenko/akg4pyscf/.graphchat-workspaces/kenko_room/mlff_elasticity_benchmark/workflow_runs/Orb_OMAT/elasticity_Orb_OMAT/structures/Co3Zn_9c96f805/output.json,mp-971744,cif,https://elagente.ca/grafico/ConceptualAtoms_49eac383-b0a2-47e2-b650-6f80d55cfbf3,mp-971744
Te,0.29541133646411605,https://elagente.ca/grafico/ConceptualAtoms_49ebc28f-fe3a-4694-b294-a6fe45cefd41,https://elagente.ca/ontomlff/MLFFElasticityResult_f89ebc38-558f-474f-890e-96e3797a4527,[],[],0.05249283829240799,eV/Å^3,0.1486724450003829,/scratch/kenko/akg4pyscf/.graphchat-workspaces/kenko_room/mlff_elasticity_benchmark/workflow_runs/Orb_OMAT/elasticity_Orb_OMAT/structures/Te_ec91069e/output.json,mp-10654,cif,https://elagente.ca/grafico/ConceptualAtoms_49ebc28f-fe3a-4694-b294-a6fe45cefd41,mp-10654
CuY,0.40911005617651197,https://elagente.ca/grafico/ConceptualAtoms_4a2d0c16-51f2-4306-9169-c42d8c52cebf,https://elagente.ca/ontomlff/MLFFElasticityResult_bf2aa031-6953-4498-b2ce-c11ab03ea4bd,[],[],0.234481486703574,eV/Å^3,0.5906086496766809,/scratch/kenko/akg4pyscf/.graphchat-workspaces/kenko_room/mlff_elasticity_benchmark/workflow_runs/Orb_OMAT/elasticity_Orb_OMAT/structures/CuY_d9557d1c/output.json,mp-712,cif,https://elagente.ca/grafico/ConceptualAtoms_4a2d0c16-51f2-4306-9169-c42d8c52cebf,mp-712
O14Sn4Y4,1.0048655678594813,https://elagente.ca/grafico/ConceptualAtoms_4ab3c470-29cb-4143-a255-70238cd07faa,https://elagente.ca/ontomlff/MLFFElasticityResult_686cd9c9-8a73-49ba-8e25-09161e2568ba,[],[],0.6199383527411849,eV/Å^3,1.5425885998919426,/scratch/kenko/akg4pyscf/.graphchat-workspaces/kenko_room/mlff_elasticity_benchmark/workflow_runs/Orb_OMAT/elasticity_Orb_OMAT/structures/O14Sn4Y4_e4f547f8/output.json,mp-3370,cif,https://elagente.ca/grafico/ConceptualAtoms_4ab3c470-29cb-4143-a255-70238cd07faa,mp-3370
AlFeTi2,0.6723244014730029,https://elagente.ca/grafico/ConceptualAtoms_4ae92df6-1a12-4ff8-838d-c8a9111ec3d5,https://elagente.ca/ontomlff/MLFFElasticityResult_901207a5-1abd-4dcc-ad12-e4bd381b164e,[],[],0.2742730141950191,eV/Å^3,0.7243237097336734,/scratch/kenko/akg4pyscf/.graphchat-workspaces/kenko_room/mlff_elasticity_benchmark/workflow_runs/Orb_OMAT/elasticity_Orb_OMAT/structures/AlFeTi2_951fe09d/output.json,mp-999069,cif,https://elagente.ca/grafico/ConceptualAtoms_4ae92df6-1a12-4ff8-838d-c8a9111ec3d5,mp-999069
AcRbTe2,0.21868819250795607,https://elagente.ca/grafico/ConceptualAtoms_4afbe3f3-8bc2-4288-8e41-3793ac360b8f,https://elagente.ca/ontomlff/MLFFElasticityResult_3fe3f7cf-23b5-4a4e-b3bd-af5d66bb5343,[],[],0.11921622765815401,eV/Å^3,0.302652446093411,/scratch/kenko/akg4pyscf/.graphchat-workspaces/kenko_room/mlff_elasticity_benchmark/workflow_runs/Orb_OMAT/elasticity_Orb_OMAT/structures/AcRbTe2_f8dbfbd6/output.json,mp-862797,cif,https://elagente.ca/grafico/ConceptualAtoms_4afbe3f3-8bc2-4288-8e41-3793ac360b8f,mp-862797
CoNb2S4,0.7150952854990866,https://elagente.ca/grafico/ConceptualAtoms_4b1d4e7c-80cc-4ee6-bee2-84b5109bd82b,https://elagente.ca/ontomlff/MLFFElasticityResult_93e2a31d-4d6e-4397-9598-bd6ba66a3900,[],[],0.27569888763370654,eV/Å^3,0.7329078703115808,/scratch/kenko/akg4pyscf/.graphchat-workspaces/kenko_room/mlff_elasticity_benchmark/workflow_runs/Orb_OMAT/elasticity_Orb_OMAT/structures/CoNb2S4_e1506da1/output.json,mp-1025350,cif,https://elagente.ca/grafico/ConceptualAtoms_4b1d4e7c-80cc-4ee6-bee2-84b5109bd82b,mp-1025350
CuNi2Zn,0.9445580602361792,https://elagente.ca/grafico/ConceptualAtoms_4b3de05b-dbdf-4895-9138-ba6239b478e4,https://elagente.ca/ontomlff/MLFFElasticityResult_ae3d4ee3-990a-4f99-95a8-25f2266d8e14,[],[],0.3106962562423603,eV/Å^3,0.8399887770957267,/scratch/kenko/akg4pyscf/.graphchat-workspaces/kenko_room/mlff_elasticity_benchmark/workflow_runs/Orb_OMAT/elasticity_Orb_OMAT/structures/CuNi2Zn_cf8b50f7/output.json,mp-971738,cif,https://elagente.ca/grafico/ConceptualAtoms_4b3de05b-dbdf-4895-9138-ba6239b478e4,mp-971738
B12Si3,1.1604124595741765,https://elagente.ca/grafico/ConceptualAtoms_4b7fbacc-a7d7-41b9-b117-274ea3f17914,https://elagente.ca/ontomlff/MLFFElasticityResult_a3409702-162c-4a5e-94fd-bf41b2296d5a,[],[],0.980544829421192,eV/Å^3,2.2951653526232847,/scratch/kenko/akg4pyscf/.graphchat-workspaces/kenko_room/mlff_elasticity_benchmark/workflow_runs/Orb_OMAT/elasticity_Orb_OMAT/structures/B12Si3_83305f9f/output.json,mp-978496,cif,https://elagente.ca/grafico/ConceptualAtoms_4b7fbacc-a7d7-41b9-b117-274ea3f17914,mp-978496
Os3Ti,1.6160586312311416,https://elagente.ca/grafico/ConceptualAtoms_4b9bbba8-baec-44fe-8225-12e967b4ae48,https://elagente.ca/ontomlff/MLFFElasticityResult_b94c5a36-b546-435e-9d50-7a8f040b0ac1,[],[],0.6792362213057797,eV/Å^3,1.7873047670837008,/scratch/kenko/akg4pyscf/.graphchat-workspaces/kenko_room/mlff_elasticity_benchmark/workflow_runs/Orb_OMAT/elasticity_Orb_OMAT/structures/Os3Ti_2040e2c0/output.json,mp-980203,cif,https://elagente.ca/grafico/ConceptualAtoms_4b9bbba8-baec-44fe-8225-12e967b4ae48,mp-980203
FeLiRh2,0.8323239737373203,https://elagente.ca/grafico/ConceptualAtoms_4b9d40ec-7dc7-4d67-9524-7e0853145c3e,https://elagente.ca/ontomlff/MLFFElasticityResult_80c87b9a-6e30-46f2-ae8b-61e1dce19f39,[],[],0.3463694880040704,eV/Å^3,0.9125265961105856,/scratch/kenko/akg4pyscf/.graphchat-workspaces/kenko_room/mlff_elasticity_benchmark/workflow_runs/Orb_OMAT/elasticity_Orb_OMAT/structures/FeLiRh2_2721a6ec/output.json,mp-862290,cif,https://elagente.ca/grafico/ConceptualAtoms_4b9d40ec-7dc7-4d67-9524-7e0853145c3e,mp-862290
F6Ti2,0.6370983196636226,https://elagente.ca/grafico/ConceptualAtoms_4bcf1807-8ed4-4af7-91e7-f2961b7996c8,https://elagente.ca/ontomlff/MLFFElasticityResult_a9b9ad46-3c2a-4885-9ae3-1341c860baa4,[],[],0.2797486104733038,eV/Å^3,0.7320923916356681,/scratch/kenko/akg4pyscf/.graphchat-workspaces/kenko_room/mlff_elasticity_benchmark/workflow_runs/Orb_OMAT/elasticity_Orb_OMAT/structures/F6Ti2_6f3b6e2b/output.json,mp-246,cif,https://elagente.ca/grafico/ConceptualAtoms_4bcf1807-8ed4-4af7-91e7-f2961b7996c8,mp-246
C2H2Na2O4,0.39290952643386523,https://elagente.ca/grafico/ConceptualAtoms_4bd092a3-13db-454a-a370-8f78dba08e51,https://elagente.ca/ontomlff/MLFFElasticityResult_59c6943a-9996-487a-a732-439309201b1c,[],[],0.25510898880357574,eV/Å^3,0.6291596676537541,/scratch/kenko/akg4pyscf/.graphchat-workspaces/kenko_room/mlff_elasticity_benchmark/workflow_runs/Orb_OMAT/elasticity_Orb_OMAT/structures/C2H2Na2O4_9788ec74/output.json,mp-23684,cif,https://elagente.ca/grafico/ConceptualAtoms_4bd092a3-13db-454a-a370-8f78dba08e51,mp-23684
C2Co2Y2,0.7981478126135926,https://elagente.ca/grafico/ConceptualAtoms_4c25ba48-94e1-4a58-b21c-76aa2995bc6a,https://elagente.ca/ontomlff/MLFFElasticityResult_f92dee48-e22a-4eff-b0f5-ba5163421d18,[],[],0.432964383963656,eV/Å^3,1.0999920704812898,/scratch/kenko/akg4pyscf/.graphchat-workspaces/kenko_room/mlff_elasticity_benchmark/workflow_runs/Orb_OMAT/elasticity_Orb_OMAT/structures/C2Co2Y2_e1f5ce43/output.json,mp-21422,cif,https://elagente.ca/grafico/ConceptualAtoms_4c25ba48-94e1-4a58-b21c-76aa2995bc6a,mp-21422
S28,0.20452388746458844,https://elagente.ca/grafico/ConceptualAtoms_4c9f569a-05d8-4f55-9bd3-98e29dbe1923,https://elagente.ca/ontomlff/MLFFElasticityResult_d02ae80a-3c61-4196-889f-97e3f6863703,[],[],0.11732474319767949,eV/Å^3,0.2954747232563122,/scratch/kenko/akg4pyscf/.graphchat-workspaces/kenko_room/mlff_elasticity_benchmark/workflow_runs/Orb_OMAT/elasticity_Orb_OMAT/structures/S28_c559d6d1/output.json,mp-557559,cif,https://elagente.ca/grafico/ConceptualAtoms_4c9f569a-05d8-4f55-9bd3-98e29dbe1923,mp-557559
Al2O8P2,0.9073915709255402,https://elagente.ca/grafico/ConceptualAtoms_4cc39c06-3382-421a-aca0-6aa09b986f0c,https://elagente.ca/ontomlff/MLFFElasticityResult_dc4532b6-2f79-41d6-9a42-55c4fb60beb6,[],[],0.5760405961320009,eV/Å^3,1.4263014971349894,/scratch/kenko/akg4pyscf/.graphchat-workspaces/kenko_room/mlff_elasticity_benchmark/workflow_runs/Orb_OMAT/elasticity_Orb_OMAT/structures/Al2O8P2_92720b2f/output.json,mp-4051,cif,https://elagente.ca/grafico/ConceptualAtoms_4cc39c06-3382-421a-aca0-6aa09b986f0c,mp-4051
NNb,1.9276056934227017,https://elagente.ca/grafico/ConceptualAtoms_4cfb7880-64ce-43f3-b997-016faba4309f,https://elagente.ca/ontomlff/MLFFElasticityResult_87710f33-fe91-4e8c-97cf-c68f5bdd60d5,[],[],1.2571623611502947,eV/Å^3,3.0979948316150367,/scratch/kenko/akg4pyscf/.graphchat-workspaces/kenko_room/mlff_elasticity_benchmark/workflow_runs/Orb_OMAT/elasticity_Orb_OMAT/structures/NNb_34e88922/output.json,mp-2634,cif,https://elagente.ca/grafico/ConceptualAtoms_4cfb7880-64ce-43f3-b997-016faba4309f,mp-2634
Li2Nb4O2,0.8707184894500732,https://elagente.ca/grafico/ConceptualAtoms_4d00fc8b-f5f8-4c66-ab42-bc5c25657aa9,https://elagente.ca/ontomlff/MLFFElasticityResult_e2592022-b0f4-46d3-aa33-6b72992d0618,[],[],0.34336955447834394,eV/Å^3,0.9104318039613619,/scratch/kenko/akg4pyscf/.graphchat-workspaces/kenko_room/mlff_elasticity_benchmark/workflow_runs/Orb_OMAT/elasticity_Orb_OMAT/structures/Li2Nb4O2_96aaa4cc/output.json,mp-1025455,cif,https://elagente.ca/grafico/ConceptualAtoms_4d00fc8b-f5f8-4c66-ab42-bc5c25657aa9,mp-1025455
Co7Mo6,1.384373723779286,https://elagente.ca/grafico/ConceptualAtoms_4d55243f-cc0f-468f-baaf-e6d6b01c399e,https://elagente.ca/ontomlff/MLFFElasticityResult_dbdfead7-8b89-4f6d-9629-39dcb3354005,[],[],0.6543415431766499,eV/Å^3,1.6958382483433998,/scratch/kenko/akg4pyscf/.graphchat-workspaces/kenko_room/mlff_elasticity_benchmark/workflow_runs/Orb_OMAT/elasticity_Orb_OMAT/structures/Co7Mo6_875f9068/output.json,mp-567747,cif,https://elagente.ca/grafico/ConceptualAtoms_4d55243f-cc0f-468f-baaf-e6d6b01c399e,mp-567747
ErLa3,0.139518713833151,https://elagente.ca/grafico/ConceptualAtoms_4d8faf70-5784-48ae-a603-2dac065f8876,https://elagente.ca/ontomlff/MLFFElasticityResult_5e4aee10-481f-4d2e-b7c9-f3a70e77dd50,[],[],0.0933550325398289,eV/Å^3,0.22899083390448674,/scratch/kenko/akg4pyscf/.graphchat-workspaces/kenko_room/mlff_elasticity_benchmark/workflow_runs/Orb_OMAT/elasticity_Orb_OMAT/structures/ErLa3_2651c2b1/output.json,mp-972912,cif,https://elagente.ca/grafico/ConceptualAtoms_4d8faf70-5784-48ae-a603-2dac065f8876,mp-972912
ErRu2Ta,1.0365530458122196,https://elagente.ca/grafico/ConceptualAtoms_4d9523d1-223b-4409-8476-b2608c4b6f96,https://elagente.ca/ontomlff/MLFFElasticityResult_f307ea81-5e7a-43ed-acaa-f7160ffb4a37,[],[],0.5149305736885542,eV/Å^3,1.3253295058758696,/scratch/kenko/akg4pyscf/.graphchat-workspaces/kenko_room/mlff_elasticity_benchmark/workflow_runs/Orb_OMAT/elasticity_Orb_OMAT/structures/ErRu2Ta_f014187b/output.json,mp-863679,cif,https://elagente.ca/grafico/ConceptualAtoms_4d9523d1-223b-4409-8476-b2608c4b6f96,mp-863679
C4Sn2Ti6,1.070308900294162,https://elagente.ca/grafico/ConceptualAtoms_4dd3e67a-beca-40e9-b927-f7a238bf8806,https://elagente.ca/ontomlff/MLFFElasticityResult_eadeaecd-a276-4382-8321-d2ba96fe86ee,[],[],0.710432956279339,eV/Å^3,1.7451713292898332,/scratch/kenko/akg4pyscf/.graphchat-workspaces/kenko_room/mlff_elasticity_benchmark/workflow_runs/Orb_OMAT/elasticity_Orb_OMAT/structures/C4Sn2Ti6_3a426696/output.json,mp-21023,cif,https://elagente.ca/grafico/ConceptualAtoms_4dd3e67a-beca-40e9-b927-f7a238bf8806,mp-21023
Cu2Dy2O2Se2,0.6620741613486945,https://elagente.ca/grafico/ConceptualAtoms_4de1c7c1-73e9-48eb-9147-61d2d1d93721,https://elagente.ca/ontomlff/MLFFElasticityResult_bd150ce6-2819-4be9-97f2-9baaff74d3f2,[],[],0.3371812429738237,eV/Å^3,0.8647446307390844,/scratch/kenko/akg4pyscf/.graphchat-workspaces/kenko_room/mlff_elasticity_benchmark/workflow_runs/Orb_OMAT/elasticity_Orb_OMAT/structures/Cu2Dy2O2Se2_a0f6929b/output.json,mp-9304,cif,https://elagente.ca/grafico/ConceptualAtoms_4de1c7c1-73e9-48eb-9147-61d2d1d93721,mp-9304
ClILiNa,0.1204865488864256,https://elagente.ca/grafico/ConceptualAtoms_4e95e79f-487e-48dc-b259-01580876d375,https://elagente.ca/ontomlff/MLFFElasticityResult_6fe0dbca-34d4-4c4d-94d1-ddb0ea1753fb,[],[],0.07438224398454861,eV/Å^3,0.18506375962619934,/scratch/kenko/akg4pyscf/.graphchat-workspaces/kenko_room/mlff_elasticity_benchmark/workflow_runs/Orb_OMAT/elasticity_Orb_OMAT/structures/ClILiNa_0b48c2cf/output.json,mp-1002069,cif,https://elagente.ca/grafico/ConceptualAtoms_4e95e79f-487e-48dc-b259-01580876d375,mp-1002069
P3Ru3Ti3,1.2422924242110862,https://elagente.ca/grafico/ConceptualAtoms_4ed371d4-d412-4ea3-b134-4485eabb451a,https://elagente.ca/ontomlff/MLFFElasticityResult_e93c39fc-9a20-4696-8a8b-fd8d3fa13671,[],[],0.641576153755553,eV/Å^3,1.6420517876998066,/scratch/kenko/akg4pyscf/.graphchat-workspaces/kenko_room/mlff_elasticity_benchmark/workflow_runs/Orb_OMAT/elasticity_Orb_OMAT/structures/P3Ru3Ti3_5494ad80/output.json,mp-10739,cif,https://elagente.ca/grafico/ConceptualAtoms_4ed371d4-d412-4ea3-b134-4485eabb451a,mp-10739
Hf6Si4,0.8094276020514566,https://elagente.ca/grafico/ConceptualAtoms_4ee66d21-dcd2-4ceb-95c2-f8cd5eb250d8,https://elagente.ca/ontomlff/MLFFElasticityResult_791450f2-4753-44b8-9213-4c96abb46528,[],[],0.5855325505256324,eV/Å^3,1.4153209038506547,/scratch/kenko/akg4pyscf/.graphchat-workspaces/kenko_room/mlff_elasticity_benchmark/workflow_runs/Orb_OMAT/elasticity_Orb_OMAT/structures/Hf6Si4_aa9be316/output.json,mp-2105,cif,https://elagente.ca/grafico/ConceptualAtoms_4ee66d21-dcd2-4ceb-95c2-f8cd5eb250d8,mp-2105
BeRu2V,1.3629885992445836,https://elagente.ca/grafico/ConceptualAtoms_4ef98e58-375a-4b5e-875b-a56e8f589d14,https://elagente.ca/ontomlff/MLFFElasticityResult_235f1c1b-6cc1-4a48-9168-1587c9b6c7d9,[],[],0.5495571870999068,eV/Å^3,1.453342291909029,/scratch/kenko/akg4pyscf/.graphchat-workspaces/kenko_room/mlff_elasticity_benchmark/workflow_runs/Orb_OMAT/elasticity_Orb_OMAT/structures/BeRu2V_9b233362/output.json,mp-867874,cif,https://elagente.ca/grafico/ConceptualAtoms_4ef98e58-375a-4b5e-875b-a56e8f589d14,mp-867874
Al4Ca10Sb12,0.26678529344184687,https://elagente.ca/grafico/ConceptualAtoms_4f0b6d98-6b4f-49ca-9872-5397618193db,https://elagente.ca/ontomlff/MLFFElasticityResult_779ae00c-a5dd-461b-ae2b-ae9ce14607a9,[],[],0.1827706260567577,eV/Å^3,0.4463765681191699,/scratch/kenko/akg4pyscf/.graphchat-workspaces/kenko_room/mlff_elasticity_benchmark/workflow_runs/Orb_OMAT/elasticity_Orb_OMAT/structures/Al4Ca10Sb12_9b24c5d3/output.json,mp-8439,cif,https://elagente.ca/grafico/ConceptualAtoms_4f0b6d98-6b4f-49ca-9872-5397618193db,mp-8439
Cd2S8Sc4,0.4517504977167952,https://elagente.ca/grafico/ConceptualAtoms_4f3a0b82-7206-4245-9247-9304b17b19df,https://elagente.ca/ontomlff/MLFFElasticityResult_0da07457-f270-4fb0-ac38-93f7fdd4c3c4,[],[],0.2772971991965845,eV/Å^3,0.6905903236196762,/scratch/kenko/akg4pyscf/.graphchat-workspaces/kenko_room/mlff_elasticity_benchmark/workflow_runs/Orb_OMAT/elasticity_Orb_OMAT/structures/Cd2S8Sc4_4cb311ba/output.json,mp-10953,cif,https://elagente.ca/grafico/ConceptualAtoms_4f3a0b82-7206-4245-9247-9304b17b19df,mp-10953
CN2Na2,0.4449093568203283,https://elagente.ca/grafico/ConceptualAtoms_4f4fbac4-c573-486f-a721-43eb6f82145f,https://elagente.ca/ontomlff/MLFFElasticityResult_a40381a2-0a82-4420-b8be-d14b0811ee55,[],[],0.2787600930928951,eV/Å^3,0.6917973052046745,/scratch/kenko/akg4pyscf/.graphchat-workspaces/kenko_room/mlff_elasticity_benchmark/workflow_runs/Orb_OMAT/elasticity_Orb_OMAT/structures/CN2Na2_cef7763e/output.json,mp-541989,cif,https://elagente.ca/grafico/ConceptualAtoms_4f4fbac4-c573-486f-a721-43eb6f82145f,mp-541989
Au9Cd9,0.5178186660311559,https://elagente.ca/grafico/ConceptualAtoms_4f6c7343-8ee0-42a1-ba03-2aab324f5a01,https://elagente.ca/ontomlff/MLFFElasticityResult_1e31358f-b11e-4807-8094-193a9380f28c,[],[],0.10647889575691459,eV/Å^3,0.2989459645015281,/scratch/kenko/akg4pyscf/.graphchat-workspaces/kenko_room/mlff_elasticity_benchmark/workflow_runs/Orb_OMAT/elasticity_Orb_OMAT/structures/Au9Cd9_3c27442b/output.json,mp-16886,cif,https://elagente.ca/grafico/ConceptualAtoms_4f6c7343-8ee0-42a1-ba03-2aab324f5a01,mp-16886
Cl4Pd2,0.12958058197036024,https://elagente.ca/grafico/ConceptualAtoms_4f7387a2-ca13-4e9b-a40a-8756be4bc807,https://elagente.ca/ontomlff/MLFFElasticityResult_1dea80d3-6aeb-4218-b46f-0236a2b8964d,[],[],0.08408044440591407,eV/Å^3,0.20738607086157163,/scratch/kenko/akg4pyscf/.graphchat-workspaces/kenko_room/mlff_elasticity_benchmark/workflow_runs/Orb_OMAT/elasticity_Orb_OMAT/structures/Cl4Pd2_6d8432c3/output.json,mp-569008,cif,https://elagente.ca/grafico/ConceptualAtoms_4f7387a2-ca13-4e9b-a40a-8756be4bc807,mp-569008
DyPd,0.5134583949414679,https://elagente.ca/grafico/ConceptualAtoms_4fb674b4-1027-48a8-adda-c9d350e77573,https://elagente.ca/ontomlff/MLFFElasticityResult_4d9acdd1-1fc8-4d99-9aa3-1065e3c41ab3,[],[],0.20947462637431896,eV/Å^3,0.5531952186736334,/scratch/kenko/akg4pyscf/.graphchat-workspaces/kenko_room/mlff_elasticity_benchmark/workflow_runs/Orb_OMAT/elasticity_Orb_OMAT/structures/DyPd_09e8d6a4/output.json,mp-2226,cif,https://elagente.ca/grafico/ConceptualAtoms_4fb674b4-1027-48a8-adda-c9d350e77573,mp-2226
Al6Ce2,0.4221661948131128,https://elagente.ca/grafico/ConceptualAtoms_5027f849-d6d6-4489-b9d1-5a3ad2ae19fc,https://elagente.ca/ontomlff/MLFFElasticityResult_1d85db3c-08d8-4d65-bf30-322cd5986792,[],[],0.3271587115234308,eV/Å^3,0.7799908664449201,/scratch/kenko/akg4pyscf/.graphchat-workspaces/kenko_room/mlff_elasticity_benchmark/workflow_runs/Orb_OMAT/elasticity_Orb_OMAT/structures/Al6Ce2_6e057c77/output.json,mp-567305,cif,https://elagente.ca/grafico/ConceptualAtoms_5027f849-d6d6-4489-b9d1-5a3ad2ae19fc,mp-567305
BrKO3,0.36364526250792784,https://elagente.ca/grafico/ConceptualAtoms_51181fb0-a4e3-41c1-b7de-e535ac1cbc72,https://elagente.ca/ontomlff/MLFFElasticityResult_e7df76e6-7588-418d-8450-2c27ef7c93cd,[],[],0.23721253109889354,eV/Å^3,0.5845363107335327,/scratch/kenko/akg4pyscf/.graphchat-workspaces/kenko_room/mlff_elasticity_benchmark/workflow_runs/Orb_OMAT/elasticity_Orb_OMAT/structures/BrKO3_4335b750/output.json,mp-22958,cif,https://elagente.ca/grafico/ConceptualAtoms_51181fb0-a4e3-41c1-b7de-e535ac1cbc72,mp-22958
Si2Sr2,0.2713379944935425,https://elagente.ca/grafico/ConceptualAtoms_5197e5bf-29c3-4898-b022-b8c46977fb56,https://elagente.ca/ontomlff/MLFFElasticityResult_f3c7da91-ce6e-4169-9489-04122e0e0afc,[],[],0.21456105949314824,eV/Å^3,0.5094106762484256,/scratch/kenko/akg4pyscf/.graphchat-workspaces/kenko_room/mlff_elasticity_benchmark/workflow_runs/Orb_OMAT/elasticity_Orb_OMAT/structures/Si2Sr2_8a528571/output.json,mp-2661,cif,https://elagente.ca/grafico/ConceptualAtoms_5197e5bf-29c3-4898-b022-b8c46977fb56,mp-2661
S2Sn2,0.07967480076078867,https://elagente.ca/grafico/ConceptualAtoms_51bfb032-ea28-47b7-ba8c-2f56757adfed,https://elagente.ca/ontomlff/MLFFElasticityResult_ad9815f5-daea-46dd-a37e-b287a76e7ae2,[],[],0.03716378366769697,eV/Å^3,0.09648911462847891,/scratch/kenko/akg4pyscf/.graphchat-workspaces/kenko_room/mlff_elasticity_benchmark/workflow_runs/Orb_OMAT/elasticity_Orb_OMAT/structures/S2Sn2_056166cc/output.json,mp-554134,cif,https://elagente.ca/grafico/ConceptualAtoms_51bfb032-ea28-47b7-ba8c-2f56757adfed,mp-554134
Cu4O12Y4,0.9972502304634336,https://elagente.ca/grafico/ConceptualAtoms_51bffbc3-608f-4908-b565-c4dc738e1d67,https://elagente.ca/ontomlff/MLFFElasticityResult_9a9a3194-576a-4c22-8352-ee00d72f7404,[],[],0.519142933236716,eV/Å^3,1.3271375286452896,/scratch/kenko/akg4pyscf/.graphchat-workspaces/kenko_room/mlff_elasticity_benchmark/workflow_runs/Orb_OMAT/elasticity_Orb_OMAT/structures/Cu4O12Y4_84f57098/output.json,mp-1340758,cif,https://elagente.ca/grafico/ConceptualAtoms_51bffbc3-608f-4908-b565-c4dc738e1d67,mp-1340758
CdGeLi2,0.2456551657919819,https://elagente.ca/grafico/ConceptualAtoms_51db9bf8-15f9-402c-b3e3-0378b020814f,https://elagente.ca/ontomlff/MLFFElasticityResult_eac00713-dae1-42ab-abd2-8f7f5b5d6bd8,[],[],0.08761325710894632,eV/Å^3,0.23491248319521524,/scratch/kenko/akg4pyscf/.graphchat-workspaces/kenko_room/mlff_elasticity_benchmark/workflow_runs/Orb_OMAT/elasticity_Orb_OMAT/structures/CdGeLi2_09e7680d/output.json,mp-10686,cif,https://elagente.ca/grafico/ConceptualAtoms_51db9bf8-15f9-402c-b3e3-0378b020814f,mp-10686
Cl4Rh2,0.44115144315106575,https://elagente.ca/grafico/ConceptualAtoms_51f98931-b39d-45cc-b553-e9311f806732,https://elagente.ca/ontomlff/MLFFElasticityResult_57e81473-093e-4967-a101-ffe4e63b24c5,[],[],0.17635327578690407,eV/Å^3,0.46685089248377576,/scratch/kenko/akg4pyscf/.graphchat-workspaces/kenko_room/mlff_elasticity_benchmark/workflow_runs/Orb_OMAT/elasticity_Orb_OMAT/structures/Cl4Rh2_59ed4f84/output.json,mp-867259,cif,https://elagente.ca/grafico/ConceptualAtoms_51f98931-b39d-45cc-b553-e9311f806732,mp-867259
Al15Er5,0.4500414347231217,https://elagente.ca/grafico/ConceptualAtoms_52459dc3-39e6-496b-b2c0-275bf679531f,https://elagente.ca/ontomlff/MLFFElasticityResult_7d096342-7b6d-414d-b503-067ecf7ac8f2,[],[],0.37244909536880827,eV/Å^3,0.8757581694773725,/scratch/kenko/akg4pyscf/.graphchat-workspaces/kenko_room/mlff_elasticity_benchmark/workflow_runs/Orb_OMAT/elasticity_Orb_OMAT/structures/Al15Er5_155b506d/output.json,mp-862656,cif,https://elagente.ca/grafico/ConceptualAtoms_52459dc3-39e6-496b-b2c0-275bf679531f,mp-862656
CaO4U,1.0671481570571064,https://elagente.ca/grafico/ConceptualAtoms_52a34d95-3a9c-4ec6-a529-5f2c73c36833,https://elagente.ca/ontomlff/MLFFElasticityResult_144786fd-ff6d-4573-9822-6a56e9b7cc94,[],[],0.4688475174859487,eV/Å^3,1.2268691133973577,/scratch/kenko/akg4pyscf/.graphchat-workspaces/kenko_room/mlff_elasticity_benchmark/workflow_runs/Orb_OMAT/elasticity_Orb_OMAT/structures/CaO4U_5e7b4ad8/output.json,mp-3960,cif,https://elagente.ca/grafico/ConceptualAtoms_52a34d95-3a9c-4ec6-a529-5f2c73c36833,mp-3960
Ga2Pd2Ti2,0.804239125441865,https://elagente.ca/grafico/ConceptualAtoms_52b72f5a-aaaa-4be4-8dec-988a2eb2fd87,https://elagente.ca/ontomlff/MLFFElasticityResult_50c4dda5-5138-41f6-ac44-b49ba2a491ce,[],[],0.32915428943034597,eV/Å^3,0.8689206174590401,/scratch/kenko/akg4pyscf/.graphchat-workspaces/kenko_room/mlff_elasticity_benchmark/workflow_runs/Orb_OMAT/elasticity_Orb_OMAT/structures/Ga2Pd2Ti2_4e47fcd7/output.json,mp-1025045,cif,https://elagente.ca/grafico/ConceptualAtoms_52b72f5a-aaaa-4be4-8dec-988a2eb2fd87,mp-1025045
Cu3Pd,0.8681558846373549,https://elagente.ca/grafico/ConceptualAtoms_533a47be-6ba6-4522-8ab2-2c556f82b8c2,https://elagente.ca/ontomlff/MLFFElasticityResult_24c3dba1-537b-4163-83b6-ffcaed88c77d,[],[],0.3405216340976263,eV/Å^3,0.9034439463757015,/scratch/kenko/akg4pyscf/.graphchat-workspaces/kenko_room/mlff_elasticity_benchmark/workflow_runs/Orb_OMAT/elasticity_Orb_OMAT/structures/Cu3Pd_30202b8f/output.json,mp-580357,cif,https://elagente.ca/grafico/ConceptualAtoms_533a47be-6ba6-4522-8ab2-2c556f82b8c2,mp-580357
Al2Dy4Ge4,0.4679828650491866,https://elagente.ca/grafico/ConceptualAtoms_538f8bfa-6e97-4bdc-ac10-68e9d0fc70b2,https://elagente.ca/ontomlff/MLFFElasticityResult_bdab1e0d-994b-49da-8837-2d0b115cd4a4,[],[],0.32024930872053214,eV/Å^3,0.7823003949833688,/scratch/kenko/akg4pyscf/.graphchat-workspaces/kenko_room/mlff_elasticity_benchmark/workflow_runs/Orb_OMAT/elasticity_Orb_OMAT/structures/Al2Dy4Ge4_f4937480/output.json,mp-21382,cif,https://elagente.ca/grafico/ConceptualAtoms_538f8bfa-6e97-4bdc-ac10-68e9d0fc70b2,mp-21382
As2BaZn2,0.31885838237784525,https://elagente.ca/grafico/ConceptualAtoms_53a57180-807e-4539-9093-c57bde98eb3b,https://elagente.ca/ontomlff/MLFFElasticityResult_18ea9083-6943-4e78-a593-54ea724bf863,[],[],0.15196299767125093,eV/Å^3,0.39339384270397465,/scratch/kenko/akg4pyscf/.graphchat-workspaces/kenko_room/mlff_elasticity_benchmark/workflow_runs/Orb_OMAT/elasticity_Orb_OMAT/structures/As2BaZn2_7a41541b/output.json,mp-570198,cif,https://elagente.ca/grafico/ConceptualAtoms_53a57180-807e-4539-9093-c57bde98eb3b,mp-570198
InSb,0.272493696732152,https://elagente.ca/grafico/ConceptualAtoms_53a59034-50b1-4cfa-84ff-a7d37ba210ca,https://elagente.ca/ontomlff/MLFFElasticityResult_ca90dff5-3bf1-4a1c-bd84-55ca45eaff72,[],[],0.08131350333472001,eV/Å^3,0.22187133244517362,/scratch/kenko/akg4pyscf/.graphchat-workspaces/kenko_room/mlff_elasticity_benchmark/workflow_runs/Orb_OMAT/elasticity_Orb_OMAT/structures/InSb_37147059/output.json,mp-10149,cif,https://elagente.ca/grafico/ConceptualAtoms_53a59034-50b1-4cfa-84ff-a7d37ba210ca,mp-10149
As2Cu2Sr2,0.33683010289018894,https://elagente.ca/grafico/ConceptualAtoms_53c973f2-e8f0-4e8f-b120-e2af086bb55c,https://elagente.ca/ontomlff/MLFFElasticityResult_8037f319-4418-4062-a1cc-18206b776091,[],[],0.239859543908238,eV/Å^3,0.5815390246054533,/scratch/kenko/akg4pyscf/.graphchat-workspaces/kenko_room/mlff_elasticity_benchmark/workflow_runs/Orb_OMAT/elasticity_Orb_OMAT/structures/As2Cu2Sr2_4e224f4c/output.json,mp-12557,cif,https://elagente.ca/grafico/ConceptualAtoms_53c973f2-e8f0-4e8f-b120-e2af086bb55c,mp-12557
MnPbRh2,0.8026288996231079,https://elagente.ca/grafico/ConceptualAtoms_543b0284-7a9f-481c-b8dc-61498aadc010,https://elagente.ca/ontomlff/MLFFElasticityResult_5871b699-c99c-445b-a5a7-83b031697f7d,[],[],0.22357103406174877,eV/Å^3,0.6137287091099703,/scratch/kenko/akg4pyscf/.graphchat-workspaces/kenko_room/mlff_elasticity_benchmark/workflow_runs/Orb_OMAT/elasticity_Orb_OMAT/structures/MnPbRh2_334ab002/output.json,mp-4652,cif,https://elagente.ca/grafico/ConceptualAtoms_543b0284-7a9f-481c-b8dc-61498aadc010,mp-4652
Cu2Si2Sr,0.49482640612117573,https://elagente.ca/grafico/ConceptualAtoms_54a1822e-a6d0-432c-a455-d4d3031d5b5a,https://elagente.ca/ontomlff/MLFFElasticityResult_7cc1a2e8-5e1e-4f14-8179-7d0d4237f095,[],[],0.34259047398860076,eV/Å^3,0.8350558949790289,/scratch/kenko/akg4pyscf/.graphchat-workspaces/kenko_room/mlff_elasticity_benchmark/workflow_runs/Orb_OMAT/elasticity_Orb_OMAT/structures/Cu2Si2Sr_fc31afa0/output.json,mp-7877,cif,https://elagente.ca/grafico/ConceptualAtoms_54a1822e-a6d0-432c-a455-d4d3031d5b5a,mp-7877
Ir4Os,2.0706613302496275,https://elagente.ca/grafico/ConceptualAtoms_54c262a5-1691-47c4-94ca-0b0fc910c365,https://elagente.ca/ontomlff/MLFFElasticityResult_77d00c20-6b99-42af-9e6f-c07151619012,[],[],1.2908266888290183,eV/Å^3,3.2062363299383034,/scratch/kenko/akg4pyscf/.graphchat-workspaces/kenko_room/mlff_elasticity_benchmark/workflow_runs/Orb_OMAT/elasticity_Orb_OMAT/structures/Ir4Os_ba54b603/output.json,mp-1223677,cif,https://elagente.ca/grafico/ConceptualAtoms_54c262a5-1691-47c4-94ca-0b0fc910c365,mp-1223677
O3Y2,0.9005722784260636,https://elagente.ca/grafico/ConceptualAtoms_54d7d354-9e8d-4aea-be92-9c61bd15a17d,https://elagente.ca/ontomlff/MLFFElasticityResult_d4681157-79ef-4026-8c86-8d94a4f34397,[],[],0.5249522212891217,eV/Å^3,1.3186405817666929,/scratch/kenko/akg4pyscf/.graphchat-workspaces/kenko_room/mlff_elasticity_benchmark/workflow_runs/Orb_OMAT/elasticity_Orb_OMAT/structures/O3Y2_4a1dd392/output.json,mp-13061,cif,https://elagente.ca/grafico/ConceptualAtoms_54d7d354-9e8d-4aea-be92-9c61bd15a17d,mp-13061
AsLiZn,0.31891424180109307,https://elagente.ca/grafico/ConceptualAtoms_54dd93b6-2150-4a2a-94b2-8972b5be3b66,https://elagente.ca/ontomlff/MLFFElasticityResult_e237dead-dd66-4992-9e32-90212ccbc083,[],[],0.2547143066510431,eV/Å^3,0.6034784234929387,/scratch/kenko/akg4pyscf/.graphchat-workspaces/kenko_room/mlff_elasticity_benchmark/workflow_runs/Orb_OMAT/elasticity_Orb_OMAT/structures/AsLiZn_69180634/output.json,mp-9124,cif,https://elagente.ca/grafico/ConceptualAtoms_54dd93b6-2150-4a2a-94b2-8972b5be3b66,mp-9124
Na4,0.03741563760014478,https://elagente.ca/grafico/ConceptualAtoms_55159dcf-a917-4456-a552-f2648a5f7f67,https://elagente.ca/ontomlff/MLFFElasticityResult_abf58d09-0107-4135-86fa-97f3eca36a92,[],[],0.022844114843413088,eV/Å^3,0.056943412413558894,/scratch/kenko/akg4pyscf/.graphchat-workspaces/kenko_room/mlff_elasticity_benchmark/workflow_runs/Orb_OMAT/elasticity_Orb_OMAT/structures/Na4_664abbe4/output.json,mp-982370,cif,https://elagente.ca/grafico/ConceptualAtoms_55159dcf-a917-4456-a552-f2648a5f7f67,mp-982370
Er3Na,0.17773382194439047,https://elagente.ca/grafico/ConceptualAtoms_553b9aca-ab9a-49cf-90d2-b09376b69064,https://elagente.ca/ontomlff/MLFFElasticityResult_028e0593-725d-4b1a-9a15-94c5ec113471,[],[],0.07896431038431867,eV/Å^3,0.2063357068353928,/scratch/kenko/akg4pyscf/.graphchat-workspaces/kenko_room/mlff_elasticity_benchmark/workflow_runs/Orb_OMAT/elasticity_Orb_OMAT/structures/Er3Na_61748263/output.json,mp-976405,cif,https://elagente.ca/grafico/ConceptualAtoms_553b9aca-ab9a-49cf-90d2-b09376b69064,mp-976405
Au2SnYb,0.5263989305847602,https://elagente.ca/grafico/ConceptualAtoms_553c691e-af14-4a84-8b1e-b4bcc559b45b,https://elagente.ca/ontomlff/MLFFElasticityResult_b144010b-a9fa-4bd9-a048-c9c346143de6,[],[],0.13744739901303907,eV/Å^3,0.3793269905151517,/scratch/kenko/akg4pyscf/.graphchat-workspaces/kenko_room/mlff_elasticity_benchmark/workflow_runs/Orb_OMAT/elasticity_Orb_OMAT/structures/Au2SnYb_2c984206/output.json,mp-865995,cif,https://elagente.ca/grafico/ConceptualAtoms_553c691e-af14-4a84-8b1e-b4bcc559b45b,mp-865995
Sn2Sr2Zn2,0.22989879117249248,https://elagente.ca/grafico/ConceptualAtoms_554ee545-dd88-47d5-93a4-8a40196d82e5,https://elagente.ca/ontomlff/MLFFElasticityResult_1858e457-4250-4b1a-a6c8-63a8704ac142,[],[],0.16432373247234314,eV/Å^3,0.39811761423699576,/scratch/kenko/akg4pyscf/.graphchat-workspaces/kenko_room/mlff_elasticity_benchmark/workflow_runs/Orb_OMAT/elasticity_Orb_OMAT/structures/Sn2Sr2Zn2_48310676/output.json,mp-1019279,cif,https://elagente.ca/grafico/ConceptualAtoms_554ee545-dd88-47d5-93a4-8a40196d82e5,mp-1019279
Mg8O16Si4,1.0106401458664398,https://elagente.ca/grafico/ConceptualAtoms_5577b340-5ef5-4a90-a505-c0f88d5372d8,https://elagente.ca/ontomlff/MLFFElasticityResult_194c377d-935f-4974-9e3c-dc06c282f469,[],[],0.7183213137527358,eV/Å^3,1.742202142951127,/scratch/kenko/akg4pyscf/.graphchat-workspaces/kenko_room/mlff_elasticity_benchmark/workflow_runs/Orb_OMAT/elasticity_Orb_OMAT/structures/Mg8O16Si4_ab0369a4/output.json,mp-5392,cif,https://elagente.ca/grafico/ConceptualAtoms_5577b340-5ef5-4a90-a505-c0f88d5372d8,mp-5392
Mn8P32,0.9371569182321435,https://elagente.ca/grafico/ConceptualAtoms_55a3c564-52ea-4c05-9737-35b99737a423,https://elagente.ca/ontomlff/MLFFElasticityResult_e793d15a-c0c2-4997-9677-f1cdb090a6f4,[],[],0.7148045191557078,eV/Å^3,1.709723584967676,/scratch/kenko/akg4pyscf/.graphchat-workspaces/kenko_room/mlff_elasticity_benchmark/workflow_runs/Orb_OMAT/elasticity_Orb_OMAT/structures/Mn8P32_83d0604b/output.json,mp-571193,cif,https://elagente.ca/grafico/ConceptualAtoms_55a3c564-52ea-4c05-9737-35b99737a423,mp-571193
Sb4Se12Tl12,0.19995256714559456,https://elagente.ca/grafico/ConceptualAtoms_55e71fdb-0b08-4335-b5cc-5f42358a0c26,https://elagente.ca/ontomlff/MLFFElasticityResult_cd51c51c-e223-47c6-ab8e-fe9668439681,[],[],0.08749530389545539,eV/Å^3,0.2290732628245586,/scratch/kenko/akg4pyscf/.graphchat-workspaces/kenko_room/mlff_elasticity_benchmark/workflow_runs/Orb_OMAT/elasticity_Orb_OMAT/structures/Sb4Se12Tl12_fed8d227/output.json,mp-4876,cif,https://elagente.ca/grafico/ConceptualAtoms_55e71fdb-0b08-4335-b5cc-5f42358a0c26,mp-4876
B2Pd4,1.1257083814654372,https://elagente.ca/grafico/ConceptualAtoms_55f45fc5-0c5d-40f8-b167-dc745ca52f78,https://elagente.ca/ontomlff/MLFFElasticityResult_d0b0cf70-43a3-4399-98f7-f0cbf4450803,[],[],0.36561760821374245,eV/Å^3,0.9897044757390352,/scratch/kenko/akg4pyscf/.graphchat-workspaces/kenko_room/mlff_elasticity_benchmark/workflow_runs/Orb_OMAT/elasticity_Orb_OMAT/structures/B2Pd4_832b037b/output.json,mp-7424,cif,https://elagente.ca/grafico/ConceptualAtoms_55f45fc5-0c5d-40f8-b167-dc745ca52f78,mp-7424
Ag2As2Sr2,0.2904903212611524,https://elagente.ca/grafico/ConceptualAtoms_55f8abcb-0f21-451e-b5b5-c6fe5e448826,https://elagente.ca/ontomlff/MLFFElasticityResult_8efce53b-a242-48a5-b49c-0e1492892406,[],[],0.19353871093112696,eV/Å^3,0.47510375994403387,/scratch/kenko/akg4pyscf/.graphchat-workspaces/kenko_room/mlff_elasticity_benchmark/workflow_runs/Orb_OMAT/elasticity_Orb_OMAT/structures/Ag2As2Sr2_a42ab02d/output.json,mp-6954,cif,https://elagente.ca/grafico/ConceptualAtoms_55f8abcb-0f21-451e-b5b5-c6fe5e448826,mp-6954
Hg2Ti6,0.6652354391240884,https://elagente.ca/grafico/ConceptualAtoms_56051f9d-09fb-4db9-bdaf-6aa28f85f36e,https://elagente.ca/ontomlff/MLFFElasticityResult_1c9281f8-b7b6-4d14-8943-5c172c1976c9,[],[],0.4584443701252766,eV/Å^3,1.1184158294970385,/scratch/kenko/akg4pyscf/.graphchat-workspaces/kenko_room/mlff_elasticity_benchmark/workflow_runs/Orb_OMAT/elasticity_Orb_OMAT/structures/Hg2Ti6_41cd71fc/output.json,mp-2354,cif,https://elagente.ca/grafico/ConceptualAtoms_56051f9d-09fb-4db9-bdaf-6aa28f85f36e,mp-2354
HoNaSe2,0.31799682652428984,https://elagente.ca/grafico/ConceptualAtoms_5658c8d7-a958-4900-9a21-323e19b6234f,https://elagente.ca/ontomlff/MLFFElasticityResult_a8ef9136-2524-45c5-a57b-ccbf58cab928,[],[],0.1980412036702931,eV/Å^3,0.49199017426172653,/scratch/kenko/akg4pyscf/.graphchat-workspaces/kenko_room/mlff_elasticity_benchmark/workflow_runs/Orb_OMAT/elasticity_Orb_OMAT/structures/HoNaSe2_4ce91639/output.json,mp-999474,cif,https://elagente.ca/grafico/ConceptualAtoms_5658c8d7-a958-4900-9a21-323e19b6234f,mp-999474
As2Sr4,0.1851758609269043,https://elagente.ca/grafico/ConceptualAtoms_57059f87-e221-4676-bd2f-3c9c2a363ae4,https://elagente.ca/ontomlff/MLFFElasticityResult_2ef26454-459d-4279-8371-707389a54749,[],[],0.15511968895232914,eV/Å^3,0.36378075005579497,/scratch/kenko/akg4pyscf/.graphchat-workspaces/kenko_room/mlff_elasticity_benchmark/workflow_runs/Orb_OMAT/elasticity_Orb_OMAT/structures/As2Sr4_a5332d1b/output.json,mp-15697,cif,https://elagente.ca/grafico/ConceptualAtoms_57059f87-e221-4676-bd2f-3c9c2a363ae4,mp-15697
BeO,1.281658492928456,https://elagente.ca/grafico/ConceptualAtoms_571ee77f-8621-416f-b18f-679c0cb5f1ec,https://elagente.ca/ontomlff/MLFFElasticityResult_ca4ba48b-93cf-45ae-af61-99cf8f4b3ced,[],[],0.9606960142200971,eV/Å^3,2.30593328484027,/scratch/kenko/akg4pyscf/.graphchat-workspaces/kenko_room/mlff_elasticity_benchmark/workflow_runs/Orb_OMAT/elasticity_Orb_OMAT/structures/BeO_f1538215/output.json,mp-1778,cif,https://elagente.ca/grafico/ConceptualAtoms_571ee77f-8621-416f-b18f-679c0cb5f1ec,mp-1778
O4Si2,1.8403294723986443,https://elagente.ca/grafico/ConceptualAtoms_57714141-5093-4455-9614-6223a2da3009,https://elagente.ca/ontomlff/MLFFElasticityResult_a0bd2341-3ca4-45cf-8c03-9ca752b88611,[],[],1.4197909933422888,eV/Å^3,3.388084751914355,/scratch/kenko/akg4pyscf/.graphchat-workspaces/kenko_room/mlff_elasticity_benchmark/workflow_runs/Orb_OMAT/elasticity_Orb_OMAT/structures/O4Si2_9eb8c3e1/output.json,mp-6947,cif,https://elagente.ca/grafico/ConceptualAtoms_57714141-5093-4455-9614-6223a2da3009,mp-6947
Pt3Ti,1.3256192548015873,https://elagente.ca/grafico/ConceptualAtoms_57b20aca-b6e5-41ed-b032-e36831901a7e,https://elagente.ca/ontomlff/MLFFElasticityResult_80c2e812-5e0e-4935-a12c-206674266419,[],[],0.6338584791671814,eV/Å^3,1.6401562455231151,/scratch/kenko/akg4pyscf/.graphchat-workspaces/kenko_room/mlff_elasticity_benchmark/workflow_runs/Orb_OMAT/elasticity_Orb_OMAT/structures/Pt3Ti_6e9f3da6/output.json,mp-12107,cif,https://elagente.ca/grafico/ConceptualAtoms_57b20aca-b6e5-41ed-b032-e36831901a7e,mp-12107
BaIn4,0.19535976474275504,https://elagente.ca/grafico/ConceptualAtoms_57b3e3cf-03bb-4a3f-8564-9bf528d4523d,https://elagente.ca/ontomlff/MLFFElasticityResult_1d00aff9-09ed-4df4-a697-1befe4f62e7c,[],[],0.11232296043133383,eV/Å^3,0.2827746943943262,/scratch/kenko/akg4pyscf/.graphchat-workspaces/kenko_room/mlff_elasticity_benchmark/workflow_runs/Orb_OMAT/elasticity_Orb_OMAT/structures/BaIn4_2b896d04/output.json,mp-22687,cif,https://elagente.ca/grafico/ConceptualAtoms_57b3e3cf-03bb-4a3f-8564-9bf528d4523d,mp-22687
HfIr2Li,1.0135409315637722,https://elagente.ca/grafico/ConceptualAtoms_57cad7ab-804c-4ef1-a6f3-82695e458988,https://elagente.ca/ontomlff/MLFFElasticityResult_f6ea6c13-ca39-42c7-84fa-72242fcbdc3c,[],[],0.4576666637158068,eV/Å^3,1.1933761113337726,/scratch/kenko/akg4pyscf/.graphchat-workspaces/kenko_room/mlff_elasticity_benchmark/workflow_runs/Orb_OMAT/elasticity_Orb_OMAT/structures/HfIr2Li_89ff872e/output.json,mp-862610,cif,https://elagente.ca/grafico/ConceptualAtoms_57cad7ab-804c-4ef1-a6f3-82695e458988,mp-862610
NV,1.8342535073245374,https://elagente.ca/grafico/ConceptualAtoms_57cb473c-2e1d-4563-9364-a01f6ba7c16f,https://elagente.ca/ontomlff/MLFFElasticityResult_c780c90d-aa2e-4962-bbe8-9c6d593e7dc5,[],[],0.9179698208724174,eV/Å^3,2.3601838829541353,/scratch/kenko/akg4pyscf/.graphchat-workspaces/kenko_room/mlff_elasticity_benchmark/workflow_runs/Orb_OMAT/elasticity_Orb_OMAT/structures/NV_21a3e1b7/output.json,mp-925,cif,https://elagente.ca/grafico/ConceptualAtoms_57cb473c-2e1d-4563-9364-a01f6ba7c16f,mp-925
Ag4S2,0.2610961105587467,https://elagente.ca/grafico/ConceptualAtoms_57dab77f-ce18-4e45-a58a-706cbd6c0723,https://elagente.ca/ontomlff/MLFFElasticityResult_6f44483a-c3a9-4bcf-b7d3-62868d20c096,[],[],0.12322165598579721,eV/Å^3,0.31941650943888655,/scratch/kenko/akg4pyscf/.graphchat-workspaces/kenko_room/mlff_elasticity_benchmark/workflow_runs/Orb_OMAT/elasticity_Orb_OMAT/structures/Ag4S2_7c6de028/output.json,mp-2025704,cif,https://elagente.ca/grafico/ConceptualAtoms_57dab77f-ce18-4e45-a58a-706cbd6c0723,mp-2025704
Co2GeLi,0.8742666679251179,https://elagente.ca/grafico/ConceptualAtoms_5804cdde-051f-4c86-a22e-9f1bbd4a7be2,https://elagente.ca/ontomlff/MLFFElasticityResult_6b06a0e9-0df6-42da-9c9f-5c08114589fc,[],[],0.5877850234628584,eV/Å^3,1.4405249031049239,/scratch/kenko/akg4pyscf/.graphchat-workspaces/kenko_room/mlff_elasticity_benchmark/workflow_runs/Orb_OMAT/elasticity_Orb_OMAT/structures/Co2GeLi_16399e61/output.json,mp-13914,cif,https://elagente.ca/grafico/ConceptualAtoms_5804cdde-051f-4c86-a22e-9f1bbd4a7be2,mp-13914
AlCoFeV,1.126529251649373,https://elagente.ca/grafico/ConceptualAtoms_585cdf12-e3b4-4a75-b059-400cf2d8eafa,https://elagente.ca/ontomlff/MLFFElasticityResult_5b50fa6e-04c8-4afb-b516-a3564157e1ee,[],[],0.5317638980622471,eV/Å^3,1.3784054090596651,/scratch/kenko/akg4pyscf/.graphchat-workspaces/kenko_room/mlff_elasticity_benchmark/workflow_runs/Orb_OMAT/elasticity_Orb_OMAT/structures/AlCoFeV_176d7ab1/output.json,mp-1008530,cif,https://elagente.ca/grafico/ConceptualAtoms_585cdf12-e3b4-4a75-b059-400cf2d8eafa,mp-1008530
RhTm,0.6447688188845173,https://elagente.ca/grafico/ConceptualAtoms_5860d0f9-7d5f-4cd8-94de-9eca52e3bb67,https://elagente.ca/ontomlff/MLFFElasticityResult_cf2b1a91-bb48-4782-9e54-b4eaf819573e,[],[],0.2978830522987096,eV/Å^3,0.7743927328905627,/scratch/kenko/akg4pyscf/.graphchat-workspaces/kenko_room/mlff_elasticity_benchmark/workflow_runs/Orb_OMAT/elasticity_Orb_OMAT/structures/RhTm_44bcfd33/output.json,mp-11564,cif,https://elagente.ca/grafico/ConceptualAtoms_5860d0f9-7d5f-4cd8-94de-9eca52e3bb67,mp-11564
Li2O4Ti2,1.132239525079394,https://elagente.ca/grafico/ConceptualAtoms_588f8bbf-95bc-49ef-9f2b-abac3353f95d,https://elagente.ca/ontomlff/MLFFElasticityResult_54a7ab90-e3d9-4238-b91a-2ebf363d8fb6,[],[],0.729248077826536,eV/Å^3,1.8010692040398906,/scratch/kenko/akg4pyscf/.graphchat-workspaces/kenko_room/mlff_elasticity_benchmark/workflow_runs/Orb_OMAT/elasticity_Orb_OMAT/structures/Li2O4Ti2_7eb67eba/output.json,mp-764648,cif,https://elagente.ca/grafico/ConceptualAtoms_588f8bbf-95bc-49ef-9f2b-abac3353f95d,mp-764648
DyMg3,0.22950112196204334,https://elagente.ca/grafico/ConceptualAtoms_58a3b8b6-ad9d-4462-9f1a-032aeb823e52,https://elagente.ca/ontomlff/MLFFElasticityResult_146678e8-725b-4228-a9fb-f75669784b96,[],[],0.13924533185282603,eV/Å^3,0.34746371668048087,/scratch/kenko/akg4pyscf/.graphchat-workspaces/kenko_room/mlff_elasticity_benchmark/workflow_runs/Orb_OMAT/elasticity_Orb_OMAT/structures/DyMg3_3ab9a24d/output.json,mp-1546,cif,https://elagente.ca/grafico/ConceptualAtoms_58a3b8b6-ad9d-4462-9f1a-032aeb823e52,mp-1546
Nb4Rh4Si4,1.296958358757149,https://elagente.ca/grafico/ConceptualAtoms_58c64cf4-5a49-4b64-97ad-4e2f98101164,https://elagente.ca/ontomlff/MLFFElasticityResult_283449c6-4163-41aa-8d8e-13fab259fa63,[],[],0.7311070370973329,eV/Å^3,1.8463806732402042,/scratch/kenko/akg4pyscf/.graphchat-workspaces/kenko_room/mlff_elasticity_benchmark/workflow_runs/Orb_OMAT/elasticity_Orb_OMAT/structures/Nb4Rh4Si4_6d8d1378/output.json,mp-10470,cif,https://elagente.ca/grafico/ConceptualAtoms_58c64cf4-5a49-4b64-97ad-4e2f98101164,mp-10470
Al20O48Y12,1.1319163397491683,https://elagente.ca/grafico/ConceptualAtoms_58d39f6e-739e-4cf9-94c4-3bba13f369b4,https://elagente.ca/ontomlff/MLFFElasticityResult_a5f9d346-b6f1-4074-a225-f93fa76c5e72,[],[],0.7585448269353888,eV/Å^3,1.860119635847045,/scratch/kenko/akg4pyscf/.graphchat-workspaces/kenko_room/mlff_elasticity_benchmark/workflow_runs/Orb_OMAT/elasticity_Orb_OMAT/structures/Al20O48Y12_8a085331/output.json,mp-3050,cif,https://elagente.ca/grafico/ConceptualAtoms_58d39f6e-739e-4cf9-94c4-3bba13f369b4,mp-3050
InNa3,0.07564789526916857,https://elagente.ca/grafico/ConceptualAtoms_58e1012a-04bc-442e-aee7-ef6fa70ffadb,https://elagente.ca/ontomlff/MLFFElasticityResult_1e5d6066-4a70-4c20-bfea-9a348b246fbf,[],[],0.03384537212306267,eV/Å^3,0.08835869370538632,/scratch/kenko/akg4pyscf/.graphchat-workspaces/kenko_room/mlff_elasticity_benchmark/workflow_runs/Orb_OMAT/elasticity_Orb_OMAT/structures/InNa3_887076e7/output.json,mp-864758,cif,https://elagente.ca/grafico/ConceptualAtoms_58e1012a-04bc-442e-aee7-ef6fa70ffadb,mp-864758
Ge4Re2,1.0416623515714512,https://elagente.ca/grafico/ConceptualAtoms_59170d39-b0a0-4818-9349-28b43dee21a6,https://elagente.ca/ontomlff/MLFFElasticityResult_f5c929ef-a95f-4824-875f-f1626944043d,[],[],0.6469599138281383,eV/Å^3,1.607982327821482,/scratch/kenko/akg4pyscf/.graphchat-workspaces/kenko_room/mlff_elasticity_benchmark/workflow_runs/Orb_OMAT/elasticity_Orb_OMAT/structures/Ge4Re2_456e767d/output.json,mp-1025067,cif,https://elagente.ca/grafico/ConceptualAtoms_59170d39-b0a0-4818-9349-28b43dee21a6,mp-1025067
Be17Ti2,0.7663083424920556,https://elagente.ca/grafico/ConceptualAtoms_592110b1-9a5d-404f-8753-a0af3084708c,https://elagente.ca/ontomlff/MLFFElasticityResult_5f2389ac-0419-4eb0-a1c0-e11edf8acf35,[],[],0.8939923503834106,eV/Å^3,1.9310440692139819,/scratch/kenko/akg4pyscf/.graphchat-workspaces/kenko_room/mlff_elasticity_benchmark/workflow_runs/Orb_OMAT/elasticity_Orb_OMAT/structures/Be17Ti2_f7dd8ab5/output.json,mp-12648,cif,https://elagente.ca/grafico/ConceptualAtoms_592110b1-9a5d-404f-8753-a0af3084708c,mp-12648
CoLiS2,0.5507442831565512,https://elagente.ca/grafico/ConceptualAtoms_596775d6-9411-465c-8271-21b39304d2a6,https://elagente.ca/ontomlff/MLFFElasticityResult_71a3d3b2-dec8-4b7e-8310-e076148a6ff1,[],[],0.36047965391429393,eV/Å^3,0.8877517153015347,/scratch/kenko/akg4pyscf/.graphchat-workspaces/kenko_room/mlff_elasticity_benchmark/workflow_runs/Orb_OMAT/elasticity_Orb_OMAT/structures/CoLiS2_6b4985a3/output.json,mp-757100,cif,https://elagente.ca/grafico/ConceptualAtoms_596775d6-9411-465c-8271-21b39304d2a6,mp-757100
CuGaPt2,1.0824681010930386,https://elagente.ca/grafico/ConceptualAtoms_597cdc5c-b5a7-4a2e-b114-7e35b8f9c65a,https://elagente.ca/ontomlff/MLFFElasticityResult_b4cc9c02-c692-477e-843d-7e987905f385,[],[],-0.9156900941189903,eV/Å^3,-3.8258753243818235,/scratch/kenko/akg4pyscf/.graphchat-workspaces/kenko_room/mlff_elasticity_benchmark/workflow_runs/Orb_OMAT/elasticity_Orb_OMAT/structures/CuGaPt2_b41805ae/output.json,mp-862791,cif,https://elagente.ca/grafico/ConceptualAtoms_597cdc5c-b5a7-4a2e-b114-7e35b8f9c65a,mp-862791
CdIrRu,0.9418985126041528,https://elagente.ca/grafico/ConceptualAtoms_598e8c8c-9c83-4957-a898-fc7766fdd652,https://elagente.ca/ontomlff/MLFFElasticityResult_30560da7-65e1-46f4-8877-169d6db3aea3,[],[],0.3339538598196907,eV/Å^3,0.895971495035104,/scratch/kenko/akg4pyscf/.graphchat-workspaces/kenko_room/mlff_elasticity_benchmark/workflow_runs/Orb_OMAT/elasticity_Orb_OMAT/structures/CdIrRu_e2ebf3a8/output.json,mp-631388,cif,https://elagente.ca/grafico/ConceptualAtoms_598e8c8c-9c83-4957-a898-fc7766fdd652,mp-631388
H2Li2Pd,0.3102731465043103,https://elagente.ca/grafico/ConceptualAtoms_5990166c-16a2-4405-9179-5cc6d78fc0f8,https://elagente.ca/ontomlff/MLFFElasticityResult_c56a7a59-845e-46c5-bfe3-73945952d37e,[],[],0.21427711020444407,eV/Å^3,0.5225410023377826,/scratch/kenko/akg4pyscf/.graphchat-workspaces/kenko_room/mlff_elasticity_benchmark/workflow_runs/Orb_OMAT/elasticity_Orb_OMAT/structures/H2Li2Pd_818404c5/output.json,mp-644389,cif,https://elagente.ca/grafico/ConceptualAtoms_5990166c-16a2-4405-9179-5cc6d78fc0f8,mp-644389
PdTe2,0.4725831795498703,https://elagente.ca/grafico/ConceptualAtoms_59e7c2d6-83a8-4750-ae05-dd38e7dc0778,https://elagente.ca/ontomlff/MLFFElasticityResult_26eec4e5-9600-4f58-b65e-2505ceade8de,[],[],0.19126144768689451,eV/Å^3,0.5055792002457614,/scratch/kenko/akg4pyscf/.graphchat-workspaces/kenko_room/mlff_elasticity_benchmark/workflow_runs/Orb_OMAT/elasticity_Orb_OMAT/structures/PdTe2_efa98082/output.json,mp-782,cif,https://elagente.ca/grafico/ConceptualAtoms_59e7c2d6-83a8-4750-ae05-dd38e7dc0778,mp-782
Ga6Sc10,0.38566665244337206,https://elagente.ca/grafico/ConceptualAtoms_5a45ecc2-1fa7-413b-9b17-3575e307037b,https://elagente.ca/ontomlff/MLFFElasticityResult_e649ab1b-c242-412c-972a-09ef4667a735,[],[],0.24940839266988743,eV/Å^3,0.615537087098847,/scratch/kenko/akg4pyscf/.graphchat-workspaces/kenko_room/mlff_elasticity_benchmark/workflow_runs/Orb_OMAT/elasticity_Orb_OMAT/structures/Ga6Sc10_c437a4de/output.json,mp-17332,cif,https://elagente.ca/grafico/ConceptualAtoms_5a45ecc2-1fa7-413b-9b17-3575e307037b,mp-17332
C4,0.7254133571951842,https://elagente.ca/grafico/ConceptualAtoms_5a76b293-cdcd-43fa-8fe4-6b017cdd37ff,https://elagente.ca/ontomlff/MLFFElasticityResult_9e00822c-514f-4b93-b87d-a1aff92a7171,[],[],0.5976914235482256,eV/Å^3,1.4067254674282412,/scratch/kenko/akg4pyscf/.graphchat-workspaces/kenko_room/mlff_elasticity_benchmark/workflow_runs/Orb_OMAT/elasticity_Orb_OMAT/structures/C4_014f3979/output.json,mp-568286,cif,https://elagente.ca/grafico/ConceptualAtoms_5a76b293-cdcd-43fa-8fe4-6b017cdd37ff,mp-568286
Mg3Pr,0.2522009473638774,https://elagente.ca/grafico/ConceptualAtoms_5b3410d7-1097-472c-8b11-b7b5ab71b29c,https://elagente.ca/ontomlff/MLFFElasticityResult_b87f16b2-4281-4ca1-a3cd-98acfa1fd1ca,[],[],0.15741939524381732,eV/Å^3,0.39092253003284383,/scratch/kenko/akg4pyscf/.graphchat-workspaces/kenko_room/mlff_elasticity_benchmark/workflow_runs/Orb_OMAT/elasticity_Orb_OMAT/structures/Mg3Pr_0a89b6e0/output.json,mp-428,cif,https://elagente.ca/grafico/ConceptualAtoms_5b3410d7-1097-472c-8b11-b7b5ab71b29c,mp-428
Dy2Zn4,0.38534494093477745,https://elagente.ca/grafico/ConceptualAtoms_5b786174-2e32-4030-a29e-bba0199b76f7,https://elagente.ca/ontomlff/MLFFElasticityResult_33f5f0d9-c4f2-4909-a83b-d9c9f276d0b9,[],[],0.18698857139146066,eV/Å^3,0.4828626982877011,/scratch/kenko/akg4pyscf/.graphchat-workspaces/kenko_room/mlff_elasticity_benchmark/workflow_runs/Orb_OMAT/elasticity_Orb_OMAT/structures/Dy2Zn4_4a505a85/output.json,mp-570093,cif,https://elagente.ca/grafico/ConceptualAtoms_5b786174-2e32-4030-a29e-bba0199b76f7,mp-570093
Cu4Sn4Tm3,0.5068534550208317,https://elagente.ca/grafico/ConceptualAtoms_5bd1832c-aa92-4c69-854b-c2f33b238ad4,https://elagente.ca/ontomlff/MLFFElasticityResult_0326934e-405f-4070-87ca-e1fb8421f8d9,[],[],0.3385708590904369,eV/Å^3,0.8307387166809185,/scratch/kenko/akg4pyscf/.graphchat-workspaces/kenko_room/mlff_elasticity_benchmark/workflow_runs/Orb_OMAT/elasticity_Orb_OMAT/structures/Cu4Sn4Tm3_3e52ea26/output.json,mp-1095591,cif,https://elagente.ca/grafico/ConceptualAtoms_5bd1832c-aa92-4c69-854b-c2f33b238ad4,mp-1095591
Eu2Ge2Zn2,0.26778012284182034,https://elagente.ca/grafico/ConceptualAtoms_5c778204-28fb-4519-91ab-0cead9e9719a,https://elagente.ca/ontomlff/MLFFElasticityResult_2e020612-6f2f-4a50-96bf-468c374dda67,[],[],0.2207104293590001,eV/Å^3,0.5194242259025409,/scratch/kenko/akg4pyscf/.graphchat-workspaces/kenko_room/mlff_elasticity_benchmark/workflow_runs/Orb_OMAT/elasticity_Orb_OMAT/structures/Eu2Ge2Zn2_518278f7/output.json,mp-1018699,cif,https://elagente.ca/grafico/ConceptualAtoms_5c778204-28fb-4519-91ab-0cead9e9719a,mp-1018699
Cu10Zn16,0.6002018462356777,https://elagente.ca/grafico/ConceptualAtoms_5d17a61e-68c0-4f8d-99cc-a0e49dbea922,https://elagente.ca/ontomlff/MLFFElasticityResult_c391d7cd-e518-4891-961b-bda5e5756978,[],[],0.30461994942987947,eV/Å^3,0.7816270103629285,/scratch/kenko/akg4pyscf/.graphchat-workspaces/kenko_room/mlff_elasticity_benchmark/workflow_runs/Orb_OMAT/elasticity_Orb_OMAT/structures/Cu10Zn16_fc8898a8/output.json,mp-1368,cif,https://elagente.ca/grafico/ConceptualAtoms_5d17a61e-68c0-4f8d-99cc-a0e49dbea922,mp-1368
K8P12,0.19412597304087514,https://elagente.ca/grafico/ConceptualAtoms_5d645515-f9c3-42a2-a1c2-5c2d4aaef7bf,https://elagente.ca/ontomlff/MLFFElasticityResult_ee3c2782-5ef8-40a6-98c4-411080dbf320,[],[],0.13096258209723738,eV/Å^3,0.3207572649286918,/scratch/kenko/akg4pyscf/.graphchat-workspaces/kenko_room/mlff_elasticity_benchmark/workflow_runs/Orb_OMAT/elasticity_Orb_OMAT/structures/K8P12_99bf105f/output.json,mp-569857,cif,https://elagente.ca/grafico/ConceptualAtoms_5d645515-f9c3-42a2-a1c2-5c2d4aaef7bf,mp-569857
B28Cl4Mg12O52,1.1950391241711447,https://elagente.ca/grafico/ConceptualAtoms_5db80d74-acfb-4774-8941-854db868ce28,https://elagente.ca/ontomlff/MLFFElasticityResult_d1a0b9a5-2d80-4ae3-9a92-8cb4b8aece66,[],[],0.8759121645034159,eV/Å^3,2.1117869036955317,/scratch/kenko/akg4pyscf/.graphchat-workspaces/kenko_room/mlff_elasticity_benchmark/workflow_runs/Orb_OMAT/elasticity_Orb_OMAT/structures/B28Cl4Mg12O52_4f5a8ae0/output.json,mp-23087,cif,https://elagente.ca/grafico/ConceptualAtoms_5db80d74-acfb-4774-8941-854db868ce28,mp-23087
Pt2V2,1.3012157627080345,https://elagente.ca/grafico/ConceptualAtoms_5dba53df-101f-4b98-ab46-846d222bcac2,https://elagente.ca/ontomlff/MLFFElasticityResult_e681fc00-914a-4b4a-a3a4-c9bd7d0a045c,[],[],0.7069134279270723,eV/Å^3,1.7955781449264836,/scratch/kenko/akg4pyscf/.graphchat-workspaces/kenko_room/mlff_elasticity_benchmark/workflow_runs/Orb_OMAT/elasticity_Orb_OMAT/structures/Pt2V2_f60c76fd/output.json,mp-1017531,cif,https://elagente.ca/grafico/ConceptualAtoms_5dba53df-101f-4b98-ab46-846d222bcac2,mp-1017531
O7Si2Yb2,1.0884086041801375,https://elagente.ca/grafico/ConceptualAtoms_5df9da42-675d-4495-b372-8dba14254195,https://elagente.ca/ontomlff/MLFFElasticityResult_d184df08-d603-4548-8099-4ae9c270a2e3,[],[],0.6740772400209094,eV/Å^3,1.6761957948357238,/scratch/kenko/akg4pyscf/.graphchat-workspaces/kenko_room/mlff_elasticity_benchmark/workflow_runs/Orb_OMAT/elasticity_Orb_OMAT/structures/O7Si2Yb2_2a069033/output.json,mp-4300,cif,https://elagente.ca/grafico/ConceptualAtoms_5df9da42-675d-4495-b372-8dba14254195,mp-4300
Ag2Al7Ca3,0.38323061444295603,https://elagente.ca/grafico/ConceptualAtoms_5e109372-636c-48d9-bfd6-70e7cca410fd,https://elagente.ca/ontomlff/MLFFElasticityResult_093abae4-89b7-4457-893a-a2261cc870d6,[],[],0.28055289968728303,eV/Å^3,0.6765612290506193,/scratch/kenko/akg4pyscf/.graphchat-workspaces/kenko_room/mlff_elasticity_benchmark/workflow_runs/Orb_OMAT/elasticity_Orb_OMAT/structures/Ag2Al7Ca3_03b10d7a/output.json,mp-11430,cif,https://elagente.ca/grafico/ConceptualAtoms_5e109372-636c-48d9-bfd6-70e7cca410fd,mp-11430
AcInLi2,0.19333924130792596,https://elagente.ca/grafico/ConceptualAtoms_5e13b227-409b-44b9-9efb-3ba4215ab287,https://elagente.ca/ontomlff/MLFFElasticityResult_8fdfa04b-8d02-41b8-826d-c6a7e91ddbb6,[],[],0.182579327931305,eV/Å^3,0.4165997467390133,/scratch/kenko/akg4pyscf/.graphchat-workspaces/kenko_room/mlff_elasticity_benchmark/workflow_runs/Orb_OMAT/elasticity_Orb_OMAT/structures/AcInLi2_e829f6c3/output.json,mp-865897,cif,https://elagente.ca/grafico/ConceptualAtoms_5e13b227-409b-44b9-9efb-3ba4215ab287,mp-865897
Cu5Ho,0.5951939184322501,https://elagente.ca/grafico/ConceptualAtoms_5e7c2e65-ce21-431b-9393-6a0986cc47ef,https://elagente.ca/ontomlff/MLFFElasticityResult_e69f0207-dfd8-40df-9ccd-92a60940f110,[],[],0.2697876048611736,eV/Å^3,0.7031259213793676,/scratch/kenko/akg4pyscf/.graphchat-workspaces/kenko_room/mlff_elasticity_benchmark/workflow_runs/Orb_OMAT/elasticity_Orb_OMAT/structures/Cu5Ho_3082019d/output.json,mp-580364,cif,https://elagente.ca/grafico/ConceptualAtoms_5e7c2e65-ce21-431b-9393-6a0986cc47ef,mp-580364
Pt4Se6Tl2,0.45878315298783523,https://elagente.ca/grafico/ConceptualAtoms_5f6569e6-d6cb-494b-92eb-1f3de277f9c7,https://elagente.ca/ontomlff/MLFFElasticityResult_e165b235-77ce-4f0e-b800-9c4e11c0ce3b,[],[],0.20250067945590705,eV/Å^3,0.529584842462436,/scratch/kenko/akg4pyscf/.graphchat-workspaces/kenko_room/mlff_elasticity_benchmark/workflow_runs/Orb_OMAT/elasticity_Orb_OMAT/structures/Pt4Se6Tl2_7bcabe2b/output.json,mp-541487,cif,https://elagente.ca/grafico/ConceptualAtoms_5f6569e6-d6cb-494b-92eb-1f3de277f9c7,mp-541487
Mg2O6Ti2,1.1530874357742196,https://elagente.ca/grafico/ConceptualAtoms_5f9ad43a-862d-4497-a81c-20f009cdcecc,https://elagente.ca/ontomlff/MLFFElasticityResult_c0f4454d-b4b3-46ba-8809-6114d5f0925b,[],[],0.7077212442065977,eV/Å^3,1.762565218149402,/scratch/kenko/akg4pyscf/.graphchat-workspaces/kenko_room/mlff_elasticity_benchmark/workflow_runs/Orb_OMAT/elasticity_Orb_OMAT/structures/Mg2O6Ti2_395fc2cb/output.json,mp-3771,cif,https://elagente.ca/grafico/ConceptualAtoms_5f9ad43a-862d-4497-a81c-20f009cdcecc,mp-3771
AcMgTl2,0.21698944081781188,https://elagente.ca/grafico/ConceptualAtoms_5fb435c7-8e4a-4b5c-8cad-43ca954650fe,https://elagente.ca/ontomlff/MLFFElasticityResult_91272c6c-098f-4cd2-a417-804e4ecf2499,[],[],0.06221111274470788,eV/Å^3,0.17035318898447727,/scratch/kenko/akg4pyscf/.graphchat-workspaces/kenko_room/mlff_elasticity_benchmark/workflow_runs/Orb_OMAT/elasticity_Orb_OMAT/structures/AcMgTl2_5f82bcf7/output.json,mp-861735,cif,https://elagente.ca/grafico/ConceptualAtoms_5fb435c7-8e4a-4b5c-8cad-43ca954650fe,mp-861735
Ba2F6Zn,0.4439601261977767,https://elagente.ca/grafico/ConceptualAtoms_5fc37aa9-2237-4c67-b539-a4b1015e31be,https://elagente.ca/ontomlff/MLFFElasticityResult_75d606e0-657f-4cd7-9c8d-973ad9a028c9,[],[],0.1988725943341461,eV/Å^3,0.5191063043837371,/scratch/kenko/akg4pyscf/.graphchat-workspaces/kenko_room/mlff_elasticity_benchmark/workflow_runs/Orb_OMAT/elasticity_Orb_OMAT/structures/Ba2F6Zn_f0f61adf/output.json,mp-7739,cif,https://elagente.ca/grafico/ConceptualAtoms_5fc37aa9-2237-4c67-b539-a4b1015e31be,mp-7739
AlLu2Zn,0.38526796033842636,https://elagente.ca/grafico/ConceptualAtoms_603cd2dc-bb63-49c6-a62f-b26f2d788c2a,https://elagente.ca/ontomlff/MLFFElasticityResult_7627c45e-9dd0-49da-9221-07291e416fe4,[],[],0.26940501012676776,eV/Å^3,0.6554394058402861,/scratch/kenko/akg4pyscf/.graphchat-workspaces/kenko_room/mlff_elasticity_benchmark/workflow_runs/Orb_OMAT/elasticity_Orb_OMAT/structures/AlLu2Zn_e3b95c49/output.json,mp-973538,cif,https://elagente.ca/grafico/ConceptualAtoms_603cd2dc-bb63-49c6-a62f-b26f2d788c2a,mp-973538
RhSc6Te2,0.476973969789168,https://elagente.ca/grafico/ConceptualAtoms_605eb653-d9c5-41bd-8eb9-7ff2826ad14a,https://elagente.ca/ontomlff/MLFFElasticityResult_1ceb6f9d-e6f5-4677-9a30-9e3204bfc552,[],[],0.23022271952764167,eV/Å^3,0.5949465103927443,/scratch/kenko/akg4pyscf/.graphchat-workspaces/kenko_room/mlff_elasticity_benchmark/workflow_runs/Orb_OMAT/elasticity_Orb_OMAT/structures/RhSc6Te2_7304154f/output.json,mp-31072,cif,https://elagente.ca/grafico/ConceptualAtoms_605eb653-d9c5-41bd-8eb9-7ff2826ad14a,mp-31072
IrO3,1.190340030243584,https://elagente.ca/grafico/ConceptualAtoms_60692496-5576-45b7-9fbf-e613b44f00ea,https://elagente.ca/ontomlff/MLFFElasticityResult_cb79986b-3e44-4322-ad66-ab600f2bc037,[],[],0.6290371395465777,eV/Å^3,1.6044811820254476,/scratch/kenko/akg4pyscf/.graphchat-workspaces/kenko_room/mlff_elasticity_benchmark/workflow_runs/Orb_OMAT/elasticity_Orb_OMAT/structures/IrO3_53745234/output.json,mp-1021489,cif,https://elagente.ca/grafico/ConceptualAtoms_60692496-5576-45b7-9fbf-e613b44f00ea,mp-1021489
AgTe2Tm,0.344469968185971,https://elagente.ca/grafico/ConceptualAtoms_60784a2e-c0e0-41c7-99e7-ff6b6ed25142,https://elagente.ca/ontomlff/MLFFElasticityResult_53b0f1de-9a1f-4f31-8192-07b3416399ba,[],[],0.15217573458108763,eV/Å^3,0.3979296969142047,/scratch/kenko/akg4pyscf/.graphchat-workspaces/kenko_room/mlff_elasticity_benchmark/workflow_runs/Orb_OMAT/elasticity_Orb_OMAT/structures/AgTe2Tm_7b5f0232/output.json,mp-12953,cif,https://elagente.ca/grafico/ConceptualAtoms_60784a2e-c0e0-41c7-99e7-ff6b6ed25142,mp-12953
LuSmZn2,0.3258203627061743,https://elagente.ca/grafico/ConceptualAtoms_60b19365-3cda-48cf-a62e-6deb8d29292b,https://elagente.ca/ontomlff/MLFFElasticityResult_4fb4e8e5-db75-4e2a-bf2e-fabb51557259,[],[],0.18178118587201889,eV/Å^3,0.4598280438746027,/scratch/kenko/akg4pyscf/.graphchat-workspaces/kenko_room/mlff_elasticity_benchmark/workflow_runs/Orb_OMAT/elasticity_Orb_OMAT/structures/LuSmZn2_1e3d8f4d/output.json,mp-978549,cif,https://elagente.ca/grafico/ConceptualAtoms_60b19365-3cda-48cf-a62e-6deb8d29292b,mp-978549
B2CrW,1.668400872564714,https://elagente.ca/grafico/ConceptualAtoms_60b1a37c-3395-4286-b879-a5238f51117f,https://elagente.ca/ontomlff/MLFFElasticityResult_8bdd53ce-da34-4cf0-a7f1-325b23017e22,[],[],1.1055902955399244,eV/Å^3,2.716686780212793,/scratch/kenko/akg4pyscf/.graphchat-workspaces/kenko_room/mlff_elasticity_benchmark/workflow_runs/Orb_OMAT/elasticity_Orb_OMAT/structures/B2CrW_acd1e114/output.json,mp-1226242,cif,https://elagente.ca/grafico/ConceptualAtoms_60b1a37c-3395-4286-b879-a5238f51117f,mp-1226242
CaMg6Mo,0.30705661387539784,https://elagente.ca/grafico/ConceptualAtoms_6110b488-a5cc-4143-9deb-6a28ae389b9e,https://elagente.ca/ontomlff/MLFFElasticityResult_f11ba549-57e8-434a-8aa1-79b726bc1060,[],[],0.19161226686144056,eV/Å^3,0.4758544557072663,/scratch/kenko/akg4pyscf/.graphchat-workspaces/kenko_room/mlff_elasticity_benchmark/workflow_runs/Orb_OMAT/elasticity_Orb_OMAT/structures/CaMg6Mo_38cae54d/output.json,mp-1023161,cif,https://elagente.ca/grafico/ConceptualAtoms_6110b488-a5cc-4143-9deb-6a28ae389b9e,mp-1023161
Ge3O6,0.8669091996951348,https://elagente.ca/grafico/ConceptualAtoms_612154e5-0bbc-47d9-a299-e2f2b6ced034,https://elagente.ca/ontomlff/MLFFElasticityResult_6b389663-953a-42db-b10d-c0f5ea2bdeca,[],[],0.6037836683536696,eV/Å^3,1.4700620960081603,/scratch/kenko/akg4pyscf/.graphchat-workspaces/kenko_room/mlff_elasticity_benchmark/workflow_runs/Orb_OMAT/elasticity_Orb_OMAT/structures/Ge3O6_43496128/output.json,mp-733,cif,https://elagente.ca/grafico/ConceptualAtoms_612154e5-0bbc-47d9-a299-e2f2b6ced034,mp-733
Ag3Li,0.36574993795000654,https://elagente.ca/grafico/ConceptualAtoms_613177ef-e657-4786-8a88-b0088a635371,https://elagente.ca/ontomlff/MLFFElasticityResult_59ec56ec-f932-417a-914a-039129f3a736,[],[],0.14585112275822737,eV/Å^3,0.38621590391428157,/scratch/kenko/akg4pyscf/.graphchat-workspaces/kenko_room/mlff_elasticity_benchmark/workflow_runs/Orb_OMAT/elasticity_Orb_OMAT/structures/Ag3Li_d5420d57/output.json,mp-862716,cif,https://elagente.ca/grafico/ConceptualAtoms_613177ef-e657-4786-8a88-b0088a635371,mp-862716
CrN2,1.6672930050072217,https://elagente.ca/grafico/ConceptualAtoms_6152d78f-aa07-4195-8612-9c57e71c07b1,https://elagente.ca/ontomlff/MLFFElasticityResult_196227d0-3159-458f-8be0-01ef76c29e53,[],[],0.05027356566330975,eV/Å^3,0.14931989231461176,/scratch/kenko/akg4pyscf/.graphchat-workspaces/kenko_room/mlff_elasticity_benchmark/workflow_runs/Orb_OMAT/elasticity_Orb_OMAT/structures/CrN2_07c81971/output.json,mp-1014264,cif,https://elagente.ca/grafico/ConceptualAtoms_6152d78f-aa07-4195-8612-9c57e71c07b1,mp-1014264
TlYb,0.3300183465242192,https://elagente.ca/grafico/ConceptualAtoms_6187c97e-4e5b-42db-a249-5d329d1db015,https://elagente.ca/ontomlff/MLFFElasticityResult_a70c9606-5fd3-4aaa-b073-e39e1f4a5266,[],[],0.044648751962855095,eV/Å^3,0.12816630881149266,/scratch/kenko/akg4pyscf/.graphchat-workspaces/kenko_room/mlff_elasticity_benchmark/workflow_runs/Orb_OMAT/elasticity_Orb_OMAT/structures/TlYb_4a92f43d/output.json,mp-11576,cif,https://elagente.ca/grafico/ConceptualAtoms_6187c97e-4e5b-42db-a249-5d329d1db015,mp-11576
Ni3Pb2Se2,0.5010206659814451,https://elagente.ca/grafico/ConceptualAtoms_61d4938c-7fd6-41d3-bed8-fbc674061a85,https://elagente.ca/ontomlff/MLFFElasticityResult_452b98b9-a4ae-472a-87bd-3805c2bda69a,[],[],0.19230785340953316,eV/Å^3,0.5114824227916273,/scratch/kenko/akg4pyscf/.graphchat-workspaces/kenko_room/mlff_elasticity_benchmark/workflow_runs/Orb_OMAT/elasticity_Orb_OMAT/structures/Ni3Pb2Se2_a0707034/output.json,mp-19747,cif,https://elagente.ca/grafico/ConceptualAtoms_61d4938c-7fd6-41d3-bed8-fbc674061a85,mp-19747
Hg2TbY,0.348250530388682,https://elagente.ca/grafico/ConceptualAtoms_6220175a-0371-46b4-b025-2b53278681d3,https://elagente.ca/ontomlff/MLFFElasticityResult_36af24f0-cd3b-4370-bfdf-2f7b2416c40e,[],[],0.13880664754338476,eV/Å^3,0.3675825856533415,/scratch/kenko/akg4pyscf/.graphchat-workspaces/kenko_room/mlff_elasticity_benchmark/workflow_runs/Orb_OMAT/elasticity_Orb_OMAT/structures/Hg2TbY_377cc331/output.json,mp-978911,cif,https://elagente.ca/grafico/ConceptualAtoms_6220175a-0371-46b4-b025-2b53278681d3,mp-978911
B6Er2Ni3,1.17032499772642,https://elagente.ca/grafico/ConceptualAtoms_62664495-4ef4-4946-9333-a8beb7085b29,https://elagente.ca/ontomlff/MLFFElasticityResult_125fbf25-baed-40b2-8611-27aa4c04935f,[],[],0.8301403582207709,eV/Å^3,2.0141842378839527,/scratch/kenko/akg4pyscf/.graphchat-workspaces/kenko_room/mlff_elasticity_benchmark/workflow_runs/Orb_OMAT/elasticity_Orb_OMAT/structures/B6Er2Ni3_faee9498/output.json,mp-4071,cif,https://elagente.ca/grafico/ConceptualAtoms_62664495-4ef4-4946-9333-a8beb7085b29,mp-4071
C2Na2Pd,0.30464001826227,https://elagente.ca/grafico/ConceptualAtoms_62be4de9-d37c-4c3b-bce1-9099fd628783,https://elagente.ca/ontomlff/MLFFElasticityResult_f69ba3ca-b821-4678-90fe-4164e82e9b49,[],[],0.1627956689241155,eV/Å^3,0.41454459162926033,/scratch/kenko/akg4pyscf/.graphchat-workspaces/kenko_room/mlff_elasticity_benchmark/workflow_runs/Orb_OMAT/elasticity_Orb_OMAT/structures/C2Na2Pd_f06d41f9/output.json,mp-4823,cif,https://elagente.ca/grafico/ConceptualAtoms_62be4de9-d37c-4c3b-bce1-9099fd628783,mp-4823
Au4V2,0.7544762333300713,https://elagente.ca/grafico/ConceptualAtoms_6348d53c-8c2f-4039-82c6-323d631688be,https://elagente.ca/ontomlff/MLFFElasticityResult_75bd5649-2a63-413a-8853-ecfb928a65f6,[],[],0.21914934003267827,eV/Å^3,0.5994118587417752,/scratch/kenko/akg4pyscf/.graphchat-workspaces/kenko_room/mlff_elasticity_benchmark/workflow_runs/Orb_OMAT/elasticity_Orb_OMAT/structures/Au4V2_2ac7828c/output.json,mp-30423,cif,https://elagente.ca/grafico/ConceptualAtoms_6348d53c-8c2f-4039-82c6-323d631688be,mp-30423
O4Ta2,1.5358277726951182,https://elagente.ca/grafico/ConceptualAtoms_6369a058-bf6a-4741-8f08-b5c190a7f827,https://elagente.ca/ontomlff/MLFFElasticityResult_c0562379-f012-437b-8b0a-b281fc8bd8f1,[],[],0.85943800483315,eV/Å^3,2.1729851426232027,/scratch/kenko/akg4pyscf/.graphchat-workspaces/kenko_room/mlff_elasticity_benchmark/workflow_runs/Orb_OMAT/elasticity_Orb_OMAT/structures/O4Ta2_f90ba31c/output.json,mp-20994,cif,https://elagente.ca/grafico/ConceptualAtoms_6369a058-bf6a-4741-8f08-b5c190a7f827,mp-20994
CFe2Si2Sm2,0.8376246890969115,https://elagente.ca/grafico/ConceptualAtoms_63d2d548-34fb-4a75-8a64-bcad8023626e,https://elagente.ca/ontomlff/MLFFElasticityResult_818df982-a72e-4176-9a7e-2ee154ceaadd,[],[],0.49457982737263245,eV/Å^3,1.2397365338984805,/scratch/kenko/akg4pyscf/.graphchat-workspaces/kenko_room/mlff_elasticity_benchmark/workflow_runs/Orb_OMAT/elasticity_Orb_OMAT/structures/CFe2Si2Sm2_ea8625f4/output.json,mp-1025262,cif,https://elagente.ca/grafico/ConceptualAtoms_63d2d548-34fb-4a75-8a64-bcad8023626e,mp-1025262
Li4N4Ru4,1.0598472153410108,https://elagente.ca/grafico/ConceptualAtoms_64b7b1f2-2c9d-42d0-839f-688988c3b629,https://elagente.ca/ontomlff/MLFFElasticityResult_e2eca65a-93e4-4b74-883c-5a2d445713a5,[],[],0.49152243630456127,eV/Å^3,1.2771360192608008,/scratch/kenko/akg4pyscf/.graphchat-workspaces/kenko_room/mlff_elasticity_benchmark/workflow_runs/Orb_OMAT/elasticity_Orb_OMAT/structures/Li4N4Ru4_a4f3f46c/output.json,mp-1029251,cif,https://elagente.ca/grafico/ConceptualAtoms_64b7b1f2-2c9d-42d0-839f-688988c3b629,mp-1029251
H4Ca4O16P4,0.9114788273385173,https://elagente.ca/grafico/ConceptualAtoms_64e95c02-f1ff-4a8a-9ce8-b9966937e987,https://elagente.ca/ontomlff/MLFFElasticityResult_1ff651eb-b7e6-450e-8ab1-275d7f099142,[],[],0.6343959548766039,eV/Å^3,1.544792276452315,/scratch/kenko/akg4pyscf/.graphchat-workspaces/kenko_room/mlff_elasticity_benchmark/workflow_runs/Orb_OMAT/elasticity_Orb_OMAT/structures/H4Ca4O16P4_46197655/output.json,mp-24390,cif,https://elagente.ca/grafico/ConceptualAtoms_64e95c02-f1ff-4a8a-9ce8-b9966937e987,mp-24390
BiSc,0.3345655824165523,https://elagente.ca/grafico/ConceptualAtoms_64fb5e77-6c0c-4d42-81cf-c2cef7961bd3,https://elagente.ca/ontomlff/MLFFElasticityResult_558e2308-c427-47e6-9b33-7cee53669591,[],[],0.16651212459235393,eV/Å^3,0.42845601803010186,/scratch/kenko/akg4pyscf/.graphchat-workspaces/kenko_room/mlff_elasticity_benchmark/workflow_runs/Orb_OMAT/elasticity_Orb_OMAT/structures/BiSc_a0d61887/output.json,mp-570632,cif,https://elagente.ca/grafico/ConceptualAtoms_64fb5e77-6c0c-4d42-81cf-c2cef7961bd3,mp-570632
As8Ni4,0.7291883219724914,https://elagente.ca/grafico/ConceptualAtoms_65477b6c-8f1f-43c7-999c-9f430cde57b9,https://elagente.ca/ontomlff/MLFFElasticityResult_47a18826-f73d-42cc-ba25-1b09681c12c0,[],[],0.42239776787138206,eV/Å^3,1.062110060095513,/scratch/kenko/akg4pyscf/.graphchat-workspaces/kenko_room/mlff_elasticity_benchmark/workflow_runs/Orb_OMAT/elasticity_Orb_OMAT/structures/As8Ni4_1f26edca/output.json,mp-21873,cif,https://elagente.ca/grafico/ConceptualAtoms_65477b6c-8f1f-43c7-999c-9f430cde57b9,mp-21873
B4Co4Mo4,1.7134027007552342,https://elagente.ca/grafico/ConceptualAtoms_65dc1eac-074d-4297-8e98-7dda860cbbb1,https://elagente.ca/ontomlff/MLFFElasticityResult_a02583f3-04d3-445c-8fea-8803c9d4aa86,[],[],0.9217409387326814,eV/Å^3,2.344760839832167,/scratch/kenko/akg4pyscf/.graphchat-workspaces/kenko_room/mlff_elasticity_benchmark/workflow_runs/Orb_OMAT/elasticity_Orb_OMAT/structures/B4Co4Mo4_009a255f/output.json,mp-21347,cif,https://elagente.ca/grafico/ConceptualAtoms_65dc1eac-074d-4297-8e98-7dda860cbbb1,mp-21347
H6U2,0.7131215843237235,https://elagente.ca/grafico/ConceptualAtoms_65f291ec-e296-42a6-b741-ee190b812467,https://elagente.ca/ontomlff/MLFFElasticityResult_69cb7bbc-0b13-4a90-a2fa-5f8748003b06,[],[],0.5182157937224321,eV/Å^3,1.2514984032021912,/scratch/kenko/akg4pyscf/.graphchat-workspaces/kenko_room/mlff_elasticity_benchmark/workflow_runs/Orb_OMAT/elasticity_Orb_OMAT/structures/H6U2_5d9f6da9/output.json,mp-24659,cif,https://elagente.ca/grafico/ConceptualAtoms_65f291ec-e296-42a6-b741-ee190b812467,mp-24659
Cu2DySi2,0.696862278649634,https://elagente.ca/grafico/ConceptualAtoms_66309484-9e1a-44f1-96cf-acfc1624045b,https://elagente.ca/ontomlff/MLFFElasticityResult_6a8d99b2-8b27-4626-9a4f-56e939a0434a,[],[],0.4861453251254203,eV/Å^3,1.1832766700613102,/scratch/kenko/akg4pyscf/.graphchat-workspaces/kenko_room/mlff_elasticity_benchmark/workflow_runs/Orb_OMAT/elasticity_Orb_OMAT/structures/Cu2DySi2_7633cb06/output.json,mp-2917,cif,https://elagente.ca/grafico/ConceptualAtoms_66309484-9e1a-44f1-96cf-acfc1624045b,mp-2917
Gd6O9,0.8911008124903784,https://elagente.ca/grafico/ConceptualAtoms_6638aef9-4c61-4df1-9639-900106ae0dc3,https://elagente.ca/ontomlff/MLFFElasticityResult_a15b1eed-f59c-4487-99b0-ea501312e1fa,[],[],0.48818099199334675,eV/Å^3,1.2383953276427118,/scratch/kenko/akg4pyscf/.graphchat-workspaces/kenko_room/mlff_elasticity_benchmark/workflow_runs/Orb_OMAT/elasticity_Orb_OMAT/structures/Gd6O9_78ca8925/output.json,mp-643084,cif,https://elagente.ca/grafico/ConceptualAtoms_6638aef9-4c61-4df1-9639-900106ae0dc3,mp-643084
CuSb3Ti2,0.5339914455493893,https://elagente.ca/grafico/ConceptualAtoms_6652d3a4-d65c-43d1-bd8e-da0ba47dc41e,https://elagente.ca/ontomlff/MLFFElasticityResult_aed81cbb-a0a4-4f1b-a381-31280e8f991c,[],[],0.28480859953538534,eV/Å^3,0.7254508060719599,/scratch/kenko/akg4pyscf/.graphchat-workspaces/kenko_room/mlff_elasticity_benchmark/workflow_runs/Orb_OMAT/elasticity_Orb_OMAT/structures/CuSb3Ti2_1446e398/output.json,mp-505804,cif,https://elagente.ca/grafico/ConceptualAtoms_6652d3a4-d65c-43d1-bd8e-da0ba47dc41e,mp-505804
CeRe4Si2,1.3628315477485926,https://elagente.ca/grafico/ConceptualAtoms_66628af3-91eb-4257-a758-34c078b95eaa,https://elagente.ca/ontomlff/MLFFElasticityResult_513e05b4-837f-49d6-9678-4c03d3819ea7,[],[],0.7180433711359109,eV/Å^3,1.8323270102452074,/scratch/kenko/akg4pyscf/.graphchat-workspaces/kenko_room/mlff_elasticity_benchmark/workflow_runs/Orb_OMAT/elasticity_Orb_OMAT/structures/CeRe4Si2_c08bd47e/output.json,mp-27861,cif,https://elagente.ca/grafico/ConceptualAtoms_66628af3-91eb-4257-a758-34c078b95eaa,mp-27861
B4Ti4,1.1752163392615413,https://elagente.ca/grafico/ConceptualAtoms_6667f053-fa34-4c89-befc-eecbabeb7787,https://elagente.ca/ontomlff/MLFFElasticityResult_615b5e2c-22a5-4a12-a5a9-41bed023c30f,[],[],1.1311064406909308,eV/Å^3,2.5690962391252503,/scratch/kenko/akg4pyscf/.graphchat-workspaces/kenko_room/mlff_elasticity_benchmark/workflow_runs/Orb_OMAT/elasticity_Orb_OMAT/structures/B4Ti4_3b510a40/output.json,mp-7857,cif,https://elagente.ca/grafico/ConceptualAtoms_6667f053-fa34-4c89-befc-eecbabeb7787,mp-7857
LiMnPd2,0.5923080084146367,https://elagente.ca/grafico/ConceptualAtoms_66b511d2-623d-41c1-85e0-d16f5dec1830,https://elagente.ca/ontomlff/MLFFElasticityResult_af1983a0-b797-4492-b034-0853ead0df5a,[],[],0.24053334370321627,eV/Å^3,0.6355665560183109,/scratch/kenko/akg4pyscf/.graphchat-workspaces/kenko_room/mlff_elasticity_benchmark/workflow_runs/Orb_OMAT/elasticity_Orb_OMAT/structures/LiMnPd2_89bad81e/output.json,mp-861629,cif,https://elagente.ca/grafico/ConceptualAtoms_66b511d2-623d-41c1-85e0-d16f5dec1830,mp-861629
Se4Ta2,0.5779826964863417,https://elagente.ca/grafico/ConceptualAtoms_66fc5bf9-37a2-4db7-9373-b10d70248cae,https://elagente.ca/ontomlff/MLFFElasticityResult_447edfd9-6154-4d2f-8468-bd69e76d122c,[],[],0.33689317824660475,eV/Å^3,0.8462579318110008,/scratch/kenko/akg4pyscf/.graphchat-workspaces/kenko_room/mlff_elasticity_benchmark/workflow_runs/Orb_OMAT/elasticity_Orb_OMAT/structures/Se4Ta2_821a8957/output.json,mp-500,cif,https://elagente.ca/grafico/ConceptualAtoms_66fc5bf9-37a2-4db7-9373-b10d70248cae,mp-500
Cl6K2Sn,0.1898969896906081,https://elagente.ca/grafico/ConceptualAtoms_67c17cf2-b059-4bc3-8fd3-f7670a7746ea,https://elagente.ca/ontomlff/MLFFElasticityResult_a7bd52a0-230a-4754-8068-bc04cd2372be,[],[],0.0997481173675956,eV/Å^3,0.25465618663742895,/scratch/kenko/akg4pyscf/.graphchat-workspaces/kenko_room/mlff_elasticity_benchmark/workflow_runs/Orb_OMAT/elasticity_Orb_OMAT/structures/Cl6K2Sn_41dccd85/output.json,mp-23499,cif,https://elagente.ca/grafico/ConceptualAtoms_67c17cf2-b059-4bc3-8fd3-f7670a7746ea,mp-23499
Pt5SiSn,1.1511866296850806,https://elagente.ca/grafico/ConceptualAtoms_6835c1c3-de1a-48d3-b6b1-efacb934468c,https://elagente.ca/ontomlff/MLFFElasticityResult_aeeb0756-2528-4a13-871d-dad4506aba33,[],[],0.4299699026806599,eV/Å^3,1.1470957265929695,/scratch/kenko/akg4pyscf/.graphchat-workspaces/kenko_room/mlff_elasticity_benchmark/workflow_runs/Orb_OMAT/elasticity_Orb_OMAT/structures/Pt5SiSn_e5f39b3b/output.json,mp-1025324,cif,https://elagente.ca/grafico/ConceptualAtoms_6835c1c3-de1a-48d3-b6b1-efacb934468c,mp-1025324
H16B4Mg2,0.23116922598133596,https://elagente.ca/grafico/ConceptualAtoms_6902012c-6c14-4b14-a597-aa0aea305b5f,https://elagente.ca/ontomlff/MLFFElasticityResult_2d326328-b887-4ddd-b1e7-7cb449dbab9d,[],[],0.19472624871774996,eV/Å^3,0.4561100781993188,/scratch/kenko/akg4pyscf/.graphchat-workspaces/kenko_room/mlff_elasticity_benchmark/workflow_runs/Orb_OMAT/elasticity_Orb_OMAT/structures/H16B4Mg2_31241d86/output.json,mp-1190680,cif,https://elagente.ca/grafico/ConceptualAtoms_6902012c-6c14-4b14-a597-aa0aea305b5f,mp-1190680
Br4S4Sb4,0.28227406971640057,https://elagente.ca/grafico/ConceptualAtoms_69895bc2-8120-4122-aa61-fae25b20d25f,https://elagente.ca/ontomlff/MLFFElasticityResult_97d00332-49d9-4a29-9cd1-0fa650fc65cc,[],[],0.17133204585092415,eV/Å^3,0.42750235787851415,/scratch/kenko/akg4pyscf/.graphchat-workspaces/kenko_room/mlff_elasticity_benchmark/workflow_runs/Orb_OMAT/elasticity_Orb_OMAT/structures/Br4S4Sb4_6c54a833/output.json,mp-22971,cif,https://elagente.ca/grafico/ConceptualAtoms_69895bc2-8120-4122-aa61-fae25b20d25f,mp-22971
Sb2Sr4,0.16630235962652296,https://elagente.ca/grafico/ConceptualAtoms_69f3bbc0-3842-4060-9584-b55dd52e8f1e,https://elagente.ca/ontomlff/MLFFElasticityResult_489d0507-b06a-4d82-922c-684edbb8dd48,[],[],0.1336785240005758,eV/Å^3,0.3162883961367798,/scratch/kenko/akg4pyscf/.graphchat-workspaces/kenko_room/mlff_elasticity_benchmark/workflow_runs/Orb_OMAT/elasticity_Orb_OMAT/structures/Sb2Sr4_962abf13/output.json,mp-15624,cif,https://elagente.ca/grafico/ConceptualAtoms_69f3bbc0-3842-4060-9584-b55dd52e8f1e,mp-15624
C2LaNi,0.8817315380100816,https://elagente.ca/grafico/ConceptualAtoms_6a704ead-1156-4133-83f7-424a5b997d16,https://elagente.ca/ontomlff/MLFFElasticityResult_dea4f0f9-6447-4627-9115-36bf1660b7ff,[],[],0.4814752370278593,eV/Å^3,1.2219988976553073,/scratch/kenko/akg4pyscf/.graphchat-workspaces/kenko_room/mlff_elasticity_benchmark/workflow_runs/Orb_OMAT/elasticity_Orb_OMAT/structures/C2LaNi_18ba2ff4/output.json,mp-1018048,cif,https://elagente.ca/grafico/ConceptualAtoms_6a704ead-1156-4133-83f7-424a5b997d16,mp-1018048
Ge6N8,1.1452675953304934,https://elagente.ca/grafico/ConceptualAtoms_6a757e99-c3c2-4649-8459-0e3186551c4e,https://elagente.ca/ontomlff/MLFFElasticityResult_5c474087-c97a-4aee-b98f-077514fd800f,[],[],0.8542669982898676,eV/Å^3,2.0524791532242492,/scratch/kenko/akg4pyscf/.graphchat-workspaces/kenko_room/mlff_elasticity_benchmark/workflow_runs/Orb_OMAT/elasticity_Orb_OMAT/structures/Ge6N8_4ab4eb8c/output.json,mp-13852,cif,https://elagente.ca/grafico/ConceptualAtoms_6a757e99-c3c2-4649-8459-0e3186551c4e,mp-13852
Li6Na2,0.072111910202768,https://elagente.ca/grafico/ConceptualAtoms_6ae28569-234f-47be-aa7c-d73921fe9344,https://elagente.ca/ontomlff/MLFFElasticityResult_b946bddf-65e8-4e1a-be8a-92d195ca03bb,[],[],0.03934868749907949,eV/Å^3,0.0998793018550243,/scratch/kenko/akg4pyscf/.graphchat-workspaces/kenko_room/mlff_elasticity_benchmark/workflow_runs/Orb_OMAT/elasticity_Orb_OMAT/structures/Li6Na2_320cb64b/output.json,mp-973316,cif,https://elagente.ca/grafico/ConceptualAtoms_6ae28569-234f-47be-aa7c-d73921fe9344,mp-973316
Co2SnV,0.894825805443916,https://elagente.ca/grafico/ConceptualAtoms_6ae53f6b-2885-4ca4-810b-2a2067e5e643,https://elagente.ca/ontomlff/MLFFElasticityResult_ba1fd60c-8884-4999-8e74-9a7995fb621c,[],[],0.3671371424771908,eV/Å^3,0.9689015588468652,/scratch/kenko/akg4pyscf/.graphchat-workspaces/kenko_room/mlff_elasticity_benchmark/workflow_runs/Orb_OMAT/elasticity_Orb_OMAT/structures/Co2SnV_e7ec5f56/output.json,mp-21469,cif,https://elagente.ca/grafico/ConceptualAtoms_6ae53f6b-2885-4ca4-810b-2a2067e5e643,mp-21469
RuV3,1.1918973664911947,https://elagente.ca/grafico/ConceptualAtoms_6b3f9a56-bc6d-4612-bc59-63ebd1b288d8,https://elagente.ca/ontomlff/MLFFElasticityResult_81817c14-0294-45f6-9158-96b3697d6379,[],[],0.6035917837340392,eV/Å^3,1.5492546805041372,/scratch/kenko/akg4pyscf/.graphchat-workspaces/kenko_room/mlff_elasticity_benchmark/workflow_runs/Orb_OMAT/elasticity_Orb_OMAT/structures/RuV3_8127351d/output.json,mp-865382,cif,https://elagente.ca/grafico/ConceptualAtoms_6b3f9a56-bc6d-4612-bc59-63ebd1b288d8,mp-865382
Cu2K2Se2,0.2127458610055703,https://elagente.ca/grafico/ConceptualAtoms_6b6a1e1d-d029-46a3-8c5b-e5e6bb084486,https://elagente.ca/ontomlff/MLFFElasticityResult_d2b360bd-ae21-480e-aa56-39575181aba2,[],[],0.1415854405917037,eV/Å^3,0.3476371432666816,/scratch/kenko/akg4pyscf/.graphchat-workspaces/kenko_room/mlff_elasticity_benchmark/workflow_runs/Orb_OMAT/elasticity_Orb_OMAT/structures/Cu2K2Se2_42915724/output.json,mp-7435,cif,https://elagente.ca/grafico/ConceptualAtoms_6b6a1e1d-d029-46a3-8c5b-e5e6bb084486,mp-7435
AlO4Ta,1.5008522991954456,https://elagente.ca/grafico/ConceptualAtoms_6bab97b3-185b-4153-b2e7-a85d56873f51,https://elagente.ca/ontomlff/MLFFElasticityResult_e8508166-b9ae-49da-a8ce-c47bc065e358,[],[],0.8894507752379697,eV/Å^3,2.2281882553480523,/scratch/kenko/akg4pyscf/.graphchat-workspaces/kenko_room/mlff_elasticity_benchmark/workflow_runs/Orb_OMAT/elasticity_Orb_OMAT/structures/AlO4Ta_9aade004/output.json,mp-675172,cif,https://elagente.ca/grafico/ConceptualAtoms_6bab97b3-185b-4153-b2e7-a85d56873f51,mp-675172
BaNb4O6,1.2554192040625938,https://elagente.ca/grafico/ConceptualAtoms_6bda7864-6bb2-4cfe-805e-012dc423286e,https://elagente.ca/ontomlff/MLFFElasticityResult_48a3419b-50c8-49d2-8744-e97d1117bf98,[],[],0.7179911909509742,eV/Å^3,1.80909216266732,/scratch/kenko/akg4pyscf/.graphchat-workspaces/kenko_room/mlff_elasticity_benchmark/workflow_runs/Orb_OMAT/elasticity_Orb_OMAT/structures/BaNb4O6_a530c3b3/output.json,mp-505517,cif,https://elagente.ca/grafico/ConceptualAtoms_6bda7864-6bb2-4cfe-805e-012dc423286e,mp-505517
CaPd,0.3313303714544872,https://elagente.ca/grafico/ConceptualAtoms_6c8804b6-214a-40e6-9e98-a7bb62d68999,https://elagente.ca/ontomlff/MLFFElasticityResult_f47220c4-4bde-47cb-946c-d7f14cca3c11,[],[],0.04104325791411447,eV/Å^3,0.11824718510956873,/scratch/kenko/akg4pyscf/.graphchat-workspaces/kenko_room/mlff_elasticity_benchmark/workflow_runs/Orb_OMAT/elasticity_Orb_OMAT/structures/CaPd_def4113b/output.json,mp-213,cif,https://elagente.ca/grafico/ConceptualAtoms_6c8804b6-214a-40e6-9e98-a7bb62d68999,mp-213
Mg4Si2,0.26629328347263587,https://elagente.ca/grafico/ConceptualAtoms_6c8f5519-a12b-4a0a-8a0b-e3fefdd4c58b,https://elagente.ca/ontomlff/MLFFElasticityResult_c91b2bf3-30a7-4988-9ef1-6402c3c9b8f3,[],[],0.12601503111340506,eV/Å^3,0.3265372245533724,/scratch/kenko/akg4pyscf/.graphchat-workspaces/kenko_room/mlff_elasticity_benchmark/workflow_runs/Orb_OMAT/elasticity_Orb_OMAT/structures/Mg4Si2_f5de4819/output.json,mp-570657,cif,https://elagente.ca/grafico/ConceptualAtoms_6c8f5519-a12b-4a0a-8a0b-e3fefdd4c58b,mp-570657
CdCsF3,0.3476951975646186,https://elagente.ca/grafico/ConceptualAtoms_6cedde47-f1eb-4711-9a83-00f028e71f28,https://elagente.ca/ontomlff/MLFFElasticityResult_521d024b-83bf-4020-8d6d-29b52973ca7e,[],[],0.1558472728363502,eV/Å^3,0.40676684148866493,/scratch/kenko/akg4pyscf/.graphchat-workspaces/kenko_room/mlff_elasticity_benchmark/workflow_runs/Orb_OMAT/elasticity_Orb_OMAT/structures/CdCsF3_98c91b7a/output.json,mp-8399,cif,https://elagente.ca/grafico/ConceptualAtoms_6cedde47-f1eb-4711-9a83-00f028e71f28,mp-8399
Cd6Er2,0.31334315884905917,https://elagente.ca/grafico/ConceptualAtoms_6cfdba77-556a-4c53-8a5f-b8ed9ca9bc96,https://elagente.ca/ontomlff/MLFFElasticityResult_d2716564-df41-45d3-b39b-77fbd4850a70,[],[],0.1729861639430468,eV/Å^3,0.43830136942998715,/scratch/kenko/akg4pyscf/.graphchat-workspaces/kenko_room/mlff_elasticity_benchmark/workflow_runs/Orb_OMAT/elasticity_Orb_OMAT/structures/Cd6Er2_c6e7a96b/output.json,mp-7303,cif,https://elagente.ca/grafico/ConceptualAtoms_6cfdba77-556a-4c53-8a5f-b8ed9ca9bc96,mp-7303
Ca6Hg4,0.17993353586151856,https://elagente.ca/grafico/ConceptualAtoms_6df9d25d-545b-4d42-b095-72559fcf7427,https://elagente.ca/ontomlff/MLFFElasticityResult_ea3ffb51-2bf4-4093-91c4-7950b640f804,[],[],0.09241733636645445,eV/Å^3,0.2367234343754599,/scratch/kenko/akg4pyscf/.graphchat-workspaces/kenko_room/mlff_elasticity_benchmark/workflow_runs/Orb_OMAT/elasticity_Orb_OMAT/structures/Ca6Hg4_373d20c0/output.json,mp-11288,cif,https://elagente.ca/grafico/ConceptualAtoms_6df9d25d-545b-4d42-b095-72559fcf7427,mp-11288
B2Nb2,1.491800183323849,https://elagente.ca/grafico/ConceptualAtoms_6e7a8fab-31bd-4f09-80e9-a631a8b34a31,https://elagente.ca/ontomlff/MLFFElasticityResult_83338abe-5217-492d-9aab-aa4245205ab5,[],[],1.2200248108853402,eV/Å^3,2.87604491166242,/scratch/kenko/akg4pyscf/.graphchat-workspaces/kenko_room/mlff_elasticity_benchmark/workflow_runs/Orb_OMAT/elasticity_Orb_OMAT/structures/B2Nb2_c3bd2d32/output.json,mp-2580,cif,https://elagente.ca/grafico/ConceptualAtoms_6e7a8fab-31bd-4f09-80e9-a631a8b34a31,mp-2580
Hg2SmYb,0.3572778975037826,https://elagente.ca/grafico/ConceptualAtoms_6e95a3ba-525f-48fc-96c5-6866fe4d968b,https://elagente.ca/ontomlff/MLFFElasticityResult_ced649a2-ad35-40ee-a280-85044ffa397b,[],[],0.14219317195231568,eV/Å^3,0.37661629327506496,/scratch/kenko/akg4pyscf/.graphchat-workspaces/kenko_room/mlff_elasticity_benchmark/workflow_runs/Orb_OMAT/elasticity_Orb_OMAT/structures/Hg2SmYb_5ea8fe90/output.json,mp-866020,cif,https://elagente.ca/grafico/ConceptualAtoms_6e95a3ba-525f-48fc-96c5-6866fe4d968b,mp-866020
N2Ti6Zn2,0.9460997436281582,https://elagente.ca/grafico/ConceptualAtoms_6eee4175-df0a-4a3e-bc44-33e8d5e7e4f7,https://elagente.ca/ontomlff/MLFFElasticityResult_f33ce020-5cef-4381-9027-5879b910fb88,[],[],0.5681758571659792,eV/Å^3,1.420224475492281,/scratch/kenko/akg4pyscf/.graphchat-workspaces/kenko_room/mlff_elasticity_benchmark/workflow_runs/Orb_OMAT/elasticity_Orb_OMAT/structures/N2Ti6Zn2_1a8f8048/output.json,mp-1014257,cif,https://elagente.ca/grafico/ConceptualAtoms_6eee4175-df0a-4a3e-bc44-33e8d5e7e4f7,mp-1014257
Ga2,0.2687855432936582,https://elagente.ca/grafico/ConceptualAtoms_6f1c8918-7dbb-4514-913a-6994dd04a41c,https://elagente.ca/ontomlff/MLFFElasticityResult_413900fd-b07e-4a08-9ef6-7a02352ccccf,[],[],0.06220260043362338,eV/Å^3,0.1732437265239425,/scratch/kenko/akg4pyscf/.graphchat-workspaces/kenko_room/mlff_elasticity_benchmark/workflow_runs/Orb_OMAT/elasticity_Orb_OMAT/structures/Ga2_43cdb8d0/output.json,mp-10021,cif,https://elagente.ca/grafico/ConceptualAtoms_6f1c8918-7dbb-4514-913a-6994dd04a41c,mp-10021
Ca4Cd8,0.22419755639597488,https://elagente.ca/grafico/ConceptualAtoms_6f211bc6-e2b0-4473-98ac-0403bb6c5973,https://elagente.ca/ontomlff/MLFFElasticityResult_3877fcee-e43a-4e8e-ae18-0103ec39472e,[],[],0.1233052943529499,eV/Å^3,0.3126062919606682,/scratch/kenko/akg4pyscf/.graphchat-workspaces/kenko_room/mlff_elasticity_benchmark/workflow_runs/Orb_OMAT/elasticity_Orb_OMAT/structures/Ca4Cd8_b5320432/output.json,mp-1078,cif,https://elagente.ca/grafico/ConceptualAtoms_6f211bc6-e2b0-4473-98ac-0403bb6c5973,mp-1078
Si2Sr4,0.189400765928243,https://elagente.ca/grafico/ConceptualAtoms_6fa319a4-9c34-4803-bfa0-4b54fa3fe502,https://elagente.ca/ontomlff/MLFFElasticityResult_390dcc9c-3736-442f-b4e4-2ceeecd0fe74,[],[],0.1564427370380059,eV/Å^3,0.3680055132585236,/scratch/kenko/akg4pyscf/.graphchat-workspaces/kenko_room/mlff_elasticity_benchmark/workflow_runs/Orb_OMAT/elasticity_Orb_OMAT/structures/Si2Sr4_4fe4c916/output.json,mp-13051,cif,https://elagente.ca/grafico/ConceptualAtoms_6fa319a4-9c34-4803-bfa0-4b54fa3fe502,mp-13051
CoMn2Si,1.2072930073500587,https://elagente.ca/grafico/ConceptualAtoms_70893842-df0a-4f15-9c5d-4dd61aaea3a0,https://elagente.ca/ontomlff/MLFFElasticityResult_94d1f260-a332-486b-ac68-9d07da507aab,[],[],0.7153470464316942,eV/Å^3,1.7920904421729038,/scratch/kenko/akg4pyscf/.graphchat-workspaces/kenko_room/mlff_elasticity_benchmark/workflow_runs/Orb_OMAT/elasticity_Orb_OMAT/structures/CoMn2Si_87e86d9e/output.json,mp-13082,cif,https://elagente.ca/grafico/ConceptualAtoms_70893842-df0a-4f15-9c5d-4dd61aaea3a0,mp-13082
Ga4Ni2Tm2,0.5821640069844914,https://elagente.ca/grafico/ConceptualAtoms_70c31aca-2c37-43c1-9f09-cfa176a2a348,https://elagente.ca/ontomlff/MLFFElasticityResult_f76636b8-e471-43cf-9398-c6ed6a83a28f,[],[],0.3267834790333614,eV/Å^3,0.8258305353747825,/scratch/kenko/akg4pyscf/.graphchat-workspaces/kenko_room/mlff_elasticity_benchmark/workflow_runs/Orb_OMAT/elasticity_Orb_OMAT/structures/Ga4Ni2Tm2_437723bb/output.json,mp-1025504,cif,https://elagente.ca/grafico/ConceptualAtoms_70c31aca-2c37-43c1-9f09-cfa176a2a348,mp-1025504
Ni2S4,0.3366016332401802,https://elagente.ca/grafico/ConceptualAtoms_7141ce25-1998-4679-ba13-97341897a650,https://elagente.ca/ontomlff/MLFFElasticityResult_d1622265-c440-48e6-ae64-2d990bcc403e,[],[],0.2551103188030971,eV/Å^3,0.6109776674138954,/scratch/kenko/akg4pyscf/.graphchat-workspaces/kenko_room/mlff_elasticity_benchmark/workflow_runs/Orb_OMAT/elasticity_Orb_OMAT/structures/Ni2S4_55ed253d/output.json,mp-1180046,cif,https://elagente.ca/grafico/ConceptualAtoms_7141ce25-1998-4679-ba13-97341897a650,mp-1180046
Mg3Sm,0.23552106144521673,https://elagente.ca/grafico/ConceptualAtoms_7144791f-e291-4f59-b960-0525c3eaee05,https://elagente.ca/ontomlff/MLFFElasticityResult_f027ee0c-bab9-4a49-8a31-357dc1335e3a,[],[],0.1492523786337945,eV/Å^3,0.36966926221086654,/scratch/kenko/akg4pyscf/.graphchat-workspaces/kenko_room/mlff_elasticity_benchmark/workflow_runs/Orb_OMAT/elasticity_Orb_OMAT/structures/Mg3Sm_41ca8cf2/output.json,mp-30779,cif,https://elagente.ca/grafico/ConceptualAtoms_7144791f-e291-4f59-b960-0525c3eaee05,mp-30779
In2SmY,0.31443741249403256,https://elagente.ca/grafico/ConceptualAtoms_714f223b-321e-43c2-aeac-bc64c83c1e7e,https://elagente.ca/ontomlff/MLFFElasticityResult_58d33b22-6191-4ac1-b121-42d72cc782db,[],[],0.12494577953590745,eV/Å^3,0.33099554877286325,/scratch/kenko/akg4pyscf/.graphchat-workspaces/kenko_room/mlff_elasticity_benchmark/workflow_runs/Orb_OMAT/elasticity_Orb_OMAT/structures/In2SmY_a5ef8340/output.json,mp-978833,cif,https://elagente.ca/grafico/ConceptualAtoms_714f223b-321e-43c2-aeac-bc64c83c1e7e,mp-978833
Dy2I2S2,0.23964794021867136,https://elagente.ca/grafico/ConceptualAtoms_7186baf0-a78d-4622-89a5-b97c789a1874,https://elagente.ca/ontomlff/MLFFElasticityResult_20485051-0196-4be2-90ae-aabd84144741,[],[],0.13248844429803602,eV/Å^3,0.3356171204348547,/scratch/kenko/akg4pyscf/.graphchat-workspaces/kenko_room/mlff_elasticity_benchmark/workflow_runs/Orb_OMAT/elasticity_Orb_OMAT/structures/Dy2I2S2_abd38edc/output.json,mp-28929,cif,https://elagente.ca/grafico/ConceptualAtoms_7186baf0-a78d-4622-89a5-b97c789a1874,mp-28929
ClCsINa,0.07102311961708885,https://elagente.ca/grafico/ConceptualAtoms_71adf2c2-ba8f-4119-b58e-204a4f781bea,https://elagente.ca/ontomlff/MLFFElasticityResult_d23c733b-ab5e-46e5-b5cd-53338dd8df78,[],[],0.036939931782800924,eV/Å^3,0.09444570112985723,/scratch/kenko/akg4pyscf/.graphchat-workspaces/kenko_room/mlff_elasticity_benchmark/workflow_runs/Orb_OMAT/elasticity_Orb_OMAT/structures/ClCsINa_7d3e9904/output.json,mp-1021431,cif,https://elagente.ca/grafico/ConceptualAtoms_71adf2c2-ba8f-4119-b58e-204a4f781bea,mp-1021431
Lu4Os8,1.298536187719445,https://elagente.ca/grafico/ConceptualAtoms_7202d68b-a030-427d-85dd-6562c25d95e6,https://elagente.ca/ontomlff/MLFFElasticityResult_b5cfef9e-6a0e-4c91-bfd3-3c6d32b6ae2a,[],[],0.37641726281741916,eV/Å^3,1.029751016557044,/scratch/kenko/akg4pyscf/.graphchat-workspaces/kenko_room/mlff_elasticity_benchmark/workflow_runs/Orb_OMAT/elasticity_Orb_OMAT/structures/Lu4Os8_e54d7629/output.json,mp-567590,cif,https://elagente.ca/grafico/ConceptualAtoms_7202d68b-a030-427d-85dd-6562c25d95e6,mp-567590
C3W6,1.9042433162267436,https://elagente.ca/grafico/ConceptualAtoms_72bd9a8d-801a-4120-974c-b96aea8c3615,https://elagente.ca/ontomlff/MLFFElasticityResult_5ebcbc36-3a93-4d7f-adbb-6925ac3b9c25,[],[],0.8960276943623502,eV/Å^3,2.3236277622403865,/scratch/kenko/akg4pyscf/.graphchat-workspaces/kenko_room/mlff_elasticity_benchmark/workflow_runs/Orb_OMAT/elasticity_Orb_OMAT/structures/C3W6_9264b8dc/output.json,mp-567397,cif,https://elagente.ca/grafico/ConceptualAtoms_72bd9a8d-801a-4120-974c-b96aea8c3615,mp-567397
Bi6Na2,0.23103035549558334,https://elagente.ca/grafico/ConceptualAtoms_730909a6-c130-4c9c-8511-23ed1f9bce40,https://elagente.ca/ontomlff/MLFFElasticityResult_2bd4e66f-6761-414d-856f-a01f58f0206a,[],[],0.0393367751346774,eV/Å^3,0.1116723008640149,/scratch/kenko/akg4pyscf/.graphchat-workspaces/kenko_room/mlff_elasticity_benchmark/workflow_runs/Orb_OMAT/elasticity_Orb_OMAT/structures/Bi6Na2_2891434a/output.json,mp-972941,cif,https://elagente.ca/grafico/ConceptualAtoms_730909a6-c130-4c9c-8511-23ed1f9bce40,mp-972941
Co2Se4V,0.585182811356473,https://elagente.ca/grafico/ConceptualAtoms_7389ba96-74a6-451c-9b12-a86a1a665b9d,https://elagente.ca/ontomlff/MLFFElasticityResult_6b532f31-4a08-48a2-8cc8-5b4ed84e4adf,[],[],0.36450426670393843,eV/Å^3,0.9055032845036755,/scratch/kenko/akg4pyscf/.graphchat-workspaces/kenko_room/mlff_elasticity_benchmark/workflow_runs/Orb_OMAT/elasticity_Orb_OMAT/structures/Co2Se4V_2f944136/output.json,mp-1025322,cif,https://elagente.ca/grafico/ConceptualAtoms_7389ba96-74a6-451c-9b12-a86a1a665b9d,mp-1025322
AgRhSm2,0.44907075354631676,https://elagente.ca/grafico/ConceptualAtoms_73e6cd97-49d3-44b0-ad80-3b2f18684eeb,https://elagente.ca/ontomlff/MLFFElasticityResult_314b1d6e-d3ce-42a6-a456-13b3936a0509,[],[],0.1486578201256376,eV/Å^3,0.4016531391765366,/scratch/kenko/akg4pyscf/.graphchat-workspaces/kenko_room/mlff_elasticity_benchmark/workflow_runs/Orb_OMAT/elasticity_Orb_OMAT/structures/AgRhSm2_1c69dbff/output.json,mp-972530,cif,https://elagente.ca/grafico/ConceptualAtoms_73e6cd97-49d3-44b0-ad80-3b2f18684eeb,mp-972530
CaGe2Ni2,0.5854204165304611,https://elagente.ca/grafico/ConceptualAtoms_7401bcd4-a7ec-47cc-ac4e-06f9a5d052f6,https://elagente.ca/ontomlff/MLFFElasticityResult_3bede673-ab72-4395-9962-b00b8f0cdfe0,[],[],0.29822406992293654,eV/Å^3,0.7648037774612593,/scratch/kenko/akg4pyscf/.graphchat-workspaces/kenko_room/mlff_elasticity_benchmark/workflow_runs/Orb_OMAT/elasticity_Orb_OMAT/structures/CaGe2Ni2_0fbf0f4d/output.json,mp-2949,cif,https://elagente.ca/grafico/ConceptualAtoms_7401bcd4-a7ec-47cc-ac4e-06f9a5d052f6,mp-2949
Al18Mn6Si2,0.7353069764337543,https://elagente.ca/grafico/ConceptualAtoms_742b44ca-48e4-482c-9987-725b91819665,https://elagente.ca/ontomlff/MLFFElasticityResult_0dfbc04e-28d2-4d34-b803-2224e0d78260,[],[],0.511659681715962,eV/Å^3,1.2459768030443634,/scratch/kenko/akg4pyscf/.graphchat-workspaces/kenko_room/mlff_elasticity_benchmark/workflow_runs/Orb_OMAT/elasticity_Orb_OMAT/structures/Al18Mn6Si2_f5044f05/output.json,mp-15819,cif,https://elagente.ca/grafico/ConceptualAtoms_742b44ca-48e4-482c-9987-725b91819665,mp-15819
NdO2Rb,0.5137239059931451,https://elagente.ca/grafico/ConceptualAtoms_743d9132-4d71-4675-976a-29649d210590,https://elagente.ca/ontomlff/MLFFElasticityResult_5fa09560-b914-4b00-bf54-6dac24dc3b23,[],[],0.32313940296476495,eV/Å^3,0.8013898054126798,/scratch/kenko/akg4pyscf/.graphchat-workspaces/kenko_room/mlff_elasticity_benchmark/workflow_runs/Orb_OMAT/elasticity_Orb_OMAT/structures/NdO2Rb_8fa749f6/output.json,mp-7973,cif,https://elagente.ca/grafico/ConceptualAtoms_743d9132-4d71-4675-976a-29649d210590,mp-7973
AsPr,0.40657912892060366,https://elagente.ca/grafico/ConceptualAtoms_745d6a9c-1d72-4ba6-a030-ff6fa8dde7c4,https://elagente.ca/ontomlff/MLFFElasticityResult_b5ab3e71-6021-4615-8395-303f9990f681,[],[],0.2555354037827514,eV/Å^3,0.6338205807755307,/scratch/kenko/akg4pyscf/.graphchat-workspaces/kenko_room/mlff_elasticity_benchmark/workflow_runs/Orb_OMAT/elasticity_Orb_OMAT/structures/AsPr_74353e60/output.json,mp-10622,cif,https://elagente.ca/grafico/ConceptualAtoms_745d6a9c-1d72-4ba6-a030-ff6fa8dde7c4,mp-10622
BN,2.272822795959016,https://elagente.ca/grafico/ConceptualAtoms_74652254-52d4-443e-ba84-0fb4f7f05f0d,https://elagente.ca/ontomlff/MLFFElasticityResult_f23c7138-ae0c-4abd-b806-dd347a4ae57c,[],[],2.2630530545574175,eV/Å^3,5.097347116471236,/scratch/kenko/akg4pyscf/.graphchat-workspaces/kenko_room/mlff_elasticity_benchmark/workflow_runs/Orb_OMAT/elasticity_Orb_OMAT/structures/BN_1d793551/output.json,mp-1639,cif,https://elagente.ca/grafico/ConceptualAtoms_74652254-52d4-443e-ba84-0fb4f7f05f0d,mp-1639
Ba2Cu3O7Y,0.7381984133713952,https://elagente.ca/grafico/ConceptualAtoms_74af1ae3-6619-4e89-a373-e03522cc3140,https://elagente.ca/ontomlff/MLFFElasticityResult_47b25c18-32ca-45c6-83ba-db54928a4445,[],[],0.40905966831125684,eV/Å^3,1.035846892198712,/scratch/kenko/akg4pyscf/.graphchat-workspaces/kenko_room/mlff_elasticity_benchmark/workflow_runs/Orb_OMAT/elasticity_Orb_OMAT/structures/Ba2Cu3O7Y_fd0c21ea/output.json,mp-20674,cif,https://elagente.ca/grafico/ConceptualAtoms_74af1ae3-6619-4e89-a373-e03522cc3140,mp-20674
O4SnSr2,0.7112271133936354,https://elagente.ca/grafico/ConceptualAtoms_7559e2d0-e517-4220-8b1b-5706968a1b43,https://elagente.ca/ontomlff/MLFFElasticityResult_f07b4cf9-1740-4aa0-b33d-75e5f5f7848f,[],[],0.4566493720644065,eV/Å^3,1.128439978231102,/scratch/kenko/akg4pyscf/.graphchat-workspaces/kenko_room/mlff_elasticity_benchmark/workflow_runs/Orb_OMAT/elasticity_Orb_OMAT/structures/O4SnSr2_dd3a4888/output.json,mp-3376,cif,https://elagente.ca/grafico/ConceptualAtoms_7559e2d0-e517-4220-8b1b-5706968a1b43,mp-3376
AgDy2Ir,0.5627806839161491,https://elagente.ca/grafico/ConceptualAtoms_756a9125-5b5a-4796-a74b-3bd60ff670f2,https://elagente.ca/ontomlff/MLFFElasticityResult_8923cb55-3db1-4ff5-8651-f207eacfe99c,[],[],0.22023222832210115,eV/Å^3,0.5844582567874558,/scratch/kenko/akg4pyscf/.graphchat-workspaces/kenko_room/mlff_elasticity_benchmark/workflow_runs/Orb_OMAT/elasticity_Orb_OMAT/structures/AgDy2Ir_df0409c2/output.json,mp-864981,cif,https://elagente.ca/grafico/ConceptualAtoms_756a9125-5b5a-4796-a74b-3bd60ff670f2,mp-864981
O12Rh8,1.4700540678075655,https://elagente.ca/grafico/ConceptualAtoms_7587d3ec-e77c-484e-b878-048a0384c19c,https://elagente.ca/ontomlff/MLFFElasticityResult_f85709f1-8243-430a-93f8-7e542627b0bd,[],[],0.8959902933429638,eV/Å^3,2.234083469374475,/scratch/kenko/akg4pyscf/.graphchat-workspaces/kenko_room/mlff_elasticity_benchmark/workflow_runs/Orb_OMAT/elasticity_Orb_OMAT/structures/O12Rh8_d5b7c950/output.json,mp-1716,cif,https://elagente.ca/grafico/ConceptualAtoms_7587d3ec-e77c-484e-b878-048a0384c19c,mp-1716
C4Ca16N16,0.5663187973360073,https://elagente.ca/grafico/ConceptualAtoms_75f816af-b83f-436d-a817-8fa581b9ca61,https://elagente.ca/ontomlff/MLFFElasticityResult_c2c69988-0ea1-4916-8f11-30bc9e1b9f31,[],[],0.36582550392704705,eV/Å^3,0.9030322952947238,/scratch/kenko/akg4pyscf/.graphchat-workspaces/kenko_room/mlff_elasticity_benchmark/workflow_runs/Orb_OMAT/elasticity_Orb_OMAT/structures/C4Ca16N16_d1fe4cb2/output.json,mp-5251,cif,https://elagente.ca/grafico/ConceptualAtoms_75f816af-b83f-436d-a817-8fa581b9ca61,mp-5251
BaO4Sr3,0.5037663227613243,https://elagente.ca/grafico/ConceptualAtoms_776a9826-a899-4c2a-86ad-421be1ba8854,https://elagente.ca/ontomlff/MLFFElasticityResult_4c9e1ae3-305d-4376-a09c-853f90a28af5,[],[],0.31356621720825806,eV/Å^3,0.7790585918176574,/scratch/kenko/akg4pyscf/.graphchat-workspaces/kenko_room/mlff_elasticity_benchmark/workflow_runs/Orb_OMAT/elasticity_Orb_OMAT/structures/BaO4Sr3_302fa1ee/output.json,mp-984729,cif,https://elagente.ca/grafico/ConceptualAtoms_776a9826-a899-4c2a-86ad-421be1ba8854,mp-984729
Li3Sm,0.0903633526702376,https://elagente.ca/grafico/ConceptualAtoms_776d915d-4a1d-479f-ade7-c5f622d33fb5,https://elagente.ca/ontomlff/MLFFElasticityResult_d38250bf-d880-420c-9843-9be7862cad75,[],[],-0.003428878768989091,eV/Å^3,-0.01041841346246362,/scratch/kenko/akg4pyscf/.graphchat-workspaces/kenko_room/mlff_elasticity_benchmark/workflow_runs/Orb_OMAT/elasticity_Orb_OMAT/structures/Li3Sm_af73195b/output.json,mp-977286,cif,https://elagente.ca/grafico/ConceptualAtoms_776d915d-4a1d-479f-ade7-c5f622d33fb5,mp-977286
Cl6Cs2Pt,0.20272115473363583,https://elagente.ca/grafico/ConceptualAtoms_7771dc49-18e3-4ce5-8711-2e5b0c447b31,https://elagente.ca/ontomlff/MLFFElasticityResult_935f453b-06f0-4122-8b72-cbe4e8399c0a,[],[],0.11785645710330754,eV/Å^3,0.2961736549940742,/scratch/kenko/akg4pyscf/.graphchat-workspaces/kenko_room/mlff_elasticity_benchmark/workflow_runs/Orb_OMAT/elasticity_Orb_OMAT/structures/Cl6Cs2Pt_8c93ebb9/output.json,mp-23406,cif,https://elagente.ca/grafico/ConceptualAtoms_7771dc49-18e3-4ce5-8711-2e5b0c447b31,mp-23406
LaN3Os,1.4789612387897164,https://elagente.ca/grafico/ConceptualAtoms_77a23ffc-9521-438f-a3a0-3114a8735256,https://elagente.ca/ontomlff/MLFFElasticityResult_73d29316-bc95-4844-8714-5f005ce95420,[],[],0.5001574691895924,eV/Å^3,1.3484638555328716,/scratch/kenko/akg4pyscf/.graphchat-workspaces/kenko_room/mlff_elasticity_benchmark/workflow_runs/Orb_OMAT/elasticity_Orb_OMAT/structures/LaN3Os_f63911c6/output.json,mp-989564,cif,https://elagente.ca/grafico/ConceptualAtoms_77a23ffc-9521-438f-a3a0-3114a8735256,mp-989564
Hg3,0.0726279658784755,https://elagente.ca/grafico/ConceptualAtoms_77be6b08-e581-47b8-80a2-0cb24e2752e5,https://elagente.ca/ontomlff/MLFFElasticityResult_11d11bf0-7566-41dc-8493-25bcca8a564e,[],[],0.00851725460684319,eV/Å^3,0.024590501583310522,/scratch/kenko/akg4pyscf/.graphchat-workspaces/kenko_room/mlff_elasticity_benchmark/workflow_runs/Orb_OMAT/elasticity_Orb_OMAT/structures/Hg3_83abcf92/output.json,mp-10861,cif,https://elagente.ca/grafico/ConceptualAtoms_77be6b08-e581-47b8-80a2-0cb24e2752e5,mp-10861
MgRh2Si,1.0363303107148405,https://elagente.ca/grafico/ConceptualAtoms_7825d5ea-6de5-460c-b36b-23c1eaa928f2,https://elagente.ca/ontomlff/MLFFElasticityResult_bf6719ea-a1f1-4363-941a-c58554d17b94,[],[],0.5131928610680865,eV/Å^3,1.321450298429128,/scratch/kenko/akg4pyscf/.graphchat-workspaces/kenko_room/mlff_elasticity_benchmark/workflow_runs/Orb_OMAT/elasticity_Orb_OMAT/structures/MgRh2Si_82d80011/output.json,mp-866087,cif,https://elagente.ca/grafico/ConceptualAtoms_7825d5ea-6de5-460c-b36b-23c1eaa928f2,mp-866087
H32N16O24,0.6938036336933351,https://elagente.ca/grafico/ConceptualAtoms_788492e9-5371-460c-ba71-5212b7beb6ab,https://elagente.ca/ontomlff/MLFFElasticityResult_9b425dfa-9ed2-4027-bf1b-356a6a16810c,[],[],0.5159141161678436,eV/Å^3,1.2403098475723062,/scratch/kenko/akg4pyscf/.graphchat-workspaces/kenko_room/mlff_elasticity_benchmark/workflow_runs/Orb_OMAT/elasticity_Orb_OMAT/structures/H32N16O24_06341bda/output.json,mp-24834,cif,https://elagente.ca/grafico/ConceptualAtoms_788492e9-5371-460c-ba71-5212b7beb6ab,mp-24834
OsSi2Tc,1.4857827544075866,https://elagente.ca/grafico/ConceptualAtoms_7887e332-d4be-4e15-b0dc-596be1827c04,https://elagente.ca/ontomlff/MLFFElasticityResult_12e468e9-5fcd-41fa-a8fd-14d0d4d93301,[],[],0.7864373006737976,eV/Å^3,2.0054738472298244,/scratch/kenko/akg4pyscf/.graphchat-workspaces/kenko_room/mlff_elasticity_benchmark/workflow_runs/Orb_OMAT/elasticity_Orb_OMAT/structures/OsSi2Tc_a5c4050a/output.json,mp-978500,cif,https://elagente.ca/grafico/ConceptualAtoms_7887e332-d4be-4e15-b0dc-596be1827c04,mp-978500
TbTe,0.3963059804419409,https://elagente.ca/grafico/ConceptualAtoms_794c291e-9e5e-4bd2-8edd-08c26aa53988,https://elagente.ca/ontomlff/MLFFElasticityResult_10f39dec-9aa8-448e-8649-fa77c0ff2200,[],[],0.259542642138014,eV/Å^3,0.639109356443243,/scratch/kenko/akg4pyscf/.graphchat-workspaces/kenko_room/mlff_elasticity_benchmark/workflow_runs/Orb_OMAT/elasticity_Orb_OMAT/structures/TbTe_478aa5f4/output.json,mp-867290,cif,https://elagente.ca/grafico/ConceptualAtoms_794c291e-9e5e-4bd2-8edd-08c26aa53988,mp-867290
As4Rh4Ti4,1.0515265465136765,https://elagente.ca/grafico/ConceptualAtoms_7967c063-11c9-4cf3-9cfc-c46441e20aa3,https://elagente.ca/ontomlff/MLFFElasticityResult_e255c2bc-654c-47e7-915e-8fe3e63edad0,[],[],0.5829386533647614,eV/Å^3,1.4760541056051184,/scratch/kenko/akg4pyscf/.graphchat-workspaces/kenko_room/mlff_elasticity_benchmark/workflow_runs/Orb_OMAT/elasticity_Orb_OMAT/structures/As4Rh4Ti4_7958e367/output.json,mp-505540,cif,https://elagente.ca/grafico/ConceptualAtoms_7967c063-11c9-4cf3-9cfc-c46441e20aa3,mp-505540
Ru8Y4,0.9524475391714663,https://elagente.ca/grafico/ConceptualAtoms_799a889e-9f87-4e13-a687-d8fe81babcd1,https://elagente.ca/ontomlff/MLFFElasticityResult_2890a041-e790-4c5b-9ea7-ebf6f75e0cfb,[],[],0.24842286683808498,eV/Å^3,0.6856563203092806,/scratch/kenko/akg4pyscf/.graphchat-workspaces/kenko_room/mlff_elasticity_benchmark/workflow_runs/Orb_OMAT/elasticity_Orb_OMAT/structures/Ru8Y4_f9c46972/output.json,mp-568186,cif,https://elagente.ca/grafico/ConceptualAtoms_799a889e-9f87-4e13-a687-d8fe81babcd1,mp-568186
Br2N2U2,0.539503276834333,https://elagente.ca/grafico/ConceptualAtoms_79d7ca7a-71c7-47cf-af4b-4ca7731913e3,https://elagente.ca/ontomlff/MLFFElasticityResult_47fc0ac8-4c19-4342-b038-e36f63434c14,[],[],0.3072114694486809,eV/Å^3,0.7746055205783487,/scratch/kenko/akg4pyscf/.graphchat-workspaces/kenko_room/mlff_elasticity_benchmark/workflow_runs/Orb_OMAT/elasticity_Orb_OMAT/structures/Br2N2U2_a053e4ef/output.json,mp-27762,cif,https://elagente.ca/grafico/ConceptualAtoms_79d7ca7a-71c7-47cf-af4b-4ca7731913e3,mp-27762
F6KRu,0.5258279254461664,https://elagente.ca/grafico/ConceptualAtoms_7a1bcd04-f838-4f0b-b23c-9ea744bf72a0,https://elagente.ca/ontomlff/MLFFElasticityResult_4c99d8a9-ca82-4dd1-aa04-99a97d3764cc,[],[],0.25514055440115013,eV/Å^3,0.6588585753819767,/scratch/kenko/akg4pyscf/.graphchat-workspaces/kenko_room/mlff_elasticity_benchmark/workflow_runs/Orb_OMAT/elasticity_Orb_OMAT/structures/F6KRu_3d3e6d1b/output.json,mp-8013,cif,https://elagente.ca/grafico/ConceptualAtoms_7a1bcd04-f838-4f0b-b23c-9ea744bf72a0,mp-8013
Ga2RuSc,0.7515617327710932,https://elagente.ca/grafico/ConceptualAtoms_7a74fc2b-cd9f-4e63-8bc2-40b984b84be8,https://elagente.ca/ontomlff/MLFFElasticityResult_ad2c4013-bf8f-48c8-bb92-09026015506a,[],[],0.13046050527407138,eV/Å^3,0.36997408975499235,/scratch/kenko/akg4pyscf/.graphchat-workspaces/kenko_room/mlff_elasticity_benchmark/workflow_runs/Orb_OMAT/elasticity_Orb_OMAT/structures/Ga2RuSc_830318f7/output.json,mp-973067,cif,https://elagente.ca/grafico/ConceptualAtoms_7a74fc2b-cd9f-4e63-8bc2-40b984b84be8,mp-973067
LuMg2Pr,0.22258688468714613,https://elagente.ca/grafico/ConceptualAtoms_7a95f86e-5ff1-4d14-8b1d-050049775433,https://elagente.ca/ontomlff/MLFFElasticityResult_dc48be00-fcd2-4ad3-95b3-e24070acc686,[],[],0.14583880940967875,eV/Å^3,0.35909101393749526,/scratch/kenko/akg4pyscf/.graphchat-workspaces/kenko_room/mlff_elasticity_benchmark/workflow_runs/Orb_OMAT/elasticity_Orb_OMAT/structures/LuMg2Pr_e6ac67e2/output.json,mp-975972,cif,https://elagente.ca/grafico/ConceptualAtoms_7a95f86e-5ff1-4d14-8b1d-050049775433,mp-975972
IrRu,1.921756876125785,https://elagente.ca/grafico/ConceptualAtoms_7ac0d708-e00a-431a-a48a-64ec09918206,https://elagente.ca/ontomlff/MLFFElasticityResult_7a3af155-6efe-4e20-8f8d-c1e36d1b316b,[],[],1.1659361633616152,eV/Å^3,2.9094230135522627,/scratch/kenko/akg4pyscf/.graphchat-workspaces/kenko_room/mlff_elasticity_benchmark/workflow_runs/Orb_OMAT/elasticity_Orb_OMAT/structures/IrRu_08a2409e/output.json,mp-1223860,cif,https://elagente.ca/grafico/ConceptualAtoms_7ac0d708-e00a-431a-a48a-64ec09918206,mp-1223860
B4TaV,1.6343903636673636,https://elagente.ca/grafico/ConceptualAtoms_7b077357-891c-47c8-9bc9-bc3f90ae83af,https://elagente.ca/ontomlff/MLFFElasticityResult_04f0d015-3b67-4661-a177-17462f79078e,[],[],1.402887283328594,eV/Å^3,3.2723752128038166,/scratch/kenko/akg4pyscf/.graphchat-workspaces/kenko_room/mlff_elasticity_benchmark/workflow_runs/Orb_OMAT/elasticity_Orb_OMAT/structures/B4TaV_9e8abe72/output.json,mp-1217818,cif,https://elagente.ca/grafico/ConceptualAtoms_7b077357-891c-47c8-9bc9-bc3f90ae83af,mp-1217818
MgNi,0.5171533853198457,https://elagente.ca/grafico/ConceptualAtoms_7bb8a62c-b7c1-44a1-aef7-128f787813c3,https://elagente.ca/ontomlff/MLFFElasticityResult_5bd67cfe-1ef8-472b-bb3a-4ec9d38b809b,[],[],0.2388740063845899,eV/Å^3,0.6210072583012247,/scratch/kenko/akg4pyscf/.graphchat-workspaces/kenko_room/mlff_elasticity_benchmark/workflow_runs/Orb_OMAT/elasticity_Orb_OMAT/structures/MgNi_cc4e4bcb/output.json,mp-1018140,cif,https://elagente.ca/grafico/ConceptualAtoms_7bb8a62c-b7c1-44a1-aef7-128f787813c3,mp-1018140
NNa3,0.17683759257130632,https://elagente.ca/grafico/ConceptualAtoms_7bbad820-ab5e-4414-acdb-184f46883ca2,https://elagente.ca/ontomlff/MLFFElasticityResult_7fa1763b-bc85-4f61-83dc-b448ed470dd8,[],[],0.10620110172881969,eV/Å^3,0.26546166163557705,/scratch/kenko/akg4pyscf/.graphchat-workspaces/kenko_room/mlff_elasticity_benchmark/workflow_runs/Orb_OMAT/elasticity_Orb_OMAT/structures/NNa3_19be572d/output.json,mp-999495,cif,https://elagente.ca/grafico/ConceptualAtoms_7bbad820-ab5e-4414-acdb-184f46883ca2,mp-999495
Ca8N8Zr2,0.6008645833282733,https://elagente.ca/grafico/ConceptualAtoms_7be88a80-b873-43a4-8423-d2b620f9ac0a,https://elagente.ca/ontomlff/MLFFElasticityResult_187d8022-a02e-4b79-aba8-9d9cd1a34634,[],[],0.3634214778655636,eV/Å^3,0.9073361205232888,/scratch/kenko/akg4pyscf/.graphchat-workspaces/kenko_room/mlff_elasticity_benchmark/workflow_runs/Orb_OMAT/elasticity_Orb_OMAT/structures/Ca8N8Zr2_231d10f6/output.json,mp-1029660,cif,https://elagente.ca/grafico/ConceptualAtoms_7be88a80-b873-43a4-8423-d2b620f9ac0a,mp-1029660
Na2Te,0.12343318741649684,https://elagente.ca/grafico/ConceptualAtoms_7c5aaf5e-ecf2-4ca9-90b7-c703c90b45a7,https://elagente.ca/ontomlff/MLFFElasticityResult_f0400e9e-67d9-4f53-b6f0-7ecd9232ab98,[],[],0.07928175308578524,eV/Å^3,0.19590225923965307,/scratch/kenko/akg4pyscf/.graphchat-workspaces/kenko_room/mlff_elasticity_benchmark/workflow_runs/Orb_OMAT/elasticity_Orb_OMAT/structures/Na2Te_148e046c/output.json,mp-2784,cif,https://elagente.ca/grafico/ConceptualAtoms_7c5aaf5e-ecf2-4ca9-90b7-c703c90b45a7,mp-2784
Ge2Pr2Sc2,0.3480673895679003,https://elagente.ca/grafico/ConceptualAtoms_7c6d8a75-4966-4a35-9f7d-aadb80e719ad,https://elagente.ca/ontomlff/MLFFElasticityResult_0d108ce0-546c-48b6-86f9-da9fa00aad5c,[],[],0.21572192094484968,eV/Å^3,0.5363592129198229,/scratch/kenko/akg4pyscf/.graphchat-workspaces/kenko_room/mlff_elasticity_benchmark/workflow_runs/Orb_OMAT/elasticity_Orb_OMAT/structures/Ge2Pr2Sc2_ed8caa10/output.json,mp-4738,cif,https://elagente.ca/grafico/ConceptualAtoms_7c6d8a75-4966-4a35-9f7d-aadb80e719ad,mp-4738
BPrRh3,1.010734189334203,https://elagente.ca/grafico/ConceptualAtoms_7c9775c0-5db0-481e-9507-38502ccfb52b,https://elagente.ca/ontomlff/MLFFElasticityResult_ca6c7029-7df5-49e7-8524-ed67e73df4fb,[],[],0.5003320056398293,eV/Å^3,1.2884018208976888,/scratch/kenko/akg4pyscf/.graphchat-workspaces/kenko_room/mlff_elasticity_benchmark/workflow_runs/Orb_OMAT/elasticity_Orb_OMAT/structures/BPrRh3_ec46fe8f/output.json,mp-5200,cif,https://elagente.ca/grafico/ConceptualAtoms_7c9775c0-5db0-481e-9507-38502ccfb52b,mp-5200
Ge2Ni4,0.9982389793714117,https://elagente.ca/grafico/ConceptualAtoms_7cb07881-fbc0-4adb-bf0e-34b90ab6bf97,https://elagente.ca/ontomlff/MLFFElasticityResult_727609ae-fe1f-4faf-a1f7-47cffee4d89a,[],[],0.33455044920492194,eV/Å^3,0.9027967240214291,/scratch/kenko/akg4pyscf/.graphchat-workspaces/kenko_room/mlff_elasticity_benchmark/workflow_runs/Orb_OMAT/elasticity_Orb_OMAT/structures/Ge2Ni4_68844a31/output.json,mp-1594,cif,https://elagente.ca/grafico/ConceptualAtoms_7cb07881-fbc0-4adb-bf0e-34b90ab6bf97,mp-1594
Al3Si2Tb2,0.49951286521048066,https://elagente.ca/grafico/ConceptualAtoms_7ce864b9-7f0d-4e57-93d3-089097d28ffc,https://elagente.ca/ontomlff/MLFFElasticityResult_57c90ffa-7bb4-44c5-a9fa-e81226bbae11,[],[],0.3689369281919035,eV/Å^3,0.8881501565022468,/scratch/kenko/akg4pyscf/.graphchat-workspaces/kenko_room/mlff_elasticity_benchmark/workflow_runs/Orb_OMAT/elasticity_Orb_OMAT/structures/Al3Si2Tb2_3e214553/output.json,mp-3194,cif,https://elagente.ca/grafico/ConceptualAtoms_7ce864b9-7f0d-4e57-93d3-089097d28ffc,mp-3194
Ru4S8,1.003110840657154,https://elagente.ca/grafico/ConceptualAtoms_7d1f4b60-ce73-412c-8e49-5c999476a149,https://elagente.ca/ontomlff/MLFFElasticityResult_621ccbaf-c90e-4a66-9b87-74d703027284,[],[],0.7942104996139998,eV/Å^3,1.885118800194366,/scratch/kenko/akg4pyscf/.graphchat-workspaces/kenko_room/mlff_elasticity_benchmark/workflow_runs/Orb_OMAT/elasticity_Orb_OMAT/structures/Ru4S8_a289e083/output.json,mp-2030,cif,https://elagente.ca/grafico/ConceptualAtoms_7d1f4b60-ce73-412c-8e49-5c999476a149,mp-2030
CaNi2Si2,0.672109075327477,https://elagente.ca/grafico/ConceptualAtoms_7d25cbd8-40f0-471d-9ad3-36faaa06bd78,https://elagente.ca/ontomlff/MLFFElasticityResult_884c73fc-57ae-4fc7-9887-1f8de71bc35b,[],[],0.38560293925165934,eV/Å^3,0.9710961410356349,/scratch/kenko/akg4pyscf/.graphchat-workspaces/kenko_room/mlff_elasticity_benchmark/workflow_runs/Orb_OMAT/elasticity_Orb_OMAT/structures/CaNi2Si2_351f3812/output.json,mp-5292,cif,https://elagente.ca/grafico/ConceptualAtoms_7d25cbd8-40f0-471d-9ad3-36faaa06bd78,mp-5292
Be24P16,0.618598978128037,https://elagente.ca/grafico/ConceptualAtoms_7d491607-6a8f-47fb-8025-12577ebd35ce,https://elagente.ca/ontomlff/MLFFElasticityResult_5a604cdc-1919-4083-8565-4724f0521837,[],[],0.444126310585207,eV/Å^3,1.07509011111501,/scratch/kenko/akg4pyscf/.graphchat-workspaces/kenko_room/mlff_elasticity_benchmark/workflow_runs/Orb_OMAT/elasticity_Orb_OMAT/structures/Be24P16_35de2a6d/output.json,mp-567841,cif,https://elagente.ca/grafico/ConceptualAtoms_7d491607-6a8f-47fb-8025-12577ebd35ce,mp-567841
Hf2Hg,0.5971875015125121,https://elagente.ca/grafico/ConceptualAtoms_7db0a0bd-064a-452c-8d6c-2391bf1b259a,https://elagente.ca/ontomlff/MLFFElasticityResult_5d34b393-36f9-408c-b698-816883ef0d96,[],[],0.2400442486466609,eV/Å^3,0.6350455489939766,/scratch/kenko/akg4pyscf/.graphchat-workspaces/kenko_room/mlff_elasticity_benchmark/workflow_runs/Orb_OMAT/elasticity_Orb_OMAT/structures/Hf2Hg_ca3b3a39/output.json,mp-1018154,cif,https://elagente.ca/grafico/ConceptualAtoms_7db0a0bd-064a-452c-8d6c-2391bf1b259a,mp-1018154
O3SnZn,0.9255264995886916,https://elagente.ca/grafico/ConceptualAtoms_7e410641-f4b1-45af-bc51-4725158154d5,https://elagente.ca/ontomlff/MLFFElasticityResult_8959c5a6-9126-47df-8eb8-f54b857bc3de,[],[],0.31743377589419586,eV/Å^3,0.8545989006403081,/scratch/kenko/akg4pyscf/.graphchat-workspaces/kenko_room/mlff_elasticity_benchmark/workflow_runs/Orb_OMAT/elasticity_Orb_OMAT/structures/O3SnZn_0bb1b829/output.json,mp-1016902,cif,https://elagente.ca/grafico/ConceptualAtoms_7e410641-f4b1-45af-bc51-4725158154d5,mp-1016902
IrNiPm2,0.5430071457768394,https://elagente.ca/grafico/ConceptualAtoms_7e92944c-6e0e-4c23-9e6a-711a39483247,https://elagente.ca/ontomlff/MLFFElasticityResult_95259455-7aec-4818-95c5-612b509b3d17,[],[],0.17172128991288732,eV/Å^3,0.4660371383685122,/scratch/kenko/akg4pyscf/.graphchat-workspaces/kenko_room/mlff_elasticity_benchmark/workflow_runs/Orb_OMAT/elasticity_Orb_OMAT/structures/IrNiPm2_f99afdd2/output.json,mp-863713,cif,https://elagente.ca/grafico/ConceptualAtoms_7e92944c-6e0e-4c23-9e6a-711a39483247,mp-863713
Ba3OSi,0.23482605716288923,https://elagente.ca/grafico/ConceptualAtoms_7f06c738-0d3a-4416-991b-6bee4e830d9a,https://elagente.ca/ontomlff/MLFFElasticityResult_78e0a1cd-6729-4459-8c2e-99dcfc15a871,[],[],0.16158988542176933,eV/Å^3,0.3943219453875907,/scratch/kenko/akg4pyscf/.graphchat-workspaces/kenko_room/mlff_elasticity_benchmark/workflow_runs/Orb_OMAT/elasticity_Orb_OMAT/structures/Ba3OSi_f77c8be3/output.json,mp-754940,cif,https://elagente.ca/grafico/ConceptualAtoms_7f06c738-0d3a-4416-991b-6bee4e830d9a,mp-754940
CPd3Y,0.8923983229681063,https://elagente.ca/grafico/ConceptualAtoms_7f45830a-6cf6-45fb-87fd-cc5417c38c90,https://elagente.ca/ontomlff/MLFFElasticityResult_2787e336-4ab3-4523-9555-1f824daa62c6,[],[],0.12206766490311763,eV/Å^3,0.35023395203903424,/scratch/kenko/akg4pyscf/.graphchat-workspaces/kenko_room/mlff_elasticity_benchmark/workflow_runs/Orb_OMAT/elasticity_Orb_OMAT/structures/CPd3Y_8bdfda0d/output.json,mp-1018629,cif,https://elagente.ca/grafico/ConceptualAtoms_7f45830a-6cf6-45fb-87fd-cc5417c38c90,mp-1018629
Hf2IrMo,1.0596388389654985,https://elagente.ca/grafico/ConceptualAtoms_7fe061ed-fcbc-4925-962c-57491a4f234e,https://elagente.ca/ontomlff/MLFFElasticityResult_61022292-978d-459d-8295-501aa6057ca9,[],[],0.49785809656144453,eV/Å^3,1.291335063430532,/scratch/kenko/akg4pyscf/.graphchat-workspaces/kenko_room/mlff_elasticity_benchmark/workflow_runs/Orb_OMAT/elasticity_Orb_OMAT/structures/Hf2IrMo_f914cf10/output.json,mp-864684,cif,https://elagente.ca/grafico/ConceptualAtoms_7fe061ed-fcbc-4925-962c-57491a4f234e,mp-864684
H4Ti2,0.632368938244283,https://elagente.ca/grafico/ConceptualAtoms_801c331e-8ce3-4a05-877e-2008fa96227c,https://elagente.ca/ontomlff/MLFFElasticityResult_a03fa081-0bfe-4ea2-a1ee-926fc9594a56,[],[],-0.20642803940984075,eV/Å^3,-0.694897302844884,/scratch/kenko/akg4pyscf/.graphchat-workspaces/kenko_room/mlff_elasticity_benchmark/workflow_runs/Orb_OMAT/elasticity_Orb_OMAT/structures/H4Ti2_24c504b7/output.json,mp-1077353,cif,https://elagente.ca/grafico/ConceptualAtoms_801c331e-8ce3-4a05-877e-2008fa96227c,mp-1077353
Br6Cs2Pt,0.17281650384968633,https://elagente.ca/grafico/ConceptualAtoms_806b8d7a-54bf-432a-880b-3440c1b624d5,https://elagente.ca/ontomlff/MLFFElasticityResult_9a13402b-b7a2-4604-9990-b52b7422b2ba,[],[],0.09921823647109895,eV/Å^3,0.2498413414011776,/scratch/kenko/akg4pyscf/.graphchat-workspaces/kenko_room/mlff_elasticity_benchmark/workflow_runs/Orb_OMAT/elasticity_Orb_OMAT/structures/Br6Cs2Pt_baa49efd/output.json,mp-30062,cif,https://elagente.ca/grafico/ConceptualAtoms_806b8d7a-54bf-432a-880b-3440c1b624d5,mp-30062
Fe2Li2P2,0.6939125982117361,https://elagente.ca/grafico/ConceptualAtoms_8071f673-d839-40b6-88d0-a368fabf5035,https://elagente.ca/ontomlff/MLFFElasticityResult_86df9c11-a091-4d2b-8439-51776a16515a,[],[],0.4497252795073238,eV/Å^3,1.1094889604941949,/scratch/kenko/akg4pyscf/.graphchat-workspaces/kenko_room/mlff_elasticity_benchmark/workflow_runs/Orb_OMAT/elasticity_Orb_OMAT/structures/Fe2Li2P2_f5263422/output.json,mp-20049,cif,https://elagente.ca/grafico/ConceptualAtoms_8071f673-d839-40b6-88d0-a368fabf5035,mp-20049
NNa3,0.13991146283633019,https://elagente.ca/grafico/ConceptualAtoms_80ac4467-ddc5-4ff4-8d80-6b1ed85eb34f,https://elagente.ca/ontomlff/MLFFElasticityResult_ff5cf6e7-a6df-4f6f-a92a-e45cce0f2266,[],[],0.0746577042984713,eV/Å^3,0.1901511350025232,/scratch/kenko/akg4pyscf/.graphchat-workspaces/kenko_room/mlff_elasticity_benchmark/workflow_runs/Orb_OMAT/elasticity_Orb_OMAT/structures/NNa3_6b31c484/output.json,mp-2639,cif,https://elagente.ca/grafico/ConceptualAtoms_80ac4467-ddc5-4ff4-8d80-6b1ed85eb34f,mp-2639
H4BRb,0.20143429676596464,https://elagente.ca/grafico/ConceptualAtoms_8117d7f0-2902-4ca1-b6b7-4e3c24be9f34,https://elagente.ca/ontomlff/MLFFElasticityResult_d8f00073-5200-439c-8f85-99074a90caf1,[],[],0.15728991125463046,eV/Å^3,0.3744156239086397,/scratch/kenko/akg4pyscf/.graphchat-workspaces/kenko_room/mlff_elasticity_benchmark/workflow_runs/Orb_OMAT/elasticity_Orb_OMAT/structures/H4BRb_db2b0c34/output.json,mp-1219553,cif,https://elagente.ca/grafico/ConceptualAtoms_8117d7f0-2902-4ca1-b6b7-4e3c24be9f34,mp-1219553
C4Be4N8,1.9982949103370282,https://elagente.ca/grafico/ConceptualAtoms_81324226-309b-493d-a696-90ef20dfe910,https://elagente.ca/ontomlff/MLFFElasticityResult_ac838814-b6b7-4b48-8dd8-7f3970665f0c,[],[],1.9483864457307356,eV/Å^3,4.411413847164363,/scratch/kenko/akg4pyscf/.graphchat-workspaces/kenko_room/mlff_elasticity_benchmark/workflow_runs/Orb_OMAT/elasticity_Orb_OMAT/structures/C4Be4N8_991922cf/output.json,mp-1189451,cif,https://elagente.ca/grafico/ConceptualAtoms_81324226-309b-493d-a696-90ef20dfe910,mp-1189451
KMg6V,0.15836253827841507,https://elagente.ca/grafico/ConceptualAtoms_813c9216-7cff-409f-bc69-b446b8839f8c,https://elagente.ca/ontomlff/MLFFElasticityResult_05481b2b-5f78-4397-b4be-cbb322dd7265,[],[],0.04574514133777113,eV/Å^3,0.12518193122962887,/scratch/kenko/akg4pyscf/.graphchat-workspaces/kenko_room/mlff_elasticity_benchmark/workflow_runs/Orb_OMAT/elasticity_Orb_OMAT/structures/KMg6V_382720d2/output.json,mp-1021848,cif,https://elagente.ca/grafico/ConceptualAtoms_813c9216-7cff-409f-bc69-b446b8839f8c,mp-1021848
Au2Ni6,1.0247250501524463,https://elagente.ca/grafico/ConceptualAtoms_816ae577-f10f-46d6-816f-abe9aab569d0,https://elagente.ca/ontomlff/MLFFElasticityResult_9ce0551c-5df0-4cdb-8ba7-9d352aded06d,[],[],0.3783639905685922,eV/Å^3,1.0106971681904287,/scratch/kenko/akg4pyscf/.graphchat-workspaces/kenko_room/mlff_elasticity_benchmark/workflow_runs/Orb_OMAT/elasticity_Orb_OMAT/structures/Au2Ni6_abdb153d/output.json,mp-976838,cif,https://elagente.ca/grafico/ConceptualAtoms_816ae577-f10f-46d6-816f-abe9aab569d0,mp-976838
In3Pd3Sm3,0.47745606838755916,https://elagente.ca/grafico/ConceptualAtoms_81844395-29b3-422b-8b84-19b30cc97bd5,https://elagente.ca/ontomlff/MLFFElasticityResult_3fbc29bd-b137-48d3-b3b4-55d7375ef29b,[],[],0.2021401397762292,eV/Å^3,0.5314242232518531,/scratch/kenko/akg4pyscf/.graphchat-workspaces/kenko_room/mlff_elasticity_benchmark/workflow_runs/Orb_OMAT/elasticity_Orb_OMAT/structures/In3Pd3Sm3_6796f233/output.json,mp-982004,cif,https://elagente.ca/grafico/ConceptualAtoms_81844395-29b3-422b-8b84-19b30cc97bd5,mp-982004
Cs2F6GaLi,0.31826219709552656,https://elagente.ca/grafico/ConceptualAtoms_8196319d-fa31-4533-b018-ff397486582b,https://elagente.ca/ontomlff/MLFFElasticityResult_65a95c2e-cb86-48c1-affb-e2414d440229,[],[],0.17052435805319693,eV/Å^3,0.4340516831880143,/scratch/kenko/akg4pyscf/.graphchat-workspaces/kenko_room/mlff_elasticity_benchmark/workflow_runs/Orb_OMAT/elasticity_Orb_OMAT/structures/Cs2F6GaLi_5ad1cc9a/output.json,mp-6654,cif,https://elagente.ca/grafico/ConceptualAtoms_8196319d-fa31-4533-b018-ff397486582b,mp-6654
Be4N4Sr2,0.6642314651412569,https://elagente.ca/grafico/ConceptualAtoms_81963966-b565-431b-9ac4-2e3557a9f996,https://elagente.ca/ontomlff/MLFFElasticityResult_1ef89cc3-8e97-47b6-9352-10d3c3dec7e9,[],[],0.5180960736738736,eV/Å^3,1.233564275881643,/scratch/kenko/akg4pyscf/.graphchat-workspaces/kenko_room/mlff_elasticity_benchmark/workflow_runs/Orb_OMAT/elasticity_Orb_OMAT/structures/Be4N4Sr2_997dbd5a/output.json,mp-11919,cif,https://elagente.ca/grafico/ConceptualAtoms_81963966-b565-431b-9ac4-2e3557a9f996,mp-11919
Pa,0.501809187687684,https://elagente.ca/grafico/ConceptualAtoms_81a30c15-7661-4dca-bf91-f5ee9e06e854,https://elagente.ca/ontomlff/MLFFElasticityResult_c05af017-2ccd-427e-a01f-9f10bb2035e8,[],[],0.08401530963228365,eV/Å^3,0.238723199831467,/scratch/kenko/akg4pyscf/.graphchat-workspaces/kenko_room/mlff_elasticity_benchmark/workflow_runs/Orb_OMAT/elasticity_Orb_OMAT/structures/Pa_af685aad/output.json,mp-10740,cif,https://elagente.ca/grafico/ConceptualAtoms_81a30c15-7661-4dca-bf91-f5ee9e06e854,mp-10740
AlNNd2O3,1.075922461324886,https://elagente.ca/grafico/ConceptualAtoms_81c36915-29b1-4980-b67f-7d0304064720,https://elagente.ca/ontomlff/MLFFElasticityResult_8e1f6f63-87f9-40f0-a10b-f5da820f7cf7,[],[],0.7202137589493878,eV/Å^3,1.7664844864772022,/scratch/kenko/akg4pyscf/.graphchat-workspaces/kenko_room/mlff_elasticity_benchmark/workflow_runs/Orb_OMAT/elasticity_Orb_OMAT/structures/AlNNd2O3_c7aa5c14/output.json,mp-546679,cif,https://elagente.ca/grafico/ConceptualAtoms_81c36915-29b1-4980-b67f-7d0304064720,mp-546679
BaGa2,0.20240804068832818,https://elagente.ca/grafico/ConceptualAtoms_81fb5d5a-f14b-456c-a8b7-c338d8707ee5,https://elagente.ca/ontomlff/MLFFElasticityResult_ffb1e83f-697c-4a1f-a738-b3c382583953,[],[],0.11761618191604557,eV/Å^3,0.2955935910807551,/scratch/kenko/akg4pyscf/.graphchat-workspaces/kenko_room/mlff_elasticity_benchmark/workflow_runs/Orb_OMAT/elasticity_Orb_OMAT/structures/BaGa2_dcc27a21/output.json,mp-1219,cif,https://elagente.ca/grafico/ConceptualAtoms_81fb5d5a-f14b-456c-a8b7-c338d8707ee5,mp-1219
CdF3Rb,0.3518340464874625,https://elagente.ca/grafico/ConceptualAtoms_825f1b30-b38c-428e-9d56-6494df52dd48,https://elagente.ca/ontomlff/MLFFElasticityResult_a1a9a2c6-85cd-4866-9d3e-e5bf98faf08b,[],[],0.14668265607703523,eV/Å^3,0.38635621882540905,/scratch/kenko/akg4pyscf/.graphchat-workspaces/kenko_room/mlff_elasticity_benchmark/workflow_runs/Orb_OMAT/elasticity_Orb_OMAT/structures/CdF3Rb_22210f96/output.json,mp-6951,cif,https://elagente.ca/grafico/ConceptualAtoms_825f1b30-b38c-428e-9d56-6494df52dd48,mp-6951
Er2Ge2,0.45798800303894327,https://elagente.ca/grafico/ConceptualAtoms_826e2396-b5a5-4768-a290-f4a2ba0e80fd,https://elagente.ca/ontomlff/MLFFElasticityResult_d868c7a3-8133-49b7-ab66-838d8691fc18,[],[],0.32436652331490584,eV/Å^3,0.7872459223097951,/scratch/kenko/akg4pyscf/.graphchat-workspaces/kenko_room/mlff_elasticity_benchmark/workflow_runs/Orb_OMAT/elasticity_Orb_OMAT/structures/Er2Ge2_132b4ebf/output.json,mp-2264,cif,https://elagente.ca/grafico/ConceptualAtoms_826e2396-b5a5-4768-a290-f4a2ba0e80fd,mp-2264
Ni2P2Zr4,0.9064494920443912,https://elagente.ca/grafico/ConceptualAtoms_82925210-1a2f-4e96-94dc-3676953657c2,https://elagente.ca/ontomlff/MLFFElasticityResult_60dc6d29-af50-44e3-92cb-766786416b01,[],[],0.4588171495188562,eV/Å^3,1.177739485598924,/scratch/kenko/akg4pyscf/.graphchat-workspaces/kenko_room/mlff_elasticity_benchmark/workflow_runs/Orb_OMAT/elasticity_Orb_OMAT/structures/Ni2P2Zr4_9b25f698/output.json,mp-29153,cif,https://elagente.ca/grafico/ConceptualAtoms_82925210-1a2f-4e96-94dc-3676953657c2,mp-29153
Rh6V2,1.4383447924459758,https://elagente.ca/grafico/ConceptualAtoms_829c84ec-f7bd-4487-ac4c-432bf6105152,https://elagente.ca/ontomlff/MLFFElasticityResult_80b5fcde-ef22-41ff-9f29-42d68a1ce59f,[],[],0.815436374941833,eV/Å^3,2.0574930607541027,/scratch/kenko/akg4pyscf/.graphchat-workspaces/kenko_room/mlff_elasticity_benchmark/workflow_runs/Orb_OMAT/elasticity_Orb_OMAT/structures/Rh6V2_7545762e/output.json,mp-866161,cif,https://elagente.ca/grafico/ConceptualAtoms_829c84ec-f7bd-4487-ac4c-432bf6105152,mp-866161
Hg4K2,0.05944837159388079,https://elagente.ca/grafico/ConceptualAtoms_82bee41d-2405-413b-904e-e84d02b1f2b5,https://elagente.ca/ontomlff/MLFFElasticityResult_4139900a-3fc4-4c8c-acf8-dac31e848096,[],[],0.0398180023552772,eV/Å^3,0.09765188030345387,/scratch/kenko/akg4pyscf/.graphchat-workspaces/kenko_room/mlff_elasticity_benchmark/workflow_runs/Orb_OMAT/elasticity_Orb_OMAT/structures/Hg4K2_f480e745/output.json,mp-30717,cif,https://elagente.ca/grafico/ConceptualAtoms_82bee41d-2405-413b-904e-e84d02b1f2b5,mp-30717
B2Ir3Th,1.4916385360518065,https://elagente.ca/grafico/ConceptualAtoms_830098e7-8bf6-44a2-8125-eef567c879dc,https://elagente.ca/ontomlff/MLFFElasticityResult_8c6a1bbb-79ea-4d76-8aec-a4eebcf334ae,[],[],0.7668552569003748,eV/Å^3,1.963999941990784,/scratch/kenko/akg4pyscf/.graphchat-workspaces/kenko_room/mlff_elasticity_benchmark/workflow_runs/Orb_OMAT/elasticity_Orb_OMAT/structures/B2Ir3Th_927c539f/output.json,mp-10115,cif,https://elagente.ca/grafico/ConceptualAtoms_830098e7-8bf6-44a2-8125-eef567c879dc,mp-10115
Mo2Ni6,1.3134378986693034,https://elagente.ca/grafico/ConceptualAtoms_833edf67-2c3c-4e55-b3a0-3bab02f00156,https://elagente.ca/ontomlff/MLFFElasticityResult_1f8b7daf-21a4-4c9d-b34e-22515e0752c1,[],[],0.6226169021504047,eV/Å^3,1.6129804217706865,/scratch/kenko/akg4pyscf/.graphchat-workspaces/kenko_room/mlff_elasticity_benchmark/workflow_runs/Orb_OMAT/elasticity_Orb_OMAT/structures/Mo2Ni6_241753f4/output.json,mp-11506,cif,https://elagente.ca/grafico/ConceptualAtoms_833edf67-2c3c-4e55-b3a0-3bab02f00156,mp-11506
P4Pt4Sc4,0.8896561976491533,https://elagente.ca/grafico/ConceptualAtoms_8380b9ec-72ad-48e1-a97b-8b80bc655167,https://elagente.ca/ontomlff/MLFFElasticityResult_25f1cdfa-5c30-4a1f-ad98-ac5fead09477,[],[],0.4784942029951602,eV/Å^3,1.2172528310877524,/scratch/kenko/akg4pyscf/.graphchat-workspaces/kenko_room/mlff_elasticity_benchmark/workflow_runs/Orb_OMAT/elasticity_Orb_OMAT/structures/P4Pt4Sc4_5a8bdd63/output.json,mp-12480,cif,https://elagente.ca/grafico/ConceptualAtoms_8380b9ec-72ad-48e1-a97b-8b80bc655167,mp-12480
AgHgSc2,0.45895196161802576,https://elagente.ca/grafico/ConceptualAtoms_83c72072-bd14-4f05-bdbe-a36240640aac,https://elagente.ca/ontomlff/MLFFElasticityResult_6364999c-1a48-400c-bd8c-14a394841cfc,[],[],0.21392350635327415,eV/Å^3,0.5554670375901265,/scratch/kenko/akg4pyscf/.graphchat-workspaces/kenko_room/mlff_elasticity_benchmark/workflow_runs/Orb_OMAT/elasticity_Orb_OMAT/structures/AgHgSc2_b8c14bfb/output.json,mp-862702,cif,https://elagente.ca/grafico/ConceptualAtoms_83c72072-bd14-4f05-bdbe-a36240640aac,mp-862702
CrNaS2,0.47316141675642875,https://elagente.ca/grafico/ConceptualAtoms_83f0ebff-3cbe-4a9a-bf01-ee98981b68b2,https://elagente.ca/ontomlff/MLFFElasticityResult_231d3f70-62df-4288-9bdc-e3e4f02c6c6a,[],[],0.28823526378102293,eV/Å^3,0.7187575253602013,/scratch/kenko/akg4pyscf/.graphchat-workspaces/kenko_room/mlff_elasticity_benchmark/workflow_runs/Orb_OMAT/elasticity_Orb_OMAT/structures/CrNaS2_124860a4/output.json,mp-5693,cif,https://elagente.ca/grafico/ConceptualAtoms_83f0ebff-3cbe-4a9a-bf01-ee98981b68b2,mp-5693
AlSm2Zn,0.31345806483979954,https://elagente.ca/grafico/ConceptualAtoms_8403075a-e527-4ce9-a6ba-246f7376dd1f,https://elagente.ca/ontomlff/MLFFElasticityResult_49bc63d0-d9e3-4393-a379-c90a9941ede4,[],[],0.2032789183752404,eV/Å^3,0.5014411633420756,/scratch/kenko/akg4pyscf/.graphchat-workspaces/kenko_room/mlff_elasticity_benchmark/workflow_runs/Orb_OMAT/elasticity_Orb_OMAT/structures/AlSm2Zn_db12f6f6/output.json,mp-972504,cif,https://elagente.ca/grafico/ConceptualAtoms_8403075a-e527-4ce9-a6ba-246f7376dd1f,mp-972504
Mg3Y,0.232709577736306,https://elagente.ca/grafico/ConceptualAtoms_84574986-10d6-432b-98f0-e779752b06e7,https://elagente.ca/ontomlff/MLFFElasticityResult_5d92829f-066d-49fa-9acb-5d769f6a0fc0,[],[],0.13506113376247508,eV/Å^3,0.33950265824318165,/scratch/kenko/akg4pyscf/.graphchat-workspaces/kenko_room/mlff_elasticity_benchmark/workflow_runs/Orb_OMAT/elasticity_Orb_OMAT/structures/Mg3Y_d1b332c5/output.json,mp-865376,cif,https://elagente.ca/grafico/ConceptualAtoms_84574986-10d6-432b-98f0-e779752b06e7,mp-865376
Cu2Si2Y2,0.5457883862167925,https://elagente.ca/grafico/ConceptualAtoms_84a287f9-df5f-4e33-ab07-37cb79e9b183,https://elagente.ca/ontomlff/MLFFElasticityResult_99b73ebd-6466-478c-8633-cfa25d5da42b,[],[],0.33762327229677236,eV/Å^3,0.8397202345278814,/scratch/kenko/akg4pyscf/.graphchat-workspaces/kenko_room/mlff_elasticity_benchmark/workflow_runs/Orb_OMAT/elasticity_Orb_OMAT/structures/Cu2Si2Y2_baeef6d4/output.json,mp-8126,cif,https://elagente.ca/grafico/ConceptualAtoms_84a287f9-df5f-4e33-ab07-37cb79e9b183,mp-8126
Br6Cs2Ti2,0.15821879938180627,https://elagente.ca/grafico/ConceptualAtoms_84bd9316-9d06-4a19-845a-041b5135038f,https://elagente.ca/ontomlff/MLFFElasticityResult_ee94729b-e43f-4306-b4fe-e94b762ae902,[],[],0.08144298430705249,eV/Å^3,0.20854599809973737,/scratch/kenko/akg4pyscf/.graphchat-workspaces/kenko_room/mlff_elasticity_benchmark/workflow_runs/Orb_OMAT/elasticity_Orb_OMAT/structures/Br6Cs2Ti2_65766d90/output.json,mp-22962,cif,https://elagente.ca/grafico/ConceptualAtoms_84bd9316-9d06-4a19-845a-041b5135038f,mp-22962
C5B,2.3130919881354015,https://elagente.ca/grafico/ConceptualAtoms_857852ce-2515-49fa-836a-4fe853627fcb,https://elagente.ca/ontomlff/MLFFElasticityResult_a2d2b9c8-4d1a-4472-9d14-2a95280349c4,[],[],2.243797716433332,eV/Å^3,5.08664052052293,/scratch/kenko/akg4pyscf/.graphchat-workspaces/kenko_room/mlff_elasticity_benchmark/workflow_runs/Orb_OMAT/elasticity_Orb_OMAT/structures/C5B_6d5b1e1a/output.json,mp-1018649,cif,https://elagente.ca/grafico/ConceptualAtoms_857852ce-2515-49fa-836a-4fe853627fcb,mp-1018649
ErIr,0.7679158708666742,https://elagente.ca/grafico/ConceptualAtoms_85b69757-057f-4c31-8258-22592217ff80,https://elagente.ca/ontomlff/MLFFElasticityResult_615436e7-a594-41b1-bca0-22c9d48d7a11,[],[],0.1582221874614396,eV/Å^3,0.4441614027298934,/scratch/kenko/akg4pyscf/.graphchat-workspaces/kenko_room/mlff_elasticity_benchmark/workflow_runs/Orb_OMAT/elasticity_Orb_OMAT/structures/ErIr_0f36dc20/output.json,mp-2713,cif,https://elagente.ca/grafico/ConceptualAtoms_85b69757-057f-4c31-8258-22592217ff80,mp-2713
Mn2N6Sr6,0.5242536228480863,https://elagente.ca/grafico/ConceptualAtoms_85f5dd7e-1f22-474f-a12b-8a4a1d4b8b38,https://elagente.ca/ontomlff/MLFFElasticityResult_014869d0-aefa-4782-bc90-3ff86457a66e,[],[],0.2983294744506694,eV/Å^3,0.7522901153960884,/scratch/kenko/akg4pyscf/.graphchat-workspaces/kenko_room/mlff_elasticity_benchmark/workflow_runs/Orb_OMAT/elasticity_Orb_OMAT/structures/Mn2N6Sr6_1b41ee85/output.json,mp-9325,cif,https://elagente.ca/grafico/ConceptualAtoms_85f5dd7e-1f22-474f-a12b-8a4a1d4b8b38,mp-9325
F4Tl4,0.17819715214302867,https://elagente.ca/grafico/ConceptualAtoms_864ee286-283d-4fc7-bdab-7e484b9ab080,https://elagente.ca/ontomlff/MLFFElasticityResult_278ab2d5-38e9-4260-a361-6c4ba89a7d76,[],[],0.06604079256403018,eV/Å^3,0.1763384011084327,/scratch/kenko/akg4pyscf/.graphchat-workspaces/kenko_room/mlff_elasticity_benchmark/workflow_runs/Orb_OMAT/elasticity_Orb_OMAT/structures/F4Tl4_6afe0fcb/output.json,mp-720,cif,https://elagente.ca/grafico/ConceptualAtoms_864ee286-283d-4fc7-bdab-7e484b9ab080,mp-720
AuIrLa2,0.46920172677867505,https://elagente.ca/grafico/ConceptualAtoms_86cf0587-0991-4c53-97d4-1d297da5814e,https://elagente.ca/ontomlff/MLFFElasticityResult_6625b363-536f-402a-abb7-7def1b24b4e3,[],[],0.10590571878447498,eV/Å^3,0.2954853615025773,/scratch/kenko/akg4pyscf/.graphchat-workspaces/kenko_room/mlff_elasticity_benchmark/workflow_runs/Orb_OMAT/elasticity_Orb_OMAT/structures/AuIrLa2_18e41fb9/output.json,mp-972960,cif,https://elagente.ca/grafico/ConceptualAtoms_86cf0587-0991-4c53-97d4-1d297da5814e,mp-972960
O8Si4,1.0880722276248296,https://elagente.ca/grafico/ConceptualAtoms_8773ecd6-122f-4edd-9adb-da9ad9e1a290,https://elagente.ca/ontomlff/MLFFElasticityResult_3034d34e-f07f-4527-981c-59a1625f8254,[],[],0.6405597887834917,eV/Å^3,1.606437114212957,/scratch/kenko/akg4pyscf/.graphchat-workspaces/kenko_room/mlff_elasticity_benchmark/workflow_runs/Orb_OMAT/elasticity_Orb_OMAT/structures/O8Si4_eaa032a1/output.json,mp-555483,cif,https://elagente.ca/grafico/ConceptualAtoms_8773ecd6-122f-4edd-9adb-da9ad9e1a290,mp-555483
HgRb3,0.021288786396506526,https://elagente.ca/grafico/ConceptualAtoms_89097bc5-b2b3-44c9-9fe0-f48fd72289c4,https://elagente.ca/ontomlff/MLFFElasticityResult_bd6f0ea2-b475-4624-8333-30aed1a9f4c1,[],[],0.006664125004850681,eV/Å^3,0.018103380663206544,/scratch/kenko/akg4pyscf/.graphchat-workspaces/kenko_room/mlff_elasticity_benchmark/workflow_runs/Orb_OMAT/elasticity_Orb_OMAT/structures/HgRb3_aa753aab/output.json,mp-974990,cif,https://elagente.ca/grafico/ConceptualAtoms_89097bc5-b2b3-44c9-9fe0-f48fd72289c4,mp-974990
BSc3Tl,0.44240537002523483,https://elagente.ca/grafico/ConceptualAtoms_895171b9-3bd1-49fa-abd3-21b420c9a019,https://elagente.ca/ontomlff/MLFFElasticityResult_0820e6d6-f3d6-46f1-a547-50cde91c605b,[],[],0.28875686845532966,eV/Å^3,0.7114774308738192,/scratch/kenko/akg4pyscf/.graphchat-workspaces/kenko_room/mlff_elasticity_benchmark/workflow_runs/Orb_OMAT/elasticity_Orb_OMAT/structures/BSc3Tl_b6fd62a4/output.json,mp-10140,cif,https://elagente.ca/grafico/ConceptualAtoms_895171b9-3bd1-49fa-abd3-21b420c9a019,mp-10140
Cu3In3Tb3,0.4487246973265833,https://elagente.ca/grafico/ConceptualAtoms_8957810e-d305-4cfd-b7da-c201fc9189d2,https://elagente.ca/ontomlff/MLFFElasticityResult_efa86c3e-2ecc-460a-957d-9cca4961e3c4,[],[],0.27959722503635154,eV/Å^3,0.6945377924815005,/scratch/kenko/akg4pyscf/.graphchat-workspaces/kenko_room/mlff_elasticity_benchmark/workflow_runs/Orb_OMAT/elasticity_Orb_OMAT/structures/Cu3In3Tb3_0bc517ff/output.json,mp-19782,cif,https://elagente.ca/grafico/ConceptualAtoms_8957810e-d305-4cfd-b7da-c201fc9189d2,mp-19782
I2N2Zr2,0.6208002953705872,https://elagente.ca/grafico/ConceptualAtoms_8979af43-6d7a-4405-b849-013f8771a6a7,https://elagente.ca/ontomlff/MLFFElasticityResult_b2a85129-d744-4c6f-aae6-ebaa4c5dd87f,[],[],0.328104577358419,eV/Å^3,0.8368784271027632,/scratch/kenko/akg4pyscf/.graphchat-workspaces/kenko_room/mlff_elasticity_benchmark/workflow_runs/Orb_OMAT/elasticity_Orb_OMAT/structures/I2N2Zr2_37fe6a8a/output.json,mp-580886,cif,https://elagente.ca/grafico/ConceptualAtoms_8979af43-6d7a-4405-b849-013f8771a6a7,mp-580886
InZr3,0.5329388612649605,https://elagente.ca/grafico/ConceptualAtoms_899952bf-6f2b-4791-85d0-df2161aa7ef5,https://elagente.ca/ontomlff/MLFFElasticityResult_8ffa3bf1-2a05-4f4b-a6d0-f9632bef7cfc,[],[],0.320778087159706,eV/Å^3,0.8015212793030372,/scratch/kenko/akg4pyscf/.graphchat-workspaces/kenko_room/mlff_elasticity_benchmark/workflow_runs/Orb_OMAT/elasticity_Orb_OMAT/structures/InZr3_797745e2/output.json,mp-20695,cif,https://elagente.ca/grafico/ConceptualAtoms_899952bf-6f2b-4791-85d0-df2161aa7ef5,mp-20695
Co2EuSi2,0.7418357071354842,https://elagente.ca/grafico/ConceptualAtoms_89c270c7-03f7-429e-b385-0fef6c745415,https://elagente.ca/ontomlff/MLFFElasticityResult_6fc30cd8-96de-48b5-bc9a-8996bde5eeda,[],[],0.5102335242922755,eV/Å^3,1.2452149040642146,/scratch/kenko/akg4pyscf/.graphchat-workspaces/kenko_room/mlff_elasticity_benchmark/workflow_runs/Orb_OMAT/elasticity_Orb_OMAT/structures/Co2EuSi2_87a5f13c/output.json,mp-672294,cif,https://elagente.ca/grafico/ConceptualAtoms_89c270c7-03f7-429e-b385-0fef6c745415,mp-672294
C2BaMgO6,0.6602599328243819,https://elagente.ca/grafico/ConceptualAtoms_8a244335-3e10-4692-a44e-e3122b277e9b,https://elagente.ca/ontomlff/MLFFElasticityResult_d864d290-89c1-4591-bdd2-ca4c885bb2d8,[],[],0.42522073184809606,eV/Å^3,1.050210037265725,/scratch/kenko/akg4pyscf/.graphchat-workspaces/kenko_room/mlff_elasticity_benchmark/workflow_runs/Orb_OMAT/elasticity_Orb_OMAT/structures/C2BaMgO6_7aec9521/output.json,mp-6504,cif,https://elagente.ca/grafico/ConceptualAtoms_8a244335-3e10-4692-a44e-e3122b277e9b,mp-6504
Ce2,0.24513025211507852,https://elagente.ca/grafico/ConceptualAtoms_8a7c36bb-7a2b-44e0-936b-e9aec94991b8,https://elagente.ca/ontomlff/MLFFElasticityResult_89b5507c-3367-4bd1-9cfc-d5bec39057a1,[],[],0.26322313162068517,eV/Å^3,0.5815216276764912,/scratch/kenko/akg4pyscf/.graphchat-workspaces/kenko_room/mlff_elasticity_benchmark/workflow_runs/Orb_OMAT/elasticity_Orb_OMAT/structures/Ce2_fd6144b6/output.json,mp-28,cif,https://elagente.ca/grafico/ConceptualAtoms_8a7c36bb-7a2b-44e0-936b-e9aec94991b8,mp-28
Al20Er12O48,1.1814723966738678,https://elagente.ca/grafico/ConceptualAtoms_8ac82193-b6ba-4421-9e99-d58e714c200d,https://elagente.ca/ontomlff/MLFFElasticityResult_1a3f53d4-d868-4fe6-ab41-2282f4291fcb,[],[],0.7942322206835783,eV/Å^3,1.946520727566017,/scratch/kenko/akg4pyscf/.graphchat-workspaces/kenko_room/mlff_elasticity_benchmark/workflow_runs/Orb_OMAT/elasticity_Orb_OMAT/structures/Al20Er12O48_0ab76da5/output.json,mp-3384,cif,https://elagente.ca/grafico/ConceptualAtoms_8ac82193-b6ba-4421-9e99-d58e714c200d,mp-3384
CdInNd2,0.2862450000129201,https://elagente.ca/grafico/ConceptualAtoms_8ae66b05-644e-4c9c-a622-bc4d79f8658a,https://elagente.ca/ontomlff/MLFFElasticityResult_7f462e0a-5c22-496d-b925-29f0e5f5e833,[],[],0.14016009967358778,eV/Å^3,0.36148054955908154,/scratch/kenko/akg4pyscf/.graphchat-workspaces/kenko_room/mlff_elasticity_benchmark/workflow_runs/Orb_OMAT/elasticity_Orb_OMAT/structures/CdInNd2_fc65bcb3/output.json,mp-866067,cif,https://elagente.ca/grafico/ConceptualAtoms_8ae66b05-644e-4c9c-a622-bc4d79f8658a,mp-866067
CdNpPt2,0.6820017251744945,https://elagente.ca/grafico/ConceptualAtoms_8b1b04e8-4d79-4db5-ba74-29f341811f3f,https://elagente.ca/ontomlff/MLFFElasticityResult_2ea76113-08e1-4b43-b4a1-59b0c5f9cdd4,[],[],0.1714404695370828,eV/Å^3,0.4745569598268103,/scratch/kenko/akg4pyscf/.graphchat-workspaces/kenko_room/mlff_elasticity_benchmark/workflow_runs/Orb_OMAT/elasticity_Orb_OMAT/structures/CdNpPt2_a485c7d9/output.json,mp-864787,cif,https://elagente.ca/grafico/ConceptualAtoms_8b1b04e8-4d79-4db5-ba74-29f341811f3f,mp-864787
Br2Li5N,0.18939719996092053,https://elagente.ca/grafico/ConceptualAtoms_8b4e0aaa-44e7-4ec2-943a-343629f43d34,https://elagente.ca/ontomlff/MLFFElasticityResult_ce137e80-8bb1-4156-ad97-e9246bee5171,[],[],0.13767224682150672,eV/Å^3,0.33246162647173866,/scratch/kenko/akg4pyscf/.graphchat-workspaces/kenko_room/mlff_elasticity_benchmark/workflow_runs/Orb_OMAT/elasticity_Orb_OMAT/structures/Br2Li5N_7ab193f5/output.json,mp-29025,cif,https://elagente.ca/grafico/ConceptualAtoms_8b4e0aaa-44e7-4ec2-943a-343629f43d34,mp-29025
As2Fe2Na2,0.38978935644508445,https://elagente.ca/grafico/ConceptualAtoms_8b91e061-1188-4c87-884e-f0017b588e4c,https://elagente.ca/ontomlff/MLFFElasticityResult_d9a90c12-700b-4bb0-ad7b-0dd16cec16c8,[],[],0.25874081570245283,eV/Å^3,0.6355886122259172,/scratch/kenko/akg4pyscf/.graphchat-workspaces/kenko_room/mlff_elasticity_benchmark/workflow_runs/Orb_OMAT/elasticity_Orb_OMAT/structures/As2Fe2Na2_e099fc92/output.json,mp-22152,cif,https://elagente.ca/grafico/ConceptualAtoms_8b91e061-1188-4c87-884e-f0017b588e4c,mp-22152
H4Mg3O9Si2,0.8885382472700396,https://elagente.ca/grafico/ConceptualAtoms_8c6d65e4-ce71-480a-b885-ac09704808f2,https://elagente.ca/ontomlff/MLFFElasticityResult_147b4af3-e975-4242-a9ee-34571ccfcb5e,[],[],0.6142530749339004,eV/Å^3,1.4976475973090626,/scratch/kenko/akg4pyscf/.graphchat-workspaces/kenko_room/mlff_elasticity_benchmark/workflow_runs/Orb_OMAT/elasticity_Orb_OMAT/structures/H4Mg3O9Si2_28efc4f8/output.json,mp-23764,cif,https://elagente.ca/grafico/ConceptualAtoms_8c6d65e4-ce71-480a-b885-ac09704808f2,mp-23764
N2Re2,2.1810277426969624,https://elagente.ca/grafico/ConceptualAtoms_8d433e57-8d67-4987-82a0-d1b8f5a6b38b,https://elagente.ca/ontomlff/MLFFElasticityResult_198b7c87-c112-4740-9a27-745a3cb10c73,[],[],1.0270772431297077,eV/Å^3,2.663187356076849,/scratch/kenko/akg4pyscf/.graphchat-workspaces/kenko_room/mlff_elasticity_benchmark/workflow_runs/Orb_OMAT/elasticity_Orb_OMAT/structures/N2Re2_d60e0542/output.json,mp-999266,cif,https://elagente.ca/grafico/ConceptualAtoms_8d433e57-8d67-4987-82a0-d1b8f5a6b38b,mp-999266
LaPd3,0.6642081543325062,https://elagente.ca/grafico/ConceptualAtoms_8d5579c3-1ada-48f7-8a1d-cdfc6d3a5aab,https://elagente.ca/ontomlff/MLFFElasticityResult_42d204d3-651a-4a34-8dcb-e301596edc1d,[],[],0.2969306231826166,eV/Å^3,0.7752657629486216,/scratch/kenko/akg4pyscf/.graphchat-workspaces/kenko_room/mlff_elasticity_benchmark/workflow_runs/Orb_OMAT/elasticity_Orb_OMAT/structures/LaPd3_c0838fb0/output.json,mp-674,cif,https://elagente.ca/grafico/ConceptualAtoms_8d5579c3-1ada-48f7-8a1d-cdfc6d3a5aab,mp-674
Hf4O12Sr4,1.0195472820433424,https://elagente.ca/grafico/ConceptualAtoms_8e98149d-902d-4cfc-8881-81761bee210b,https://elagente.ca/ontomlff/MLFFElasticityResult_40e4379b-096d-4925-840c-d4e199d6d6e2,[],[],0.6678454171558462,eV/Å^3,1.6444708880001873,/scratch/kenko/akg4pyscf/.graphchat-workspaces/kenko_room/mlff_elasticity_benchmark/workflow_runs/Orb_OMAT/elasticity_Orb_OMAT/structures/Hf4O12Sr4_218886d6/output.json,mp-3378,cif,https://elagente.ca/grafico/ConceptualAtoms_8e98149d-902d-4cfc-8881-81761bee210b,mp-3378
F6K2NaTl,0.31382468182875667,https://elagente.ca/grafico/ConceptualAtoms_8f7f8f8a-4e7d-4047-8f70-f118a7cda842,https://elagente.ca/ontomlff/MLFFElasticityResult_29d513a7-af42-4a69-b373-323006b8fc7e,[],[],0.1321228140514142,eV/Å^3,0.3475891321987858,/scratch/kenko/akg4pyscf/.graphchat-workspaces/kenko_room/mlff_elasticity_benchmark/workflow_runs/Orb_OMAT/elasticity_Orb_OMAT/structures/F6K2NaTl_67331eb6/output.json,mp-13798,cif,https://elagente.ca/grafico/ConceptualAtoms_8f7f8f8a-4e7d-4047-8f70-f118a7cda842,mp-13798
Ba2Pb2,0.1614787476681943,https://elagente.ca/grafico/ConceptualAtoms_8f96055c-e319-4ba0-a4ff-68d504b64aaf,https://elagente.ca/ontomlff/MLFFElasticityResult_5a3ba9b3-bd5b-4e9f-bed6-c24ef6807810,[],[],0.09481334220596196,eV/Å^3,0.23788201385557722,/scratch/kenko/akg4pyscf/.graphchat-workspaces/kenko_room/mlff_elasticity_benchmark/workflow_runs/Orb_OMAT/elasticity_Orb_OMAT/structures/Ba2Pb2_b09ed15e/output.json,mp-20136,cif,https://elagente.ca/grafico/ConceptualAtoms_8f96055c-e319-4ba0-a4ff-68d504b64aaf,mp-20136
MnZn3,0.46934426996389444,https://elagente.ca/grafico/ConceptualAtoms_8f97e2f9-9abd-4562-adc2-087adca7d6d3,https://elagente.ca/ontomlff/MLFFElasticityResult_56317e97-5c8b-469a-bb5d-7b8075782993,[],[],0.27767735465542615,eV/Å^3,0.6958114760323781,/scratch/kenko/akg4pyscf/.graphchat-workspaces/kenko_room/mlff_elasticity_benchmark/workflow_runs/Orb_OMAT/elasticity_Orb_OMAT/structures/MnZn3_fa2bee0b/output.json,mp-11504,cif,https://elagente.ca/grafico/ConceptualAtoms_8f97e2f9-9abd-4562-adc2-087adca7d6d3,mp-11504
MgO3Si,1.4610621122202532,https://elagente.ca/grafico/ConceptualAtoms_8fb9ddec-8d03-47f9-a43a-442c8dbec5df,https://elagente.ca/ontomlff/MLFFElasticityResult_5c7a3f38-0807-445e-8c22-8f3761700143,[],[],0.853111384625063,eV/Å^3,2.142360708141755,/scratch/kenko/akg4pyscf/.graphchat-workspaces/kenko_room/mlff_elasticity_benchmark/workflow_runs/Orb_OMAT/elasticity_Orb_OMAT/structures/MgO3Si_ad2e909c/output.json,mp-1016928,cif,https://elagente.ca/grafico/ConceptualAtoms_8fb9ddec-8d03-47f9-a43a-442c8dbec5df,mp-1016928
FeMn3,1.3042481798645134,https://elagente.ca/grafico/ConceptualAtoms_8fdc8c3f-8d91-4bf7-b2c4-b02202617214,https://elagente.ca/ontomlff/MLFFElasticityResult_a9e7f8cd-a239-4e37-a96a-75f165036d34,[],[],0.5157550288686772,eV/Å^3,1.3670664127497538,/scratch/kenko/akg4pyscf/.graphchat-workspaces/kenko_room/mlff_elasticity_benchmark/workflow_runs/Orb_OMAT/elasticity_Orb_OMAT/structures/FeMn3_84abfa57/output.json,mp-999545,cif,https://elagente.ca/grafico/ConceptualAtoms_8fdc8c3f-8d91-4bf7-b2c4-b02202617214,mp-999545
B4Re11V,2.026976461427547,https://elagente.ca/grafico/ConceptualAtoms_9039c132-5c60-4e96-b953-d27b2a83590f,https://elagente.ca/ontomlff/MLFFElasticityResult_d33b7ef4-26ce-4f96-b841-4918eef7f498,[],[],1.02088610882087,eV/Å^3,2.6224011352434804,/scratch/kenko/akg4pyscf/.graphchat-workspaces/kenko_room/mlff_elasticity_benchmark/workflow_runs/Orb_OMAT/elasticity_Orb_OMAT/structures/B4Re11V_0f765681/output.json,mp-1216295,cif,https://elagente.ca/grafico/ConceptualAtoms_9039c132-5c60-4e96-b953-d27b2a83590f,mp-1216295
Ca2Ge2,0.2702931008346457,https://elagente.ca/grafico/ConceptualAtoms_904ec9f4-918c-45df-b925-5afa3f7ed01c,https://elagente.ca/ontomlff/MLFFElasticityResult_195f86ae-5655-4596-a0fc-db481593c414,[],[],0.2160115901954843,eV/Å^3,0.5117174438952329,/scratch/kenko/akg4pyscf/.graphchat-workspaces/kenko_room/mlff_elasticity_benchmark/workflow_runs/Orb_OMAT/elasticity_Orb_OMAT/structures/Ca2Ge2_6e1ff935/output.json,mp-2360,cif,https://elagente.ca/grafico/ConceptualAtoms_904ec9f4-918c-45df-b925-5afa3f7ed01c,mp-2360
PtSbTm,0.6289826638597146,https://elagente.ca/grafico/ConceptualAtoms_90c2ec15-8eaf-4329-a355-3557abdbd2e2,https://elagente.ca/ontomlff/MLFFElasticityResult_802a1e1b-700a-4255-88d3-6d6ede062896,[],[],0.3701260465181665,eV/Å^3,0.9282928982214522,/scratch/kenko/akg4pyscf/.graphchat-workspaces/kenko_room/mlff_elasticity_benchmark/workflow_runs/Orb_OMAT/elasticity_Orb_OMAT/structures/PtSbTm_6611188b/output.json,mp-16314,cif,https://elagente.ca/grafico/ConceptualAtoms_90c2ec15-8eaf-4329-a355-3557abdbd2e2,mp-16314
InP,0.4387189257124179,https://elagente.ca/grafico/ConceptualAtoms_90db8129-1686-4f56-836e-5cc11a7735dd,https://elagente.ca/ontomlff/MLFFElasticityResult_8c5ec2a8-c048-44d6-94eb-5be82805bcdd,[],[],0.20841166717137377,eV/Å^3,0.5397640805293001,/scratch/kenko/akg4pyscf/.graphchat-workspaces/kenko_room/mlff_elasticity_benchmark/workflow_runs/Orb_OMAT/elasticity_Orb_OMAT/structures/InP_9e5976e6/output.json,mp-20457,cif,https://elagente.ca/grafico/ConceptualAtoms_90db8129-1686-4f56-836e-5cc11a7735dd,mp-20457
Gd2O2S,0.7412187733857777,https://elagente.ca/grafico/ConceptualAtoms_90efff81-d561-4951-bb9b-d587d96d09de,https://elagente.ca/ontomlff/MLFFElasticityResult_6d72bb05-8fe2-4e86-8d9a-80db6686b9b8,[],[],0.41426417066287136,eV/Å^3,1.0476219558340158,/scratch/kenko/akg4pyscf/.graphchat-workspaces/kenko_room/mlff_elasticity_benchmark/workflow_runs/Orb_OMAT/elasticity_Orb_OMAT/structures/Gd2O2S_2433be01/output.json,mp-4805,cif,https://elagente.ca/grafico/ConceptualAtoms_90efff81-d561-4951-bb9b-d587d96d09de,mp-4805
Ag2CdHo,0.43908463895583943,https://elagente.ca/grafico/ConceptualAtoms_90ff71ba-68de-49c7-8ad3-a6add9b00014,https://elagente.ca/ontomlff/MLFFElasticityResult_b7657370-323a-484b-bb4a-fbfd536bc655,[],[],0.1167116686873349,eV/Å^3,0.3216372225482291,/scratch/kenko/akg4pyscf/.graphchat-workspaces/kenko_room/mlff_elasticity_benchmark/workflow_runs/Orb_OMAT/elasticity_Orb_OMAT/structures/Ag2CdHo_38077234/output.json,mp-864904,cif,https://elagente.ca/grafico/ConceptualAtoms_90ff71ba-68de-49c7-8ad3-a6add9b00014,mp-864904
As4Mn4,0.7107266723475911,https://elagente.ca/grafico/ConceptualAtoms_9177783e-1938-4629-af2c-31b51d0b4996,https://elagente.ca/ontomlff/MLFFElasticityResult_a38cf1cb-23df-42f3-a3ca-30d7102d7508,[],[],0.5761612674183632,eV/Å^3,1.3607733427449804,/scratch/kenko/akg4pyscf/.graphchat-workspaces/kenko_room/mlff_elasticity_benchmark/workflow_runs/Orb_OMAT/elasticity_Orb_OMAT/structures/As4Mn4_554db83d/output.json,mp-22240,cif,https://elagente.ca/grafico/ConceptualAtoms_9177783e-1938-4629-af2c-31b51d0b4996,mp-22240
Pd4Sn4,0.6136977886377727,https://elagente.ca/grafico/ConceptualAtoms_918e39b1-96a7-4749-b76d-8d17d77b098a,https://elagente.ca/ontomlff/MLFFElasticityResult_adef019f-7e17-41c6-be77-69ee3861e53f,[],[],0.2667952137990556,eV/Å^3,0.6990809233141126,/scratch/kenko/akg4pyscf/.graphchat-workspaces/kenko_room/mlff_elasticity_benchmark/workflow_runs/Orb_OMAT/elasticity_Orb_OMAT/structures/Pd4Sn4_8141c270/output.json,mp-2369,cif,https://elagente.ca/grafico/ConceptualAtoms_918e39b1-96a7-4749-b76d-8d17d77b098a,mp-2369
In2LiRu,0.544726173948965,https://elagente.ca/grafico/ConceptualAtoms_919fe573-27e1-4d64-b9b6-a37da3e91d0a,https://elagente.ca/ontomlff/MLFFElasticityResult_e6df4629-a46a-48d0-9986-3817adafa513,[],[],0.23405619375013226,eV/Å^3,0.6141994925024242,/scratch/kenko/akg4pyscf/.graphchat-workspaces/kenko_room/mlff_elasticity_benchmark/workflow_runs/Orb_OMAT/elasticity_Orb_OMAT/structures/In2LiRu_d7992ca3/output.json,mp-672340,cif,https://elagente.ca/grafico/ConceptualAtoms_919fe573-27e1-4d64-b9b6-a37da3e91d0a,mp-672340
PdSc,0.65409133132455,https://elagente.ca/grafico/ConceptualAtoms_91b80d1f-a65b-42bf-8e8a-a08e8824c983,https://elagente.ca/ontomlff/MLFFElasticityResult_4e2aab93-9eec-4efb-b983-7b3a715ff99e,[],[],0.21246030253644838,eV/Å^3,0.5751120866876585,/scratch/kenko/akg4pyscf/.graphchat-workspaces/kenko_room/mlff_elasticity_benchmark/workflow_runs/Orb_OMAT/elasticity_Orb_OMAT/structures/PdSc_54eac26a/output.json,mp-2781,cif,https://elagente.ca/grafico/ConceptualAtoms_91b80d1f-a65b-42bf-8e8a-a08e8824c983,mp-2781
RhSbTh,0.6565695705182879,https://elagente.ca/grafico/ConceptualAtoms_92201ac8-437a-4fd7-b9fa-02e21df74ffb,https://elagente.ca/ontomlff/MLFFElasticityResult_426210d2-2887-40a4-8f4d-85f9c5ec1b6f,[],[],0.3081880942374173,eV/Å^3,0.7994753394534865,/scratch/kenko/akg4pyscf/.graphchat-workspaces/kenko_room/mlff_elasticity_benchmark/workflow_runs/Orb_OMAT/elasticity_Orb_OMAT/structures/RhSbTh_6b5cbe2c/output.json,mp-10623,cif,https://elagente.ca/grafico/ConceptualAtoms_92201ac8-437a-4fd7-b9fa-02e21df74ffb,mp-10623
OsTcV2,1.3996099443001397,https://elagente.ca/grafico/ConceptualAtoms_927c9616-9bbe-46e3-9c02-53f793ac247c,https://elagente.ca/ontomlff/MLFFElasticityResult_e5b909d5-c384-440c-bdb4-64a1e3c10f55,[],[],0.7403238219847073,eV/Å^3,1.8880727146533034,/scratch/kenko/akg4pyscf/.graphchat-workspaces/kenko_room/mlff_elasticity_benchmark/workflow_runs/Orb_OMAT/elasticity_Orb_OMAT/structures/OsTcV2_9b998b13/output.json,mp-865499,cif,https://elagente.ca/grafico/ConceptualAtoms_927c9616-9bbe-46e3-9c02-53f793ac247c,mp-865499
Lu16O24,0.9756926733267529,https://elagente.ca/grafico/ConceptualAtoms_92cbe2e8-50f8-48fa-bb02-8fa056a26b79,https://elagente.ca/ontomlff/MLFFElasticityResult_6f0c3866-8f7a-4007-be60-d2a80f586b04,[],[],0.6008548377273771,eV/Å^3,1.4955633168030888,/scratch/kenko/akg4pyscf/.graphchat-workspaces/kenko_room/mlff_elasticity_benchmark/workflow_runs/Orb_OMAT/elasticity_Orb_OMAT/structures/Lu16O24_dee2478e/output.json,mp-1427,cif,https://elagente.ca/grafico/ConceptualAtoms_92cbe2e8-50f8-48fa-bb02-8fa056a26b79,mp-1427
Ag3In,0.45919762612301773,https://elagente.ca/grafico/ConceptualAtoms_931a3cfd-5e61-440b-bfa2-224dc6ddd065,https://elagente.ca/ontomlff/MLFFElasticityResult_69d9592d-50e2-423e-b825-5ecdb12cb22d,[],[],0.11057220653705599,eV/Å^3,0.30706973134088295,/scratch/kenko/akg4pyscf/.graphchat-workspaces/kenko_room/mlff_elasticity_benchmark/workflow_runs/Orb_OMAT/elasticity_Orb_OMAT/structures/Ag3In_e94162aa/output.json,mp-30343,cif,https://elagente.ca/grafico/ConceptualAtoms_931a3cfd-5e61-440b-bfa2-224dc6ddd065,mp-30343
AsSc,0.5109937297834678,https://elagente.ca/grafico/ConceptualAtoms_93321a20-e143-4299-8e3a-66c9e43102ec,https://elagente.ca/ontomlff/MLFFElasticityResult_8dae5cc6-acb7-48f4-8c2f-f667e30ef7dc,[],[],0.2972199823555192,eV/Å^3,0.7468566555861887,/scratch/kenko/akg4pyscf/.graphchat-workspaces/kenko_room/mlff_elasticity_benchmark/workflow_runs/Orb_OMAT/elasticity_Orb_OMAT/structures/AsSc_f46560fd/output.json,mp-2052,cif,https://elagente.ca/grafico/ConceptualAtoms_93321a20-e143-4299-8e3a-66c9e43102ec,mp-2052
CRu,1.523969019879551,https://elagente.ca/grafico/ConceptualAtoms_93538a67-0cda-4814-a76d-ae18c163b6b5,https://elagente.ca/ontomlff/MLFFElasticityResult_ac2702f9-117a-4000-928c-4d2130a638b2,[],[],0.5737826613411022,eV/Å^3,1.5294048858337455,/scratch/kenko/akg4pyscf/.graphchat-workspaces/kenko_room/mlff_elasticity_benchmark/workflow_runs/Orb_OMAT/elasticity_Orb_OMAT/structures/CRu_76a8f843/output.json,mp-1009792,cif,https://elagente.ca/grafico/ConceptualAtoms_93538a67-0cda-4814-a76d-ae18c163b6b5,mp-1009792
HfOs3,1.5906281497233574,https://elagente.ca/grafico/ConceptualAtoms_935bb112-7254-4339-aa27-84475abd6756,https://elagente.ca/ontomlff/MLFFElasticityResult_66200ffb-3d3a-4a70-9620-9b8b10401213,[],[],0.6832854588313418,eV/Å^3,1.7931023104663708,/scratch/kenko/akg4pyscf/.graphchat-workspaces/kenko_room/mlff_elasticity_benchmark/workflow_runs/Orb_OMAT/elasticity_Orb_OMAT/structures/HfOs3_9336b9ab/output.json,mp-1007693,cif,https://elagente.ca/grafico/ConceptualAtoms_935bb112-7254-4339-aa27-84475abd6756,mp-1007693
Ru2ScTa,1.1360250069002626,https://elagente.ca/grafico/ConceptualAtoms_9385a087-c5bb-400b-a6a5-12798b1070da,https://elagente.ca/ontomlff/MLFFElasticityResult_704ec6c0-465f-490b-b4ad-da841f05684d,[],[],0.6052571189818143,eV/Å^3,1.5419319382320407,/scratch/kenko/akg4pyscf/.graphchat-workspaces/kenko_room/mlff_elasticity_benchmark/workflow_runs/Orb_OMAT/elasticity_Orb_OMAT/structures/Ru2ScTa_103153ca/output.json,mp-867897,cif,https://elagente.ca/grafico/ConceptualAtoms_9385a087-c5bb-400b-a6a5-12798b1070da,mp-867897
Pd8Sb4,0.730520112614704,https://elagente.ca/grafico/ConceptualAtoms_938d8b5a-d5bb-44b5-8ffc-d3508cf511cd,https://elagente.ca/ontomlff/MLFFElasticityResult_c8f57020-03e7-4178-ab6f-a11655ae7c33,[],[],0.2512352200322091,eV/Å^3,0.6761889777269744,/scratch/kenko/akg4pyscf/.graphchat-workspaces/kenko_room/mlff_elasticity_benchmark/workflow_runs/Orb_OMAT/elasticity_Orb_OMAT/structures/Pd8Sb4_14434003/output.json,mp-542106,cif,https://elagente.ca/grafico/ConceptualAtoms_938d8b5a-d5bb-44b5-8ffc-d3508cf511cd,mp-542106
As4Mo5,1.1169731119730575,https://elagente.ca/grafico/ConceptualAtoms_938f57c2-8679-49ca-9d57-1a75fea0b2eb,https://elagente.ca/ontomlff/MLFFElasticityResult_28264ff6-5b58-42f0-89c1-ef8e70deb061,[],[],0.6078977448701615,eV/Å^3,1.5436552884183254,/scratch/kenko/akg4pyscf/.graphchat-workspaces/kenko_room/mlff_elasticity_benchmark/workflow_runs/Orb_OMAT/elasticity_Orb_OMAT/structures/As4Mo5_b0a9d3e0/output.json,mp-1743,cif,https://elagente.ca/grafico/ConceptualAtoms_938f57c2-8679-49ca-9d57-1a75fea0b2eb,mp-1743
C4CoSc3,1.182743401157408,https://elagente.ca/grafico/ConceptualAtoms_9393eaf0-071c-4325-b422-642981b255bb,https://elagente.ca/ontomlff/MLFFElasticityResult_679499df-c821-422a-9d52-0407965764e6,[],[],0.7252859253539832,eV/Å^3,1.8065789496864404,/scratch/kenko/akg4pyscf/.graphchat-workspaces/kenko_room/mlff_elasticity_benchmark/workflow_runs/Orb_OMAT/elasticity_Orb_OMAT/structures/C4CoSc3_8f205524/output.json,mp-5075,cif,https://elagente.ca/grafico/ConceptualAtoms_9393eaf0-071c-4325-b422-642981b255bb,mp-5075
Be26Hf2,0.7605885798770379,https://elagente.ca/grafico/ConceptualAtoms_93a7cfd7-578c-4142-9aaf-e33a87517ab0,https://elagente.ca/ontomlff/MLFFElasticityResult_dbddb8c3-dd9c-45fa-8c58-ecf8e3541cb7,[],[],0.8735010777990206,eV/Å^3,1.895045599797479,/scratch/kenko/akg4pyscf/.graphchat-workspaces/kenko_room/mlff_elasticity_benchmark/workflow_runs/Orb_OMAT/elasticity_Orb_OMAT/structures/Be26Hf2_7535258a/output.json,mp-1878,cif,https://elagente.ca/grafico/ConceptualAtoms_93a7cfd7-578c-4142-9aaf-e33a87517ab0,mp-1878
Cd2PdRh,0.7182186038215366,https://elagente.ca/grafico/ConceptualAtoms_9442e3c9-ee04-4d91-b9a2-2453c2731970,https://elagente.ca/ontomlff/MLFFElasticityResult_b4c86c6a-6457-4b3a-9972-c01be55fc043,[],[],0.2931732922129622,eV/Å^3,0.7741809306260423,/scratch/kenko/akg4pyscf/.graphchat-workspaces/kenko_room/mlff_elasticity_benchmark/workflow_runs/Orb_OMAT/elasticity_Orb_OMAT/structures/Cd2PdRh_4c131941/output.json,mp-865926,cif,https://elagente.ca/grafico/ConceptualAtoms_9442e3c9-ee04-4d91-b9a2-2453c2731970,mp-865926
Li2Pd4Sn12,0.4108006369080603,https://elagente.ca/grafico/ConceptualAtoms_94661d54-ce3d-41d9-9f5d-a264050b2cb9,https://elagente.ca/ontomlff/MLFFElasticityResult_052ed2c0-6adc-494b-aff0-d4d4822a4291,[],[],0.15530978548009566,eV/Å^3,0.4137835190912532,/scratch/kenko/akg4pyscf/.graphchat-workspaces/kenko_room/mlff_elasticity_benchmark/workflow_runs/Orb_OMAT/elasticity_Orb_OMAT/structures/Li2Pd4Sn12_32a58a73/output.json,mp-569331,cif,https://elagente.ca/grafico/ConceptualAtoms_94661d54-ce3d-41d9-9f5d-a264050b2cb9,mp-569331
LiPt,0.6867005024566853,https://elagente.ca/grafico/ConceptualAtoms_9476f714-7af0-4395-a28d-4dcaeafa35cd,https://elagente.ca/ontomlff/MLFFElasticityResult_84a94e0d-7cc4-46d6-9c33-9db4a48669bf,[],[],0.33201885656305397,eV/Å^3,0.8578070199062392,/scratch/kenko/akg4pyscf/.graphchat-workspaces/kenko_room/mlff_elasticity_benchmark/workflow_runs/Orb_OMAT/elasticity_Orb_OMAT/structures/LiPt_c31f5923/output.json,mp-11807,cif,https://elagente.ca/grafico/ConceptualAtoms_9476f714-7af0-4395-a28d-4dcaeafa35cd,mp-11807
Au2CdHo,0.4936483985217668,https://elagente.ca/grafico/ConceptualAtoms_94c413b7-cd2c-4bef-9ec3-657f34344397,https://elagente.ca/ontomlff/MLFFElasticityResult_790219e9-e1be-47ae-b420-20ecbb32b9d3,[],[],0.12919089072725531,eV/Å^3,0.356475388438504,/scratch/kenko/akg4pyscf/.graphchat-workspaces/kenko_room/mlff_elasticity_benchmark/workflow_runs/Orb_OMAT/elasticity_Orb_OMAT/structures/Au2CdHo_abbd0116/output.json,mp-977415,cif,https://elagente.ca/grafico/ConceptualAtoms_94c413b7-cd2c-4bef-9ec3-657f34344397,mp-977415
Br4Na4O12,0.5047646211151142,https://elagente.ca/grafico/ConceptualAtoms_95011351-cd3b-491b-bb97-6b7ac7cd2e32,https://elagente.ca/ontomlff/MLFFElasticityResult_efd7f640-a4c4-4ff4-b9f8-0e2050f2891f,[],[],0.31768688041236126,eV/Å^3,0.7877887829000955,/scratch/kenko/akg4pyscf/.graphchat-workspaces/kenko_room/mlff_elasticity_benchmark/workflow_runs/Orb_OMAT/elasticity_Orb_OMAT/structures/Br4Na4O12_03d78cf0/output.json,mp-23339,cif,https://elagente.ca/grafico/ConceptualAtoms_95011351-cd3b-491b-bb97-6b7ac7cd2e32,mp-23339
AlRu2Ti,1.1672532886533729,https://elagente.ca/grafico/ConceptualAtoms_95367219-9005-4a39-84c9-812e7c218b6a,https://elagente.ca/ontomlff/MLFFElasticityResult_51fb2b7c-964b-4d19-acf2-9e6620a6cc65,[],[],0.5763843570152503,eV/Å^3,1.48476328820759,/scratch/kenko/akg4pyscf/.graphchat-workspaces/kenko_room/mlff_elasticity_benchmark/workflow_runs/Orb_OMAT/elasticity_Orb_OMAT/structures/AlRu2Ti_8cba19e5/output.json,mp-866155,cif,https://elagente.ca/grafico/ConceptualAtoms_95367219-9005-4a39-84c9-812e7c218b6a,mp-866155
S6,0.18492433966753727,https://elagente.ca/grafico/ConceptualAtoms_9571ba5b-0edc-4d79-9575-17894a396db7,https://elagente.ca/ontomlff/MLFFElasticityResult_ba31e641-7fcd-4404-81bc-32395d1fd5d0,[],[],0.11530497036064391,eV/Å^3,0.2863909314814252,/scratch/kenko/akg4pyscf/.graphchat-workspaces/kenko_room/mlff_elasticity_benchmark/workflow_runs/Orb_OMAT/elasticity_Orb_OMAT/structures/S6_bcd9514b/output.json,mp-7,cif,https://elagente.ca/grafico/ConceptualAtoms_9571ba5b-0edc-4d79-9575-17894a396db7,mp-7
Rh6W2,1.5707048122558633,https://elagente.ca/grafico/ConceptualAtoms_95ba4a13-a1e1-4b49-9ecd-2c791ab2db4c,https://elagente.ca/ontomlff/MLFFElasticityResult_29a94a6f-ffce-48db-a17b-4a6fd1081fde,[],[],0.8346092797171598,eV/Å^3,2.127079680024788,/scratch/kenko/akg4pyscf/.graphchat-workspaces/kenko_room/mlff_elasticity_benchmark/workflow_runs/Orb_OMAT/elasticity_Orb_OMAT/structures/Rh6W2_cd2f083f/output.json,mp-30866,cif,https://elagente.ca/grafico/ConceptualAtoms_95ba4a13-a1e1-4b49-9ecd-2c791ab2db4c,mp-30866
CoSbTa,0.8834954878304051,https://elagente.ca/grafico/ConceptualAtoms_95bcce09-0652-429f-827c-d799ac032527,https://elagente.ca/ontomlff/MLFFElasticityResult_84b8dce4-9c1d-44b5-8e39-65adf14ba809,[],[],0.3219097500928618,eV/Å^3,0.8611410193442938,/scratch/kenko/akg4pyscf/.graphchat-workspaces/kenko_room/mlff_elasticity_benchmark/workflow_runs/Orb_OMAT/elasticity_Orb_OMAT/structures/CoSbTa_89c1e3fe/output.json,mp-31459,cif,https://elagente.ca/grafico/ConceptualAtoms_95bcce09-0652-429f-827c-d799ac032527,mp-31459
F8Ho2Na2,0.5791627983911198,https://elagente.ca/grafico/ConceptualAtoms_95c20c98-26c4-4068-9b59-4e27b3223ca4,https://elagente.ca/ontomlff/MLFFElasticityResult_c807b023-09bb-403a-831c-3d2245ccfadb,[],[],0.3145632296463573,eV/Å^3,0.7990295484502961,/scratch/kenko/akg4pyscf/.graphchat-workspaces/kenko_room/mlff_elasticity_benchmark/workflow_runs/Orb_OMAT/elasticity_Orb_OMAT/structures/F8Ho2Na2_6549b83e/output.json,mp-675798,cif,https://elagente.ca/grafico/ConceptualAtoms_95c20c98-26c4-4068-9b59-4e27b3223ca4,mp-675798
NiSn3Sr,0.34719313476743396,https://elagente.ca/grafico/ConceptualAtoms_964917d3-12bd-4437-8e04-e0be3b35c645,https://elagente.ca/ontomlff/MLFFElasticityResult_3c478992-1ca8-408d-8c31-120bd22a7040,[],[],0.17589677029700612,eV/Å^3,0.4514514297208784,/scratch/kenko/akg4pyscf/.graphchat-workspaces/kenko_room/mlff_elasticity_benchmark/workflow_runs/Orb_OMAT/elasticity_Orb_OMAT/structures/NiSn3Sr_f3486e11/output.json,mp-30805,cif,https://elagente.ca/grafico/ConceptualAtoms_964917d3-12bd-4437-8e04-e0be3b35c645,mp-30805
Ca2,0.09842431240345703,https://elagente.ca/grafico/ConceptualAtoms_96a3b079-128e-4a5d-9189-4e41211b9314,https://elagente.ca/ontomlff/MLFFElasticityResult_b81a41ca-a281-4f0f-8001-e58e6063c4c8,[],[],0.06429662646450143,eV/Å^3,0.15839817103700649,/scratch/kenko/akg4pyscf/.graphchat-workspaces/kenko_room/mlff_elasticity_benchmark/workflow_runs/Orb_OMAT/elasticity_Orb_OMAT/structures/Ca2_0399f885/output.json,mp-132,cif,https://elagente.ca/grafico/ConceptualAtoms_96a3b079-128e-4a5d-9189-4e41211b9314,mp-132
Ag2Th,0.4877581466955013,https://elagente.ca/grafico/ConceptualAtoms_96ff174f-4bb5-492c-9cd4-db29d4c4b28d,https://elagente.ca/ontomlff/MLFFElasticityResult_b9228dea-948b-4a82-b2b7-15b8be53bac9,[],[],0.22907298370025636,eV/Å^3,0.594198278530023,/scratch/kenko/akg4pyscf/.graphchat-workspaces/kenko_room/mlff_elasticity_benchmark/workflow_runs/Orb_OMAT/elasticity_Orb_OMAT/structures/Ag2Th_62716f74/output.json,mp-309,cif,https://elagente.ca/grafico/ConceptualAtoms_96ff174f-4bb5-492c-9cd4-db29d4c4b28d,mp-309
CdO6Sb2,0.9828748474544902,https://elagente.ca/grafico/ConceptualAtoms_97193435-9e51-4578-8963-8b6b6871a404,https://elagente.ca/ontomlff/MLFFElasticityResult_014ec09d-66a1-4457-b4cd-42590695259c,[],[],0.5849021309642184,eV/Å^3,1.4642511046486,/scratch/kenko/akg4pyscf/.graphchat-workspaces/kenko_room/mlff_elasticity_benchmark/workflow_runs/Orb_OMAT/elasticity_Orb_OMAT/structures/CdO6Sb2_88fb2116/output.json,mp-8922,cif,https://elagente.ca/grafico/ConceptualAtoms_97193435-9e51-4578-8963-8b6b6871a404,mp-8922
GaHfNi2,0.8966452199940129,https://elagente.ca/grafico/ConceptualAtoms_97338e98-0d32-4c69-876d-c228f1a89a4e,https://elagente.ca/ontomlff/MLFFElasticityResult_ce8a2ab1-bd56-47fe-bd4f-5466a3d9c4af,[],[],0.3095315532283461,eV/Å^3,0.8327678588232224,/scratch/kenko/akg4pyscf/.graphchat-workspaces/kenko_room/mlff_elasticity_benchmark/workflow_runs/Orb_OMAT/elasticity_Orb_OMAT/structures/GaHfNi2_54ca301d/output.json,mp-3498,cif,https://elagente.ca/grafico/ConceptualAtoms_97338e98-0d32-4c69-876d-c228f1a89a4e,mp-3498
PdSc2Tc,0.6920471509887569,https://elagente.ca/grafico/ConceptualAtoms_97674703-bc6b-4283-bf3d-48f26f36f125,https://elagente.ca/ontomlff/MLFFElasticityResult_42fbaf26-69c9-47cc-80d7-4fb97c93a6bd,[],[],0.30454171179001177,eV/Å^3,0.7967523961584505,/scratch/kenko/akg4pyscf/.graphchat-workspaces/kenko_room/mlff_elasticity_benchmark/workflow_runs/Orb_OMAT/elasticity_Orb_OMAT/structures/PdSc2Tc_e00e76b7/output.json,mp-862423,cif,https://elagente.ca/grafico/ConceptualAtoms_97674703-bc6b-4283-bf3d-48f26f36f125,mp-862423
Co2S2Sb2,0.728141874503881,https://elagente.ca/grafico/ConceptualAtoms_978e7c0e-9a99-465a-ae46-1fc6eacf9c0c,https://elagente.ca/ontomlff/MLFFElasticityResult_c8e42dc4-309f-4e96-a631-1f35ec8fe3b0,[],[],0.45885877195686203,eV/Å^3,1.1376106870157603,/scratch/kenko/akg4pyscf/.graphchat-workspaces/kenko_room/mlff_elasticity_benchmark/workflow_runs/Orb_OMAT/elasticity_Orb_OMAT/structures/Co2S2Sb2_827aaacb/output.json,mp-4962,cif,https://elagente.ca/grafico/ConceptualAtoms_978e7c0e-9a99-465a-ae46-1fc6eacf9c0c,mp-4962
Au4Sb8,0.442245868535467,https://elagente.ca/grafico/ConceptualAtoms_97d42197-095c-46ed-8086-0bf5de2bf976,https://elagente.ca/ontomlff/MLFFElasticityResult_6493792d-af11-470a-9271-629640e833a6,[],[],0.16108443462600563,eV/Å^3,0.4309321370103854,/scratch/kenko/akg4pyscf/.graphchat-workspaces/kenko_room/mlff_elasticity_benchmark/workflow_runs/Orb_OMAT/elasticity_Orb_OMAT/structures/Au4Sb8_3436ac8f/output.json,mp-738,cif,https://elagente.ca/grafico/ConceptualAtoms_97d42197-095c-46ed-8086-0bf5de2bf976,mp-738
EuN,0.6602021038157118,https://elagente.ca/grafico/ConceptualAtoms_9892d6e1-29d9-44d7-bdf8-d873f7754db5,https://elagente.ca/ontomlff/MLFFElasticityResult_4721480f-885c-47e2-915b-76726ccdf14d,[],[],0.4224634618558214,eV/Å^3,1.0445811539097059,/scratch/kenko/akg4pyscf/.graphchat-workspaces/kenko_room/mlff_elasticity_benchmark/workflow_runs/Orb_OMAT/elasticity_Orb_OMAT/structures/EuN_a4065af0/output.json,mp-20340,cif,https://elagente.ca/grafico/ConceptualAtoms_9892d6e1-29d9-44d7-bdf8-d873f7754db5,mp-20340
AuGeSc,0.5486349348658324,https://elagente.ca/grafico/ConceptualAtoms_9940e8d3-f5ea-4415-8cb8-fa0b30eb9b39,https://elagente.ca/ontomlff/MLFFElasticityResult_bc0aa570-8bfe-4334-a4d9-9d2903bddbee,[],[],0.3066134262304498,eV/Å^3,0.7753932896792509,/scratch/kenko/akg4pyscf/.graphchat-workspaces/kenko_room/mlff_elasticity_benchmark/workflow_runs/Orb_OMAT/elasticity_Orb_OMAT/structures/AuGeSc_9e3edbf6/output.json,mp-961697,cif,https://elagente.ca/grafico/ConceptualAtoms_9940e8d3-f5ea-4415-8cb8-fa0b30eb9b39,mp-961697
Fe8Ge16,0.77862957740146,https://elagente.ca/grafico/ConceptualAtoms_9a17a25f-8729-47e9-a49f-a3bc0ad813dc,https://elagente.ca/ontomlff/MLFFElasticityResult_7eeb3de6-0fba-4d87-976e-ec393e18a016,[],[],0.4949273819619354,eV/Å^3,1.2251893957351998,/scratch/kenko/akg4pyscf/.graphchat-workspaces/kenko_room/mlff_elasticity_benchmark/workflow_runs/Orb_OMAT/elasticity_Orb_OMAT/structures/Fe8Ge16_f925ee46/output.json,mp-640708,cif,https://elagente.ca/grafico/ConceptualAtoms_9a17a25f-8729-47e9-a49f-a3bc0ad813dc,mp-640708
Ge3Nd,0.4144327192835303,https://elagente.ca/grafico/ConceptualAtoms_9a3b1f4f-c75d-488d-9a3e-79c748e8a7b1,https://elagente.ca/ontomlff/MLFFElasticityResult_90265e64-b75b-4d0b-92f9-9281904400e3,[],[],0.2057372659570652,eV/Å^3,0.5295786967584651,/scratch/kenko/akg4pyscf/.graphchat-workspaces/kenko_room/mlff_elasticity_benchmark/workflow_runs/Orb_OMAT/elasticity_Orb_OMAT/structures/Ge3Nd_1bb8f46a/output.json,mp-975664,cif,https://elagente.ca/grafico/ConceptualAtoms_9a3b1f4f-c75d-488d-9a3e-79c748e8a7b1,mp-975664
LiRh,0.6327647911417983,https://elagente.ca/grafico/ConceptualAtoms_9aaa25a0-f437-4dd7-8fac-84e6e9b91e83,https://elagente.ca/ontomlff/MLFFElasticityResult_7fee9f75-f520-4b36-bff5-706decbce9b2,[],[],0.3108487968895131,eV/Å^3,0.801327677695015,/scratch/kenko/akg4pyscf/.graphchat-workspaces/kenko_room/mlff_elasticity_benchmark/workflow_runs/Orb_OMAT/elasticity_Orb_OMAT/structures/LiRh_a1620692/output.json,mp-600561,cif,https://elagente.ca/grafico/ConceptualAtoms_9aaa25a0-f437-4dd7-8fac-84e6e9b91e83,mp-600561
C2Ba2O6,0.48378969878159644,https://elagente.ca/grafico/ConceptualAtoms_9af23604-5cd5-4c80-a146-b34df188bbe5,https://elagente.ca/ontomlff/MLFFElasticityResult_3664ddce-46d1-433a-b82b-66388af72cfb,[],[],0.32278623489077785,eV/Å^3,0.7921774792735351,/scratch/kenko/akg4pyscf/.graphchat-workspaces/kenko_room/mlff_elasticity_benchmark/workflow_runs/Orb_OMAT/elasticity_Orb_OMAT/structures/C2Ba2O6_4f5296a3/output.json,mp-2506699,cif,https://elagente.ca/grafico/ConceptualAtoms_9af23604-5cd5-4c80-a146-b34df188bbe5,mp-2506699
Ba2Tl4,0.1554388748385836,https://elagente.ca/grafico/ConceptualAtoms_9b6535fc-10ce-4be4-ac97-e3f77b672b91,https://elagente.ca/ontomlff/MLFFElasticityResult_ab24d3eb-58b7-4c64-be6a-98bc1a5c3904,[],[],0.10894392231247635,eV/Å^3,0.26493575334358754,/scratch/kenko/akg4pyscf/.graphchat-workspaces/kenko_room/mlff_elasticity_benchmark/workflow_runs/Orb_OMAT/elasticity_Orb_OMAT/structures/Ba2Tl4_835d1a93/output.json,mp-30434,cif,https://elagente.ca/grafico/ConceptualAtoms_9b6535fc-10ce-4be4-ac97-e3f77b672b91,mp-30434
Cu3TaTe4,0.3972538025127139,https://elagente.ca/grafico/ConceptualAtoms_9b6ec121-d1e3-4c03-987b-7af41d47229d,https://elagente.ca/ontomlff/MLFFElasticityResult_6dc704a1-921f-4888-96dc-7526a69c54f3,[],[],0.22375696702665432,eV/Å^3,0.5651602750521789,/scratch/kenko/akg4pyscf/.graphchat-workspaces/kenko_room/mlff_elasticity_benchmark/workflow_runs/Orb_OMAT/elasticity_Orb_OMAT/structures/Cu3TaTe4_65c3aea1/output.json,mp-9295,cif,https://elagente.ca/grafico/ConceptualAtoms_9b6ec121-d1e3-4c03-987b-7af41d47229d,mp-9295
Na3Tl,0.06439986053238184,https://elagente.ca/grafico/ConceptualAtoms_9b8ca82d-e4ab-4f34-94c4-4bd6eb7a56c2,https://elagente.ca/ontomlff/MLFFElasticityResult_e37d4b38-7400-4140-aa6b-a09efc713768,[],[],0.029753684238131996,eV/Å^3,0.07734893666048905,/scratch/kenko/akg4pyscf/.graphchat-workspaces/kenko_room/mlff_elasticity_benchmark/workflow_runs/Orb_OMAT/elasticity_Orb_OMAT/structures/Na3Tl_30a449ac/output.json,mp-977403,cif,https://elagente.ca/grafico/ConceptualAtoms_9b8ca82d-e4ab-4f34-94c4-4bd6eb7a56c2,mp-977403
Co2Ge2Nd,0.7544851466970117,https://elagente.ca/grafico/ConceptualAtoms_9bf5802b-bb96-48d6-97de-aa495712a13a,https://elagente.ca/ontomlff/MLFFElasticityResult_feea1064-af95-477d-a545-ba83f7eeee16,[],[],0.4413030688495667,eV/Å^3,1.1079027890452857,/scratch/kenko/akg4pyscf/.graphchat-workspaces/kenko_room/mlff_elasticity_benchmark/workflow_runs/Orb_OMAT/elasticity_Orb_OMAT/structures/Co2Ge2Nd_e5a23f0e/output.json,mp-4999,cif,https://elagente.ca/grafico/ConceptualAtoms_9bf5802b-bb96-48d6-97de-aa495712a13a,mp-4999
DyHg2Yb,0.3733471523551216,https://elagente.ca/grafico/ConceptualAtoms_9c5830fd-809c-4b4d-8947-b697da536095,https://elagente.ca/ontomlff/MLFFElasticityResult_450e0148-0565-4b33-bd84-58e1b79745a5,[],[],0.15925428666372254,eV/Å^3,0.41828811864595933,/scratch/kenko/akg4pyscf/.graphchat-workspaces/kenko_room/mlff_elasticity_benchmark/workflow_runs/Orb_OMAT/elasticity_Orb_OMAT/structures/DyHg2Yb_ed3bbbdb/output.json,mp-980199,cif,https://elagente.ca/grafico/ConceptualAtoms_9c5830fd-809c-4b4d-8947-b697da536095,mp-980199
Ba2Cl2Cu3O4,0.3421622728042514,https://elagente.ca/grafico/ConceptualAtoms_9c632d03-b3b5-4b7a-baf3-e676469db1a4,https://elagente.ca/ontomlff/MLFFElasticityResult_f8178bb7-749f-490a-8bfa-05e24e797c3b,[],[],0.18017660774318278,eV/Å^3,0.45981897393847476,/scratch/kenko/akg4pyscf/.graphchat-workspaces/kenko_room/mlff_elasticity_benchmark/workflow_runs/Orb_OMAT/elasticity_Orb_OMAT/structures/Ba2Cl2Cu3O4_f3da26bf/output.json,mp-23085,cif,https://elagente.ca/grafico/ConceptualAtoms_9c632d03-b3b5-4b7a-baf3-e676469db1a4,mp-23085
CeLi2Pb,0.23954758349212202,https://elagente.ca/grafico/ConceptualAtoms_9c9d84a1-c081-43e1-a9fd-feeb0b9444c6,https://elagente.ca/ontomlff/MLFFElasticityResult_74ed9d6f-028d-4f69-9d8e-3f5e6252cbea,[],[],0.18112916656529338,eV/Å^3,0.43400052831149055,/scratch/kenko/akg4pyscf/.graphchat-workspaces/kenko_room/mlff_elasticity_benchmark/workflow_runs/Orb_OMAT/elasticity_Orb_OMAT/structures/CeLi2Pb_3eee9aff/output.json,mp-865932,cif,https://elagente.ca/grafico/ConceptualAtoms_9c9d84a1-c081-43e1-a9fd-feeb0b9444c6,mp-865932
AlCo2Sc,0.8473684659039373,https://elagente.ca/grafico/ConceptualAtoms_9cd80185-0264-4a95-a9e3-512996476c0a,https://elagente.ca/ontomlff/MLFFElasticityResult_463322f3-b62c-4257-a5b5-1e452c6bf023,[],[],0.5409099662993044,eV/Å^3,1.3380246116093808,/scratch/kenko/akg4pyscf/.graphchat-workspaces/kenko_room/mlff_elasticity_benchmark/workflow_runs/Orb_OMAT/elasticity_Orb_OMAT/structures/AlCo2Sc_e4f76918/output.json,mp-862602,cif,https://elagente.ca/grafico/ConceptualAtoms_9cd80185-0264-4a95-a9e3-512996476c0a,mp-862602
CaMgTl2,0.19828484531347576,https://elagente.ca/grafico/ConceptualAtoms_9d016bf1-6986-48b0-80f7-dfb59767325a,https://elagente.ca/ontomlff/MLFFElasticityResult_30d09870-010e-46de-8bdd-445c6a9caa89,[],[],0.09516740834592241,eV/Å^3,0.2461259311983887,/scratch/kenko/akg4pyscf/.graphchat-workspaces/kenko_room/mlff_elasticity_benchmark/workflow_runs/Orb_OMAT/elasticity_Orb_OMAT/structures/CaMgTl2_b815c0d9/output.json,mp-867266,cif,https://elagente.ca/grafico/ConceptualAtoms_9d016bf1-6986-48b0-80f7-dfb59767325a,mp-867266
As2Co2,0.9635072468308528,https://elagente.ca/grafico/ConceptualAtoms_9d7a3944-a9b5-4f7e-9365-7f93fae23caf,https://elagente.ca/ontomlff/MLFFElasticityResult_a07f36bb-cb31-4079-8245-340423a85fcc,[],[],0.5294448187966901,eV/Å^3,1.3424444940546645,/scratch/kenko/akg4pyscf/.graphchat-workspaces/kenko_room/mlff_elasticity_benchmark/workflow_runs/Orb_OMAT/elasticity_Orb_OMAT/structures/As2Co2_98281cf4/output.json,mp-15679,cif,https://elagente.ca/grafico/ConceptualAtoms_9d7a3944-a9b5-4f7e-9365-7f93fae23caf,mp-15679
CNi3Zn,1.1403674096333276,https://elagente.ca/grafico/ConceptualAtoms_9d933de4-b432-4038-8581-af12c074785e,https://elagente.ca/ontomlff/MLFFElasticityResult_f9489bb7-1571-4a54-97f5-9a967a350a4e,[],[],0.4265718278025762,eV/Å^3,1.137840011426529,/scratch/kenko/akg4pyscf/.graphchat-workspaces/kenko_room/mlff_elasticity_benchmark/workflow_runs/Orb_OMAT/elasticity_Orb_OMAT/structures/CNi3Zn_023b8ef9/output.json,mp-16290,cif,https://elagente.ca/grafico/ConceptualAtoms_9d933de4-b432-4038-8581-af12c074785e,mp-16290
Ce2O8Si2,1.0732583904661257,https://elagente.ca/grafico/ConceptualAtoms_9e3a9145-5d33-4aba-beb5-8a74c780b59f,https://elagente.ca/ontomlff/MLFFElasticityResult_53e4a6b6-be89-4dea-9770-409e36ae408d,[],[],0.5408050511532473,eV/Å^3,1.389097351914942,/scratch/kenko/akg4pyscf/.graphchat-workspaces/kenko_room/mlff_elasticity_benchmark/workflow_runs/Orb_OMAT/elasticity_Orb_OMAT/structures/Ce2O8Si2_5f6831fe/output.json,mp-10523,cif,https://elagente.ca/grafico/ConceptualAtoms_9e3a9145-5d33-4aba-beb5-8a74c780b59f,mp-10523
Tc2TiW,1.3811887190513121,https://elagente.ca/grafico/ConceptualAtoms_9efe0db7-c1ab-4424-ab1d-40c0542feaeb,https://elagente.ca/ontomlff/MLFFElasticityResult_1466aaa5-3d67-4491-858b-771272a58162,[],[],0.7976163121649061,eV/Å^3,2.0065901095549115,/scratch/kenko/akg4pyscf/.graphchat-workspaces/kenko_room/mlff_elasticity_benchmark/workflow_runs/Orb_OMAT/elasticity_Orb_OMAT/structures/Tc2TiW_a9504313/output.json,mp-865810,cif,https://elagente.ca/grafico/ConceptualAtoms_9efe0db7-c1ab-4424-ab1d-40c0542feaeb,mp-865810
BiHf3,0.5633391015360494,https://elagente.ca/grafico/ConceptualAtoms_9f1c7c1f-bdf0-4113-95a9-0baae67c81aa,https://elagente.ca/ontomlff/MLFFElasticityResult_55999fa2-c2ef-463f-9cf1-6fe214a85064,[],[],0.11635840764628076,eV/Å^3,0.32658940406163794,/scratch/kenko/akg4pyscf/.graphchat-workspaces/kenko_room/mlff_elasticity_benchmark/workflow_runs/Orb_OMAT/elasticity_Orb_OMAT/structures/BiHf3_565f8ed7/output.json,mp-976419,cif,https://elagente.ca/grafico/ConceptualAtoms_9f1c7c1f-bdf0-4113-95a9-0baae67c81aa,mp-976419
PdZn3,0.6460324288561108,https://elagente.ca/grafico/ConceptualAtoms_9f35349a-0ce9-4859-88a1-d9f7ce5bb220,https://elagente.ca/ontomlff/MLFFElasticityResult_4fe9c959-3932-444a-a676-33dbcca875d1,[],[],0.24516253190227918,eV/Å^3,0.6528982494363056,/scratch/kenko/akg4pyscf/.graphchat-workspaces/kenko_room/mlff_elasticity_benchmark/workflow_runs/Orb_OMAT/elasticity_Orb_OMAT/structures/PdZn3_093a2bf6/output.json,mp-865357,cif,https://elagente.ca/grafico/ConceptualAtoms_9f35349a-0ce9-4859-88a1-d9f7ce5bb220,mp-865357
I8Sr4,0.12966991661498728,https://elagente.ca/grafico/ConceptualAtoms_9f3a175d-4766-4c47-8f7a-96831b5a8023,https://elagente.ca/ontomlff/MLFFElasticityResult_72816ef5-1287-4c86-b81c-c58de6a24bbd,[],[],0.06563040419978758,eV/Å^3,0.16846862442425273,/scratch/kenko/akg4pyscf/.graphchat-workspaces/kenko_room/mlff_elasticity_benchmark/workflow_runs/Orb_OMAT/elasticity_Orb_OMAT/structures/I8Sr4_65a9918d/output.json,mp-568284,cif,https://elagente.ca/grafico/ConceptualAtoms_9f3a175d-4766-4c47-8f7a-96831b5a8023,mp-568284
AlNNd3,0.22039248876573547,https://elagente.ca/grafico/ConceptualAtoms_9f762d01-6a65-4137-af6b-641949a2bd57,https://elagente.ca/ontomlff/MLFFElasticityResult_856a8587-48a1-4342-8c42-6d535abeb6f6,[],[],0.042230991530973795,eV/Å^3,0.11908662599485766,/scratch/kenko/akg4pyscf/.graphchat-workspaces/kenko_room/mlff_elasticity_benchmark/workflow_runs/Orb_OMAT/elasticity_Orb_OMAT/structures/AlNNd3_5bb1eb74/output.json,mp-21910,cif,https://elagente.ca/grafico/ConceptualAtoms_9f762d01-6a65-4137-af6b-641949a2bd57,mp-21910
GaNNd3,0.23381285277755398,https://elagente.ca/grafico/ConceptualAtoms_9fc5bf57-0001-433d-9898-d249ee3659d9,https://elagente.ca/ontomlff/MLFFElasticityResult_6e68f87d-7d56-46d0-a953-bcaca317a96e,[],[],0.04632332929082073,eV/Å^3,0.13036089369915912,/scratch/kenko/akg4pyscf/.graphchat-workspaces/kenko_room/mlff_elasticity_benchmark/workflow_runs/Orb_OMAT/elasticity_Orb_OMAT/structures/GaNNd3_39f16913/output.json,mp-636273,cif,https://elagente.ca/grafico/ConceptualAtoms_9fc5bf57-0001-433d-9898-d249ee3659d9,mp-636273
AsGd,0.41984382570531253,https://elagente.ca/grafico/ConceptualAtoms_9fc6fd11-a6f5-423e-946b-c626396e67d3,https://elagente.ca/ontomlff/MLFFElasticityResult_b6f9ccfa-5384-46eb-aac6-2222f7a1d5f4,[],[],0.27483497157895553,eV/Å^3,0.6768199956608788,/scratch/kenko/akg4pyscf/.graphchat-workspaces/kenko_room/mlff_elasticity_benchmark/workflow_runs/Orb_OMAT/elasticity_Orb_OMAT/structures/AsGd_f4fbd955/output.json,mp-510374,cif,https://elagente.ca/grafico/ConceptualAtoms_9fc6fd11-a6f5-423e-946b-c626396e67d3,mp-510374
SeSr,0.24718102245603468,https://elagente.ca/grafico/ConceptualAtoms_a02eba64-6133-4832-adf6-5a2384670de2,https://elagente.ca/ontomlff/MLFFElasticityResult_8fb552ee-890e-4aa0-a239-c03accca3a63,[],[],0.16640448593496465,eV/Å^3,0.4077198924380068,/scratch/kenko/akg4pyscf/.graphchat-workspaces/kenko_room/mlff_elasticity_benchmark/workflow_runs/Orb_OMAT/elasticity_Orb_OMAT/structures/SeSr_2d9d6e06/output.json,mp-2758,cif,https://elagente.ca/grafico/ConceptualAtoms_a02eba64-6133-4832-adf6-5a2384670de2,mp-2758
Ca2Te2,0.22207349836267615,https://elagente.ca/grafico/ConceptualAtoms_a0a5f08f-0628-420d-a8eb-a3680e72a318,https://elagente.ca/ontomlff/MLFFElasticityResult_0569a0ee-3e6f-4831-8389-eaebd1d7f2fa,[],[],0.1523837039796081,eV/Å^3,0.37205213517450075,/scratch/kenko/akg4pyscf/.graphchat-workspaces/kenko_room/mlff_elasticity_benchmark/workflow_runs/Orb_OMAT/elasticity_Orb_OMAT/structures/Ca2Te2_4b0952f5/output.json,mp-569170,cif,https://elagente.ca/grafico/ConceptualAtoms_a0a5f08f-0628-420d-a8eb-a3680e72a318,mp-569170
Ca2Sn2Zn2,0.27337858629239364,https://elagente.ca/grafico/ConceptualAtoms_a0cadcf2-c814-4a25-ad61-a81d91e7837a,https://elagente.ca/ontomlff/MLFFElasticityResult_96820333-bbba-460b-8952-a7c18a507ab2,[],[],0.23493526367355744,eV/Å^3,0.5478649493020011,/scratch/kenko/akg4pyscf/.graphchat-workspaces/kenko_room/mlff_elasticity_benchmark/workflow_runs/Orb_OMAT/elasticity_Orb_OMAT/structures/Ca2Sn2Zn2_6c53dffa/output.json,mp-31160,cif,https://elagente.ca/grafico/ConceptualAtoms_a0cadcf2-c814-4a25-ad61-a81d91e7837a,mp-31160
Os4U2,1.3726478374096693,https://elagente.ca/grafico/ConceptualAtoms_a0ddf477-c581-498a-9355-0949e0f19c12,https://elagente.ca/ontomlff/MLFFElasticityResult_321ad2c3-d515-4c3b-ac8a-5a1db93ed103,[],[],0.038083840880424644,eV/Å^3,0.11320457649801502,/scratch/kenko/akg4pyscf/.graphchat-workspaces/kenko_room/mlff_elasticity_benchmark/workflow_runs/Orb_OMAT/elasticity_Orb_OMAT/structures/Os4U2_6579636d/output.json,mp-1085,cif,https://elagente.ca/grafico/ConceptualAtoms_a0ddf477-c581-498a-9355-0949e0f19c12,mp-1085
B2V2,1.5199677418414352,https://elagente.ca/grafico/ConceptualAtoms_a10f3b6a-3100-4276-bbfc-f15e454901af,https://elagente.ca/ontomlff/MLFFElasticityResult_1d32e2ed-861a-42d7-89b8-901f2b0a4838,[],[],1.4516192770420449,eV/Å^3,3.3032780401927253,/scratch/kenko/akg4pyscf/.graphchat-workspaces/kenko_room/mlff_elasticity_benchmark/workflow_runs/Orb_OMAT/elasticity_Orb_OMAT/structures/B2V2_fff8fedf/output.json,mp-9973,cif,https://elagente.ca/grafico/ConceptualAtoms_a10f3b6a-3100-4276-bbfc-f15e454901af,mp-9973
H3Bi,0.460623011738411,https://elagente.ca/grafico/ConceptualAtoms_a1bc84de-e224-40c4-8691-27002e3fafd2,https://elagente.ca/ontomlff/MLFFElasticityResult_2f77a4cf-d5a8-46cd-95f9-9fafff88b537,[],[],0.10865217560527365,eV/Å^3,0.3021957875964295,/scratch/kenko/akg4pyscf/.graphchat-workspaces/kenko_room/mlff_elasticity_benchmark/workflow_runs/Orb_OMAT/elasticity_Orb_OMAT/structures/H3Bi_fb2b62d0/output.json,mp-984050,cif,https://elagente.ca/grafico/ConceptualAtoms_a1bc84de-e224-40c4-8691-27002e3fafd2,mp-984050
Ru4Si4Ti4,1.1705823294000774,https://elagente.ca/grafico/ConceptualAtoms_a1ea60d2-ec1f-47f7-966e-e0f646e02887,https://elagente.ca/ontomlff/MLFFElasticityResult_89f49d1d-fe8f-4437-8056-c2915bc583af,[],[],0.6476548797748096,eV/Å^3,1.6404282242746866,/scratch/kenko/akg4pyscf/.graphchat-workspaces/kenko_room/mlff_elasticity_benchmark/workflow_runs/Orb_OMAT/elasticity_Orb_OMAT/structures/Ru4Si4Ti4_56afa86f/output.json,mp-505822,cif,https://elagente.ca/grafico/ConceptualAtoms_a1ea60d2-ec1f-47f7-966e-e0f646e02887,mp-505822
B8Co8Sm2,1.271340242907451,https://elagente.ca/grafico/ConceptualAtoms_a1ebdc0f-c6bd-4c9b-8ca3-0255475f3c19,https://elagente.ca/ontomlff/MLFFElasticityResult_b3be451a-8f53-468c-9b9c-874c05b5a9ca,[],[],0.7870252992805202,eV/Å^3,1.9572054618986805,/scratch/kenko/akg4pyscf/.graphchat-workspaces/kenko_room/mlff_elasticity_benchmark/workflow_runs/Orb_OMAT/elasticity_Orb_OMAT/structures/B8Co8Sm2_6c4e3694/output.json,mp-1105839,cif,https://elagente.ca/grafico/ConceptualAtoms_a1ebdc0f-c6bd-4c9b-8ca3-0255475f3c19,mp-1105839
NY,0.9252933404957908,https://elagente.ca/grafico/ConceptualAtoms_a226b3ff-4f26-4060-8a3c-ec6c935d747b,https://elagente.ca/ontomlff/MLFFElasticityResult_7b50d89b-6b76-4f73-ac9a-6377fa865a41,[],[],0.741033453959004,eV/Å^3,1.7546806093978464,/scratch/kenko/akg4pyscf/.graphchat-workspaces/kenko_room/mlff_elasticity_benchmark/workflow_runs/Orb_OMAT/elasticity_Orb_OMAT/structures/NY_075e612c/output.json,mp-2114,cif,https://elagente.ca/grafico/ConceptualAtoms_a226b3ff-4f26-4060-8a3c-ec6c935d747b,mp-2114
Li4S4Ti,0.2929960969132813,https://elagente.ca/grafico/ConceptualAtoms_a22880df-fdcf-46b4-be4a-0e6f09310976,https://elagente.ca/ontomlff/MLFFElasticityResult_aa078887-fb7a-4253-adca-6eb918e36062,[],[],0.184258558912988,eV/Å^3,0.45698075420396644,/scratch/kenko/akg4pyscf/.graphchat-workspaces/kenko_room/mlff_elasticity_benchmark/workflow_runs/Orb_OMAT/elasticity_Orb_OMAT/structures/Li4S4Ti_198ca656/output.json,mp-861182,cif,https://elagente.ca/grafico/ConceptualAtoms_a22880df-fdcf-46b4-be4a-0e6f09310976,mp-861182
HfPt3,1.308228632536315,https://elagente.ca/grafico/ConceptualAtoms_a23d8ce7-47ea-450b-b52f-139df7498411,https://elagente.ca/ontomlff/MLFFElasticityResult_8fcc6057-3698-494f-9c0e-23a80cddfd65,[],[],0.6377816913857561,eV/Å^3,1.6458809368680192,/scratch/kenko/akg4pyscf/.graphchat-workspaces/kenko_room/mlff_elasticity_benchmark/workflow_runs/Orb_OMAT/elasticity_Orb_OMAT/structures/HfPt3_801b87ae/output.json,mp-1018054,cif,https://elagente.ca/grafico/ConceptualAtoms_a23d8ce7-47ea-450b-b52f-139df7498411,mp-1018054
AgPdYb2,0.5088999405163517,https://elagente.ca/grafico/ConceptualAtoms_a24ae6bc-e438-451c-8760-0cfe875d6f4f,https://elagente.ca/ontomlff/MLFFElasticityResult_d70b67f3-1957-461e-8e74-5966935a18c0,[],[],0.22799582840100366,eV/Å^3,0.5951137860465685,/scratch/kenko/akg4pyscf/.graphchat-workspaces/kenko_room/mlff_elasticity_benchmark/workflow_runs/Orb_OMAT/elasticity_Orb_OMAT/structures/AgPdYb2_e6796bf8/output.json,mp-979989,cif,https://elagente.ca/grafico/ConceptualAtoms_a24ae6bc-e438-451c-8760-0cfe875d6f4f,mp-979989
BPd3Tm,0.8559151378167649,https://elagente.ca/grafico/ConceptualAtoms_a2abba83-2042-4364-8657-af1fe9ab287f,https://elagente.ca/ontomlff/MLFFElasticityResult_e085cfb3-b6f9-47bd-94cf-a7253e53f212,[],[],0.10043389779192517,eV/Å^3,0.28996028789019435,/scratch/kenko/akg4pyscf/.graphchat-workspaces/kenko_room/mlff_elasticity_benchmark/workflow_runs/Orb_OMAT/elasticity_Orb_OMAT/structures/BPd3Tm_350b31b1/output.json,mp-10134,cif,https://elagente.ca/grafico/ConceptualAtoms_a2abba83-2042-4364-8657-af1fe9ab287f,mp-10134
AuHgLu2,0.4612293432034134,https://elagente.ca/grafico/ConceptualAtoms_a2ca72bc-22c6-4f74-b62e-74e3e84c19ae,https://elagente.ca/ontomlff/MLFFElasticityResult_3586063a-0a6b-4958-81ec-67b4f737d18b,[],[],0.21743508369836434,eV/Å^3,0.5637211530392886,/scratch/kenko/akg4pyscf/.graphchat-workspaces/kenko_room/mlff_elasticity_benchmark/workflow_runs/Orb_OMAT/elasticity_Orb_OMAT/structures/AuHgLu2_0d2868b9/output.json,mp-981393,cif,https://elagente.ca/grafico/ConceptualAtoms_a2ca72bc-22c6-4f74-b62e-74e3e84c19ae,mp-981393
Li3Nb,0.10502664565256126,https://elagente.ca/grafico/ConceptualAtoms_a310dd3f-9432-43eb-8775-87080be136f7,https://elagente.ca/ontomlff/MLFFElasticityResult_4b2abb4d-c2ad-4c54-a5a7-6e6c9d65718f,[],[],0.1315105582213391,eV/Å^3,0.27835123345183765,/scratch/kenko/akg4pyscf/.graphchat-workspaces/kenko_room/mlff_elasticity_benchmark/workflow_runs/Orb_OMAT/elasticity_Orb_OMAT/structures/Li3Nb_675fbc6b/output.json,mp-976263,cif,https://elagente.ca/grafico/ConceptualAtoms_a310dd3f-9432-43eb-8775-87080be136f7,mp-976263
F9Y3,0.6896299177336265,https://elagente.ca/grafico/ConceptualAtoms_a3159643-cd83-4782-b5d6-1b759d2e83fa,https://elagente.ca/ontomlff/MLFFElasticityResult_3e112872-9ffa-4456-8b0f-615e62707569,[],[],0.36999397875647755,eV/Å^3,0.9415907056556859,/scratch/kenko/akg4pyscf/.graphchat-workspaces/kenko_room/mlff_elasticity_benchmark/workflow_runs/Orb_OMAT/elasticity_Orb_OMAT/structures/F9Y3_1c743daf/output.json,mp-556242,cif,https://elagente.ca/grafico/ConceptualAtoms_a3159643-cd83-4782-b5d6-1b759d2e83fa,mp-556242
Nd8S12,0.4735430239830251,https://elagente.ca/grafico/ConceptualAtoms_a333fd0f-d494-426d-9c90-825f54523b43,https://elagente.ca/ontomlff/MLFFElasticityResult_5bf9fc47-633b-4e13-a2c3-49dbdbe3ef13,[],[],0.28793550266279083,eV/Å^3,0.7182336892744391,/scratch/kenko/akg4pyscf/.graphchat-workspaces/kenko_room/mlff_elasticity_benchmark/workflow_runs/Orb_OMAT/elasticity_Orb_OMAT/structures/Nd8S12_468d20a7/output.json,mp-438,cif,https://elagente.ca/grafico/ConceptualAtoms_a333fd0f-d494-426d-9c90-825f54523b43,mp-438
Ca3NSb,0.35734564334163005,https://elagente.ca/grafico/ConceptualAtoms_a35eb302-7e3d-41e7-bf8e-a63053d605bc,https://elagente.ca/ontomlff/MLFFElasticityResult_cfabd815-2cec-4ff7-ae0e-8100760e9a13,[],[],0.31454876621638417,eV/Å^3,0.7295789101066563,/scratch/kenko/akg4pyscf/.graphchat-workspaces/kenko_room/mlff_elasticity_benchmark/workflow_runs/Orb_OMAT/elasticity_Orb_OMAT/structures/Ca3NSb_abcac1f9/output.json,mp-1013548,cif,https://elagente.ca/grafico/ConceptualAtoms_a35eb302-7e3d-41e7-bf8e-a63053d605bc,mp-1013548
Be4Ta2,0.9308893535012235,https://elagente.ca/grafico/ConceptualAtoms_a44a7006-6661-4058-bcd8-ed8df067015d,https://elagente.ca/ontomlff/MLFFElasticityResult_025920e2-8d2e-4173-a5c2-9f0889afb283,[],[],0.6378542366235935,eV/Å^3,1.5577643865198096,/scratch/kenko/akg4pyscf/.graphchat-workspaces/kenko_room/mlff_elasticity_benchmark/workflow_runs/Orb_OMAT/elasticity_Orb_OMAT/structures/Be4Ta2_1f47461f/output.json,mp-2676,cif,https://elagente.ca/grafico/ConceptualAtoms_a44a7006-6661-4058-bcd8-ed8df067015d,mp-2676
AuPm2Ru,0.5044906463693585,https://elagente.ca/grafico/ConceptualAtoms_a44d82b1-027d-4f73-bd1a-f3e273e0dc78,https://elagente.ca/ontomlff/MLFFElasticityResult_2f9c49d9-33e2-4a25-8093-12086ca560ef,[],[],0.17049790233490286,eV/Å^3,0.45970619754012226,/scratch/kenko/akg4pyscf/.graphchat-workspaces/kenko_room/mlff_elasticity_benchmark/workflow_runs/Orb_OMAT/elasticity_Orb_OMAT/structures/AuPm2Ru_4d7bf81b/output.json,mp-863733,cif,https://elagente.ca/grafico/ConceptualAtoms_a44d82b1-027d-4f73-bd1a-f3e273e0dc78,mp-863733
Sb4Ta5,0.8510104092593307,https://elagente.ca/grafico/ConceptualAtoms_a4805d50-d3c7-4876-99f4-aa1943a765c3,https://elagente.ca/ontomlff/MLFFElasticityResult_b7e26771-08fe-4c94-92e9-e05d502a6c24,[],[],0.47975876021787955,eV/Å^3,1.2115963533423215,/scratch/kenko/akg4pyscf/.graphchat-workspaces/kenko_room/mlff_elasticity_benchmark/workflow_runs/Orb_OMAT/elasticity_Orb_OMAT/structures/Sb4Ta5_699ba886/output.json,mp-2598,cif,https://elagente.ca/grafico/ConceptualAtoms_a4805d50-d3c7-4876-99f4-aa1943a765c3,mp-2598
Ba2CeO6Pt,0.8521303730219445,https://elagente.ca/grafico/ConceptualAtoms_a4832ed2-bfee-42e3-82c3-18a1bec7a1ed,https://elagente.ca/ontomlff/MLFFElasticityResult_41909a1a-028f-4cd5-888d-1330cc9238b6,[],[],0.432378965267809,eV/Å^3,1.109482879939832,/scratch/kenko/akg4pyscf/.graphchat-workspaces/kenko_room/mlff_elasticity_benchmark/workflow_runs/Orb_OMAT/elasticity_Orb_OMAT/structures/Ba2CeO6Pt_fe221a95/output.json,mp-21879,cif,https://elagente.ca/grafico/ConceptualAtoms_a4832ed2-bfee-42e3-82c3-18a1bec7a1ed,mp-21879
FeMnTe,0.7758290667182501,https://elagente.ca/grafico/ConceptualAtoms_a4c8cc75-f7fe-457c-ab79-fb3445e0b78d,https://elagente.ca/ontomlff/MLFFElasticityResult_040042fd-22da-4b9d-a699-9fdd2ce966b0,[],[],0.45556367401069164,eV/Å^3,1.1429743846489862,/scratch/kenko/akg4pyscf/.graphchat-workspaces/kenko_room/mlff_elasticity_benchmark/workflow_runs/Orb_OMAT/elasticity_Orb_OMAT/structures/FeMnTe_eed72e54/output.json,mp-1008872,cif,https://elagente.ca/grafico/ConceptualAtoms_a4c8cc75-f7fe-457c-ab79-fb3445e0b78d,mp-1008872
IrNb,1.4500713866671109,https://elagente.ca/grafico/ConceptualAtoms_a59d5210-dcf3-4815-87f5-ec8afb7365c3,https://elagente.ca/ontomlff/MLFFElasticityResult_94bc5c33-4406-48b3-a9f8-524b5ab1caaf,[],[],0.5928545385623303,eV/Å^3,1.5652488559734041,/scratch/kenko/akg4pyscf/.graphchat-workspaces/kenko_room/mlff_elasticity_benchmark/workflow_runs/Orb_OMAT/elasticity_Orb_OMAT/structures/IrNb_5c0c2743/output.json,mp-1359,cif,https://elagente.ca/grafico/ConceptualAtoms_a59d5210-dcf3-4815-87f5-ec8afb7365c3,mp-1359
Ga3Lu,0.3816598826921608,https://elagente.ca/grafico/ConceptualAtoms_a5abf362-85da-4faa-bd15-1b754d2e8e80,https://elagente.ca/ontomlff/MLFFElasticityResult_a7df4bd0-ad1b-4a5a-805d-5cc9e4de9481,[],[],0.21098683319889697,eV/Å^3,0.5344725699951509,/scratch/kenko/akg4pyscf/.graphchat-workspaces/kenko_room/mlff_elasticity_benchmark/workflow_runs/Orb_OMAT/elasticity_Orb_OMAT/structures/Ga3Lu_4d15d81f/output.json,mp-495,cif,https://elagente.ca/grafico/ConceptualAtoms_a5abf362-85da-4faa-bd15-1b754d2e8e80,mp-495
Al2F12Na6,0.47176366052138885,https://elagente.ca/grafico/ConceptualAtoms_a5f74a2e-0a29-4f73-975f-690e7b4a1b54,https://elagente.ca/ontomlff/MLFFElasticityResult_43e5d4e9-6562-4b2b-aabe-db480f4d36ac,[],[],0.2963501183705375,eV/Å^3,0.7351219538920194,/scratch/kenko/akg4pyscf/.graphchat-workspaces/kenko_room/mlff_elasticity_benchmark/workflow_runs/Orb_OMAT/elasticity_Orb_OMAT/structures/Al2F12Na6_51ae3c33/output.json,mp-3416,cif,https://elagente.ca/grafico/ConceptualAtoms_a5f74a2e-0a29-4f73-975f-690e7b4a1b54,mp-3416
Au2Ba2P2,0.3471112844152353,https://elagente.ca/grafico/ConceptualAtoms_a5fd679b-8826-41bb-80f2-9c7694b5eac2,https://elagente.ca/ontomlff/MLFFElasticityResult_203e737a-4ee2-49f4-a9ee-56c1937a96bb,[],[],0.20834364237236333,eV/Å^3,0.520827066194921,/scratch/kenko/akg4pyscf/.graphchat-workspaces/kenko_room/mlff_elasticity_benchmark/workflow_runs/Orb_OMAT/elasticity_Orb_OMAT/structures/Au2Ba2P2_eb9b2f75/output.json,mp-985439,cif,https://elagente.ca/grafico/ConceptualAtoms_a5fd679b-8826-41bb-80f2-9c7694b5eac2,mp-985439
Al2LiPt,0.7211977747919606,https://elagente.ca/grafico/ConceptualAtoms_a61288de-19ea-41a6-a189-e4a49c43e75b,https://elagente.ca/ontomlff/MLFFElasticityResult_9e312614-b7d0-491f-ad66-1302454c8d77,[],[],0.33916218200206016,eV/Å^3,0.8796013405908805,/scratch/kenko/akg4pyscf/.graphchat-workspaces/kenko_room/mlff_elasticity_benchmark/workflow_runs/Orb_OMAT/elasticity_Orb_OMAT/structures/Al2LiPt_d6d0cd43/output.json,mp-30819,cif,https://elagente.ca/grafico/ConceptualAtoms_a61288de-19ea-41a6-a189-e4a49c43e75b,mp-30819
AgRuSm2,0.4820610965821398,https://elagente.ca/grafico/ConceptualAtoms_a6217a1f-3629-4e23-b85a-f2b1f26da055,https://elagente.ca/ontomlff/MLFFElasticityResult_652e8d4e-ffa0-4522-a251-d1b5f2930086,[],[],0.1794120471806125,eV/Å^3,0.4788326443571322,/scratch/kenko/akg4pyscf/.graphchat-workspaces/kenko_room/mlff_elasticity_benchmark/workflow_runs/Orb_OMAT/elasticity_Orb_OMAT/structures/AgRuSm2_c46ca2af/output.json,mp-867869,cif,https://elagente.ca/grafico/ConceptualAtoms_a6217a1f-3629-4e23-b85a-f2b1f26da055,mp-867869
Nd4O16P4,1.1078865832216764,https://elagente.ca/grafico/ConceptualAtoms_a649a4b3-a35a-4d5d-9fd3-3e2d52436980,https://elagente.ca/ontomlff/MLFFElasticityResult_d2f0bec7-6137-4610-821f-8a8666d89029,[],[],0.7222996925973066,eV/Å^3,1.780056213914045,/scratch/kenko/akg4pyscf/.graphchat-workspaces/kenko_room/mlff_elasticity_benchmark/workflow_runs/Orb_OMAT/elasticity_Orb_OMAT/structures/Nd4O16P4_56fdf980/output.json,mp-3584,cif,https://elagente.ca/grafico/ConceptualAtoms_a649a4b3-a35a-4d5d-9fd3-3e2d52436980,mp-3584
CoFe,1.0096851808850174,https://elagente.ca/grafico/ConceptualAtoms_a6731dab-6dcc-4f60-b5f0-be09aa0dfb2a,https://elagente.ca/ontomlff/MLFFElasticityResult_30eea87e-93d8-4cb6-b848-8375726f4090,[],[],0.523025864441627,eV/Å^3,1.3380389231567014,/scratch/kenko/akg4pyscf/.graphchat-workspaces/kenko_room/mlff_elasticity_benchmark/workflow_runs/Orb_OMAT/elasticity_Orb_OMAT/structures/CoFe_3d30e59a/output.json,mp-2090,cif,https://elagente.ca/grafico/ConceptualAtoms_a6731dab-6dcc-4f60-b5f0-be09aa0dfb2a,mp-2090
Be5Hf,0.7624613548281751,https://elagente.ca/grafico/ConceptualAtoms_a688d35b-1477-4bf9-b19b-2cfe57bdf38d,https://elagente.ca/ontomlff/MLFFElasticityResult_b5a94f9a-8b11-4845-9865-c751878a0a05,[],[],0.7964897436351889,eV/Å^3,1.7723273329014617,/scratch/kenko/akg4pyscf/.graphchat-workspaces/kenko_room/mlff_elasticity_benchmark/workflow_runs/Orb_OMAT/elasticity_Orb_OMAT/structures/Be5Hf_a71cf6c6/output.json,mp-2025,cif,https://elagente.ca/grafico/ConceptualAtoms_a688d35b-1477-4bf9-b19b-2cfe57bdf38d,mp-2025
Cu4Ge2Se6,0.36123190751699585,https://elagente.ca/grafico/ConceptualAtoms_a6a26e89-51a6-4723-a4e6-fddc09897bca,https://elagente.ca/ontomlff/MLFFElasticityResult_ce27c7bd-b900-4376-a18b-2377d5587f58,[],[],0.1780046260572702,eV/Å^3,0.45867353226620783,/scratch/kenko/akg4pyscf/.graphchat-workspaces/kenko_room/mlff_elasticity_benchmark/workflow_runs/Orb_OMAT/elasticity_Orb_OMAT/structures/Cu4Ge2Se6_bfb139c5/output.json,mp-677105,cif,https://elagente.ca/grafico/ConceptualAtoms_a6a26e89-51a6-4723-a4e6-fddc09897bca,mp-677105
AlMnTc,0.6470782008291658,https://elagente.ca/grafico/ConceptualAtoms_a7a33902-0187-4178-ad1a-1ab314e0cdea,https://elagente.ca/ontomlff/MLFFElasticityResult_4337d063-03fe-4b0c-bb4d-4d92bc94f6a1,[],[],0.19764868747346573,eV/Å^3,0.5381534463248784,/scratch/kenko/akg4pyscf/.graphchat-workspaces/kenko_room/mlff_elasticity_benchmark/workflow_runs/Orb_OMAT/elasticity_Orb_OMAT/structures/AlMnTc_c2337ac9/output.json,mp-631551,cif,https://elagente.ca/grafico/ConceptualAtoms_a7a33902-0187-4178-ad1a-1ab314e0cdea,mp-631551
Ca4Mg4Sn4,0.2502852879101601,https://elagente.ca/grafico/ConceptualAtoms_a7d3f004-f975-41ac-86ec-f6afbcef1989,https://elagente.ca/ontomlff/MLFFElasticityResult_b06861a0-91b2-434a-9682-3dae3937140b,[],[],0.19045477040288328,eV/Å^3,0.4557605405067163,/scratch/kenko/akg4pyscf/.graphchat-workspaces/kenko_room/mlff_elasticity_benchmark/workflow_runs/Orb_OMAT/elasticity_Orb_OMAT/structures/Ca4Mg4Sn4_0fca672f/output.json,mp-4864,cif,https://elagente.ca/grafico/ConceptualAtoms_a7d3f004-f975-41ac-86ec-f6afbcef1989,mp-4864
RuSi3,0.9278571684338548,https://elagente.ca/grafico/ConceptualAtoms_a844ca06-e85c-4d35-873d-80b8d82551d8,https://elagente.ca/ontomlff/MLFFElasticityResult_ec4eec24-9d3e-4ac9-8c28-85afe05a9763,[],[],0.04218211071555483,eV/Å^3,0.12465728160701346,/scratch/kenko/akg4pyscf/.graphchat-workspaces/kenko_room/mlff_elasticity_benchmark/workflow_runs/Orb_OMAT/elasticity_Orb_OMAT/structures/RuSi3_221d72e6/output.json,mp-978509,cif,https://elagente.ca/grafico/ConceptualAtoms_a844ca06-e85c-4d35-873d-80b8d82551d8,mp-978509
N4W3,1.9550461826344114,https://elagente.ca/grafico/ConceptualAtoms_a896236a-a004-4576-ac4d-2cbea77ed6e2,https://elagente.ca/ontomlff/MLFFElasticityResult_63393675-1c4b-4c6f-ad46-25973b0fb5d7,[],[],0.6913833134396439,eV/Å^3,1.855431435502625,/scratch/kenko/akg4pyscf/.graphchat-workspaces/kenko_room/mlff_elasticity_benchmark/workflow_runs/Orb_OMAT/elasticity_Orb_OMAT/structures/N4W3_7ae2a7e6/output.json,mp-8102,cif,https://elagente.ca/grafico/ConceptualAtoms_a896236a-a004-4576-ac4d-2cbea77ed6e2,mp-8102
Bi2IO4Tm,0.6536371223518118,https://elagente.ca/grafico/ConceptualAtoms_a8d91e0b-43d7-490e-ba6c-80aa0ccec757,https://elagente.ca/ontomlff/MLFFElasticityResult_6e37f8ce-479f-42d3-9d3b-68bb6c12caf7,[],[],0.3622869914745168,eV/Å^3,0.9173723936791469,/scratch/kenko/akg4pyscf/.graphchat-workspaces/kenko_room/mlff_elasticity_benchmark/workflow_runs/Orb_OMAT/elasticity_Orb_OMAT/structures/Bi2IO4Tm_47827f48/output.json,mp-552738,cif,https://elagente.ca/grafico/ConceptualAtoms_a8d91e0b-43d7-490e-ba6c-80aa0ccec757,mp-552738
CrS2,0.6495103582165604,https://elagente.ca/grafico/ConceptualAtoms_a915d361-0a96-4a8d-b647-91932d6e7e1f,https://elagente.ca/ontomlff/MLFFElasticityResult_10950e4b-c5cb-4743-9297-bc027025031e,[],[],0.33632055243784786,eV/Å^3,0.8604467437176692,/scratch/kenko/akg4pyscf/.graphchat-workspaces/kenko_room/mlff_elasticity_benchmark/workflow_runs/Orb_OMAT/elasticity_Orb_OMAT/structures/CrS2_a75f41db/output.json,mp-1413688,cif,https://elagente.ca/grafico/ConceptualAtoms_a915d361-0a96-4a8d-b647-91932d6e7e1f,mp-1413688
Co2Ga4Sm2,0.5581467932284959,https://elagente.ca/grafico/ConceptualAtoms_a92bec84-7bd3-4511-a9c3-7ca115c06367,https://elagente.ca/ontomlff/MLFFElasticityResult_3c2350e4-1765-4bba-8cec-c1ecfbf09b62,[],[],0.28407615870774583,eV/Å^3,0.7286156359492851,/scratch/kenko/akg4pyscf/.graphchat-workspaces/kenko_room/mlff_elasticity_benchmark/workflow_runs/Orb_OMAT/elasticity_Orb_OMAT/structures/Co2Ga4Sm2_b709beba/output.json,mp-980004,cif,https://elagente.ca/grafico/ConceptualAtoms_a92bec84-7bd3-4511-a9c3-7ca115c06367,mp-980004
InMgYb2,0.3025457795224018,https://elagente.ca/grafico/ConceptualAtoms_aa01f75e-1590-4537-a591-14c1fea76102,https://elagente.ca/ontomlff/MLFFElasticityResult_a948aa19-bc56-43f1-a4df-e98afb6f89d8,[],[],0.18559843974023438,eV/Å^3,0.4622682788945797,/scratch/kenko/akg4pyscf/.graphchat-workspaces/kenko_room/mlff_elasticity_benchmark/workflow_runs/Orb_OMAT/elasticity_Orb_OMAT/structures/InMgYb2_eb2f28c3/output.json,mp-864756,cif,https://elagente.ca/grafico/ConceptualAtoms_aa01f75e-1590-4537-a591-14c1fea76102,mp-864756
AuMg,0.4630003892321677,https://elagente.ca/grafico/ConceptualAtoms_aaa3d7ab-c42d-4f1d-837f-f8d60574af67,https://elagente.ca/ontomlff/MLFFElasticityResult_81703014-be58-40de-b68a-2f893830b3d7,[],[],0.22500480077552737,eV/Å^3,0.580912221738062,/scratch/kenko/akg4pyscf/.graphchat-workspaces/kenko_room/mlff_elasticity_benchmark/workflow_runs/Orb_OMAT/elasticity_Orb_OMAT/structures/AuMg_573df120/output.json,mp-437,cif,https://elagente.ca/grafico/ConceptualAtoms_aaa3d7ab-c42d-4f1d-837f-f8d60574af67,mp-437
N4Ta2,1.8230510886928248,https://elagente.ca/grafico/ConceptualAtoms_aac70756-0b53-4edd-b7a4-f66a89b34243,https://elagente.ca/ontomlff/MLFFElasticityResult_7969043e-3749-45a2-affc-c349331b3916,[],[],1.1721271522896968,eV/Å^3,2.8957712847696273,/scratch/kenko/akg4pyscf/.graphchat-workspaces/kenko_room/mlff_elasticity_benchmark/workflow_runs/Orb_OMAT/elasticity_Orb_OMAT/structures/N4Ta2_532fff8d/output.json,mp-1019272,cif,https://elagente.ca/grafico/ConceptualAtoms_aac70756-0b53-4edd-b7a4-f66a89b34243,mp-1019272
InLi2Rh,0.41060733771410207,https://elagente.ca/grafico/ConceptualAtoms_ab03777a-1a80-4393-b9b7-5316a66cec9f,https://elagente.ca/ontomlff/MLFFElasticityResult_c1e32ebc-b3ef-466c-bb3e-7b03def34d5e,[],[],0.16826062956782256,eV/Å^3,0.44411767089467313,/scratch/kenko/akg4pyscf/.graphchat-workspaces/kenko_room/mlff_elasticity_benchmark/workflow_runs/Orb_OMAT/elasticity_Orb_OMAT/structures/InLi2Rh_019971d5/output.json,mp-31442,cif,https://elagente.ca/grafico/ConceptualAtoms_ab03777a-1a80-4393-b9b7-5316a66cec9f,mp-31442
B2Co2Pr,0.9600669799172687,https://elagente.ca/grafico/ConceptualAtoms_ab10fabe-b93d-4095-ab06-827d9478f840,https://elagente.ca/ontomlff/MLFFElasticityResult_0eb681d1-c24f-404c-b1ca-07a74c5315f3,[],[],0.616057739888008,eV/Å^3,1.5225161327733425,/scratch/kenko/akg4pyscf/.graphchat-workspaces/kenko_room/mlff_elasticity_benchmark/workflow_runs/Orb_OMAT/elasticity_Orb_OMAT/structures/B2Co2Pr_26d758b6/output.json,mp-4322,cif,https://elagente.ca/grafico/ConceptualAtoms_ab10fabe-b93d-4095-ab06-827d9478f840,mp-4322
F6Pu2,0.7713093081187253,https://elagente.ca/grafico/ConceptualAtoms_ab16bb47-47a4-4a9e-a0b8-af1a69839f43,https://elagente.ca/ontomlff/MLFFElasticityResult_4cb6d26e-dfb0-4b63-abbf-4070303f2c27,[],[],0.27629652374098396,eV/Å^3,0.7404727904832368,/scratch/kenko/akg4pyscf/.graphchat-workspaces/kenko_room/mlff_elasticity_benchmark/workflow_runs/Orb_OMAT/elasticity_Orb_OMAT/structures/F6Pu2_47a82e53/output.json,mp-8033,cif,https://elagente.ca/grafico/ConceptualAtoms_ab16bb47-47a4-4a9e-a0b8-af1a69839f43,mp-8033
Cd2Ti2,0.4970818022272442,https://elagente.ca/grafico/ConceptualAtoms_ab60174f-b6c5-4e12-9539-f7204f692404,https://elagente.ca/ontomlff/MLFFElasticityResult_e6c3d6da-a471-43eb-bb0d-f06167ae98c0,[],[],0.21175393299235504,eV/Å^3,0.5562722296452672,/scratch/kenko/akg4pyscf/.graphchat-workspaces/kenko_room/mlff_elasticity_benchmark/workflow_runs/Orb_OMAT/elasticity_Orb_OMAT/structures/Cd2Ti2_19f0935c/output.json,mp-30500,cif,https://elagente.ca/grafico/ConceptualAtoms_ab60174f-b6c5-4e12-9539-f7204f692404,mp-30500
Co4N2,1.6281704367466254,https://elagente.ca/grafico/ConceptualAtoms_abb8163d-3787-4ed1-9c8b-996e3ba384eb,https://elagente.ca/ontomlff/MLFFElasticityResult_01ade4a1-bdde-4715-8abd-3986e6f34dc0,[],[],0.6217967962859605,eV/Å^3,1.6547422113176895,/scratch/kenko/akg4pyscf/.graphchat-workspaces/kenko_room/mlff_elasticity_benchmark/workflow_runs/Orb_OMAT/elasticity_Orb_OMAT/structures/Co4N2_d70aafdb/output.json,mp-22631,cif,https://elagente.ca/grafico/ConceptualAtoms_abb8163d-3787-4ed1-9c8b-996e3ba384eb,mp-22631
Cl14Nb6Te2,0.42343722768915787,https://elagente.ca/grafico/ConceptualAtoms_abbc5b80-710d-46fe-b0af-0768a8638419,https://elagente.ca/ontomlff/MLFFElasticityResult_61d45dd2-72a2-4e98-adab-d542f572dbd0,[],[],0.2594160654533838,eV/Å^3,0.6462704079980347,/scratch/kenko/akg4pyscf/.graphchat-workspaces/kenko_room/mlff_elasticity_benchmark/workflow_runs/Orb_OMAT/elasticity_Orb_OMAT/structures/Cl14Nb6Te2_0236d0ca/output.json,mp-28938,cif,https://elagente.ca/grafico/ConceptualAtoms_abbc5b80-710d-46fe-b0af-0768a8638419,mp-28938
CLa3Pb,0.3511627482706953,https://elagente.ca/grafico/ConceptualAtoms_abf6513a-3a3a-42f4-a4a2-cd6b3104c0d0,https://elagente.ca/ontomlff/MLFFElasticityResult_09e1ccab-0e32-4e90-ac4b-a4a6fbd9c5e3,[],[],0.24758164082354378,eV/Å^3,0.6014073904526672,/scratch/kenko/akg4pyscf/.graphchat-workspaces/kenko_room/mlff_elasticity_benchmark/workflow_runs/Orb_OMAT/elasticity_Orb_OMAT/structures/CLa3Pb_63539f45/output.json,mp-10611,cif,https://elagente.ca/grafico/ConceptualAtoms_abf6513a-3a3a-42f4-a4a2-cd6b3104c0d0,mp-10611
Ir4V4,1.5303796515167976,https://elagente.ca/grafico/ConceptualAtoms_ac44bd55-e889-4bb4-bc95-4a06fa36948d,https://elagente.ca/ontomlff/MLFFElasticityResult_01ea0f90-6eb3-4f9f-9d84-0985911af748,[],[],0.819923465790128,eV/Å^3,2.087048127215355,/scratch/kenko/akg4pyscf/.graphchat-workspaces/kenko_room/mlff_elasticity_benchmark/workflow_runs/Orb_OMAT/elasticity_Orb_OMAT/structures/Ir4V4_67426274/output.json,mp-982070,cif,https://elagente.ca/grafico/ConceptualAtoms_ac44bd55-e889-4bb4-bc95-4a06fa36948d,mp-982070
H2Al2O4,1.167656791726523,https://elagente.ca/grafico/ConceptualAtoms_ac65f0fc-7251-44ff-9d19-6a5593a513b2,https://elagente.ca/ontomlff/MLFFElasticityResult_9e1aac4e-e601-444b-a06d-6121e195f9ef,[],[],0.842208658149386,eV/Å^3,2.036900175979713,/scratch/kenko/akg4pyscf/.graphchat-workspaces/kenko_room/mlff_elasticity_benchmark/workflow_runs/Orb_OMAT/elasticity_Orb_OMAT/structures/H2Al2O4_ef827af6/output.json,mp-625054,cif,https://elagente.ca/grafico/ConceptualAtoms_ac65f0fc-7251-44ff-9d19-6a5593a513b2,mp-625054
Ca2Ge2N4,0.8083398337141557,https://elagente.ca/grafico/ConceptualAtoms_ad30078b-6f29-4e53-8211-2c964712eda0,https://elagente.ca/ontomlff/MLFFElasticityResult_d209a0bb-fba6-48b3-88d2-74dad05341f6,[],[],0.5155779439454657,eV/Å^3,1.2755434143308637,/scratch/kenko/akg4pyscf/.graphchat-workspaces/kenko_room/mlff_elasticity_benchmark/workflow_runs/Orb_OMAT/elasticity_Orb_OMAT/structures/Ca2Ge2N4_227b4c90/output.json,mp-1029446,cif,https://elagente.ca/grafico/ConceptualAtoms_ad30078b-6f29-4e53-8211-2c964712eda0,mp-1029446
AgBiTe2,0.31446597075786226,https://elagente.ca/grafico/ConceptualAtoms_ad30ffc1-52db-407e-8283-8a11620a0dca,https://elagente.ca/ontomlff/MLFFElasticityResult_4ffc3397-71a8-4075-9ea7-31ec746e5504,[],[],0.12956228194077582,eV/Å^3,0.34175206205620934,/scratch/kenko/akg4pyscf/.graphchat-workspaces/kenko_room/mlff_elasticity_benchmark/workflow_runs/Orb_OMAT/elasticity_Orb_OMAT/structures/AgBiTe2_bf27d3a7/output.json,mp-29656,cif,https://elagente.ca/grafico/ConceptualAtoms_ad30ffc1-52db-407e-8283-8a11620a0dca,mp-29656
Er2Fe8Ge4,0.5143357649097924,https://elagente.ca/grafico/ConceptualAtoms_adb755b8-a6c0-4ee2-9b3a-59931d7dd65c,https://elagente.ca/ontomlff/MLFFElasticityResult_ebd6236c-4385-497a-82d3-70f238f6132e,[],[],0.4252430082362849,eV/Å^3,1.0001061289094075,/scratch/kenko/akg4pyscf/.graphchat-workspaces/kenko_room/mlff_elasticity_benchmark/workflow_runs/Orb_OMAT/elasticity_Orb_OMAT/structures/Er2Fe8Ge4_cf258708/output.json,mp-3501,cif,https://elagente.ca/grafico/ConceptualAtoms_adb755b8-a6c0-4ee2-9b3a-59931d7dd65c,mp-3501
Hf3Ni9,1.0761080816346653,https://elagente.ca/grafico/ConceptualAtoms_add48544-035c-473e-bb89-7db38630a163,https://elagente.ca/ontomlff/MLFFElasticityResult_ffcb460d-052b-48bf-8e75-0765632a1de0,[],[],0.5621860467160783,eV/Å^3,1.436417821188301,/scratch/kenko/akg4pyscf/.graphchat-workspaces/kenko_room/mlff_elasticity_benchmark/workflow_runs/Orb_OMAT/elasticity_Orb_OMAT/structures/Hf3Ni9_e2b8f436/output.json,mp-7285,cif,https://elagente.ca/grafico/ConceptualAtoms_add48544-035c-473e-bb89-7db38630a163,mp-7285
Mg8O24Si8,1.1185605923606565,https://elagente.ca/grafico/ConceptualAtoms_ae4c9a2e-c85e-4ef9-a9ea-9e6329a71066,https://elagente.ca/ontomlff/MLFFElasticityResult_6fa1b145-4e75-41dd-8b67-5d8946624368,[],[],0.8075589542001085,eV/Å^3,1.952741415719783,/scratch/kenko/akg4pyscf/.graphchat-workspaces/kenko_room/mlff_elasticity_benchmark/workflow_runs/Orb_OMAT/elasticity_Orb_OMAT/structures/Mg8O24Si8_fee4d969/output.json,mp-3470,cif,https://elagente.ca/grafico/ConceptualAtoms_ae4c9a2e-c85e-4ef9-a9ea-9e6329a71066,mp-3470
Al2Ni3Pr,0.6655918282125312,https://elagente.ca/grafico/ConceptualAtoms_ae6b7799-718a-4b9d-bb63-de6cfc8b7771,https://elagente.ca/ontomlff/MLFFElasticityResult_8f97f4aa-b362-4153-aa96-9cc1f5f7999a,[],[],0.36214763594472754,eV/Å^3,0.9196495404590148,/scratch/kenko/akg4pyscf/.graphchat-workspaces/kenko_room/mlff_elasticity_benchmark/workflow_runs/Orb_OMAT/elasticity_Orb_OMAT/structures/Al2Ni3Pr_1547a026/output.json,mp-10897,cif,https://elagente.ca/grafico/ConceptualAtoms_ae6b7799-718a-4b9d-bb63-de6cfc8b7771,mp-10897
Ag2KPS4,0.30803616253852406,https://elagente.ca/grafico/ConceptualAtoms_ae728ac1-edb5-4a8e-af1f-a90bb80dbef2,https://elagente.ca/ontomlff/MLFFElasticityResult_c925c914-950b-4596-ae7e-446d9091125b,[],[],0.15717982289625362,eV/Å^3,0.4029948544017442,/scratch/kenko/akg4pyscf/.graphchat-workspaces/kenko_room/mlff_elasticity_benchmark/workflow_runs/Orb_OMAT/elasticity_Orb_OMAT/structures/Ag2KPS4_5562226a/output.json,mp-12532,cif,https://elagente.ca/grafico/ConceptualAtoms_ae728ac1-edb5-4a8e-af1f-a90bb80dbef2,mp-12532
I6Sn3,0.14349913834476558,https://elagente.ca/grafico/ConceptualAtoms_aeb141e1-8c16-46d1-bba5-b1980efa992b,https://elagente.ca/ontomlff/MLFFElasticityResult_004ffa38-00aa-44bf-8ca2-d5299d43fe0d,[],[],0.07913705269565427,eV/Å^3,0.20054548176850034,/scratch/kenko/akg4pyscf/.graphchat-workspaces/kenko_room/mlff_elasticity_benchmark/workflow_runs/Orb_OMAT/elasticity_Orb_OMAT/structures/I6Sn3_35b7d149/output.json,mp-27194,cif,https://elagente.ca/grafico/ConceptualAtoms_aeb141e1-8c16-46d1-bba5-b1980efa992b,mp-27194
Nb2S4,0.60819774853287,https://elagente.ca/grafico/ConceptualAtoms_af2ec2ab-5077-4e5d-aba2-7d56c85c279a,https://elagente.ca/ontomlff/MLFFElasticityResult_f28a1d98-aa16-447b-ba70-a3e8e8dc0866,[],[],0.3654078718464726,eV/Å^3,0.9133156091319055,/scratch/kenko/akg4pyscf/.graphchat-workspaces/kenko_room/mlff_elasticity_benchmark/workflow_runs/Orb_OMAT/elasticity_Orb_OMAT/structures/Nb2S4_be44a7e6/output.json,mp-774873,cif,https://elagente.ca/grafico/ConceptualAtoms_af2ec2ab-5077-4e5d-aba2-7d56c85c279a,mp-774873
KLaS2,0.290917629955062,https://elagente.ca/grafico/ConceptualAtoms_af7c5780-357e-4dff-bb37-e6b43fdd4279,https://elagente.ca/ontomlff/MLFFElasticityResult_043771e0-d5cf-44de-9ff8-f26fe6eca10d,[],[],0.1657282729377742,eV/Å^3,0.4178404991432255,/scratch/kenko/akg4pyscf/.graphchat-workspaces/kenko_room/mlff_elasticity_benchmark/workflow_runs/Orb_OMAT/elasticity_Orb_OMAT/structures/KLaS2_c867e21f/output.json,mp-15781,cif,https://elagente.ca/grafico/ConceptualAtoms_af7c5780-357e-4dff-bb37-e6b43fdd4279,mp-15781
HoO3Sr,0.5604239952595078,https://elagente.ca/grafico/ConceptualAtoms_afac2585-2ebe-473f-8d44-8eaf4c8eac00,https://elagente.ca/ontomlff/MLFFElasticityResult_fc632d9d-1581-4578-ba7d-bfed0bb10e66,[],[],0.2418233742995824,eV/Å^3,0.6342444683031361,/scratch/kenko/akg4pyscf/.graphchat-workspaces/kenko_room/mlff_elasticity_benchmark/workflow_runs/Orb_OMAT/elasticity_Orb_OMAT/structures/HoO3Sr_bcb8a934/output.json,mp-971996,cif,https://elagente.ca/grafico/ConceptualAtoms_afac2585-2ebe-473f-8d44-8eaf4c8eac00,mp-971996
Ir3Ti,1.629291791392739,https://elagente.ca/grafico/ConceptualAtoms_afb674aa-3072-4059-9460-53b350af7bab,https://elagente.ca/ontomlff/MLFFElasticityResult_2ab5b0a4-677e-4412-a881-26859a77dda8,[],[],1.0125314006885144,eV/Å^3,2.5163319180410317,/scratch/kenko/akg4pyscf/.graphchat-workspaces/kenko_room/mlff_elasticity_benchmark/workflow_runs/Orb_OMAT/elasticity_Orb_OMAT/structures/Ir3Ti_74ebaaee/output.json,mp-1089,cif,https://elagente.ca/grafico/ConceptualAtoms_afb674aa-3072-4059-9460-53b350af7bab,mp-1089
CeNi5,0.8765158425694073,https://elagente.ca/grafico/ConceptualAtoms_b03927ff-5962-4301-afc6-ee25f88c9722,https://elagente.ca/ontomlff/MLFFElasticityResult_a3cc11b8-7a5d-4543-9986-27759ec98205,[],[],0.39058050517351656,eV/Å^3,1.020205094520507,/scratch/kenko/akg4pyscf/.graphchat-workspaces/kenko_room/mlff_elasticity_benchmark/workflow_runs/Orb_OMAT/elasticity_Orb_OMAT/structures/CeNi5_45d562f0/output.json,mp-1910,cif,https://elagente.ca/grafico/ConceptualAtoms_b03927ff-5962-4301-afc6-ee25f88c9722,mp-1910
Cd2Ge2O6,0.715377189403908,https://elagente.ca/grafico/ConceptualAtoms_b1095f54-db7f-490e-b0e8-4da80da58684,https://elagente.ca/ontomlff/MLFFElasticityResult_b2868586-0eff-4fc5-ba84-5f7e29c98e73,[],[],0.3932122742650469,eV/Å^3,0.996972439130716,/scratch/kenko/akg4pyscf/.graphchat-workspaces/kenko_room/mlff_elasticity_benchmark/workflow_runs/Orb_OMAT/elasticity_Orb_OMAT/structures/Cd2Ge2O6_416cca5c/output.json,mp-685935,cif,https://elagente.ca/grafico/ConceptualAtoms_b1095f54-db7f-490e-b0e8-4da80da58684,mp-685935
Ca2Ge4O10,0.9966055140817739,https://elagente.ca/grafico/ConceptualAtoms_b113d1e4-0970-494c-beed-3c93bbc5cf44,https://elagente.ca/ontomlff/MLFFElasticityResult_a632e403-0c86-416f-8e45-9d13319fcb5a,[],[],0.6586417191049866,eV/Å^3,1.6192192149109337,/scratch/kenko/akg4pyscf/.graphchat-workspaces/kenko_room/mlff_elasticity_benchmark/workflow_runs/Orb_OMAT/elasticity_Orb_OMAT/structures/Ca2Ge4O10_00f85270/output.json,mp-3707,cif,https://elagente.ca/grafico/ConceptualAtoms_b113d1e4-0970-494c-beed-3c93bbc5cf44,mp-3707
Te4Zr12,0.6303823692295804,https://elagente.ca/grafico/ConceptualAtoms_b13fd750-4275-4e64-b5ef-31c443eca33b,https://elagente.ca/ontomlff/MLFFElasticityResult_64e33d67-2e36-45bd-aec1-5b6ed6e72e68,[],[],0.348762982850906,eV/Å^3,0.8833775637777741,/scratch/kenko/akg4pyscf/.graphchat-workspaces/kenko_room/mlff_elasticity_benchmark/workflow_runs/Orb_OMAT/elasticity_Orb_OMAT/structures/Te4Zr12_48b86601/output.json,mp-1793,cif,https://elagente.ca/grafico/ConceptualAtoms_b13fd750-4275-4e64-b5ef-31c443eca33b,mp-1793
Au2Bi2Ca2,0.292118683479309,https://elagente.ca/grafico/ConceptualAtoms_b147bc44-4ab0-4a86-a7f7-7f790050b1cb,https://elagente.ca/ontomlff/MLFFElasticityResult_b4e88cb5-953e-4234-91b2-8ec240ee93bf,[],[],0.16181199248248254,eV/Å^3,0.4097744665108459,/scratch/kenko/akg4pyscf/.graphchat-workspaces/kenko_room/mlff_elasticity_benchmark/workflow_runs/Orb_OMAT/elasticity_Orb_OMAT/structures/Au2Bi2Ca2_5ee63497/output.json,mp-1018657,cif,https://elagente.ca/grafico/ConceptualAtoms_b147bc44-4ab0-4a86-a7f7-7f790050b1cb,mp-1018657
Sm2Te4,0.3340518339832343,https://elagente.ca/grafico/ConceptualAtoms_b1783a44-9c36-473b-ba9f-449a9cde329f,https://elagente.ca/ontomlff/MLFFElasticityResult_22fa2da9-1dd6-4bfb-85ca-d22e246da4b1,[],[],0.16284715550236528,eV/Å^3,0.42025184703134977,/scratch/kenko/akg4pyscf/.graphchat-workspaces/kenko_room/mlff_elasticity_benchmark/workflow_runs/Orb_OMAT/elasticity_Orb_OMAT/structures/Sm2Te4_dfbe9914/output.json,mp-1019266,cif,https://elagente.ca/grafico/ConceptualAtoms_b1783a44-9c36-473b-ba9f-449a9cde329f,mp-1019266
BSc3Sn,0.47770063389108075,https://elagente.ca/grafico/ConceptualAtoms_b1a22388-157f-4256-864a-e23e553c15ae,https://elagente.ca/ontomlff/MLFFElasticityResult_3e709698-a88f-4b3b-adc5-ef7f3c72d3f6,[],[],0.3941129320605103,eV/Å^3,0.927319517085696,/scratch/kenko/akg4pyscf/.graphchat-workspaces/kenko_room/mlff_elasticity_benchmark/workflow_runs/Orb_OMAT/elasticity_Orb_OMAT/structures/BSc3Sn_f4435633/output.json,mp-10139,cif,https://elagente.ca/grafico/ConceptualAtoms_b1a22388-157f-4256-864a-e23e553c15ae,mp-10139
PbSn,0.2376670382040692,https://elagente.ca/grafico/ConceptualAtoms_b1bc894c-5fff-4d7d-90e7-821675c4c970,https://elagente.ca/ontomlff/MLFFElasticityResult_392c98e5-714b-40b0-85c2-6f74be92cf59,[],[],0.06421236063437166,eV/Å^3,0.17672165818919727,/scratch/kenko/akg4pyscf/.graphchat-workspaces/kenko_room/mlff_elasticity_benchmark/workflow_runs/Orb_OMAT/elasticity_Orb_OMAT/structures/PbSn_dee0a27c/output.json,mp-972692,cif,https://elagente.ca/grafico/ConceptualAtoms_b1bc894c-5fff-4d7d-90e7-821675c4c970,mp-972692
NbRu2Zn,1.1819190744708736,https://elagente.ca/grafico/ConceptualAtoms_b1f7220c-f990-4c6d-9557-f493ce36de59,https://elagente.ca/ontomlff/MLFFElasticityResult_6c216e32-2570-472b-a77a-f08a393aa441,[],[],0.45122839762151284,eV/Å^3,1.2008647280508076,/scratch/kenko/akg4pyscf/.graphchat-workspaces/kenko_room/mlff_elasticity_benchmark/workflow_runs/Orb_OMAT/elasticity_Orb_OMAT/structures/NbRu2Zn_2bbd7ea3/output.json,mp-864840,cif,https://elagente.ca/grafico/ConceptualAtoms_b1f7220c-f990-4c6d-9557-f493ce36de59,mp-864840
MnRh2Zn,0.9462473540666991,https://elagente.ca/grafico/ConceptualAtoms_b1fbb3d3-b0ec-461d-b27d-76822f0162ac,https://elagente.ca/ontomlff/MLFFElasticityResult_23a270c8-bb51-4785-a32f-4ae8f2707f06,[],[],0.457098789331257,eV/Å^3,1.1811118482124041,/scratch/kenko/akg4pyscf/.graphchat-workspaces/kenko_room/mlff_elasticity_benchmark/workflow_runs/Orb_OMAT/elasticity_Orb_OMAT/structures/MnRh2Zn_520e021d/output.json,mp-864987,cif,https://elagente.ca/grafico/ConceptualAtoms_b1fbb3d3-b0ec-461d-b27d-76822f0162ac,mp-864987
DyHoMg2,0.22948735156876793,https://elagente.ca/grafico/ConceptualAtoms_b24ebbc3-b1f2-49e1-a3b8-5864a97013b8,https://elagente.ca/ontomlff/MLFFElasticityResult_3fba7285-9ad6-49ec-84c1-c58223ddba02,[],[],0.14021484246972277,eV/Å^3,0.34947009700399806,/scratch/kenko/akg4pyscf/.graphchat-workspaces/kenko_room/mlff_elasticity_benchmark/workflow_runs/Orb_OMAT/elasticity_Orb_OMAT/structures/DyHoMg2_1026114b/output.json,mp-862692,cif,https://elagente.ca/grafico/ConceptualAtoms_b24ebbc3-b1f2-49e1-a3b8-5864a97013b8,mp-862692
FeTeV,0.6842332635721924,https://elagente.ca/grafico/ConceptualAtoms_b2ac1155-282d-4a73-b276-fcb3943b1e28,https://elagente.ca/ontomlff/MLFFElasticityResult_360cf079-01aa-409a-9fd7-02665731fd43,[],[],0.4269529705450775,eV/Å^3,1.0603173399622898,/scratch/kenko/akg4pyscf/.graphchat-workspaces/kenko_room/mlff_elasticity_benchmark/workflow_runs/Orb_OMAT/elasticity_Orb_OMAT/structures/FeTeV_89713de1/output.json,mp-961656,cif,https://elagente.ca/grafico/ConceptualAtoms_b2ac1155-282d-4a73-b276-fcb3943b1e28,mp-961656
Cr4Fe4P4,1.1480816113300045,https://elagente.ca/grafico/ConceptualAtoms_b2b0820f-2fdc-4f69-9f08-c5ace85465c6,https://elagente.ca/ontomlff/MLFFElasticityResult_bf5cca69-ea5f-4a5e-bd29-7e584fe04eee,[],[],0.8539840519792707,eV/Å^3,2.0529363866178825,/scratch/kenko/akg4pyscf/.graphchat-workspaces/kenko_room/mlff_elasticity_benchmark/workflow_runs/Orb_OMAT/elasticity_Orb_OMAT/structures/Cr4Fe4P4_9455b577/output.json,mp-21495,cif,https://elagente.ca/grafico/ConceptualAtoms_b2b0820f-2fdc-4f69-9f08-c5ace85465c6,mp-21495
N2Y2,0.8411923132314272,https://elagente.ca/grafico/ConceptualAtoms_b3072e1a-230f-4ca9-9ab5-f7832a88f49f,https://elagente.ca/ontomlff/MLFFElasticityResult_9fc93ba5-d523-4ed3-9a21-482259e56598,[],[],0.4856635576158448,eV/Å^3,1.2218458666345557,/scratch/kenko/akg4pyscf/.graphchat-workspaces/kenko_room/mlff_elasticity_benchmark/workflow_runs/Orb_OMAT/elasticity_Orb_OMAT/structures/N2Y2_24ccadee/output.json,mp-1017533,cif,https://elagente.ca/grafico/ConceptualAtoms_b3072e1a-230f-4ca9-9ab5-f7832a88f49f,mp-1017533
As4Hf4,0.7826017353123333,https://elagente.ca/grafico/ConceptualAtoms_b34978cd-e85f-466b-be82-02d832cc4fa7,https://elagente.ca/ontomlff/MLFFElasticityResult_d38260ea-61ca-40d5-91c9-1bde98df9693,[],[],0.4666425348110532,eV/Å^3,1.1678160763253316,/scratch/kenko/akg4pyscf/.graphchat-workspaces/kenko_room/mlff_elasticity_benchmark/workflow_runs/Orb_OMAT/elasticity_Orb_OMAT/structures/As4Hf4_5934d28b/output.json,mp-9954,cif,https://elagente.ca/grafico/ConceptualAtoms_b34978cd-e85f-466b-be82-02d832cc4fa7,mp-9954
Ca2In4Pd2,0.37338639967081266,https://elagente.ca/grafico/ConceptualAtoms_b36bbfbf-c64a-425f-9329-1856e6b7c915,https://elagente.ca/ontomlff/MLFFElasticityResult_7eff1376-6e06-47ad-a47a-2653a27c2a6d,[],[],0.15822138170820899,eV/Å^3,0.4159163684284041,/scratch/kenko/akg4pyscf/.graphchat-workspaces/kenko_room/mlff_elasticity_benchmark/workflow_runs/Orb_OMAT/elasticity_Orb_OMAT/structures/Ca2In4Pd2_fab6cc9b/output.json,mp-22717,cif,https://elagente.ca/grafico/ConceptualAtoms_b36bbfbf-c64a-425f-9329-1856e6b7c915,mp-22717
CuZr,0.6405317496130891,https://elagente.ca/grafico/ConceptualAtoms_b3ee25f9-ad6a-4c3e-9e4d-5d1e01972511,https://elagente.ca/ontomlff/MLFFElasticityResult_d7a84446-4830-4c53-915e-4be1c972f2f6,[],[],0.19319266961187087,eV/Å^3,0.5266316959697386,/scratch/kenko/akg4pyscf/.graphchat-workspaces/kenko_room/mlff_elasticity_benchmark/workflow_runs/Orb_OMAT/elasticity_Orb_OMAT/structures/CuZr_c547d90f/output.json,mp-2210,cif,https://elagente.ca/grafico/ConceptualAtoms_b3ee25f9-ad6a-4c3e-9e4d-5d1e01972511,mp-2210
Pt4Y12,0.36775574413758083,https://elagente.ca/grafico/ConceptualAtoms_b40b0b72-0744-469b-8840-ee6a301a1bc0,https://elagente.ca/ontomlff/MLFFElasticityResult_56a63cf0-58c3-4dc8-958c-b2a0f71a2421,[],[],0.1543634745758441,eV/Å^3,0.4062500122679936,/scratch/kenko/akg4pyscf/.graphchat-workspaces/kenko_room/mlff_elasticity_benchmark/workflow_runs/Orb_OMAT/elasticity_Orb_OMAT/structures/Pt4Y12_a0f940ca/output.json,mp-7343,cif,https://elagente.ca/grafico/ConceptualAtoms_b40b0b72-0744-469b-8840-ee6a301a1bc0,mp-7343
AcInTe2,0.24286311131377597,https://elagente.ca/grafico/ConceptualAtoms_b417be1f-06eb-4823-98c5-632a78b0e23b,https://elagente.ca/ontomlff/MLFFElasticityResult_aada9a65-7455-489f-8c99-5c2d2738f84b,[],[],0.10788781533886344,eV/Å^3,0.28191772453952785,/scratch/kenko/akg4pyscf/.graphchat-workspaces/kenko_room/mlff_elasticity_benchmark/workflow_runs/Orb_OMAT/elasticity_Orb_OMAT/structures/AcInTe2_f9612dc4/output.json,mp-861460,cif,https://elagente.ca/grafico/ConceptualAtoms_b417be1f-06eb-4823-98c5-632a78b0e23b,mp-861460
BaS,0.2547751538930948,https://elagente.ca/grafico/ConceptualAtoms_b446233a-ff95-4f08-a14e-2ff8d2e22715,https://elagente.ca/ontomlff/MLFFElasticityResult_e7eb7227-14bd-48fe-831d-a57cc849f44b,[],[],0.14887551911771543,eV/Å^3,0.3738148083779351,/scratch/kenko/akg4pyscf/.graphchat-workspaces/kenko_room/mlff_elasticity_benchmark/workflow_runs/Orb_OMAT/elasticity_Orb_OMAT/structures/BaS_b19e1b47/output.json,mp-1500,cif,https://elagente.ca/grafico/ConceptualAtoms_b446233a-ff95-4f08-a14e-2ff8d2e22715,mp-1500
GeMg2,0.3102476030714968,https://elagente.ca/grafico/ConceptualAtoms_b48344c9-cb66-4835-a294-00c6d6026e38,https://elagente.ca/ontomlff/MLFFElasticityResult_168d1597-58e8-46c7-babd-c0c398194d47,[],[],0.24696372737109595,eV/Å^3,0.5855271400306548,/scratch/kenko/akg4pyscf/.graphchat-workspaces/kenko_room/mlff_elasticity_benchmark/workflow_runs/Orb_OMAT/elasticity_Orb_OMAT/structures/GeMg2_a7a90fe6/output.json,mp-408,cif,https://elagente.ca/grafico/ConceptualAtoms_b48344c9-cb66-4835-a294-00c6d6026e38,mp-408
As2BaCo2,0.5246435243560621,https://elagente.ca/grafico/ConceptualAtoms_b5174c8d-2d8b-4fce-8055-5ea5c6a3abc4,https://elagente.ca/ontomlff/MLFFElasticityResult_9ac53fd2-043a-4819-b8a7-51e3bda42723,[],[],0.2502407236432529,eV/Å^3,0.6477377310105651,/scratch/kenko/akg4pyscf/.graphchat-workspaces/kenko_room/mlff_elasticity_benchmark/workflow_runs/Orb_OMAT/elasticity_Orb_OMAT/structures/As2BaCo2_fa20d011/output.json,mp-20563,cif,https://elagente.ca/grafico/ConceptualAtoms_b5174c8d-2d8b-4fce-8055-5ea5c6a3abc4,mp-20563
O12Si6,1.8161798144448973,https://elagente.ca/grafico/ConceptualAtoms_b52ed9ea-b3f5-4e4f-93bd-0e50ef8b32c1,https://elagente.ca/ontomlff/MLFFElasticityResult_b3b7639b-0010-4d09-9d39-7b2064a21874,[],[],1.4072799911603284,eV/Å^3,3.355231542887413,/scratch/kenko/akg4pyscf/.graphchat-workspaces/kenko_room/mlff_elasticity_benchmark/workflow_runs/Orb_OMAT/elasticity_Orb_OMAT/structures/O12Si6_e5b3e603/output.json,mp-558733,cif,https://elagente.ca/grafico/ConceptualAtoms_b52ed9ea-b3f5-4e4f-93bd-0e50ef8b32c1,mp-558733
AgO3Sr,0.6849008527617477,https://elagente.ca/grafico/ConceptualAtoms_b557a89b-2e00-4eb6-8c59-77fc70671d1d,https://elagente.ca/ontomlff/MLFFElasticityResult_bbb52394-2639-49e6-bc21-3d586fe4ae8b,[],[],0.32021029563170333,eV/Å^3,0.8311087026270443,/scratch/kenko/akg4pyscf/.graphchat-workspaces/kenko_room/mlff_elasticity_benchmark/workflow_runs/Orb_OMAT/elasticity_Orb_OMAT/structures/AgO3Sr_3ac49c32/output.json,mp-979294,cif,https://elagente.ca/grafico/ConceptualAtoms_b557a89b-2e00-4eb6-8c59-77fc70671d1d,mp-979294
ErTe,0.3798814332214152,https://elagente.ca/grafico/ConceptualAtoms_b5aad7cb-749e-410b-a861-5c6177b04a63,https://elagente.ca/ontomlff/MLFFElasticityResult_4009054f-7685-445a-aa6e-cbd629f7c7c8,[],[],0.11907027073226258,eV/Å^3,0.3234198407429779,/scratch/kenko/akg4pyscf/.graphchat-workspaces/kenko_room/mlff_elasticity_benchmark/workflow_runs/Orb_OMAT/elasticity_Orb_OMAT/structures/ErTe_59b1d461/output.json,mp-1280,cif,https://elagente.ca/grafico/ConceptualAtoms_b5aad7cb-749e-410b-a861-5c6177b04a63,mp-1280
Ge6Rb2,0.2093568732389833,https://elagente.ca/grafico/ConceptualAtoms_b60b6e7a-f270-45ff-b360-e7852f0b2a7e,https://elagente.ca/ontomlff/MLFFElasticityResult_725b7372-b76d-4871-9703-36c88ee96620,[],[],0.10052436989076619,eV/Å^3,0.2599650184031987,/scratch/kenko/akg4pyscf/.graphchat-workspaces/kenko_room/mlff_elasticity_benchmark/workflow_runs/Orb_OMAT/elasticity_Orb_OMAT/structures/Ge6Rb2_9f63e68d/output.json,mp-862769,cif,https://elagente.ca/grafico/ConceptualAtoms_b60b6e7a-f270-45ff-b360-e7852f0b2a7e,mp-862769
Mn2S16Ta8,0.7137112807077486,https://elagente.ca/grafico/ConceptualAtoms_b66826f6-1654-4dc6-8589-a725b511eb26,https://elagente.ca/ontomlff/MLFFElasticityResult_d41230fb-c8aa-4c4e-b92b-d8f924ad5097,[],[],0.529182905348716,eV/Å^3,1.2729404798751898,/scratch/kenko/akg4pyscf/.graphchat-workspaces/kenko_room/mlff_elasticity_benchmark/workflow_runs/Orb_OMAT/elasticity_Orb_OMAT/structures/Mn2S16Ta8_790ee4f1/output.json,mp-3581,cif,https://elagente.ca/grafico/ConceptualAtoms_b66826f6-1654-4dc6-8589-a725b511eb26,mp-3581
S2W2,1.2556305032310928,https://elagente.ca/grafico/ConceptualAtoms_b66ce5a8-0d17-412b-a76c-267cb9a05c57,https://elagente.ca/ontomlff/MLFFElasticityResult_4a4f44c1-2463-467f-80c5-b0bb5cddcc5d,[],[],0.9721791030904968,eV/Å^3,2.318235056123169,/scratch/kenko/akg4pyscf/.graphchat-workspaces/kenko_room/mlff_elasticity_benchmark/workflow_runs/Orb_OMAT/elasticity_Orb_OMAT/structures/S2W2_f1708ec9/output.json,mp-1004526,cif,https://elagente.ca/grafico/ConceptualAtoms_b66ce5a8-0d17-412b-a76c-267cb9a05c57,mp-1004526
F3HgRb,0.32057222016673603,https://elagente.ca/grafico/ConceptualAtoms_b6b46a73-c9b2-4662-966b-7c89436b165e,https://elagente.ca/ontomlff/MLFFElasticityResult_b57a7197-a1e8-4ba5-95fe-a69fd007a21c,[],[],0.09351882723367089,eV/Å^3,0.25569254047986567,/scratch/kenko/akg4pyscf/.graphchat-workspaces/kenko_room/mlff_elasticity_benchmark/workflow_runs/Orb_OMAT/elasticity_Orb_OMAT/structures/F3HgRb_d3e108b5/output.json,mp-7482,cif,https://elagente.ca/grafico/ConceptualAtoms_b6b46a73-c9b2-4662-966b-7c89436b165e,mp-7482
Bi2CoY6,0.3140648185796098,https://elagente.ca/grafico/ConceptualAtoms_b767b037-24bf-4d0d-888e-db6ccabb6f61,https://elagente.ca/ontomlff/MLFFElasticityResult_c9b6ee7d-135d-4638-9088-09f08cb822a7,[],[],0.17299866692788912,eV/Å^3,0.4384847292814012,/scratch/kenko/akg4pyscf/.graphchat-workspaces/kenko_room/mlff_elasticity_benchmark/workflow_runs/Orb_OMAT/elasticity_Orb_OMAT/structures/Bi2CoY6_18dcde1a/output.json,mp-30921,cif,https://elagente.ca/grafico/ConceptualAtoms_b767b037-24bf-4d0d-888e-db6ccabb6f61,mp-30921
Pt2Tl4,0.3712332824083429,https://elagente.ca/grafico/ConceptualAtoms_b77db295-51e6-4f76-bfbe-ce2b93fe89c2,https://elagente.ca/ontomlff/MLFFElasticityResult_28a74965-da3d-4fdc-87a5-4d25c342a978,[],[],0.07847070653703167,eV/Å^3,0.21991689093347938,/scratch/kenko/akg4pyscf/.graphchat-workspaces/kenko_room/mlff_elasticity_benchmark/workflow_runs/Orb_OMAT/elasticity_Orb_OMAT/structures/Pt2Tl4_64e6d2de/output.json,mp-571160,cif,https://elagente.ca/grafico/ConceptualAtoms_b77db295-51e6-4f76-bfbe-ce2b93fe89c2,mp-571160
As8S16Tl8,0.25110361011563853,https://elagente.ca/grafico/ConceptualAtoms_b781e0d9-2035-4121-bca4-e6b80976c644,https://elagente.ca/ontomlff/MLFFElasticityResult_d18c66d5-1033-4f34-9ef1-86be76324f89,[],[],0.11968410172561031,eV/Å^3,0.3098276750686362,/scratch/kenko/akg4pyscf/.graphchat-workspaces/kenko_room/mlff_elasticity_benchmark/workflow_runs/Orb_OMAT/elasticity_Orb_OMAT/structures/As8S16Tl8_156fcfad/output.json,mp-4988,cif,https://elagente.ca/grafico/ConceptualAtoms_b781e0d9-2035-4121-bca4-e6b80976c644,mp-4988
BiHoPt,0.5377115742527034,https://elagente.ca/grafico/ConceptualAtoms_b7f30bd0-5181-47b4-882b-4ea30cf09eef,https://elagente.ca/ontomlff/MLFFElasticityResult_a9f90736-39b0-4cc3-abdc-b9ba19f25ec0,[],[],0.3105178801194216,eV/Å^3,0.7811813427880709,/scratch/kenko/akg4pyscf/.graphchat-workspaces/kenko_room/mlff_elasticity_benchmark/workflow_runs/Orb_OMAT/elasticity_Orb_OMAT/structures/BiHoPt_a053c75b/output.json,mp-30455,cif,https://elagente.ca/grafico/ConceptualAtoms_b7f30bd0-5181-47b4-882b-4ea30cf09eef,mp-30455
Er2Sn4,0.34918111185384104,https://elagente.ca/grafico/ConceptualAtoms_b8253462-9eaf-4174-8b49-ed199a936cb3,https://elagente.ca/ontomlff/MLFFElasticityResult_fa7ac769-c5a6-48ff-8029-613d1cf49d98,[],[],0.22083591544750375,eV/Å^3,0.5471593562310982,/scratch/kenko/akg4pyscf/.graphchat-workspaces/kenko_room/mlff_elasticity_benchmark/workflow_runs/Orb_OMAT/elasticity_Orb_OMAT/structures/Er2Sn4_e15373f0/output.json,mp-30613,cif,https://elagente.ca/grafico/ConceptualAtoms_b8253462-9eaf-4174-8b49-ed199a936cb3,mp-30613
Cu2La2O2S2,0.6532896915091163,https://elagente.ca/grafico/ConceptualAtoms_b8482191-65d9-4569-b76e-ed04be032b05,https://elagente.ca/ontomlff/MLFFElasticityResult_123b8b08-0ad8-4e6b-9c2f-b8b1fd90fbc6,[],[],0.31465014777374234,eV/Å^3,0.81336717826461,/scratch/kenko/akg4pyscf/.graphchat-workspaces/kenko_room/mlff_elasticity_benchmark/workflow_runs/Orb_OMAT/elasticity_Orb_OMAT/structures/Cu2La2O2S2_c83ab0b1/output.json,mp-6088,cif,https://elagente.ca/grafico/ConceptualAtoms_b8482191-65d9-4569-b76e-ed04be032b05,mp-6088
Sb2Se2Th2,0.5010457972903093,https://elagente.ca/grafico/ConceptualAtoms_b85116de-5af7-486a-91ba-79f21f44dfb0,https://elagente.ca/ontomlff/MLFFElasticityResult_33fa19d6-56ce-4346-b8f7-c483b57fd9ab,[],[],0.2592380040835132,eV/Å^3,0.6633155539275192,/scratch/kenko/akg4pyscf/.graphchat-workspaces/kenko_room/mlff_elasticity_benchmark/workflow_runs/Orb_OMAT/elasticity_Orb_OMAT/structures/Sb2Se2Th2_baa0a791/output.json,mp-1019359,cif,https://elagente.ca/grafico/ConceptualAtoms_b85116de-5af7-486a-91ba-79f21f44dfb0,mp-1019359
ErSmTl2,0.3096925744527351,https://elagente.ca/grafico/ConceptualAtoms_b85d19a7-9746-4275-8faf-65a8c2af11a8,https://elagente.ca/ontomlff/MLFFElasticityResult_35fe4f9c-c84d-46f1-9612-6840e8033cbb,[],[],0.08395429260510762,eV/Å^3,0.23098992473262595,/scratch/kenko/akg4pyscf/.graphchat-workspaces/kenko_room/mlff_elasticity_benchmark/workflow_runs/Orb_OMAT/elasticity_Orb_OMAT/structures/ErSmTl2_0fa51b7c/output.json,mp-978543,cif,https://elagente.ca/grafico/ConceptualAtoms_b85d19a7-9746-4275-8faf-65a8c2af11a8,mp-978543
O6Pt3Zn,1.2363636735275554,https://elagente.ca/grafico/ConceptualAtoms_b86655cd-f8ba-4d9a-bf3d-24e477c20b9d,https://elagente.ca/ontomlff/MLFFElasticityResult_448e790f-15ca-49b0-8232-dd56f1035b2b,[],[],0.7131926078043902,eV/Å^3,1.7945228211321356,/scratch/kenko/akg4pyscf/.graphchat-workspaces/kenko_room/mlff_elasticity_benchmark/workflow_runs/Orb_OMAT/elasticity_Orb_OMAT/structures/O6Pt3Zn_703a69cc/output.json,mp-8207,cif,https://elagente.ca/grafico/ConceptualAtoms_b86655cd-f8ba-4d9a-bf3d-24e477c20b9d,mp-8207
GeInLi,0.23961880493840293,https://elagente.ca/grafico/ConceptualAtoms_b8725296-6093-477e-83d4-a9966734fb6e,https://elagente.ca/ontomlff/MLFFElasticityResult_9d94ca67-e8cd-44d2-a22d-ddb704fa9d76,[],[],0.18700701645693443,eV/Å^3,0.44520351110784917,/scratch/kenko/akg4pyscf/.graphchat-workspaces/kenko_room/mlff_elasticity_benchmark/workflow_runs/Orb_OMAT/elasticity_Orb_OMAT/structures/GeInLi_ad3ba8bf/output.json,mp-16343,cif,https://elagente.ca/grafico/ConceptualAtoms_b8725296-6093-477e-83d4-a9966734fb6e,mp-16343
Sb4V2,0.5861285519334574,https://elagente.ca/grafico/ConceptualAtoms_b8cf89cf-ae4e-4415-b45b-e942a1c7a1aa,https://elagente.ca/ontomlff/MLFFElasticityResult_791a6ba5-3571-497c-81ec-5ec729333a06,[],[],0.35574249791320134,eV/Å^3,0.887646055501017,/scratch/kenko/akg4pyscf/.graphchat-workspaces/kenko_room/mlff_elasticity_benchmark/workflow_runs/Orb_OMAT/elasticity_Orb_OMAT/structures/Sb4V2_b114d130/output.json,mp-2851,cif,https://elagente.ca/grafico/ConceptualAtoms_b8cf89cf-ae4e-4415-b45b-e942a1c7a1aa,mp-2851
NiRhZn2,0.922477168205027,https://elagente.ca/grafico/ConceptualAtoms_b8e17d35-8521-46e8-a819-46000632ad7e,https://elagente.ca/ontomlff/MLFFElasticityResult_09866c7d-9580-4fb7-90a8-fb786c9a0d3f,[],[],0.39846876934694253,eV/Å^3,1.044949237629546,/scratch/kenko/akg4pyscf/.graphchat-workspaces/kenko_room/mlff_elasticity_benchmark/workflow_runs/Orb_OMAT/elasticity_Orb_OMAT/structures/NiRhZn2_c57f1d91/output.json,mp-864654,cif,https://elagente.ca/grafico/ConceptualAtoms_b8e17d35-8521-46e8-a819-46000632ad7e,mp-864654
AlN,1.6016383810009922,https://elagente.ca/grafico/ConceptualAtoms_b8ecdbd2-84d1-440b-b1f2-bfb45b899537,https://elagente.ca/ontomlff/MLFFElasticityResult_c009f370-3f23-4074-a401-5b5411b41b5b,[],[],1.3716494179845573,eV/Å^3,3.201128553399988,/scratch/kenko/akg4pyscf/.graphchat-workspaces/kenko_room/mlff_elasticity_benchmark/workflow_runs/Orb_OMAT/elasticity_Orb_OMAT/structures/AlN_bf96ed30/output.json,mp-1330,cif,https://elagente.ca/grafico/ConceptualAtoms_b8ecdbd2-84d1-440b-b1f2-bfb45b899537,mp-1330
SY,0.5437178935372785,https://elagente.ca/grafico/ConceptualAtoms_b9022835-140e-4fbb-98ce-1720a86e0f2d,https://elagente.ca/ontomlff/MLFFElasticityResult_d6b9b6ef-c002-443f-af83-b27136367e9d,[],[],0.21474150087586974,eV/Å^3,0.569278894673984,/scratch/kenko/akg4pyscf/.graphchat-workspaces/kenko_room/mlff_elasticity_benchmark/workflow_runs/Orb_OMAT/elasticity_Orb_OMAT/structures/SY_fb764307/output.json,mp-1534,cif,https://elagente.ca/grafico/ConceptualAtoms_b9022835-140e-4fbb-98ce-1720a86e0f2d,mp-1534
TcV,1.322896741551323,https://elagente.ca/grafico/ConceptualAtoms_b9573f09-2887-4a63-963c-9a5eab0462d9,https://elagente.ca/ontomlff/MLFFElasticityResult_f2d83e69-9430-44d9-8ac3-4a5cdbb64cdf,[],[],0.7489002834875746,eV/Å^3,1.890045286373475,/scratch/kenko/akg4pyscf/.graphchat-workspaces/kenko_room/mlff_elasticity_benchmark/workflow_runs/Orb_OMAT/elasticity_Orb_OMAT/structures/TcV_7a44aa72/output.json,mp-2540,cif,https://elagente.ca/grafico/ConceptualAtoms_b9573f09-2887-4a63-963c-9a5eab0462d9,mp-2540
GeMnSc2,0.38569938925733827,https://elagente.ca/grafico/ConceptualAtoms_b9851bc7-a78c-421a-aa33-77395701b793,https://elagente.ca/ontomlff/MLFFElasticityResult_7dc04abb-ea05-4321-8bca-4bac36121516,[],[],0.15498470693312938,eV/Å^3,0.41003321638194595,/scratch/kenko/akg4pyscf/.graphchat-workspaces/kenko_room/mlff_elasticity_benchmark/workflow_runs/Orb_OMAT/elasticity_Orb_OMAT/structures/GeMnSc2_b69f463f/output.json,mp-999258,cif,https://elagente.ca/grafico/ConceptualAtoms_b9851bc7-a78c-421a-aa33-77395701b793,mp-999258
Hg2MgNd,0.33642874839367254,https://elagente.ca/grafico/ConceptualAtoms_b9ae2705-6082-47f5-834d-864fcf439df8,https://elagente.ca/ontomlff/MLFFElasticityResult_aec4d3be-8923-4f65-a182-60b57ebbb400,[],[],0.18406837968937678,eV/Å^3,0.4670305370796755,/scratch/kenko/akg4pyscf/.graphchat-workspaces/kenko_room/mlff_elasticity_benchmark/workflow_runs/Orb_OMAT/elasticity_Orb_OMAT/structures/Hg2MgNd_19980104/output.json,mp-864924,cif,https://elagente.ca/grafico/ConceptualAtoms_b9ae2705-6082-47f5-834d-864fcf439df8,mp-864924
Fe2Se2,1.7953933215752598,https://elagente.ca/grafico/ConceptualAtoms_b9ba7fa7-c097-45a4-afd9-c1a09dad1b07,https://elagente.ca/ontomlff/MLFFElasticityResult_f58c43e0-7bfe-4087-8bd5-4bf66f71bde5,[],[],0.3280959924996232,eV/Å^3,0.927773216346217,/scratch/kenko/akg4pyscf/.graphchat-workspaces/kenko_room/mlff_elasticity_benchmark/workflow_runs/Orb_OMAT/elasticity_Orb_OMAT/structures/Fe2Se2_71f0b401/output.json,mp-1090,cif,https://elagente.ca/grafico/ConceptualAtoms_b9ba7fa7-c097-45a4-afd9-c1a09dad1b07,mp-1090
CrN,1.669191544502891,https://elagente.ca/grafico/ConceptualAtoms_b9d4b091-278b-4643-846c-9a5596c6d9a5,https://elagente.ca/ontomlff/MLFFElasticityResult_e456f1d8-db6d-41fe-9fa1-3c621a84a9bd,[],[],0.6052472725049126,eV/Å^3,1.619944979306409,/scratch/kenko/akg4pyscf/.graphchat-workspaces/kenko_room/mlff_elasticity_benchmark/workflow_runs/Orb_OMAT/elasticity_Orb_OMAT/structures/CrN_ae4eb09a/output.json,mp-1009485,cif,https://elagente.ca/grafico/ConceptualAtoms_b9d4b091-278b-4643-846c-9a5596c6d9a5,mp-1009485
Ru2SnTh,0.8773856345690033,https://elagente.ca/grafico/ConceptualAtoms_ba7b8d9a-8d46-4ddf-ad8e-63e69e334d68,https://elagente.ca/ontomlff/MLFFElasticityResult_8233ae92-2f57-45d2-8099-2755aeb6f017,[],[],0.29761608188078914,eV/Å^3,0.8021497519742975,/scratch/kenko/akg4pyscf/.graphchat-workspaces/kenko_room/mlff_elasticity_benchmark/workflow_runs/Orb_OMAT/elasticity_Orb_OMAT/structures/Ru2SnTh_ba426c1d/output.json,mp-865944,cif,https://elagente.ca/grafico/ConceptualAtoms_ba7b8d9a-8d46-4ddf-ad8e-63e69e334d68,mp-865944
As2NdNi2,0.6889424319059978,https://elagente.ca/grafico/ConceptualAtoms_ba91e2a1-37a8-4626-b492-d6a01cda9337,https://elagente.ca/ontomlff/MLFFElasticityResult_c4cb31aa-0ebd-45b4-ba00-a92ad299ee0a,[],[],0.32804047672796793,eV/Å^3,0.8493199739907638,/scratch/kenko/akg4pyscf/.graphchat-workspaces/kenko_room/mlff_elasticity_benchmark/workflow_runs/Orb_OMAT/elasticity_Orb_OMAT/structures/As2NdNi2_7ac09c45/output.json,mp-567723,cif,https://elagente.ca/grafico/ConceptualAtoms_ba91e2a1-37a8-4626-b492-d6a01cda9337,mp-567723
Cu4Na4O4,0.3792955359424235,https://elagente.ca/grafico/ConceptualAtoms_ba9b75bf-658a-434a-b9a6-22d20216ab1e,https://elagente.ca/ontomlff/MLFFElasticityResult_05737d0b-76c1-452b-af4f-2183dad2eec6,[],[],0.2031651734500437,eV/Å^3,0.517158844885582,/scratch/kenko/akg4pyscf/.graphchat-workspaces/kenko_room/mlff_elasticity_benchmark/workflow_runs/Orb_OMAT/elasticity_Orb_OMAT/structures/Cu4Na4O4_5619e5f9/output.json,mp-7469,cif,https://elagente.ca/grafico/ConceptualAtoms_ba9b75bf-658a-434a-b9a6-22d20216ab1e,mp-7469
LiPd2Sb,0.6011278208064514,https://elagente.ca/grafico/ConceptualAtoms_baa96c0e-d063-43cd-bb27-5758b671a447,https://elagente.ca/ontomlff/MLFFElasticityResult_61fd295b-a5c9-4590-b31a-3b4117ec3a56,[],[],0.1114838279570298,eV/Å^3,0.31497967406199867,/scratch/kenko/akg4pyscf/.graphchat-workspaces/kenko_room/mlff_elasticity_benchmark/workflow_runs/Orb_OMAT/elasticity_Orb_OMAT/structures/LiPd2Sb_1879ff53/output.json,mp-861736,cif,https://elagente.ca/grafico/ConceptualAtoms_baa96c0e-d063-43cd-bb27-5758b671a447,mp-861736
CaCd2Sb2,0.25844981509237697,https://elagente.ca/grafico/ConceptualAtoms_bab121c9-41f5-47bc-ae22-c18aebe6184e,https://elagente.ca/ontomlff/MLFFElasticityResult_2595b320-b44f-45df-83d1-47764c06e5c5,[],[],0.1392636313072665,eV/Å^3,0.3541759309344538,/scratch/kenko/akg4pyscf/.graphchat-workspaces/kenko_room/mlff_elasticity_benchmark/workflow_runs/Orb_OMAT/elasticity_Orb_OMAT/structures/CaCd2Sb2_5a49cb9d/output.json,mp-7430,cif,https://elagente.ca/grafico/ConceptualAtoms_bab121c9-41f5-47bc-ae22-c18aebe6184e,mp-7430
Cl4K4O12,0.35184326355570883,https://elagente.ca/grafico/ConceptualAtoms_bae11c50-b5f0-415f-87f0-43e129ea071b,https://elagente.ca/ontomlff/MLFFElasticityResult_17cb3016-cb8d-4fe0-ba24-9ccf2b5cfb48,[],[],0.246717995460697,eV/Å^3,0.599927748489674,/scratch/kenko/akg4pyscf/.graphchat-workspaces/kenko_room/mlff_elasticity_benchmark/workflow_runs/Orb_OMAT/elasticity_Orb_OMAT/structures/Cl4K4O12_513cb441/output.json,mp-556084,cif,https://elagente.ca/grafico/ConceptualAtoms_bae11c50-b5f0-415f-87f0-43e129ea071b,mp-556084
LiMgPd2,0.5051634629249812,https://elagente.ca/grafico/ConceptualAtoms_baf3825f-3e6e-4d68-bf60-753728750c91,https://elagente.ca/ontomlff/MLFFElasticityResult_91b8a496-bda2-4779-abf6-e1c9f8790a0c,[],[],0.24710062540649183,eV/Å^3,0.6373775081981697,/scratch/kenko/akg4pyscf/.graphchat-workspaces/kenko_room/mlff_elasticity_benchmark/workflow_runs/Orb_OMAT/elasticity_Orb_OMAT/structures/LiMgPd2_397655c6/output.json,mp-977399,cif,https://elagente.ca/grafico/ConceptualAtoms_baf3825f-3e6e-4d68-bf60-753728750c91,mp-977399
Li2Na2O2,0.3334646265312912,https://elagente.ca/grafico/ConceptualAtoms_bb2bb5f1-2b7d-4f5c-bfdd-88806d0d0e09,https://elagente.ca/ontomlff/MLFFElasticityResult_a79c76bc-e1a5-4ce3-8cd8-8f9fce985798,[],[],0.28296305456194215,eV/Å^3,0.6617204467465451,/scratch/kenko/akg4pyscf/.graphchat-workspaces/kenko_room/mlff_elasticity_benchmark/workflow_runs/Orb_OMAT/elasticity_Orb_OMAT/structures/Li2Na2O2_515dbc69/output.json,mp-755144,cif,https://elagente.ca/grafico/ConceptualAtoms_bb2bb5f1-2b7d-4f5c-bfdd-88806d0d0e09,mp-755144
BeO3Ta,1.55305532435981,https://elagente.ca/grafico/ConceptualAtoms_bb6c9b3c-7091-4dd0-9d9d-df7d69539bfc,https://elagente.ca/ontomlff/MLFFElasticityResult_a78d845e-5a88-4a61-8fb8-43f1a7336795,[],[],0.6049075789366278,eV/Å^3,1.606188504467233,/scratch/kenko/akg4pyscf/.graphchat-workspaces/kenko_room/mlff_elasticity_benchmark/workflow_runs/Orb_OMAT/elasticity_Orb_OMAT/structures/BeO3Ta_f9490daa/output.json,mp-972222,cif,https://elagente.ca/grafico/ConceptualAtoms_bb6c9b3c-7091-4dd0-9d9d-df7d69539bfc,mp-972222
KO3Si,1.098685019336782,https://elagente.ca/grafico/ConceptualAtoms_bbbfece2-bdbb-497c-ba5f-868fcf2c50e7,https://elagente.ca/ontomlff/MLFFElasticityResult_6ddeedb7-f676-49df-bca8-3a3557792d09,[],[],0.6703028684117708,eV/Å^3,1.6710709427732555,/scratch/kenko/akg4pyscf/.graphchat-workspaces/kenko_room/mlff_elasticity_benchmark/workflow_runs/Orb_OMAT/elasticity_Orb_OMAT/structures/KO3Si_d3c81d3c/output.json,mp-974061,cif,https://elagente.ca/grafico/ConceptualAtoms_bbbfece2-bdbb-497c-ba5f-868fcf2c50e7,mp-974061
As4Rh4V4,1.102609593138169,https://elagente.ca/grafico/ConceptualAtoms_bc1252bb-60be-44c8-ab33-a334179a1054,https://elagente.ca/ontomlff/MLFFElasticityResult_35de5027-124b-4609-9a65-f653a6682642,[],[],0.5440994755349118,eV/Å^3,1.4017300828950832,/scratch/kenko/akg4pyscf/.graphchat-workspaces/kenko_room/mlff_elasticity_benchmark/workflow_runs/Orb_OMAT/elasticity_Orb_OMAT/structures/As4Rh4V4_780b7b56/output.json,mp-20395,cif,https://elagente.ca/grafico/ConceptualAtoms_bc1252bb-60be-44c8-ab33-a334179a1054,mp-20395
Ca2Pb,0.16892015088372375,https://elagente.ca/grafico/ConceptualAtoms_bc2ea1d8-cf4b-482d-b23e-8b7d2596be3d,https://elagente.ca/ontomlff/MLFFElasticityResult_dfd562ab-5322-4a56-805d-9d953b755dfb,[],[],0.12427913197258399,eV/Å^3,0.299409501597614,/scratch/kenko/akg4pyscf/.graphchat-workspaces/kenko_room/mlff_elasticity_benchmark/workflow_runs/Orb_OMAT/elasticity_Orb_OMAT/structures/Ca2Pb_7ea15cc5/output.json,mp-1009756,cif,https://elagente.ca/grafico/ConceptualAtoms_bc2ea1d8-cf4b-482d-b23e-8b7d2596be3d,mp-1009756
AuClTi,0.2985971076506658,https://elagente.ca/grafico/ConceptualAtoms_bcd051bf-613d-412d-96df-023b120b6a20,https://elagente.ca/ontomlff/MLFFElasticityResult_5b27ae24-8aea-4e0c-bba0-5b3ad3324f7d,[],[],-0.9623096249657628,eV/Å^3,38.877808931102884,/scratch/kenko/akg4pyscf/.graphchat-workspaces/kenko_room/mlff_elasticity_benchmark/workflow_runs/Orb_OMAT/elasticity_Orb_OMAT/structures/AuClTi_7c2dd6e2/output.json,mp-962077,cif,https://elagente.ca/grafico/ConceptualAtoms_bcd051bf-613d-412d-96df-023b120b6a20,mp-962077
O8Si4,0.9413584029319642,https://elagente.ca/grafico/ConceptualAtoms_bcd6d9d2-4372-4954-8b4a-63afbbba8c9f,https://elagente.ca/ontomlff/MLFFElasticityResult_b03a7c5c-8587-465f-a6b9-8b12ac185fef,[],[],0.6402845974658293,eV/Å^3,1.5658406973278178,/scratch/kenko/akg4pyscf/.graphchat-workspaces/kenko_room/mlff_elasticity_benchmark/workflow_runs/Orb_OMAT/elasticity_Orb_OMAT/structures/O8Si4_2bb4169c/output.json,mp-554573,cif,https://elagente.ca/grafico/ConceptualAtoms_bcd6d9d2-4372-4954-8b4a-63afbbba8c9f,mp-554573
BLiO4Si,1.1285336324388007,https://elagente.ca/grafico/ConceptualAtoms_bdade58e-c60c-42fb-863b-72fb97b3b814,https://elagente.ca/ontomlff/MLFFElasticityResult_3b4fcef6-eafd-49ae-b0fd-8d75882308d6,[],[],0.7454806872055896,eV/Å^3,1.832861466346954,/scratch/kenko/akg4pyscf/.graphchat-workspaces/kenko_room/mlff_elasticity_benchmark/workflow_runs/Orb_OMAT/elasticity_Orb_OMAT/structures/BLiO4Si_ea07d952/output.json,mp-8874,cif,https://elagente.ca/grafico/ConceptualAtoms_bdade58e-c60c-42fb-863b-72fb97b3b814,mp-8874
Ag2Yb,0.4957224515073834,https://elagente.ca/grafico/ConceptualAtoms_bdef93b5-a391-4d61-be0b-6b4ca8d840c0,https://elagente.ca/ontomlff/MLFFElasticityResult_c0fc0fc1-1f88-41cb-aee5-9bff56bb5b1c,[],[],0.19696295156758087,eV/Å^3,0.5217830304979268,/scratch/kenko/akg4pyscf/.graphchat-workspaces/kenko_room/mlff_elasticity_benchmark/workflow_runs/Orb_OMAT/elasticity_Orb_OMAT/structures/Ag2Yb_f4072cbd/output.json,mp-1008617,cif,https://elagente.ca/grafico/ConceptualAtoms_bdef93b5-a391-4d61-be0b-6b4ca8d840c0,mp-1008617
HgPm2Si,0.37703233446025664,https://elagente.ca/grafico/ConceptualAtoms_bdf37041-884c-4cd1-bdd1-fbcfbf0ab53e,https://elagente.ca/ontomlff/MLFFElasticityResult_1050e4f2-accc-4521-b5a0-561dfdb890bf,[],[],0.14725332548518122,eV/Å^3,0.3908735925508735,/scratch/kenko/akg4pyscf/.graphchat-workspaces/kenko_room/mlff_elasticity_benchmark/workflow_runs/Orb_OMAT/elasticity_Orb_OMAT/structures/HgPm2Si_04e97b1b/output.json,mp-866204,cif,https://elagente.ca/grafico/ConceptualAtoms_bdf37041-884c-4cd1-bdd1-fbcfbf0ab53e,mp-866204
LiMgPtSn,0.49234955505898187,https://elagente.ca/grafico/ConceptualAtoms_be337af4-37f6-4a1d-847a-df13a9e329f5,https://elagente.ca/ontomlff/MLFFElasticityResult_ed3f05db-5f74-4f74-9645-bb1e45155cd5,[],[],0.22949112983828968,eV/Å^3,0.5958892397136898,/scratch/kenko/akg4pyscf/.graphchat-workspaces/kenko_room/mlff_elasticity_benchmark/workflow_runs/Orb_OMAT/elasticity_Orb_OMAT/structures/LiMgPtSn_52216145/output.json,mp-11806,cif,https://elagente.ca/grafico/ConceptualAtoms_be337af4-37f6-4a1d-847a-df13a9e329f5,mp-11806
N3OTa2,1.3592703516275733,https://elagente.ca/grafico/ConceptualAtoms_bec46579-5952-437d-870d-4cd95ee680a6,https://elagente.ca/ontomlff/MLFFElasticityResult_93cdd200-bf3e-4863-85a8-12300c8efe76,[],[],0.5003874825011524,eV/Å^3,1.337088545553202,/scratch/kenko/akg4pyscf/.graphchat-workspaces/kenko_room/mlff_elasticity_benchmark/workflow_runs/Orb_OMAT/elasticity_Orb_OMAT/structures/N3OTa2_a0f2b85c/output.json,mp-1019262,cif,https://elagente.ca/grafico/ConceptualAtoms_bec46579-5952-437d-870d-4cd95ee680a6,mp-1019262
Th3Yb,0.24529104855471534,https://elagente.ca/grafico/ConceptualAtoms_bef7c96c-6d53-43f6-b48d-182abf595f29,https://elagente.ca/ontomlff/MLFFElasticityResult_08805fd8-26cc-4569-be8f-c3ebd7b4686a,[],[],0.106896389616217,eV/Å^3,0.2800131442608114,/scratch/kenko/akg4pyscf/.graphchat-workspaces/kenko_room/mlff_elasticity_benchmark/workflow_runs/Orb_OMAT/elasticity_Orb_OMAT/structures/Th3Yb_94f2a032/output.json,mp-972044,cif,https://elagente.ca/grafico/ConceptualAtoms_bef7c96c-6d53-43f6-b48d-182abf595f29,mp-972044
Bi2Pd,0.43199450015675533,https://elagente.ca/grafico/ConceptualAtoms_bf130c72-6d7e-4a59-a6ff-297de117c7f8,https://elagente.ca/ontomlff/MLFFElasticityResult_494522df-f18b-4ead-8d2f-640a4c94080b,[],[],0.10122481385636575,eV/Å^3,0.28167386477208456,/scratch/kenko/akg4pyscf/.graphchat-workspaces/kenko_room/mlff_elasticity_benchmark/workflow_runs/Orb_OMAT/elasticity_Orb_OMAT/structures/Bi2Pd_3fcf01e3/output.json,mp-570197,cif,https://elagente.ca/grafico/ConceptualAtoms_bf130c72-6d7e-4a59-a6ff-297de117c7f8,mp-570197
As4Cd2Si2,0.36825247318574406,https://elagente.ca/grafico/ConceptualAtoms_c007dcef-f38b-4a91-97b2-11115338a746,https://elagente.ca/ontomlff/MLFFElasticityResult_ea3feabe-6bde-4286-b4e9-5f2f492b6605,[],[],0.23015350707356091,eV/Å^3,0.5714174395554065,/scratch/kenko/akg4pyscf/.graphchat-workspaces/kenko_room/mlff_elasticity_benchmark/workflow_runs/Orb_OMAT/elasticity_Orb_OMAT/structures/As4Cd2Si2_03af4bb1/output.json,mp-3078,cif,https://elagente.ca/grafico/ConceptualAtoms_c007dcef-f38b-4a91-97b2-11115338a746,mp-3078
Ga2N2,0.30953237279432616,https://elagente.ca/grafico/ConceptualAtoms_c0672236-f81e-4975-b1c1-c868e70debac,https://elagente.ca/ontomlff/MLFFElasticityResult_35d92225-80d3-44a1-8b1b-93fca86627bd,[],[],0.19442644345012763,eV/Å^3,0.482297543687878,/scratch/kenko/akg4pyscf/.graphchat-workspaces/kenko_room/mlff_elasticity_benchmark/workflow_runs/Orb_OMAT/elasticity_Orb_OMAT/structures/Ga2N2_9d59af14/output.json,mp-1007824,cif,https://elagente.ca/grafico/ConceptualAtoms_c0672236-f81e-4975-b1c1-c868e70debac,mp-1007824
Bi2FeTb6,0.2849299218712832,https://elagente.ca/grafico/ConceptualAtoms_c090e520-1fb4-4f2f-9510-cf3f2640acd1,https://elagente.ca/ontomlff/MLFFElasticityResult_efeac6c6-853e-4905-aded-01823c01e163,[],[],0.17040128156592255,eV/Å^3,0.42623452067025175,/scratch/kenko/akg4pyscf/.graphchat-workspaces/kenko_room/mlff_elasticity_benchmark/workflow_runs/Orb_OMAT/elasticity_Orb_OMAT/structures/Bi2FeTb6_dd3aafe1/output.json,mp-22972,cif,https://elagente.ca/grafico/ConceptualAtoms_c090e520-1fb4-4f2f-9510-cf3f2640acd1,mp-22972
Lu3,0.22477222779682812,https://elagente.ca/grafico/ConceptualAtoms_c0bf0828-7fcf-43fb-9217-387f3e6399e4,https://elagente.ca/ontomlff/MLFFElasticityResult_ebad632c-fc81-4650-87be-232f438234c6,[],[],0.18014594180864452,eV/Å^3,0.4264975802014197,/scratch/kenko/akg4pyscf/.graphchat-workspaces/kenko_room/mlff_elasticity_benchmark/workflow_runs/Orb_OMAT/elasticity_Orb_OMAT/structures/Lu3_6b092170/output.json,mp-973571,cif,https://elagente.ca/grafico/ConceptualAtoms_c0bf0828-7fcf-43fb-9217-387f3e6399e4,mp-973571
Al2Lu6,0.27515680948212684,https://elagente.ca/grafico/ConceptualAtoms_c0c43d79-80f4-4a9e-a17d-27467f1b27b7,https://elagente.ca/ontomlff/MLFFElasticityResult_91289aeb-0aac-4e96-ab92-bb39f5f1d080,[],[],0.23722645936405146,eV/Å^3,0.5528107665400255,/scratch/kenko/akg4pyscf/.graphchat-workspaces/kenko_room/mlff_elasticity_benchmark/workflow_runs/Orb_OMAT/elasticity_Orb_OMAT/structures/Al2Lu6_fff5b029/output.json,mp-973266,cif,https://elagente.ca/grafico/ConceptualAtoms_c0c43d79-80f4-4a9e-a17d-27467f1b27b7,mp-973266
Ta2TcW,1.3515099793567233,https://elagente.ca/grafico/ConceptualAtoms_c0e32472-1e2b-4786-8001-4446142d991e,https://elagente.ca/ontomlff/MLFFElasticityResult_f9da595a-af08-46e8-b4b3-4de053f02ab3,[],[],0.7052808275158797,eV/Å^3,1.8023293597626588,/scratch/kenko/akg4pyscf/.graphchat-workspaces/kenko_room/mlff_elasticity_benchmark/workflow_runs/Orb_OMAT/elasticity_Orb_OMAT/structures/Ta2TcW_e0ca1f4c/output.json,mp-972209,cif,https://elagente.ca/grafico/ConceptualAtoms_c0e32472-1e2b-4786-8001-4446142d991e,mp-972209
Al2Ca3Si2,0.30852977132028436,https://elagente.ca/grafico/ConceptualAtoms_c15a4e68-bbcb-40a8-90ba-c438c48e8075,https://elagente.ca/ontomlff/MLFFElasticityResult_4c9475a5-cd15-4950-b41e-22ba19100b37,[],[],0.2350605956563322,eV/Å^3,0.5623648621431447,/scratch/kenko/akg4pyscf/.graphchat-workspaces/kenko_room/mlff_elasticity_benchmark/workflow_runs/Orb_OMAT/elasticity_Orb_OMAT/structures/Al2Ca3Si2_345b80ed/output.json,mp-9577,cif,https://elagente.ca/grafico/ConceptualAtoms_c15a4e68-bbcb-40a8-90ba-c438c48e8075,mp-9577
Cd2P2S6,0.3488699702686212,https://elagente.ca/grafico/ConceptualAtoms_c16b424a-dc75-447c-a566-4811eef35019,https://elagente.ca/ontomlff/MLFFElasticityResult_b1a063ef-8e74-4014-abd1-296e31b0e23d,[],[],0.20294924122491848,eV/Å^3,0.5099607015273905,/scratch/kenko/akg4pyscf/.graphchat-workspaces/kenko_room/mlff_elasticity_benchmark/workflow_runs/Orb_OMAT/elasticity_Orb_OMAT/structures/Cd2P2S6_4c3dc789/output.json,mp-9330,cif,https://elagente.ca/grafico/ConceptualAtoms_c16b424a-dc75-447c-a566-4811eef35019,mp-9330
Ga2Lu3Mn3Si,0.48407100462040564,https://elagente.ca/grafico/ConceptualAtoms_c1a30ebd-76f5-430b-bf3d-506713d58d18,https://elagente.ca/ontomlff/MLFFElasticityResult_0a2a8549-5686-4b31-8fd4-46b485ebfb23,[],[],0.3687659230661683,eV/Å^3,0.8822617247547916,/scratch/kenko/akg4pyscf/.graphchat-workspaces/kenko_room/mlff_elasticity_benchmark/workflow_runs/Orb_OMAT/elasticity_Orb_OMAT/structures/Ga2Lu3Mn3Si_045fb722/output.json,mp-568631,cif,https://elagente.ca/grafico/ConceptualAtoms_c1a30ebd-76f5-430b-bf3d-506713d58d18,mp-568631
Ho3,0.2143974248508469,https://elagente.ca/grafico/ConceptualAtoms_c1b247ce-a2d3-47a1-bd1e-3d11e57a23a5,https://elagente.ca/ontomlff/MLFFElasticityResult_63faf82f-84f3-4251-b18c-08296ac9431e,[],[],0.16990334626696435,eV/Å^3,0.4032017278462087,/scratch/kenko/akg4pyscf/.graphchat-workspaces/kenko_room/mlff_elasticity_benchmark/workflow_runs/Orb_OMAT/elasticity_Orb_OMAT/structures/Ho3_9c8cb097/output.json,mp-10659,cif,https://elagente.ca/grafico/ConceptualAtoms_c1b247ce-a2d3-47a1-bd1e-3d11e57a23a5,mp-10659
GeHoO3,0.8085548988384457,https://elagente.ca/grafico/ConceptualAtoms_c1eff683-e8f8-4088-9118-b603d193fc7c,https://elagente.ca/ontomlff/MLFFElasticityResult_411d2e10-3e03-4778-b660-862194e700ea,[],[],0.3960311547511661,eV/Å^3,1.021341960405401,/scratch/kenko/akg4pyscf/.graphchat-workspaces/kenko_room/mlff_elasticity_benchmark/workflow_runs/Orb_OMAT/elasticity_Orb_OMAT/structures/GeHoO3_0e5eccd9/output.json,mp-982558,cif,https://elagente.ca/grafico/ConceptualAtoms_c1eff683-e8f8-4088-9118-b603d193fc7c,mp-982558
Co2S2,0.9105236024914863,https://elagente.ca/grafico/ConceptualAtoms_c2082b26-68df-43c6-a919-52d2b9e90630,https://elagente.ca/ontomlff/MLFFElasticityResult_f51da297-2a7b-4a68-91e0-28bcfed85f34,[],[],0.3229387700668061,eV/Å^3,0.8663879695145041,/scratch/kenko/akg4pyscf/.graphchat-workspaces/kenko_room/mlff_elasticity_benchmark/workflow_runs/Orb_OMAT/elasticity_Orb_OMAT/structures/Co2S2_141492e8/output.json,mp-1274,cif,https://elagente.ca/grafico/ConceptualAtoms_c2082b26-68df-43c6-a919-52d2b9e90630,mp-1274
Mg2Ni3Si,0.7263187078395553,https://elagente.ca/grafico/ConceptualAtoms_c22ae89c-6228-4015-b1b5-cd48e31e7809,https://elagente.ca/ontomlff/MLFFElasticityResult_729f7212-bd0b-4783-b802-bdbcce48ffff,[],[],0.43385568610502345,eV/Å^3,1.0854427025474378,/scratch/kenko/akg4pyscf/.graphchat-workspaces/kenko_room/mlff_elasticity_benchmark/workflow_runs/Orb_OMAT/elasticity_Orb_OMAT/structures/Mg2Ni3Si_3b00ef75/output.json,mp-15779,cif,https://elagente.ca/grafico/ConceptualAtoms_c22ae89c-6228-4015-b1b5-cd48e31e7809,mp-15779
Na2SbTl,0.12315504434043412,https://elagente.ca/grafico/ConceptualAtoms_c24faa27-3683-4b0f-8e6c-e115413b6619,https://elagente.ca/ontomlff/MLFFElasticityResult_978e99d8-ec4a-44d0-824f-ba9f6ddaf1a6,[],[],0.09346067674341696,eV/Å^3,0.2237753478218302,/scratch/kenko/akg4pyscf/.graphchat-workspaces/kenko_room/mlff_elasticity_benchmark/workflow_runs/Orb_OMAT/elasticity_Orb_OMAT/structures/Na2SbTl_a817c4ad/output.json,mp-866132,cif,https://elagente.ca/grafico/ConceptualAtoms_c24faa27-3683-4b0f-8e6c-e115413b6619,mp-866132
Ag2CaLa,0.2746206661947854,https://elagente.ca/grafico/ConceptualAtoms_c2616b09-08aa-444b-bb89-2a17707a8c4f,https://elagente.ca/ontomlff/MLFFElasticityResult_6deacd67-5e69-4a30-a8a8-db888bdf2996,[],[],0.14985148590606667,eV/Å^3,0.3803694206844124,/scratch/kenko/akg4pyscf/.graphchat-workspaces/kenko_room/mlff_elasticity_benchmark/workflow_runs/Orb_OMAT/elasticity_Orb_OMAT/structures/Ag2CaLa_04cf415a/output.json,mp-862795,cif,https://elagente.ca/grafico/ConceptualAtoms_c2616b09-08aa-444b-bb89-2a17707a8c4f,mp-862795
NaO3Pd,0.6086483006066031,https://elagente.ca/grafico/ConceptualAtoms_c38dbdc4-01ac-4230-97a9-513231de2ddf,https://elagente.ca/ontomlff/MLFFElasticityResult_3c02679f-c148-4791-ac66-661baf70429f,[],[],0.20943023262605226,eV/Å^3,0.5636426313932377,/scratch/kenko/akg4pyscf/.graphchat-workspaces/kenko_room/mlff_elasticity_benchmark/workflow_runs/Orb_OMAT/elasticity_Orb_OMAT/structures/NaO3Pd_9ba36ab3/output.json,mp-976968,cif,https://elagente.ca/grafico/ConceptualAtoms_c38dbdc4-01ac-4230-97a9-513231de2ddf,mp-976968
RhYb,0.6544225390430416,https://elagente.ca/grafico/ConceptualAtoms_c3e5a576-f721-4d21-b56b-940f1159cfed,https://elagente.ca/ontomlff/MLFFElasticityResult_5de06a56-7a79-4dec-af03-76731f22667e,[],[],0.3081745668049418,eV/Å^3,0.7990903114906234,/scratch/kenko/akg4pyscf/.graphchat-workspaces/kenko_room/mlff_elasticity_benchmark/workflow_runs/Orb_OMAT/elasticity_Orb_OMAT/structures/RhYb_7f754694/output.json,mp-567089,cif,https://elagente.ca/grafico/ConceptualAtoms_c3e5a576-f721-4d21-b56b-940f1159cfed,mp-567089
Ni3S3,0.798099178297285,https://elagente.ca/grafico/ConceptualAtoms_c426d08b-1850-44da-9184-86639c2f78c6,https://elagente.ca/ontomlff/MLFFElasticityResult_d8e6171d-6c90-4a01-85e2-3fe8a42526d8,[],[],0.3871944578577118,eV/Å^3,0.999886469264385,/scratch/kenko/akg4pyscf/.graphchat-workspaces/kenko_room/mlff_elasticity_benchmark/workflow_runs/Orb_OMAT/elasticity_Orb_OMAT/structures/Ni3S3_94a61b18/output.json,mp-1547,cif,https://elagente.ca/grafico/ConceptualAtoms_c426d08b-1850-44da-9184-86639c2f78c6,mp-1547
Ge6LuMn6,0.7981100683842897,https://elagente.ca/grafico/ConceptualAtoms_c43fa913-7ad1-4128-af48-9256b3ae176d,https://elagente.ca/ontomlff/MLFFElasticityResult_2aa375d9-2fe0-4377-b935-a301e18257dd,[],[],0.5726520677156928,eV/Å^3,1.386376476172162,/scratch/kenko/akg4pyscf/.graphchat-workspaces/kenko_room/mlff_elasticity_benchmark/workflow_runs/Orb_OMAT/elasticity_Orb_OMAT/structures/Ge6LuMn6_97640bdb/output.json,mp-3400,cif,https://elagente.ca/grafico/ConceptualAtoms_c43fa913-7ad1-4128-af48-9256b3ae176d,mp-3400
B2Gd,0.8573620109894966,https://elagente.ca/grafico/ConceptualAtoms_c4495b0c-cf7e-49f8-8b14-8393a85b9b22,https://elagente.ca/ontomlff/MLFFElasticityResult_ee065c80-585e-4c89-b27b-70c6b6d9e257,[],[],0.860371897466532,eV/Å^3,1.9341392542735114,/scratch/kenko/akg4pyscf/.graphchat-workspaces/kenko_room/mlff_elasticity_benchmark/workflow_runs/Orb_OMAT/elasticity_Orb_OMAT/structures/B2Gd_515013c4/output.json,mp-425,cif,https://elagente.ca/grafico/ConceptualAtoms_c4495b0c-cf7e-49f8-8b14-8393a85b9b22,mp-425
CaPtSi3,0.6380402095871044,https://elagente.ca/grafico/ConceptualAtoms_c584f50f-ddf6-4f82-8021-18123dfe18bb,https://elagente.ca/ontomlff/MLFFElasticityResult_203aa80e-dca7-4806-bb28-82b8c88df75a,[],[],0.31660925934421236,eV/Å^3,0.815017969408579,/scratch/kenko/akg4pyscf/.graphchat-workspaces/kenko_room/mlff_elasticity_benchmark/workflow_runs/Orb_OMAT/elasticity_Orb_OMAT/structures/CaPtSi3_16ab94d4/output.json,mp-1069604,cif,https://elagente.ca/grafico/ConceptualAtoms_c584f50f-ddf6-4f82-8021-18123dfe18bb,mp-1069604
B16La4,0.9965643838356784,https://elagente.ca/grafico/ConceptualAtoms_c5a4612e-0d7b-408c-a615-4899d94bd262,https://elagente.ca/ontomlff/MLFFElasticityResult_4fba076b-d7ca-437a-8e5e-8316cc42a082,[],[],0.9910695557856892,eV/Å^3,2.232984542011068,/scratch/kenko/akg4pyscf/.graphchat-workspaces/kenko_room/mlff_elasticity_benchmark/workflow_runs/Orb_OMAT/elasticity_Orb_OMAT/structures/B16La4_be298140/output.json,mp-7283,cif,https://elagente.ca/grafico/ConceptualAtoms_c5a4612e-0d7b-408c-a615-4899d94bd262,mp-7283
Cu6Li2O6,0.8232171930090754,https://elagente.ca/grafico/ConceptualAtoms_c5ad7ccc-d67b-46ef-b343-3ec090c2e5f1,https://elagente.ca/ontomlff/MLFFElasticityResult_14f54b1a-85c5-47c5-a151-23eb808f8e6a,[],[],0.31550028143274234,eV/Å^3,0.8392818136263767,/scratch/kenko/akg4pyscf/.graphchat-workspaces/kenko_room/mlff_elasticity_benchmark/workflow_runs/Orb_OMAT/elasticity_Orb_OMAT/structures/Cu6Li2O6_b706aa06/output.json,mp-753848,cif,https://elagente.ca/grafico/ConceptualAtoms_c5ad7ccc-d67b-46ef-b343-3ec090c2e5f1,mp-753848
Rh2Se2,0.7944699612784532,https://elagente.ca/grafico/ConceptualAtoms_c5e6a9dc-1d5b-49a5-bfb6-22726ef0ad3f,https://elagente.ca/ontomlff/MLFFElasticityResult_b1eacd23-a841-41eb-81da-6ffc38833580,[],[],0.19016980881004175,eV/Å^3,0.5283527102971106,/scratch/kenko/akg4pyscf/.graphchat-workspaces/kenko_room/mlff_elasticity_benchmark/workflow_runs/Orb_OMAT/elasticity_Orb_OMAT/structures/Rh2Se2_3c83e63c/output.json,mp-900,cif,https://elagente.ca/grafico/ConceptualAtoms_c5e6a9dc-1d5b-49a5-bfb6-22726ef0ad3f,mp-900
H4Cl2Hg2N2,0.382400410578461,https://elagente.ca/grafico/ConceptualAtoms_c6090955-1fb3-4f8e-b7b6-627492ec071e,https://elagente.ca/ontomlff/MLFFElasticityResult_e509a0fe-4600-4468-a2ca-3d9c4ce63812,[],[],0.1965435636499721,eV/Å^3,0.503388037110682,/scratch/kenko/akg4pyscf/.graphchat-workspaces/kenko_room/mlff_elasticity_benchmark/workflow_runs/Orb_OMAT/elasticity_Orb_OMAT/structures/H4Cl2Hg2N2_f3ef093e/output.json,mp-643754,cif,https://elagente.ca/grafico/ConceptualAtoms_c6090955-1fb3-4f8e-b7b6-627492ec071e,mp-643754
BiNaTl2,0.17305523795830768,https://elagente.ca/grafico/ConceptualAtoms_c625240d-44eb-428b-b3d9-97bb156f0d81,https://elagente.ca/ontomlff/MLFFElasticityResult_1ce2d7c2-c029-403e-9827-243b4dbbe376,[],[],0.007970131681530337,eV/Å^3,0.023548877233443802,/scratch/kenko/akg4pyscf/.graphchat-workspaces/kenko_room/mlff_elasticity_benchmark/workflow_runs/Orb_OMAT/elasticity_Orb_OMAT/structures/BiNaTl2_b88e80c3/output.json,mp-865145,cif,https://elagente.ca/grafico/ConceptualAtoms_c625240d-44eb-428b-b3d9-97bb156f0d81,mp-865145
CaLi2Sn,0.198276262392987,https://elagente.ca/grafico/ConceptualAtoms_c6376715-6d29-426c-8dcf-8628203e6059,https://elagente.ca/ontomlff/MLFFElasticityResult_5a09c6ee-6f26-4b9b-809f-e04ac3e5eabe,[],[],0.20114991129959542,eV/Å^3,0.4509533659940673,/scratch/kenko/akg4pyscf/.graphchat-workspaces/kenko_room/mlff_elasticity_benchmark/workflow_runs/Orb_OMAT/elasticity_Orb_OMAT/structures/CaLi2Sn_18a24eda/output.json,mp-865964,cif,https://elagente.ca/grafico/ConceptualAtoms_c6376715-6d29-426c-8dcf-8628203e6059,mp-865964
BN,0.6554039355020999,https://elagente.ca/grafico/ConceptualAtoms_c6413572-df4b-4c77-98c9-3eafcd2c8466,https://elagente.ca/ontomlff/MLFFElasticityResult_4b4ffc17-f258-4147-98e5-833929461e5b,[],[],0.4744026229628937,eV/Å^3,1.1465670616108747,/scratch/kenko/akg4pyscf/.graphchat-workspaces/kenko_room/mlff_elasticity_benchmark/workflow_runs/Orb_OMAT/elasticity_Orb_OMAT/structures/BN_22f39b61/output.json,mp-13150,cif,https://elagente.ca/grafico/ConceptualAtoms_c6413572-df4b-4c77-98c9-3eafcd2c8466,mp-13150
AlLi2Rh,0.4799789002114819,https://elagente.ca/grafico/ConceptualAtoms_c6454e82-26d1-40db-beba-2403c59a0726,https://elagente.ca/ontomlff/MLFFElasticityResult_3e213aef-eec8-4c2c-92de-628fae1559bd,[],[],0.23746236896727296,eV/Å^3,0.6115374444140399,/scratch/kenko/akg4pyscf/.graphchat-workspaces/kenko_room/mlff_elasticity_benchmark/workflow_runs/Orb_OMAT/elasticity_Orb_OMAT/structures/AlLi2Rh_a87e83bf/output.json,mp-30820,cif,https://elagente.ca/grafico/ConceptualAtoms_c6454e82-26d1-40db-beba-2403c59a0726,mp-30820
Mg3Pa,0.2486404204812575,https://elagente.ca/grafico/ConceptualAtoms_c750b0b1-6bb2-483e-80a3-86675c9c2750,https://elagente.ca/ontomlff/MLFFElasticityResult_7b314acd-c076-42fe-9ee9-6a042aa272de,[],[],0.17486101512967434,eV/Å^3,0.424962183682283,/scratch/kenko/akg4pyscf/.graphchat-workspaces/kenko_room/mlff_elasticity_benchmark/workflow_runs/Orb_OMAT/elasticity_Orb_OMAT/structures/Mg3Pa_5ee1ba83/output.json,mp-978291,cif,https://elagente.ca/grafico/ConceptualAtoms_c750b0b1-6bb2-483e-80a3-86675c9c2750,mp-978291
Ag4Ca2,0.26955078796396736,https://elagente.ca/grafico/ConceptualAtoms_c7b13c45-b501-4706-a94b-34cec8e1805f,https://elagente.ca/ontomlff/MLFFElasticityResult_41f7983b-5a87-4011-80d4-8f569b7a60a8,[],[],0.13216130509761648,eV/Å^3,0.34078762449427313,/scratch/kenko/akg4pyscf/.graphchat-workspaces/kenko_room/mlff_elasticity_benchmark/workflow_runs/Orb_OMAT/elasticity_Orb_OMAT/structures/Ag4Ca2_8ec87fd3/output.json,mp-13270,cif,https://elagente.ca/grafico/ConceptualAtoms_c7b13c45-b501-4706-a94b-34cec8e1805f,mp-13270
Cu2Ge2Ti2,0.766166070114457,https://elagente.ca/grafico/ConceptualAtoms_c832164e-1d2c-4dbb-8bb5-8fc62b39cb98,https://elagente.ca/ontomlff/MLFFElasticityResult_00433fe8-424f-41da-bd19-655c9686d44b,[],[],0.4090177549772448,eV/Å^3,1.0416853564546205,/scratch/kenko/akg4pyscf/.graphchat-workspaces/kenko_room/mlff_elasticity_benchmark/workflow_runs/Orb_OMAT/elasticity_Orb_OMAT/structures/Cu2Ge2Ti2_d76497ef/output.json,mp-753490,cif,https://elagente.ca/grafico/ConceptualAtoms_c832164e-1d2c-4dbb-8bb5-8fc62b39cb98,mp-753490
ScTc2W,1.2002357154412213,https://elagente.ca/grafico/ConceptualAtoms_c835323c-2617-48f3-899d-9356d94c98fa,https://elagente.ca/ontomlff/MLFFElasticityResult_cc7a45af-9742-44b3-a48a-48c578039f64,[],[],0.5877965236928244,eV/Å^3,1.5159230910522001,/scratch/kenko/akg4pyscf/.graphchat-workspaces/kenko_room/mlff_elasticity_benchmark/workflow_runs/Orb_OMAT/elasticity_Orb_OMAT/structures/ScTc2W_9c187436/output.json,mp-862725,cif,https://elagente.ca/grafico/ConceptualAtoms_c835323c-2617-48f3-899d-9356d94c98fa,mp-862725
BSb,0.5879253980780597,https://elagente.ca/grafico/ConceptualAtoms_c90ede05-e1f0-4d0b-9866-0f32a442b078,https://elagente.ca/ontomlff/MLFFElasticityResult_09da7b97-ae04-4f52-acb1-e9355d1ec4bd,[],[],0.522946594502403,eV/Å^3,1.2100645851552192,/scratch/kenko/akg4pyscf/.graphchat-workspaces/kenko_room/mlff_elasticity_benchmark/workflow_runs/Orb_OMAT/elasticity_Orb_OMAT/structures/BSb_f8d9b31d/output.json,mp-997618,cif,https://elagente.ca/grafico/ConceptualAtoms_c90ede05-e1f0-4d0b-9866-0f32a442b078,mp-997618
ClNbRu2,0.9271439542121267,https://elagente.ca/grafico/ConceptualAtoms_c9b39749-0253-4450-a813-9ae07af7423a,https://elagente.ca/ontomlff/MLFFElasticityResult_d42b266e-c7c2-49c9-869e-ac2ee38193a0,[],[],-0.021364861093792265,eV/Å^3,-0.064590720464969,/scratch/kenko/akg4pyscf/.graphchat-workspaces/kenko_room/mlff_elasticity_benchmark/workflow_runs/Orb_OMAT/elasticity_Orb_OMAT/structures/ClNbRu2_c0735781/output.json,mp-631412,cif,https://elagente.ca/grafico/ConceptualAtoms_c9b39749-0253-4450-a813-9ae07af7423a,mp-631412
HfRe2Ta,1.3673887186376619,https://elagente.ca/grafico/ConceptualAtoms_c9b830ca-d7c4-4777-9fd3-c1bd520f4b41,https://elagente.ca/ontomlff/MLFFElasticityResult_3bf8952d-3bdb-49b9-b961-fa87eb768e3a,[],[],0.7137831208365117,eV/Å^3,1.8239749586401992,/scratch/kenko/akg4pyscf/.graphchat-workspaces/kenko_room/mlff_elasticity_benchmark/workflow_runs/Orb_OMAT/elasticity_Orb_OMAT/structures/HfRe2Ta_cac8d127/output.json,mp-865025,cif,https://elagente.ca/grafico/ConceptualAtoms_c9b830ca-d7c4-4777-9fd3-c1bd520f4b41,mp-865025
Ba2N4Ti2,0.8499386085958724,https://elagente.ca/grafico/ConceptualAtoms_c9d6fe66-9542-4166-b2b8-4153c839f3ed,https://elagente.ca/ontomlff/MLFFElasticityResult_29383121-8dad-4eb6-a33a-047bdbd51f96,[],[],0.512106193301668,eV/Å^3,1.279369430074015,/scratch/kenko/akg4pyscf/.graphchat-workspaces/kenko_room/mlff_elasticity_benchmark/workflow_runs/Orb_OMAT/elasticity_Orb_OMAT/structures/Ba2N4Ti2_d373f2ce/output.json,mp-1029374,cif,https://elagente.ca/grafico/ConceptualAtoms_c9d6fe66-9542-4166-b2b8-4153c839f3ed,mp-1029374
AlNi2Ta,1.0735004212604804,https://elagente.ca/grafico/ConceptualAtoms_ca721c28-9d98-4988-87b9-98b3bae2642e,https://elagente.ca/ontomlff/MLFFElasticityResult_5079bc4e-ad7d-4753-93c7-71c142cc05a0,[],[],0.4050464732899165,eV/Å^3,1.0793839500020774,/scratch/kenko/akg4pyscf/.graphchat-workspaces/kenko_room/mlff_elasticity_benchmark/workflow_runs/Orb_OMAT/elasticity_Orb_OMAT/structures/AlNi2Ta_3c625ed6/output.json,mp-5921,cif,https://elagente.ca/grafico/ConceptualAtoms_ca721c28-9d98-4988-87b9-98b3bae2642e,mp-5921
CB2Rh2Tb,1.285877261699261,https://elagente.ca/grafico/ConceptualAtoms_ca8bf299-d02b-4968-bda9-91a31229b7e7,https://elagente.ca/ontomlff/MLFFElasticityResult_2d5fd005-fb0d-4b36-abc3-b32146b4130c,[],[],0.547772885599064,eV/Å^3,1.4389865988184665,/scratch/kenko/akg4pyscf/.graphchat-workspaces/kenko_room/mlff_elasticity_benchmark/workflow_runs/Orb_OMAT/elasticity_Orb_OMAT/structures/CB2Rh2Tb_6c1c5378/output.json,mp-12736,cif,https://elagente.ca/grafico/ConceptualAtoms_ca8bf299-d02b-4968-bda9-91a31229b7e7,mp-12736
B6Cr10,1.5740066830205235,https://elagente.ca/grafico/ConceptualAtoms_caa381d3-aa57-4902-bb68-a63f517099a9,https://elagente.ca/ontomlff/MLFFElasticityResult_71cce0e9-587e-4716-a6ef-4367d7fd20d9,[],[],1.1364833304594022,eV/Å^3,2.748055292045779,/scratch/kenko/akg4pyscf/.graphchat-workspaces/kenko_room/mlff_elasticity_benchmark/workflow_runs/Orb_OMAT/elasticity_Orb_OMAT/structures/B6Cr10_f2aecf73/output.json,mp-15617,cif,https://elagente.ca/grafico/ConceptualAtoms_caa381d3-aa57-4902-bb68-a63f517099a9,mp-15617
MgPm2Sn,0.28548987786890445,https://elagente.ca/grafico/ConceptualAtoms_cad21aa8-2417-4ba6-93f4-aba9d6671c71,https://elagente.ca/ontomlff/MLFFElasticityResult_7025a262-2859-43c8-92bd-5d9b1de20651,[],[],0.10897721944553608,eV/Å^3,0.2900284326835298,/scratch/kenko/akg4pyscf/.graphchat-workspaces/kenko_room/mlff_elasticity_benchmark/workflow_runs/Orb_OMAT/elasticity_Orb_OMAT/structures/MgPm2Sn_74a2ff4b/output.json,mp-863703,cif,https://elagente.ca/grafico/ConceptualAtoms_cad21aa8-2417-4ba6-93f4-aba9d6671c71,mp-863703
P4V8,1.1507906969931165,https://elagente.ca/grafico/ConceptualAtoms_cb123c4c-6d68-4061-847b-07104747008f,https://elagente.ca/ontomlff/MLFFElasticityResult_8257078b-1f7c-4252-a018-1d0ef0a58ae1,[],[],0.7695278015897375,eV/Å^3,1.8877967548096926,/scratch/kenko/akg4pyscf/.graphchat-workspaces/kenko_room/mlff_elasticity_benchmark/workflow_runs/Orb_OMAT/elasticity_Orb_OMAT/structures/P4V8_6a64c1ed/output.json,mp-20541,cif,https://elagente.ca/grafico/ConceptualAtoms_cb123c4c-6d68-4061-847b-07104747008f,mp-20541
BIn2Re,0.5989484672387493,https://elagente.ca/grafico/ConceptualAtoms_cb2f0665-bf99-44c7-9d69-933aed4d5a71,https://elagente.ca/ontomlff/MLFFElasticityResult_463c347c-0d31-47f5-b8b2-e83587a50136,[],[],0.1377068896936107,eV/Å^3,0.3837135743954747,/scratch/kenko/akg4pyscf/.graphchat-workspaces/kenko_room/mlff_elasticity_benchmark/workflow_runs/Orb_OMAT/elasticity_Orb_OMAT/structures/BIn2Re_5576d59f/output.json,mp-631547,cif,https://elagente.ca/grafico/ConceptualAtoms_cb2f0665-bf99-44c7-9d69-933aed4d5a71,mp-631547
SmTh3,0.2056571601660357,https://elagente.ca/grafico/ConceptualAtoms_cb7abd1f-c8e0-4e9c-87cb-07e4c170f502,https://elagente.ca/ontomlff/MLFFElasticityResult_281de13a-992a-40b3-b714-30bf111cd6de,[],[],0.15284421704320328,eV/Å^3,0.3674925953415963,/scratch/kenko/akg4pyscf/.graphchat-workspaces/kenko_room/mlff_elasticity_benchmark/workflow_runs/Orb_OMAT/elasticity_Orb_OMAT/structures/SmTh3_3f97bc05/output.json,mp-978507,cif,https://elagente.ca/grafico/ConceptualAtoms_cb7abd1f-c8e0-4e9c-87cb-07e4c170f502,mp-978507
Sm6Y2,0.12642538166261638,https://elagente.ca/grafico/ConceptualAtoms_cbf6e2ba-8d5a-4916-a243-0e6850490b47,https://elagente.ca/ontomlff/MLFFElasticityResult_85c703e6-d373-44e5-8fbb-4fa55e813f53,[],[],0.1274607530049949,eV/Å^3,0.286200728001845,/scratch/kenko/akg4pyscf/.graphchat-workspaces/kenko_room/mlff_elasticity_benchmark/workflow_runs/Orb_OMAT/elasticity_Orb_OMAT/structures/Sm6Y2_31daa3ba/output.json,mp-979234,cif,https://elagente.ca/grafico/ConceptualAtoms_cbf6e2ba-8d5a-4916-a243-0e6850490b47,mp-979234
InLi3,0.13986801975727875,https://elagente.ca/grafico/ConceptualAtoms_cc19fb26-c47c-48fd-b7a9-5259d2d76092,https://elagente.ca/ontomlff/MLFFElasticityResult_b7e063df-7f00-4199-89cb-7dace6637c38,[],[],0.03160413037179325,eV/Å^3,0.08817141420394876,/scratch/kenko/akg4pyscf/.graphchat-workspaces/kenko_room/mlff_elasticity_benchmark/workflow_runs/Orb_OMAT/elasticity_Orb_OMAT/structures/InLi3_ed4a34c9/output.json,mp-976055,cif,https://elagente.ca/grafico/ConceptualAtoms_cc19fb26-c47c-48fd-b7a9-5259d2d76092,mp-976055
Au2CaSi2,0.5534037198581316,https://elagente.ca/grafico/ConceptualAtoms_cc943004-c973-4eda-b948-8afbd6ee1acb,https://elagente.ca/ontomlff/MLFFElasticityResult_246d6f70-8e00-46db-a7f6-e9d1a67f3e97,[],[],0.23423574308162104,eV/Å^3,0.6158221601620456,/scratch/kenko/akg4pyscf/.graphchat-workspaces/kenko_room/mlff_elasticity_benchmark/workflow_runs/Orb_OMAT/elasticity_Orb_OMAT/structures/Au2CaSi2_70028dc4/output.json,mp-7364,cif,https://elagente.ca/grafico/ConceptualAtoms_cc943004-c973-4eda-b948-8afbd6ee1acb,mp-7364
Al3Ho3Ni3,0.5684614545272468,https://elagente.ca/grafico/ConceptualAtoms_cd694be8-d970-49fb-a65e-457cd9208af7,https://elagente.ca/ontomlff/MLFFElasticityResult_c5d8541c-d311-4c32-b10f-1a6f05522b15,[],[],0.23981686092254223,eV/Å^3,0.6307521087101702,/scratch/kenko/akg4pyscf/.graphchat-workspaces/kenko_room/mlff_elasticity_benchmark/workflow_runs/Orb_OMAT/elasticity_Orb_OMAT/structures/Al3Ho3Ni3_edca91ca/output.json,mp-2909,cif,https://elagente.ca/grafico/ConceptualAtoms_cd694be8-d970-49fb-a65e-457cd9208af7,mp-2909
Cl6Cs2Ge,0.16364765334323061,https://elagente.ca/grafico/ConceptualAtoms_cd872e6a-f7e5-4cdd-9821-83119d4f67cb,https://elagente.ca/ontomlff/MLFFElasticityResult_54a0a65e-0747-41d7-9afc-6ba3f2486daa,[],[],0.09508635861385265,eV/Å^3,0.23897428100209528,/scratch/kenko/akg4pyscf/.graphchat-workspaces/kenko_room/mlff_elasticity_benchmark/workflow_runs/Orb_OMAT/elasticity_Orb_OMAT/structures/Cl6Cs2Ge_c50e3427/output.json,mp-27882,cif,https://elagente.ca/grafico/ConceptualAtoms_cd872e6a-f7e5-4cdd-9821-83119d4f67cb,mp-27882
Cl3MnTl,0.21088065398634231,https://elagente.ca/grafico/ConceptualAtoms_cda1793d-1df0-480e-b6d8-fdc7000f40a8,https://elagente.ca/ontomlff/MLFFElasticityResult_18445061-33b4-48de-b994-6475acc5a497,[],[],0.09385053422485662,eV/Å^3,0.245179901023594,/scratch/kenko/akg4pyscf/.graphchat-workspaces/kenko_room/mlff_elasticity_benchmark/workflow_runs/Orb_OMAT/elasticity_Orb_OMAT/structures/Cl3MnTl_5fb26895/output.json,mp-570290,cif,https://elagente.ca/grafico/ConceptualAtoms_cda1793d-1df0-480e-b6d8-fdc7000f40a8,mp-570290
CRe2Si2Y2,1.007557734804696,https://elagente.ca/grafico/ConceptualAtoms_cdd5bad3-678e-4095-a984-789463f5ef49,https://elagente.ca/ontomlff/MLFFElasticityResult_b576d72d-f528-4697-8e4b-2ed03c8b7856,[],[],0.48951454335811173,eV/Å^3,1.2638639500278208,/scratch/kenko/akg4pyscf/.graphchat-workspaces/kenko_room/mlff_elasticity_benchmark/workflow_runs/Orb_OMAT/elasticity_Orb_OMAT/structures/CRe2Si2Y2_223b7bf1/output.json,mp-1025205,cif,https://elagente.ca/grafico/ConceptualAtoms_cdd5bad3-678e-4095-a984-789463f5ef49,mp-1025205
Ni2Si2Yb,0.8772486515619118,https://elagente.ca/grafico/ConceptualAtoms_cde0232b-27f9-4756-b104-d9d4603cba99,https://elagente.ca/ontomlff/MLFFElasticityResult_0de20a5a-fd60-4342-8c85-d6ce8f0f0553,[],[],0.4948387188269131,eV/Å^3,1.2495645560414395,/scratch/kenko/akg4pyscf/.graphchat-workspaces/kenko_room/mlff_elasticity_benchmark/workflow_runs/Orb_OMAT/elasticity_Orb_OMAT/structures/Ni2Si2Yb_d94c02cd/output.json,mp-5916,cif,https://elagente.ca/grafico/ConceptualAtoms_cde0232b-27f9-4756-b104-d9d4603cba99,mp-5916
Ba3Br2In2O5,0.4580129459416326,https://elagente.ca/grafico/ConceptualAtoms_cdf94d24-d444-418b-bf03-1b3bb8103c18,https://elagente.ca/ontomlff/MLFFElasticityResult_69288337-5104-41bf-ae2b-4f8d202fa309,[],[],0.2626457680122819,eV/Å^3,0.661493640043056,/scratch/kenko/akg4pyscf/.graphchat-workspaces/kenko_room/mlff_elasticity_benchmark/workflow_runs/Orb_OMAT/elasticity_Orb_OMAT/structures/Ba3Br2In2O5_8a5a24ac/output.json,mp-556004,cif,https://elagente.ca/grafico/ConceptualAtoms_cdf94d24-d444-418b-bf03-1b3bb8103c18,mp-556004
Al4Sr2,0.2695394951525073,https://elagente.ca/grafico/ConceptualAtoms_ce43833b-0001-4c69-86d4-b9a29a43b2cf,https://elagente.ca/ontomlff/MLFFElasticityResult_70e2d034-c99a-4756-a0af-ef293b1ca6cb,[],[],0.26661838479747135,eV/Å^3,0.6015210986736369,/scratch/kenko/akg4pyscf/.graphchat-workspaces/kenko_room/mlff_elasticity_benchmark/workflow_runs/Orb_OMAT/elasticity_Orb_OMAT/structures/Al4Sr2_6c85325d/output.json,mp-1638,cif,https://elagente.ca/grafico/ConceptualAtoms_ce43833b-0001-4c69-86d4-b9a29a43b2cf,mp-1638
Li8Si8,0.32218081592821807,https://elagente.ca/grafico/ConceptualAtoms_ce75d7f7-7fb5-46b4-b162-324c7acb395a,https://elagente.ca/ontomlff/MLFFElasticityResult_19f9b291-5c77-42d4-9b50-b708c227b90f,[],[],0.21993179869776935,eV/Å^3,0.5374918663997471,/scratch/kenko/akg4pyscf/.graphchat-workspaces/kenko_room/mlff_elasticity_benchmark/workflow_runs/Orb_OMAT/elasticity_Orb_OMAT/structures/Li8Si8_ca77eb19/output.json,mp-795,cif,https://elagente.ca/grafico/ConceptualAtoms_ce75d7f7-7fb5-46b4-b162-324c7acb395a,mp-795
As8O20,0.9224873190519691,https://elagente.ca/grafico/ConceptualAtoms_ce985b6f-c14d-4de6-9aee-4f2f4ac09207,https://elagente.ca/ontomlff/MLFFElasticityResult_688bf962-4577-41c2-bb1e-827229dbec6f,[],[],0.7267565512091968,eV/Å^3,1.72679908492013,/scratch/kenko/akg4pyscf/.graphchat-workspaces/kenko_room/mlff_elasticity_benchmark/workflow_runs/Orb_OMAT/elasticity_Orb_OMAT/structures/As8O20_27b18d85/output.json,mp-555434,cif,https://elagente.ca/grafico/ConceptualAtoms_ce985b6f-c14d-4de6-9aee-4f2f4ac09207,mp-555434
Ir2Li12N8,0.6941123822128863,https://elagente.ca/grafico/ConceptualAtoms_ceaf5bdf-b52b-4d52-bb0c-17ea326322c6,https://elagente.ca/ontomlff/MLFFElasticityResult_6182eb7b-497c-484d-90a9-5960e11635ed,[],[],0.44659021013273675,eV/Å^3,1.103176864366483,/scratch/kenko/akg4pyscf/.graphchat-workspaces/kenko_room/mlff_elasticity_benchmark/workflow_runs/Orb_OMAT/elasticity_Orb_OMAT/structures/Ir2Li12N8_87564c59/output.json,mp-1029726,cif,https://elagente.ca/grafico/ConceptualAtoms_ceaf5bdf-b52b-4d52-bb0c-17ea326322c6,mp-1029726
O6Sm2,0.5714898801046278,https://elagente.ca/grafico/ConceptualAtoms_ced2bc09-ed13-4111-8694-f2b9867216a0,https://elagente.ca/ontomlff/MLFFElasticityResult_83259c49-8c98-4aef-806b-3d52e0fc90da,[],[],0.2306822757150057,eV/Å^3,0.6099746066301899,/scratch/kenko/akg4pyscf/.graphchat-workspaces/kenko_room/mlff_elasticity_benchmark/workflow_runs/Orb_OMAT/elasticity_Orb_OMAT/structures/O6Sm2_50a19cca/output.json,mp-1025421,cif,https://elagente.ca/grafico/ConceptualAtoms_ced2bc09-ed13-4111-8694-f2b9867216a0,mp-1025421
Cr3Ge3Nb3,1.0412436617819363,https://elagente.ca/grafico/ConceptualAtoms_cef1a9cb-ee72-48da-a3c6-b48469732ee2,https://elagente.ca/ontomlff/MLFFElasticityResult_68d33c86-598a-4369-b944-18d77382e01c,[],[],0.7355372842938872,eV/Å^3,1.7860540744738889,/scratch/kenko/akg4pyscf/.graphchat-workspaces/kenko_room/mlff_elasticity_benchmark/workflow_runs/Orb_OMAT/elasticity_Orb_OMAT/structures/Cr3Ge3Nb3_8f92c73b/output.json,mp-21440,cif,https://elagente.ca/grafico/ConceptualAtoms_cef1a9cb-ee72-48da-a3c6-b48469732ee2,mp-21440
Zr6,0.48406462838211806,https://elagente.ca/grafico/ConceptualAtoms_cf12f685-b39b-4fec-abe0-f5a2994e34a9,https://elagente.ca/ontomlff/MLFFElasticityResult_f1659311-1703-4928-bd1b-a991e2218c02,[],[],0.15786047658155036,eV/Å^3,0.4271483452620683,/scratch/kenko/akg4pyscf/.graphchat-workspaces/kenko_room/mlff_elasticity_benchmark/workflow_runs/Orb_OMAT/elasticity_Orb_OMAT/structures/Zr6_e81b47a2/output.json,mp-1077723,cif,https://elagente.ca/grafico/ConceptualAtoms_cf12f685-b39b-4fec-abe0-f5a2994e34a9,mp-1077723
ErGaRh2,0.8012743007241896,https://elagente.ca/grafico/ConceptualAtoms_cff356b2-3d7f-4efa-9a26-0e9a74dede1b,https://elagente.ca/ontomlff/MLFFElasticityResult_17cc4952-298b-4a0a-90fe-8ed97047bc8d,[],[],0.38586439892157687,eV/Å^3,0.997477042208577,/scratch/kenko/akg4pyscf/.graphchat-workspaces/kenko_room/mlff_elasticity_benchmark/workflow_runs/Orb_OMAT/elasticity_Orb_OMAT/structures/ErGaRh2_9f8b2bfb/output.json,mp-863711,cif,https://elagente.ca/grafico/ConceptualAtoms_cff356b2-3d7f-4efa-9a26-0e9a74dede1b,mp-863711
O3RbSb,0.7373883904131723,https://elagente.ca/grafico/ConceptualAtoms_d03d6378-a1f2-4c9c-8856-a7a3fd1d649e,https://elagente.ca/ontomlff/MLFFElasticityResult_8a5cc003-25b5-4bc8-8c98-e3e52e0cdfa1,[],[],0.6518426047696433,eV/Å^3,1.5104534835559453,/scratch/kenko/akg4pyscf/.graphchat-workspaces/kenko_room/mlff_elasticity_benchmark/workflow_runs/Orb_OMAT/elasticity_Orb_OMAT/structures/O3RbSb_6c0e6db2/output.json,mp-975206,cif,https://elagente.ca/grafico/ConceptualAtoms_d03d6378-a1f2-4c9c-8856-a7a3fd1d649e,mp-975206
O8Zr4,1.302035642637084,https://elagente.ca/grafico/ConceptualAtoms_d0f399d7-787b-4348-987f-105e9dfe250d,https://elagente.ca/ontomlff/MLFFElasticityResult_8ccb0114-7cce-4b28-a035-badc979ce217,[],[],0.6567133803978871,eV/Å^3,1.6865836334730415,/scratch/kenko/akg4pyscf/.graphchat-workspaces/kenko_room/mlff_elasticity_benchmark/workflow_runs/Orb_OMAT/elasticity_Orb_OMAT/structures/O8Zr4_f530816c/output.json,mp-755089,cif,https://elagente.ca/grafico/ConceptualAtoms_d0f399d7-787b-4348-987f-105e9dfe250d,mp-755089
Al13Pd13,0.9188212814945911,https://elagente.ca/grafico/ConceptualAtoms_d0f8347a-acd0-4376-8ba9-19aa2f3283c4,https://elagente.ca/ontomlff/MLFFElasticityResult_2a3a7574-33c4-43a4-8922-8bc233145e15,[],[],0.3904938934043149,eV/Å^3,1.0261170199728047,/scratch/kenko/akg4pyscf/.graphchat-workspaces/kenko_room/mlff_elasticity_benchmark/workflow_runs/Orb_OMAT/elasticity_Orb_OMAT/structures/Al13Pd13_e5a097ba/output.json,mp-669546,cif,https://elagente.ca/grafico/ConceptualAtoms_d0f8347a-acd0-4376-8ba9-19aa2f3283c4,mp-669546
CaCl6Cs2Na,0.11478392550020619,https://elagente.ca/grafico/ConceptualAtoms_d1f11f07-8489-4d42-bd0f-ca3df05692f3,https://elagente.ca/ontomlff/MLFFElasticityResult_798e7e18-7f40-4d85-8036-dfd522b22d50,[],[],0.03887197022648741,eV/Å^3,0.1047870763585693,/scratch/kenko/akg4pyscf/.graphchat-workspaces/kenko_room/mlff_elasticity_benchmark/workflow_runs/Orb_OMAT/elasticity_Orb_OMAT/structures/CaCl6Cs2Na_44cf43ba/output.json,mp-989644,cif,https://elagente.ca/grafico/ConceptualAtoms_d1f11f07-8489-4d42-bd0f-ca3df05692f3,mp-989644
BaMn2P2,0.5925798741953205,https://elagente.ca/grafico/ConceptualAtoms_d2172044-e12a-4f1f-ad9f-b571d0cfae3a,https://elagente.ca/ontomlff/MLFFElasticityResult_808a316e-951e-4c2d-9b65-c4313d1a097c,[],[],0.36311260274208174,eV/Å^3,0.9045738707014231,/scratch/kenko/akg4pyscf/.graphchat-workspaces/kenko_room/mlff_elasticity_benchmark/workflow_runs/Orb_OMAT/elasticity_Orb_OMAT/structures/BaMn2P2_f84e64cb/output.json,mp-19857,cif,https://elagente.ca/grafico/ConceptualAtoms_d2172044-e12a-4f1f-ad9f-b571d0cfae3a,mp-19857
Ba4O16Si4Ti2,0.8072126019007091,https://elagente.ca/grafico/ConceptualAtoms_d23cc256-e8a2-49e7-b7fe-1b665aa1793a,https://elagente.ca/ontomlff/MLFFElasticityResult_9d5f29ff-7391-40a0-9cee-a5d1c7ff7260,[],[],0.5063146356348527,eV/Å^3,1.2562813308611487,/scratch/kenko/akg4pyscf/.graphchat-workspaces/kenko_room/mlff_elasticity_benchmark/workflow_runs/Orb_OMAT/elasticity_Orb_OMAT/structures/Ba4O16Si4Ti2_47b0de0f/output.json,mp-6081,cif,https://elagente.ca/grafico/ConceptualAtoms_d23cc256-e8a2-49e7-b7fe-1b665aa1793a,mp-6081
H30Th8,0.64901997523037,https://elagente.ca/grafico/ConceptualAtoms_d2796428-ce2d-4c81-bc82-c20aaab32ee2,https://elagente.ca/ontomlff/MLFFElasticityResult_e8c74cea-e927-4f2b-b215-e100731e9188,[],[],0.4781228002420086,eV/Å^3,1.15158383814429,/scratch/kenko/akg4pyscf/.graphchat-workspaces/kenko_room/mlff_elasticity_benchmark/workflow_runs/Orb_OMAT/elasticity_Orb_OMAT/structures/H30Th8_121523e9/output.json,mp-24202,cif,https://elagente.ca/grafico/ConceptualAtoms_d2796428-ce2d-4c81-bc82-c20aaab32ee2,mp-24202
Cs2Pt4Se6,0.3638697591098301,https://elagente.ca/grafico/ConceptualAtoms_d284fc5d-6060-4c48-89ec-a205206877f9,https://elagente.ca/ontomlff/MLFFElasticityResult_1dea0b46-3458-41a7-a9cd-1e62ce16dc40,[],[],0.17531440212324523,eV/Å^3,0.45316422191242234,/scratch/kenko/akg4pyscf/.graphchat-workspaces/kenko_room/mlff_elasticity_benchmark/workflow_runs/Orb_OMAT/elasticity_Orb_OMAT/structures/Cs2Pt4Se6_877c1d25/output.json,mp-573316,cif,https://elagente.ca/grafico/ConceptualAtoms_d284fc5d-6060-4c48-89ec-a205206877f9,mp-573316
CTh,0.7853643699276499,https://elagente.ca/grafico/ConceptualAtoms_d342d0ca-57d1-46e7-8bd6-08c566e95ff1,https://elagente.ca/ontomlff/MLFFElasticityResult_4e6ae2bd-d9dd-4af8-807b-78ca2c6dd1a9,[],[],0.4749616797153482,eV/Å^3,1.1858342817730279,/scratch/kenko/akg4pyscf/.graphchat-workspaces/kenko_room/mlff_elasticity_benchmark/workflow_runs/Orb_OMAT/elasticity_Orb_OMAT/structures/CTh_da821ac4/output.json,mp-1164,cif,https://elagente.ca/grafico/ConceptualAtoms_d342d0ca-57d1-46e7-8bd6-08c566e95ff1,mp-1164
In3MgSr,0.20391468316598793,https://elagente.ca/grafico/ConceptualAtoms_d353c5ed-703a-4eee-bef2-bd71f9ff534c,https://elagente.ca/ontomlff/MLFFElasticityResult_7c2c95f8-4ae7-4f15-a37a-1fa355529cd2,[],[],0.13461581604434822,eV/Å^3,0.33100825045143323,/scratch/kenko/akg4pyscf/.graphchat-workspaces/kenko_room/mlff_elasticity_benchmark/workflow_runs/Orb_OMAT/elasticity_Orb_OMAT/structures/In3MgSr_2c2f62fc/output.json,mp-571443,cif,https://elagente.ca/grafico/ConceptualAtoms_d353c5ed-703a-4eee-bef2-bd71f9ff534c,mp-571443
IrTi,1.2324486850111018,https://elagente.ca/grafico/ConceptualAtoms_d3a54d34-7ba7-4d79-b9a6-d22753e7d22a,https://elagente.ca/ontomlff/MLFFElasticityResult_7bca76e0-98af-4add-9ba4-d6363abd958e,[],[],0.5441656339989673,eV/Å^3,1.4230553686932,/scratch/kenko/akg4pyscf/.graphchat-workspaces/kenko_room/mlff_elasticity_benchmark/workflow_runs/Orb_OMAT/elasticity_Orb_OMAT/structures/IrTi_1ee52b5b/output.json,mp-1235,cif,https://elagente.ca/grafico/ConceptualAtoms_d3a54d34-7ba7-4d79-b9a6-d22753e7d22a,mp-1235
C21Si21,1.273794491491837,https://elagente.ca/grafico/ConceptualAtoms_d3a7e1d6-511a-4b91-9588-f42c287a24a7,https://elagente.ca/ontomlff/MLFFElasticityResult_d577147d-b4fa-42d2-a70d-fa7487b92e53,[],[],1.2128774064315708,eV/Å^3,2.7619961224579233,/scratch/kenko/akg4pyscf/.graphchat-workspaces/kenko_room/mlff_elasticity_benchmark/workflow_runs/Orb_OMAT/elasticity_Orb_OMAT/structures/C21Si21_3e508a99/output.json,mp-582034,cif,https://elagente.ca/grafico/ConceptualAtoms_d3a7e1d6-511a-4b91-9588-f42c287a24a7,mp-582034
Ba3O7Zr2,0.7687642689122669,https://elagente.ca/grafico/ConceptualAtoms_d3ae7cad-9f77-411a-835b-85642c022470,https://elagente.ca/ontomlff/MLFFElasticityResult_e0e1fffb-368b-489d-b22d-0de7bc900c24,[],[],0.48016434236188327,eV/Å^3,1.1922662107317035,/scratch/kenko/akg4pyscf/.graphchat-workspaces/kenko_room/mlff_elasticity_benchmark/workflow_runs/Orb_OMAT/elasticity_Orb_OMAT/structures/Ba3O7Zr2_fe7fb95c/output.json,mp-755895,cif,https://elagente.ca/grafico/ConceptualAtoms_d3ae7cad-9f77-411a-835b-85642c022470,mp-755895
Ag2MgSc,0.3978948633752083,https://elagente.ca/grafico/ConceptualAtoms_d3ca5344-4c56-4e07-8902-b19f626fb003,https://elagente.ca/ontomlff/MLFFElasticityResult_067742c2-0697-4b32-bb6e-424b4a7553dd,[],[],0.16773468662486163,eV/Å^3,0.44120642495576406,/scratch/kenko/akg4pyscf/.graphchat-workspaces/kenko_room/mlff_elasticity_benchmark/workflow_runs/Orb_OMAT/elasticity_Orb_OMAT/structures/Ag2MgSc_f94d0ad6/output.json,mp-977554,cif,https://elagente.ca/grafico/ConceptualAtoms_d3ca5344-4c56-4e07-8902-b19f626fb003,mp-977554
N3Na,0.1475420567665451,https://elagente.ca/grafico/ConceptualAtoms_d3f4d068-66d3-4614-a471-abd2bf1328fa,https://elagente.ca/ontomlff/MLFFElasticityResult_f32a8f7a-d68c-4644-b431-92dbeef86fb0,[],[],0.08372310086935482,eV/Å^3,0.21121736573003463,/scratch/kenko/akg4pyscf/.graphchat-workspaces/kenko_room/mlff_elasticity_benchmark/workflow_runs/Orb_OMAT/elasticity_Orb_OMAT/structures/N3Na_77bbfdc4/output.json,mp-1064272,cif,https://elagente.ca/grafico/ConceptualAtoms_d3f4d068-66d3-4614-a471-abd2bf1328fa,mp-1064272
Cr2N6Sr6,0.5205032436141979,https://elagente.ca/grafico/ConceptualAtoms_d44eef99-1ba7-41b0-85af-8ed758c758f9,https://elagente.ca/ontomlff/MLFFElasticityResult_c548b348-e47c-45f1-b9b3-7783360e7455,[],[],0.2992655132142398,eV/Å^3,0.7534053548092539,/scratch/kenko/akg4pyscf/.graphchat-workspaces/kenko_room/mlff_elasticity_benchmark/workflow_runs/Orb_OMAT/elasticity_Orb_OMAT/structures/Cr2N6Sr6_2afe280d/output.json,mp-12906,cif,https://elagente.ca/grafico/ConceptualAtoms_d44eef99-1ba7-41b0-85af-8ed758c758f9,mp-12906
Mg2Ni3P,0.7639858484440232,https://elagente.ca/grafico/ConceptualAtoms_d48d1905-64e9-44b5-b3ed-1f5f4396770e,https://elagente.ca/ontomlff/MLFFElasticityResult_bd6a6d33-eb16-4444-b56d-51f0475e1bd6,[],[],0.4134112077867801,eV/Å^3,1.050711777371662,/scratch/kenko/akg4pyscf/.graphchat-workspaces/kenko_room/mlff_elasticity_benchmark/workflow_runs/Orb_OMAT/elasticity_Orb_OMAT/structures/Mg2Ni3P_8f80a27c/output.json,mp-8969,cif,https://elagente.ca/grafico/ConceptualAtoms_d48d1905-64e9-44b5-b3ed-1f5f4396770e,mp-8969
Al18Co4,0.641160816322196,https://elagente.ca/grafico/ConceptualAtoms_d57d2521-eeb3-41cb-9b5e-481dc15157f4,https://elagente.ca/ontomlff/MLFFElasticityResult_bbafe379-2e53-4225-9592-9d0c499602b1,[],[],0.4332035925094485,eV/Å^3,1.060717667550632,/scratch/kenko/akg4pyscf/.graphchat-workspaces/kenko_room/mlff_elasticity_benchmark/workflow_runs/Orb_OMAT/elasticity_Orb_OMAT/structures/Al18Co4_62fc3007/output.json,mp-16488,cif,https://elagente.ca/grafico/ConceptualAtoms_d57d2521-eeb3-41cb-9b5e-481dc15157f4,mp-16488
Li8O12Ti4,1.0169113467282673,https://elagente.ca/grafico/ConceptualAtoms_d5c4db6e-6387-4e0e-aeea-3285931ed95f,https://elagente.ca/ontomlff/MLFFElasticityResult_71b39739-d2ce-455e-a276-43e0d15fc940,[],[],0.7118308277672516,eV/Å^3,1.7314836660645865,/scratch/kenko/akg4pyscf/.graphchat-workspaces/kenko_room/mlff_elasticity_benchmark/workflow_runs/Orb_OMAT/elasticity_Orb_OMAT/structures/Li8O12Ti4_66cc3763/output.json,mp-2931,cif,https://elagente.ca/grafico/ConceptualAtoms_d5c4db6e-6387-4e0e-aeea-3285931ed95f,mp-2931
NiTcW,1.1334163731230011,https://elagente.ca/grafico/ConceptualAtoms_d5ddd64b-62f8-4c99-af15-6fbc25aba88d,https://elagente.ca/ontomlff/MLFFElasticityResult_f58ba682-7de0-4562-9beb-033680b19ada,[],[],0.35545521344393705,eV/Å^3,0.9654404362411239,/scratch/kenko/akg4pyscf/.graphchat-workspaces/kenko_room/mlff_elasticity_benchmark/workflow_runs/Orb_OMAT/elasticity_Orb_OMAT/structures/NiTcW_eb2e829b/output.json,mp-631523,cif,https://elagente.ca/grafico/ConceptualAtoms_d5ddd64b-62f8-4c99-af15-6fbc25aba88d,mp-631523
Ge2S2U2,0.5520714524401331,https://elagente.ca/grafico/ConceptualAtoms_d5f8e178-9755-4fa6-9dff-c10bf89f5a7e,https://elagente.ca/ontomlff/MLFFElasticityResult_84716340-fb16-4840-8234-980973df10fd,[],[],0.3896848321228842,eV/Å^3,0.9463833073332407,/scratch/kenko/akg4pyscf/.graphchat-workspaces/kenko_room/mlff_elasticity_benchmark/workflow_runs/Orb_OMAT/elasticity_Orb_OMAT/structures/Ge2S2U2_ace40ca6/output.json,mp-20913,cif,https://elagente.ca/grafico/ConceptualAtoms_d5f8e178-9755-4fa6-9dff-c10bf89f5a7e,mp-20913
Mn2Si2Th,0.8403536045922457,https://elagente.ca/grafico/ConceptualAtoms_d60abaf5-23c5-482e-9dce-a6002c9ee55b,https://elagente.ca/ontomlff/MLFFElasticityResult_28d04898-8b94-47bc-a6b6-8c4677e95c21,[],[],0.5672257679170631,eV/Å^3,1.3891301388964585,/scratch/kenko/akg4pyscf/.graphchat-workspaces/kenko_room/mlff_elasticity_benchmark/workflow_runs/Orb_OMAT/elasticity_Orb_OMAT/structures/Mn2Si2Th_f4521fff/output.json,mp-4458,cif,https://elagente.ca/grafico/ConceptualAtoms_d60abaf5-23c5-482e-9dce-a6002c9ee55b,mp-4458
CdLi2Sb,0.2173375180296076,https://elagente.ca/grafico/ConceptualAtoms_d658ba84-ec69-4f04-b490-a04a56819fa1,https://elagente.ca/ontomlff/MLFFElasticityResult_1afd6369-8ed0-45be-ba44-82bbafc510d6,[],[],0.09578964365585951,eV/Å^3,0.2505584380616082,/scratch/kenko/akg4pyscf/.graphchat-workspaces/kenko_room/mlff_elasticity_benchmark/workflow_runs/Orb_OMAT/elasticity_Orb_OMAT/structures/CdLi2Sb_ab1d5ae0/output.json,mp-16271,cif,https://elagente.ca/grafico/ConceptualAtoms_d658ba84-ec69-4f04-b490-a04a56819fa1,mp-16271
MoOsTa2,1.428467107479369,https://elagente.ca/grafico/ConceptualAtoms_d6af8483-76e4-4ecb-a125-bda05e126411,https://elagente.ca/ontomlff/MLFFElasticityResult_7652dc4b-6669-42d4-b7a4-c4bdcdc4ca2f,[],[],0.8294515434870402,eV/Å^3,2.0848299068607323,/scratch/kenko/akg4pyscf/.graphchat-workspaces/kenko_room/mlff_elasticity_benchmark/workflow_runs/Orb_OMAT/elasticity_Orb_OMAT/structures/MoOsTa2_9f8aa0b8/output.json,mp-864770,cif,https://elagente.ca/grafico/ConceptualAtoms_d6af8483-76e4-4ecb-a125-bda05e126411,mp-864770
GaLi2Rh,0.4726001512412017,https://elagente.ca/grafico/ConceptualAtoms_d6f17084-b0e4-4354-b659-43eaf8dc337c,https://elagente.ca/ontomlff/MLFFElasticityResult_25ee90f2-8d33-4280-9a4a-bc3080348b62,[],[],0.20444626144579295,eV/Å^3,0.5360417737871737,/scratch/kenko/akg4pyscf/.graphchat-workspaces/kenko_room/mlff_elasticity_benchmark/workflow_runs/Orb_OMAT/elasticity_Orb_OMAT/structures/GaLi2Rh_d0cb06a0/output.json,mp-2988,cif,https://elagente.ca/grafico/ConceptualAtoms_d6f17084-b0e4-4354-b659-43eaf8dc337c,mp-2988
LiTbTl2,0.2585720431098059,https://elagente.ca/grafico/ConceptualAtoms_d6fe3d82-00df-41cb-a721-c2a1934a4800,https://elagente.ca/ontomlff/MLFFElasticityResult_88811b27-80c9-404a-8b3e-76958e79a064,[],[],0.14893589316202913,eV/Å^3,0.3748393073879994,/scratch/kenko/akg4pyscf/.graphchat-workspaces/kenko_room/mlff_elasticity_benchmark/workflow_runs/Orb_OMAT/elasticity_Orb_OMAT/structures/LiTbTl2_6c8c86e1/output.json,mp-977542,cif,https://elagente.ca/grafico/ConceptualAtoms_d6fe3d82-00df-41cb-a721-c2a1934a4800,mp-977542
Al8Li24N16,0.7507271507662043,https://elagente.ca/grafico/ConceptualAtoms_d71c13be-119d-49c3-a889-c088d8500b36,https://elagente.ca/ontomlff/MLFFElasticityResult_e9b12f08-2d53-4cbc-8543-9827dfca8878,[],[],0.7010774076614892,eV/Å^3,1.6039435847307988,/scratch/kenko/akg4pyscf/.graphchat-workspaces/kenko_room/mlff_elasticity_benchmark/workflow_runs/Orb_OMAT/elasticity_Orb_OMAT/structures/Al8Li24N16_17d9e0fb/output.json,mp-13944,cif,https://elagente.ca/grafico/ConceptualAtoms_d71c13be-119d-49c3-a889-c088d8500b36,mp-13944
Be2O2,1.3030234801891045,https://elagente.ca/grafico/ConceptualAtoms_d75a705e-e640-4025-bdc6-b865de4f8cbe,https://elagente.ca/ontomlff/MLFFElasticityResult_f853952c-e6aa-4252-a914-9f968414c7d8,[],[],1.0454434018243912,eV/Å^3,2.474538590077937,/scratch/kenko/akg4pyscf/.graphchat-workspaces/kenko_room/mlff_elasticity_benchmark/workflow_runs/Orb_OMAT/elasticity_Orb_OMAT/structures/Be2O2_fb741ce7/output.json,mp-2542,cif,https://elagente.ca/grafico/ConceptualAtoms_d75a705e-e640-4025-bdc6-b865de4f8cbe,mp-2542
AsNSr3,0.2985755141112463,https://elagente.ca/grafico/ConceptualAtoms_d7785bc1-9f0c-4308-88b9-061256a5e35f,https://elagente.ca/ontomlff/MLFFElasticityResult_32334ada-0f1b-4d83-b3f7-730a51e140a1,[],[],0.2445790205365555,eV/Å^3,0.5763610935330511,/scratch/kenko/akg4pyscf/.graphchat-workspaces/kenko_room/mlff_elasticity_benchmark/workflow_runs/Orb_OMAT/elasticity_Orb_OMAT/structures/AsNSr3_ccee6c76/output.json,mp-1013555,cif,https://elagente.ca/grafico/ConceptualAtoms_d7785bc1-9f0c-4308-88b9-061256a5e35f,mp-1013555
BiTe2Tl,0.22332996688619683,https://elagente.ca/grafico/ConceptualAtoms_d77b957e-3c98-40be-bccf-b3df448e313c,https://elagente.ca/ontomlff/MLFFElasticityResult_63b1e844-d209-4d49-af8e-a1b688d2160d,[],[],0.09771178525899214,eV/Å^3,0.2558255784755714,/scratch/kenko/akg4pyscf/.graphchat-workspaces/kenko_room/mlff_elasticity_benchmark/workflow_runs/Orb_OMAT/elasticity_Orb_OMAT/structures/BiTe2Tl_b13555f1/output.json,mp-27438,cif,https://elagente.ca/grafico/ConceptualAtoms_d77b957e-3c98-40be-bccf-b3df448e313c,mp-27438
CB2Rh2Y,1.274511802974816,https://elagente.ca/grafico/ConceptualAtoms_d7803581-f025-4eee-a939-c9ed4134012c,https://elagente.ca/ontomlff/MLFFElasticityResult_9dc17c0b-c23a-47e6-8524-ffa84feadb07,[],[],0.5377387070154096,eV/Å^3,1.4143089375015712,/scratch/kenko/akg4pyscf/.graphchat-workspaces/kenko_room/mlff_elasticity_benchmark/workflow_runs/Orb_OMAT/elasticity_Orb_OMAT/structures/CB2Rh2Y_faa9265c/output.json,mp-12737,cif,https://elagente.ca/grafico/ConceptualAtoms_d7803581-f025-4eee-a939-c9ed4134012c,mp-12737
Ca2O8Sn3,0.8413997533814712,https://elagente.ca/grafico/ConceptualAtoms_d78fb2e5-4b23-4483-b5f2-3f3dca0a18d0,https://elagente.ca/ontomlff/MLFFElasticityResult_7cc84a01-3cbf-47be-aa8c-6bdf8b912948,[],[],0.491920499303536,eV/Å^3,1.235069021880414,/scratch/kenko/akg4pyscf/.graphchat-workspaces/kenko_room/mlff_elasticity_benchmark/workflow_runs/Orb_OMAT/elasticity_Orb_OMAT/structures/Ca2O8Sn3_56e928d3/output.json,mp-1386610,cif,https://elagente.ca/grafico/ConceptualAtoms_d78fb2e5-4b23-4483-b5f2-3f3dca0a18d0,mp-1386610
O8Re2Zn,0.877614616415239,https://elagente.ca/grafico/ConceptualAtoms_d7a8652c-fe1c-456b-beac-b5776959bbdf,https://elagente.ca/ontomlff/MLFFElasticityResult_60de07a0-579f-406a-a603-a370497158bf,[],[],0.4153063673201415,eV/Å^3,1.0761643000488184,/scratch/kenko/akg4pyscf/.graphchat-workspaces/kenko_room/mlff_elasticity_benchmark/workflow_runs/Orb_OMAT/elasticity_Orb_OMAT/structures/O8Re2Zn_7bc1962c/output.json,mp-10326,cif,https://elagente.ca/grafico/ConceptualAtoms_d7a8652c-fe1c-456b-beac-b5776959bbdf,mp-10326
As4Rh6Sr,0.9940377418663264,https://elagente.ca/grafico/ConceptualAtoms_d820205a-7212-4b10-a2ca-7c82419f1e3a,https://elagente.ca/ontomlff/MLFFElasticityResult_2e2e80f0-a094-48c6-ba36-f12707ba8cb4,[],[],0.4411285666040883,eV/Å^3,1.1528504959735573,/scratch/kenko/akg4pyscf/.graphchat-workspaces/kenko_room/mlff_elasticity_benchmark/workflow_runs/Orb_OMAT/elasticity_Orb_OMAT/structures/As4Rh6Sr_af9b7f65/output.json,mp-16045,cif,https://elagente.ca/grafico/ConceptualAtoms_d820205a-7212-4b10-a2ca-7c82419f1e3a,mp-16045
Ho3In3Ir3,0.6713529291065203,https://elagente.ca/grafico/ConceptualAtoms_d83df119-7381-4e83-b9fc-74abd0e1eb29,https://elagente.ca/ontomlff/MLFFElasticityResult_06e609e3-8516-4974-bb3a-fcb4095fecfc,[],[],0.24940080259450867,eV/Å^3,0.6657612271077802,/scratch/kenko/akg4pyscf/.graphchat-workspaces/kenko_room/mlff_elasticity_benchmark/workflow_runs/Orb_OMAT/elasticity_Orb_OMAT/structures/Ho3In3Ir3_38fd3061/output.json,mp-13525,cif,https://elagente.ca/grafico/ConceptualAtoms_d83df119-7381-4e83-b9fc-74abd0e1eb29,mp-13525
B4TaZr,1.4802538348692273,https://elagente.ca/grafico/ConceptualAtoms_d8528623-fb20-4611-bba3-7a6d46fc3a01,https://elagente.ca/ontomlff/MLFFElasticityResult_1da1986d-ea2a-4735-90a6-ddfd417ac95c,[],[],1.317347878573244,eV/Å^3,3.0478898669929153,/scratch/kenko/akg4pyscf/.graphchat-workspaces/kenko_room/mlff_elasticity_benchmark/workflow_runs/Orb_OMAT/elasticity_Orb_OMAT/structures/B4TaZr_33243fc5/output.json,mp-1215209,cif,https://elagente.ca/grafico/ConceptualAtoms_d8528623-fb20-4611-bba3-7a6d46fc3a01,mp-1215209
B24UZr,1.397100429831517,https://elagente.ca/grafico/ConceptualAtoms_d8557110-9e39-43a5-b99d-bd174c9da0a1,https://elagente.ca/ontomlff/MLFFElasticityResult_063e0c82-0a9b-40b8-8355-d5086dc9d358,[],[],1.4422131827516567,eV/Å^3,3.218994112310969,/scratch/kenko/akg4pyscf/.graphchat-workspaces/kenko_room/mlff_elasticity_benchmark/workflow_runs/Orb_OMAT/elasticity_Orb_OMAT/structures/B24UZr_485e2ed0/output.json,mp-1215198,cif,https://elagente.ca/grafico/ConceptualAtoms_d8557110-9e39-43a5-b99d-bd174c9da0a1,mp-1215198
Al12Mo4,0.8000941138998494,https://elagente.ca/grafico/ConceptualAtoms_d8d05e81-2d98-48b9-88a1-377b5b1480a0,https://elagente.ca/ontomlff/MLFFElasticityResult_7cf55f67-3ad8-4a74-82ee-aa61209d3b9e,[],[],0.6127172438422503,eV/Å^3,1.4643490705143016,/scratch/kenko/akg4pyscf/.graphchat-workspaces/kenko_room/mlff_elasticity_benchmark/workflow_runs/Orb_OMAT/elasticity_Orb_OMAT/structures/Al12Mo4_217caefc/output.json,mp-571247,cif,https://elagente.ca/grafico/ConceptualAtoms_d8d05e81-2d98-48b9-88a1-377b5b1480a0,mp-571247
AlHfIr2,1.1915373835537473,https://elagente.ca/grafico/ConceptualAtoms_d8e0de2e-7789-4387-88e9-8c1afaa826c9,https://elagente.ca/ontomlff/MLFFElasticityResult_a118ade1-d873-4d1e-8789-f2fd59e115b0,[],[],-1.315095984941193,eV/Å^3,-6.241546077487605,/scratch/kenko/akg4pyscf/.graphchat-workspaces/kenko_room/mlff_elasticity_benchmark/workflow_runs/Orb_OMAT/elasticity_Orb_OMAT/structures/AlHfIr2_b839047e/output.json,mp-982870,cif,https://elagente.ca/grafico/ConceptualAtoms_d8e0de2e-7789-4387-88e9-8c1afaa826c9,mp-982870
HfNi2Si2,1.0666193907111794,https://elagente.ca/grafico/ConceptualAtoms_d905c515-b228-4e5e-9e51-76db89be985c,https://elagente.ca/ontomlff/MLFFElasticityResult_d11cf0e4-0517-40c2-99ea-45a15700a488,[],[],0.5898447682168485,eV/Å^3,1.4941167935139443,/scratch/kenko/akg4pyscf/.graphchat-workspaces/kenko_room/mlff_elasticity_benchmark/workflow_runs/Orb_OMAT/elasticity_Orb_OMAT/structures/HfNi2Si2_d0eeba6a/output.json,mp-571147,cif,https://elagente.ca/grafico/ConceptualAtoms_d905c515-b228-4e5e-9e51-76db89be985c,mp-571147
H2Gd,0.4208703877984118,https://elagente.ca/grafico/ConceptualAtoms_d95b9903-1a78-4473-9e22-153e1fc9eac3,https://elagente.ca/ontomlff/MLFFElasticityResult_e37ea11f-f590-4a3f-bf7b-3c9588d772b3,[],[],0.3550489834257552,eV/Å^3,0.8313652485779435,/scratch/kenko/akg4pyscf/.graphchat-workspaces/kenko_room/mlff_elasticity_benchmark/workflow_runs/Orb_OMAT/elasticity_Orb_OMAT/structures/H2Gd_cd4339af/output.json,mp-24092,cif,https://elagente.ca/grafico/ConceptualAtoms_d95b9903-1a78-4473-9e22-153e1fc9eac3,mp-24092
O8Si2Zr2,1.505167765465191,https://elagente.ca/grafico/ConceptualAtoms_d9fa06f5-3e31-45bb-b637-c0d2cd02fc2a,https://elagente.ca/ontomlff/MLFFElasticityResult_6e115e36-49e4-45fc-8a27-d8c4c68120ef,[],[],0.911103699777708,eV/Å^3,2.2744000602617476,/scratch/kenko/akg4pyscf/.graphchat-workspaces/kenko_room/mlff_elasticity_benchmark/workflow_runs/Orb_OMAT/elasticity_Orb_OMAT/structures/O8Si2Zr2_30c66b09/output.json,mp-11736,cif,https://elagente.ca/grafico/ConceptualAtoms_d9fa06f5-3e31-45bb-b637-c0d2cd02fc2a,mp-11736
GdSb,0.317045984225354,https://elagente.ca/grafico/ConceptualAtoms_da04e02a-c315-4861-b097-cfab2e030df5,https://elagente.ca/ontomlff/MLFFElasticityResult_90cf2197-63bd-4ae3-ba5b-610aed7caa16,[],[],0.18695899696356671,eV/Å^3,0.46873984943708985,/scratch/kenko/akg4pyscf/.graphchat-workspaces/kenko_room/mlff_elasticity_benchmark/workflow_runs/Orb_OMAT/elasticity_Orb_OMAT/structures/GdSb_4d66b919/output.json,mp-510403,cif,https://elagente.ca/grafico/ConceptualAtoms_da04e02a-c315-4861-b097-cfab2e030df5,mp-510403
C3B12,0.9339887085519761,https://elagente.ca/grafico/ConceptualAtoms_dab02477-9945-4f0d-a242-5d5f5dc2eb04,https://elagente.ca/ontomlff/MLFFElasticityResult_73bbee3c-b7f9-487e-a6dc-699c16fa2e50,[],[],0.6101545551592101,eV/Å^3,1.5031406168456614,/scratch/kenko/akg4pyscf/.graphchat-workspaces/kenko_room/mlff_elasticity_benchmark/workflow_runs/Orb_OMAT/elasticity_Orb_OMAT/structures/C3B12_10b6a004/output.json,mp-571655,cif,https://elagente.ca/grafico/ConceptualAtoms_dab02477-9945-4f0d-a242-5d5f5dc2eb04,mp-571655
Mg3Sb2,0.262140533310087,https://elagente.ca/grafico/ConceptualAtoms_db9b48bd-bed7-4afb-8898-07cab3120026,https://elagente.ca/ontomlff/MLFFElasticityResult_678fd7c9-ae5b-4809-9573-7f3c34a4f3a3,[],[],0.16102024489911312,eV/Å^3,0.4009632864723045,/scratch/kenko/akg4pyscf/.graphchat-workspaces/kenko_room/mlff_elasticity_benchmark/workflow_runs/Orb_OMAT/elasticity_Orb_OMAT/structures/Mg3Sb2_8fe6546f/output.json,mp-2646,cif,https://elagente.ca/grafico/ConceptualAtoms_db9b48bd-bed7-4afb-8898-07cab3120026,mp-2646
InPPd5,0.9222187315318476,https://elagente.ca/grafico/ConceptualAtoms_db9c44c9-66b0-4f7c-bfd9-923520e994a1,https://elagente.ca/ontomlff/MLFFElasticityResult_95be5548-6d5a-49ab-8a63-3b3495a0888b,[],[],0.3691023069247821,eV/Å^3,0.9769685867688955,/scratch/kenko/akg4pyscf/.graphchat-workspaces/kenko_room/mlff_elasticity_benchmark/workflow_runs/Orb_OMAT/elasticity_Orb_OMAT/structures/InPPd5_e0aafe77/output.json,mp-1025161,cif,https://elagente.ca/grafico/ConceptualAtoms_db9c44c9-66b0-4f7c-bfd9-923520e994a1,mp-1025161
Lu6MoSb2,0.3972319845387944,https://elagente.ca/grafico/ConceptualAtoms_dbe6271c-f6fd-4676-895a-12231d846a60,https://elagente.ca/ontomlff/MLFFElasticityResult_bc52e2aa-884d-4243-bc28-25d4d1d2f4b3,[],[],0.2527979579446371,eV/Å^3,0.6256688958409274,/scratch/kenko/akg4pyscf/.graphchat-workspaces/kenko_room/mlff_elasticity_benchmark/workflow_runs/Orb_OMAT/elasticity_Orb_OMAT/structures/Lu6MoSb2_35c3a9ed/output.json,mp-11755,cif,https://elagente.ca/grafico/ConceptualAtoms_dbe6271c-f6fd-4676-895a-12231d846a60,mp-11755
Pd3Zr,1.0499272103734634,https://elagente.ca/grafico/ConceptualAtoms_dbe8df71-4a25-4e5c-bc8a-a2866959bde6,https://elagente.ca/ontomlff/MLFFElasticityResult_dd218661-dc8e-4b5e-b01a-1279457e8c42,[],[],0.4873234617215164,eV/Å^3,1.2660858971317765,/scratch/kenko/akg4pyscf/.graphchat-workspaces/kenko_room/mlff_elasticity_benchmark/workflow_runs/Orb_OMAT/elasticity_Orb_OMAT/structures/Pd3Zr_12790aaa/output.json,mp-1017543,cif,https://elagente.ca/grafico/ConceptualAtoms_dbe8df71-4a25-4e5c-bc8a-a2866959bde6,mp-1017543
Pd4Sn12,0.38087120335112934,https://elagente.ca/grafico/ConceptualAtoms_dbfeee89-4e33-4de0-9078-1e89ba265cc0,https://elagente.ca/ontomlff/MLFFElasticityResult_1bdb88c9-b9df-4a46-9726-aaef8e946835,[],[],0.15944175945737588,eV/Å^3,0.4197524820360954,/scratch/kenko/akg4pyscf/.graphchat-workspaces/kenko_room/mlff_elasticity_benchmark/workflow_runs/Orb_OMAT/elasticity_Orb_OMAT/structures/Pd4Sn12_81fb1ed4/output.json,mp-1371,cif,https://elagente.ca/grafico/ConceptualAtoms_dbfeee89-4e33-4de0-9078-1e89ba265cc0,mp-1371
Nb8Ni2Si2,1.1136194515842162,https://elagente.ca/grafico/ConceptualAtoms_dc0540b8-87f5-43a8-a52c-a762bff6f028,https://elagente.ca/ontomlff/MLFFElasticityResult_c25c0a15-0f93-4c8f-baad-94c0ab46e078,[],[],0.5218424656454543,eV/Å^3,1.3540280562319016,/scratch/kenko/akg4pyscf/.graphchat-workspaces/kenko_room/mlff_elasticity_benchmark/workflow_runs/Orb_OMAT/elasticity_Orb_OMAT/structures/Nb8Ni2Si2_8e281f13/output.json,mp-22396,cif,https://elagente.ca/grafico/ConceptualAtoms_dc0540b8-87f5-43a8-a52c-a762bff6f028,mp-22396
In2Se4Zn,0.30164948897114097,https://elagente.ca/grafico/ConceptualAtoms_dc46f976-d4ef-45f4-aee0-2c10839c3982,https://elagente.ca/ontomlff/MLFFElasticityResult_2e9ead1f-5c08-457d-a47f-947170fd6e67,[],[],0.16754102059296294,eV/Å^3,0.42410482759107493,/scratch/kenko/akg4pyscf/.graphchat-workspaces/kenko_room/mlff_elasticity_benchmark/workflow_runs/Orb_OMAT/elasticity_Orb_OMAT/structures/In2Se4Zn_1e388d63/output.json,mp-34169,cif,https://elagente.ca/grafico/ConceptualAtoms_dc46f976-d4ef-45f4-aee0-2c10839c3982,mp-34169
Lu2Te4,0.34774476475132404,https://elagente.ca/grafico/ConceptualAtoms_dc4755dc-f3c9-43bb-9443-6e3e0e88b9f1,https://elagente.ca/ontomlff/MLFFElasticityResult_226d4abe-25f5-4501-bb5d-933e6c4f3b74,[],[],0.14838060866744135,eV/Å^3,0.3897124965070071,/scratch/kenko/akg4pyscf/.graphchat-workspaces/kenko_room/mlff_elasticity_benchmark/workflow_runs/Orb_OMAT/elasticity_Orb_OMAT/structures/Lu2Te4_0891542c/output.json,mp-973750,cif,https://elagente.ca/grafico/ConceptualAtoms_dc4755dc-f3c9-43bb-9443-6e3e0e88b9f1,mp-973750
Os2Si2Th,1.2092370631704967,https://elagente.ca/grafico/ConceptualAtoms_dc95f7f4-8701-4352-9b02-e09e3e9c000d,https://elagente.ca/ontomlff/MLFFElasticityResult_954fad59-b08c-4f23-9436-48d836422635,[],[],0.687362409029589,eV/Å^3,1.7336105020289438,/scratch/kenko/akg4pyscf/.graphchat-workspaces/kenko_room/mlff_elasticity_benchmark/workflow_runs/Orb_OMAT/elasticity_Orb_OMAT/structures/Os2Si2Th_647eb540/output.json,mp-3166,cif,https://elagente.ca/grafico/ConceptualAtoms_dc95f7f4-8701-4352-9b02-e09e3e9c000d,mp-3166
CuOsZr2,0.8888237247459441,https://elagente.ca/grafico/ConceptualAtoms_dcdcc20f-2589-4207-b96f-b2af66def0dc,https://elagente.ca/ontomlff/MLFFElasticityResult_bc4132f4-68a7-4bbd-a2c3-474e838af72d,[],[],0.3191306005100937,eV/Å^3,0.8550563115362764,/scratch/kenko/akg4pyscf/.graphchat-workspaces/kenko_room/mlff_elasticity_benchmark/workflow_runs/Orb_OMAT/elasticity_Orb_OMAT/structures/CuOsZr2_3e2b221e/output.json,mp-864897,cif,https://elagente.ca/grafico/ConceptualAtoms_dcdcc20f-2589-4207-b96f-b2af66def0dc,mp-864897
EuNi2Si2,0.6848311094188615,https://elagente.ca/grafico/ConceptualAtoms_dd18e6c9-3cca-46f8-bfee-cf923df891fb,https://elagente.ca/ontomlff/MLFFElasticityResult_398b4a68-f3fb-465f-b1db-dcccb9565cb2,[],[],0.375413980801089,eV/Å^3,0.952240666977363,/scratch/kenko/akg4pyscf/.graphchat-workspaces/kenko_room/mlff_elasticity_benchmark/workflow_runs/Orb_OMAT/elasticity_Orb_OMAT/structures/EuNi2Si2_c3bfe8d6/output.json,mp-4768,cif,https://elagente.ca/grafico/ConceptualAtoms_dd18e6c9-3cca-46f8-bfee-cf923df891fb,mp-4768
BiNa3,0.11350823324393641,https://elagente.ca/grafico/ConceptualAtoms_dd8bb085-e6f4-46e6-b37e-3b4a98664bb9,https://elagente.ca/ontomlff/MLFFElasticityResult_6370f966-7bf8-43c0-98d2-cff111dd25aa,[],[],0.052057027435662186,eV/Å^3,0.13546252214304452,/scratch/kenko/akg4pyscf/.graphchat-workspaces/kenko_room/mlff_elasticity_benchmark/workflow_runs/Orb_OMAT/elasticity_Orb_OMAT/structures/BiNa3_55f03122/output.json,mp-977189,cif,https://elagente.ca/grafico/ConceptualAtoms_dd8bb085-e6f4-46e6-b37e-3b4a98664bb9,mp-977189
Ba3BiN,0.19904304714367646,https://elagente.ca/grafico/ConceptualAtoms_ddac0228-254e-4f41-80d7-36647f8ca45d,https://elagente.ca/ontomlff/MLFFElasticityResult_e279666c-d40b-4965-b5a3-27b0985df6a6,[],[],0.1504347214894078,eV/Å^3,0.3604867511925729,/scratch/kenko/akg4pyscf/.graphchat-workspaces/kenko_room/mlff_elasticity_benchmark/workflow_runs/Orb_OMAT/elasticity_Orb_OMAT/structures/Ba3BiN_ab5820ed/output.json,mp-1013549,cif,https://elagente.ca/grafico/ConceptualAtoms_ddac0228-254e-4f41-80d7-36647f8ca45d,mp-1013549
Ge4Pd4Ti4,0.9021821201285101,https://elagente.ca/grafico/ConceptualAtoms_ddbe48bb-a5df-4c47-894c-e86ea258986e,https://elagente.ca/ontomlff/MLFFElasticityResult_69181487-67f7-44c8-bb5b-45038ba3fab6,[],[],0.505973540951796,eV/Å^3,1.2788473420610256,/scratch/kenko/akg4pyscf/.graphchat-workspaces/kenko_room/mlff_elasticity_benchmark/workflow_runs/Orb_OMAT/elasticity_Orb_OMAT/structures/Ge4Pd4Ti4_241e788d/output.json,mp-20268,cif,https://elagente.ca/grafico/ConceptualAtoms_ddbe48bb-a5df-4c47-894c-e86ea258986e,mp-20268
Au2NdSn,0.466870224744514,https://elagente.ca/grafico/ConceptualAtoms_ddc684bd-37d1-4ddb-861f-224818f34148,https://elagente.ca/ontomlff/MLFFElasticityResult_37ec859b-4c9f-4d78-8f79-d2b1e8e6d007,[],[],0.11817685542920423,eV/Å^3,0.3269445434508907,/scratch/kenko/akg4pyscf/.graphchat-workspaces/kenko_room/mlff_elasticity_benchmark/workflow_runs/Orb_OMAT/elasticity_Orb_OMAT/structures/Au2NdSn_d7af1f05/output.json,mp-864668,cif,https://elagente.ca/grafico/ConceptualAtoms_ddc684bd-37d1-4ddb-861f-224818f34148,mp-864668
In2Pt4Y2,0.7226646919725659,https://elagente.ca/grafico/ConceptualAtoms_ddd186eb-d15f-4b95-9749-60cd4bc650ee,https://elagente.ca/ontomlff/MLFFElasticityResult_536595dc-ee3b-4b5c-9940-d989b16058ed,[],[],0.285644532570394,eV/Å^3,0.7571722081914326,/scratch/kenko/akg4pyscf/.graphchat-workspaces/kenko_room/mlff_elasticity_benchmark/workflow_runs/Orb_OMAT/elasticity_Orb_OMAT/structures/In2Pt4Y2_f244ebbe/output.json,mp-510441,cif,https://elagente.ca/grafico/ConceptualAtoms_ddd186eb-d15f-4b95-9749-60cd4bc650ee,mp-510441
Al2Ge2Y2,0.4644482925030081,https://elagente.ca/grafico/ConceptualAtoms_dec16392-555f-41a8-aa37-d18a46a5c1e9,https://elagente.ca/ontomlff/MLFFElasticityResult_6e3ea119-aa27-4e9f-8708-8b74666e4d33,[],[],0.3198985428966452,eV/Å^3,0.780500291013112,/scratch/kenko/akg4pyscf/.graphchat-workspaces/kenko_room/mlff_elasticity_benchmark/workflow_runs/Orb_OMAT/elasticity_Orb_OMAT/structures/Al2Ge2Y2_110fe299/output.json,mp-29736,cif,https://elagente.ca/grafico/ConceptualAtoms_dec16392-555f-41a8-aa37-d18a46a5c1e9,mp-29736
Ga2Sm,0.41298878174198367,https://elagente.ca/grafico/ConceptualAtoms_df193eac-f11f-4ecc-b182-d8b926190ba0,https://elagente.ca/ontomlff/MLFFElasticityResult_c635439c-4971-424e-9aef-55103a75b0e3,[],[],0.3448910809568091,eV/Å^3,0.8093691420898991,/scratch/kenko/akg4pyscf/.graphchat-workspaces/kenko_room/mlff_elasticity_benchmark/workflow_runs/Orb_OMAT/elasticity_Orb_OMAT/structures/Ga2Sm_d9ec54fe/output.json,mp-477,cif,https://elagente.ca/grafico/ConceptualAtoms_df193eac-f11f-4ecc-b182-d8b926190ba0,mp-477
Ba2Bi2O7Tl,0.47680636507083995,https://elagente.ca/grafico/ConceptualAtoms_dfd42d5e-44d3-4288-9651-0aecb691f76e,https://elagente.ca/ontomlff/MLFFElasticityResult_72a5499b-97a4-44c6-b7c8-3a0514456c04,[],[],0.21070815252186179,eV/Å^3,0.5509645250853917,/scratch/kenko/akg4pyscf/.graphchat-workspaces/kenko_room/mlff_elasticity_benchmark/workflow_runs/Orb_OMAT/elasticity_Orb_OMAT/structures/Ba2Bi2O7Tl_317f6cbd/output.json,mp-1046056,cif,https://elagente.ca/grafico/ConceptualAtoms_dfd42d5e-44d3-4288-9651-0aecb691f76e,mp-1046056
Pd2Si2Sm,0.7744377284219177,https://elagente.ca/grafico/ConceptualAtoms_dfe33810-35fd-4a52-afe8-2a0a0dd26376,https://elagente.ca/ontomlff/MLFFElasticityResult_de7a6b71-88ae-402c-8683-ff456df041c8,[],[],0.36193257847974125,eV/Å^3,0.9394477888530203,/scratch/kenko/akg4pyscf/.graphchat-workspaces/kenko_room/mlff_elasticity_benchmark/workflow_runs/Orb_OMAT/elasticity_Orb_OMAT/structures/Pd2Si2Sm_a3b0ab83/output.json,mp-4275,cif,https://elagente.ca/grafico/ConceptualAtoms_dfe33810-35fd-4a52-afe8-2a0a0dd26376,mp-4275
N5Nb4,1.724956942301869,https://elagente.ca/grafico/ConceptualAtoms_e07470ae-2f63-4d53-9138-c85620049a65,https://elagente.ca/ontomlff/MLFFElasticityResult_f36b07d8-6e82-45d7-8358-561f0979e86c,[],[],0.9399965971081208,eV/Å^3,2.3864921168997877,/scratch/kenko/akg4pyscf/.graphchat-workspaces/kenko_room/mlff_elasticity_benchmark/workflow_runs/Orb_OMAT/elasticity_Orb_OMAT/structures/N5Nb4_0c1e97f3/output.json,mp-7927,cif,https://elagente.ca/grafico/ConceptualAtoms_e07470ae-2f63-4d53-9138-c85620049a65,mp-7927
Dy2Li2Se4,0.35843536859371306,https://elagente.ca/grafico/ConceptualAtoms_e0b59df4-554b-47ac-858a-7eebcc36441d,https://elagente.ca/ontomlff/MLFFElasticityResult_b6391e1b-6e98-4224-a9a1-b4ab8de42a38,[],[],0.21873979821629025,eV/Å^3,0.5452949695355903,/scratch/kenko/akg4pyscf/.graphchat-workspaces/kenko_room/mlff_elasticity_benchmark/workflow_runs/Orb_OMAT/elasticity_Orb_OMAT/structures/Dy2Li2Se4_89f09394/output.json,mp-35717,cif,https://elagente.ca/grafico/ConceptualAtoms_e0b59df4-554b-47ac-858a-7eebcc36441d,mp-35717
GeSe,0.349221248227491,https://elagente.ca/grafico/ConceptualAtoms_e1f4064c-0abc-43ae-83ce-aceda1436fee,https://elagente.ca/ontomlff/MLFFElasticityResult_53abeb6d-b508-4289-95a7-5dac3a20f863,[],[],0.2300065862148255,eV/Å^3,0.5658022001173613,/scratch/kenko/akg4pyscf/.graphchat-workspaces/kenko_room/mlff_elasticity_benchmark/workflow_runs/Orb_OMAT/elasticity_Orb_OMAT/structures/GeSe_28d36e9e/output.json,mp-10759,cif,https://elagente.ca/grafico/ConceptualAtoms_e1f4064c-0abc-43ae-83ce-aceda1436fee,mp-10759
BiLiS2,0.3817455794391498,https://elagente.ca/grafico/ConceptualAtoms_e26f473a-d03e-47d9-bbc2-fb9fc563d0c0,https://elagente.ca/ontomlff/MLFFElasticityResult_2596c5ee-6d54-4637-baac-74efa14a6de4,[],[],0.2119932682264168,eV/Å^3,0.5366425982588918,/scratch/kenko/akg4pyscf/.graphchat-workspaces/kenko_room/mlff_elasticity_benchmark/workflow_runs/Orb_OMAT/elasticity_Orb_OMAT/structures/BiLiS2_d0381716/output.json,mp-753506,cif,https://elagente.ca/grafico/ConceptualAtoms_e26f473a-d03e-47d9-bbc2-fb9fc563d0c0,mp-753506
C4H4Cs4O10,0.3570537377487241,https://elagente.ca/grafico/ConceptualAtoms_e270c0b3-f48a-4e81-b693-21cf6859f56b,https://elagente.ca/ontomlff/MLFFElasticityResult_3842b43d-4baa-42df-8c11-d660f27a4076,[],[],0.2385957884541151,eV/Å^3,0.5853938262688982,/scratch/kenko/akg4pyscf/.graphchat-workspaces/kenko_room/mlff_elasticity_benchmark/workflow_runs/Orb_OMAT/elasticity_Orb_OMAT/structures/C4H4Cs4O10_2190d2a7/output.json,mp-1190751,cif,https://elagente.ca/grafico/ConceptualAtoms_e270c0b3-f48a-4e81-b693-21cf6859f56b,mp-1190751
DyNi2Si2,0.8189885998027198,https://elagente.ca/grafico/ConceptualAtoms_e27e2d37-fff2-4c37-9f14-aea3ed276336,https://elagente.ca/ontomlff/MLFFElasticityResult_4d7e733b-e194-4a6e-99ab-dc4b0f46b401,[],[],0.4735707557532279,eV/Å^3,1.1911270805712348,/scratch/kenko/akg4pyscf/.graphchat-workspaces/kenko_room/mlff_elasticity_benchmark/workflow_runs/Orb_OMAT/elasticity_Orb_OMAT/structures/DyNi2Si2_4e755918/output.json,mp-4692,cif,https://elagente.ca/grafico/ConceptualAtoms_e27e2d37-fff2-4c37-9f14-aea3ed276336,mp-4692
Hg2LiTb,0.2902651409575333,https://elagente.ca/grafico/ConceptualAtoms_e3449c75-e531-4180-a846-c9826553b582,https://elagente.ca/ontomlff/MLFFElasticityResult_0cc3e7a8-88d1-4ff8-a796-9b0a4f3692ab,[],[],0.11863533790364729,eV/Å^3,0.3132319511364045,/scratch/kenko/akg4pyscf/.graphchat-workspaces/kenko_room/mlff_elasticity_benchmark/workflow_runs/Orb_OMAT/elasticity_Orb_OMAT/structures/Hg2LiTb_4fa91f76/output.json,mp-864804,cif,https://elagente.ca/grafico/ConceptualAtoms_e3449c75-e531-4180-a846-c9826553b582,mp-864804
CAlLa3,0.33475866167133095,https://elagente.ca/grafico/ConceptualAtoms_e362ce03-40fb-46f5-8888-f26f3cbed847,https://elagente.ca/ontomlff/MLFFElasticityResult_32a732b0-d0f2-4733-b7bd-1c30b383ffec,[],[],0.20804708227681468,eV/Å^3,0.5170322023561307,/scratch/kenko/akg4pyscf/.graphchat-workspaces/kenko_room/mlff_elasticity_benchmark/workflow_runs/Orb_OMAT/elasticity_Orb_OMAT/structures/CAlLa3_d3b7e2eb/output.json,mp-10600,cif,https://elagente.ca/grafico/ConceptualAtoms_e362ce03-40fb-46f5-8888-f26f3cbed847,mp-10600
H2I6,0.05495707543575885,https://elagente.ca/grafico/ConceptualAtoms_e3c49815-e94d-4603-b38b-7f96c4b43920,https://elagente.ca/ontomlff/MLFFElasticityResult_986834e1-5c4c-4bb5-b341-3b552d4c9a39,[],[],0.03916412952499357,eV/Å^3,0.0949399877639461,/scratch/kenko/akg4pyscf/.graphchat-workspaces/kenko_room/mlff_elasticity_benchmark/workflow_runs/Orb_OMAT/elasticity_Orb_OMAT/structures/H2I6_ff745fcb/output.json,mp-2929431,cif,https://elagente.ca/grafico/ConceptualAtoms_e3c49815-e94d-4603-b38b-7f96c4b43920,mp-2929431
Al3Li,0.3566521676672336,https://elagente.ca/grafico/ConceptualAtoms_e3f568f1-c36f-4ecc-8e9a-e6e3baae2209,https://elagente.ca/ontomlff/MLFFElasticityResult_879f6866-8fe2-47f8-821b-64591fbbd758,[],[],0.18018307381243703,eV/Å^3,0.4626396647190897,/scratch/kenko/akg4pyscf/.graphchat-workspaces/kenko_room/mlff_elasticity_benchmark/workflow_runs/Orb_OMAT/elasticity_Orb_OMAT/structures/Al3Li_b9610cc2/output.json,mp-10890,cif,https://elagente.ca/grafico/ConceptualAtoms_e3f568f1-c36f-4ecc-8e9a-e6e3baae2209,mp-10890
O2U,1.1396930334760502,https://elagente.ca/grafico/ConceptualAtoms_e402ca12-bef2-45f6-af1c-25ee4a926297,https://elagente.ca/ontomlff/MLFFElasticityResult_8d95e3ca-db40-44e2-bf1f-4608a667fb44,[],[],0.5097905665757438,eV/Å^3,1.3309280425459507,/scratch/kenko/akg4pyscf/.graphchat-workspaces/kenko_room/mlff_elasticity_benchmark/workflow_runs/Orb_OMAT/elasticity_Orb_OMAT/structures/O2U_019a4e7d/output.json,mp-1597,cif,https://elagente.ca/grafico/ConceptualAtoms_e402ca12-bef2-45f6-af1c-25ee4a926297,mp-1597
Ga12Nd2,0.3445087357940303,https://elagente.ca/grafico/ConceptualAtoms_e4037e94-2140-42cb-8007-4e1fcfe20f72,https://elagente.ca/ontomlff/MLFFElasticityResult_0f35d62a-aec5-4bae-9cb3-23cd29c0ddf8,[],[],0.2093547170268323,eV/Å^3,0.5222710778730318,/scratch/kenko/akg4pyscf/.graphchat-workspaces/kenko_room/mlff_elasticity_benchmark/workflow_runs/Orb_OMAT/elasticity_Orb_OMAT/structures/Ga12Nd2_7749f2c3/output.json,mp-1104008,cif,https://elagente.ca/grafico/ConceptualAtoms_e4037e94-2140-42cb-8007-4e1fcfe20f72,mp-1104008
LuTh3,0.2695521747739549,https://elagente.ca/grafico/ConceptualAtoms_e4309dae-4131-4019-b593-ecf0277400b9,https://elagente.ca/ontomlff/MLFFElasticityResult_3f6c7425-1c1b-4ff2-ac39-c0eb7ae32c1b,[],[],0.09881437658158233,eV/Å^3,0.26416347975436455,/scratch/kenko/akg4pyscf/.graphchat-workspaces/kenko_room/mlff_elasticity_benchmark/workflow_runs/Orb_OMAT/elasticity_Orb_OMAT/structures/LuTh3_d3a67daa/output.json,mp-973556,cif,https://elagente.ca/grafico/ConceptualAtoms_e4309dae-4131-4019-b593-ecf0277400b9,mp-973556
Co2LuSn,0.7055596326284405,https://elagente.ca/grafico/ConceptualAtoms_e4ac870d-d0c6-46d1-a9b0-463f6e39abf3,https://elagente.ca/ontomlff/MLFFElasticityResult_05f8cd30-ba18-41b3-a5ac-6c943907ed3d,[],[],0.4223112018505083,eV/Å^3,1.0562040506466315,/scratch/kenko/akg4pyscf/.graphchat-workspaces/kenko_room/mlff_elasticity_benchmark/workflow_runs/Orb_OMAT/elasticity_Orb_OMAT/structures/Co2LuSn_109bf8e0/output.json,mp-865797,cif,https://elagente.ca/grafico/ConceptualAtoms_e4ac870d-d0c6-46d1-a9b0-463f6e39abf3,mp-865797
Cr4Se8Zn2,0.4584287399952719,https://elagente.ca/grafico/ConceptualAtoms_e525f49b-a826-4498-b1f2-caee3a8b490d,https://elagente.ca/ontomlff/MLFFElasticityResult_ce5436ed-4cb6-4de8-85ed-f7f7197b256f,[],[],0.3202763616806116,eV/Å^3,0.7793372033021075,/scratch/kenko/akg4pyscf/.graphchat-workspaces/kenko_room/mlff_elasticity_benchmark/workflow_runs/Orb_OMAT/elasticity_Orb_OMAT/structures/Cr4Se8Zn2_c571b3f9/output.json,mp-4697,cif,https://elagente.ca/grafico/ConceptualAtoms_e525f49b-a826-4498-b1f2-caee3a8b490d,mp-4697
Ca2Zn2,0.1950468600399753,https://elagente.ca/grafico/ConceptualAtoms_e55290fe-b081-4632-aa7b-8658c1bd2a1c,https://elagente.ca/ontomlff/MLFFElasticityResult_849c5646-011d-4a63-a3f3-fd8ee4e2e759,[],[],0.10333377235592162,eV/Å^3,0.2634729236530805,/scratch/kenko/akg4pyscf/.graphchat-workspaces/kenko_room/mlff_elasticity_benchmark/workflow_runs/Orb_OMAT/elasticity_Orb_OMAT/structures/Ca2Zn2_dea795fe/output.json,mp-30483,cif,https://elagente.ca/grafico/ConceptualAtoms_e55290fe-b081-4632-aa7b-8658c1bd2a1c,mp-30483
Dy3Y,0.20577001966277564,https://elagente.ca/grafico/ConceptualAtoms_e5ed46fe-bfa4-4f60-9b17-e1ee43c19677,https://elagente.ca/ontomlff/MLFFElasticityResult_abf953fa-e72e-41ce-b2b4-051814b0240d,[],[],0.12597865002080189,eV/Å^3,0.31388027397570445,/scratch/kenko/akg4pyscf/.graphchat-workspaces/kenko_room/mlff_elasticity_benchmark/workflow_runs/Orb_OMAT/elasticity_Orb_OMAT/structures/Dy3Y_3fa35238/output.json,mp-979419,cif,https://elagente.ca/grafico/ConceptualAtoms_e5ed46fe-bfa4-4f60-9b17-e1ee43c19677,mp-979419
Cu5Dy,0.5907658068056605,https://elagente.ca/grafico/ConceptualAtoms_e6456c2b-52d9-40c5-9e5b-854c52ca3715,https://elagente.ca/ontomlff/MLFFElasticityResult_7a98d833-17e8-4115-9f5d-f764c805343a,[],[],0.2666063139933987,eV/Å^3,0.6952349067534889,/scratch/kenko/akg4pyscf/.graphchat-workspaces/kenko_room/mlff_elasticity_benchmark/workflow_runs/Orb_OMAT/elasticity_Orb_OMAT/structures/Cu5Dy_e33de283/output.json,mp-30578,cif,https://elagente.ca/grafico/ConceptualAtoms_e6456c2b-52d9-40c5-9e5b-854c52ca3715,mp-30578
O8TeTi3,0.6891585671834797,https://elagente.ca/grafico/ConceptualAtoms_e6978462-d53c-4af6-a87b-7b03c7436920,https://elagente.ca/ontomlff/MLFFElasticityResult_21acc6a3-e8a6-4b68-9580-cf9640d7eb22,[],[],0.34335495613377653,eV/Å^3,0.8833611268599735,/scratch/kenko/akg4pyscf/.graphchat-workspaces/kenko_room/mlff_elasticity_benchmark/workflow_runs/Orb_OMAT/elasticity_Orb_OMAT/structures/O8TeTi3_d0c2e8bb/output.json,mp-774922,cif,https://elagente.ca/grafico/ConceptualAtoms_e6978462-d53c-4af6-a87b-7b03c7436920,mp-774922
Sb2,0.30106294894315644,https://elagente.ca/grafico/ConceptualAtoms_e6b18483-a2e5-4a32-a581-8f1fa48e946b,https://elagente.ca/ontomlff/MLFFElasticityResult_997ecdf9-db22-4e81-8ee4-ef46d53029ee,[],[],0.16565931759703081,eV/Å^3,0.4199520184626968,/scratch/kenko/akg4pyscf/.graphchat-workspaces/kenko_room/mlff_elasticity_benchmark/workflow_runs/Orb_OMAT/elasticity_Orb_OMAT/structures/Sb2_91d0245c/output.json,mp-104,cif,https://elagente.ca/grafico/ConceptualAtoms_e6b18483-a2e5-4a32-a581-8f1fa48e946b,mp-104
GeO3Sm,0.814682955884824,https://elagente.ca/grafico/ConceptualAtoms_e6bb5815-f70b-47c9-9aee-b711dc62ecd9,https://elagente.ca/ontomlff/MLFFElasticityResult_eb72ba97-b61c-4a70-bd98-426b557d83c8,[],[],0.40056912276156265,eV/Å^3,1.0324871538475635,/scratch/kenko/akg4pyscf/.graphchat-workspaces/kenko_room/mlff_elasticity_benchmark/workflow_runs/Orb_OMAT/elasticity_Orb_OMAT/structures/GeO3Sm_d6ed0745/output.json,mp-978926,cif,https://elagente.ca/grafico/ConceptualAtoms_e6bb5815-f70b-47c9-9aee-b711dc62ecd9,mp-978926
Cl6Y2,0.21676812229023207,https://elagente.ca/grafico/ConceptualAtoms_e6dadc2f-76a5-4077-a6ee-6fc50c548c91,https://elagente.ca/ontomlff/MLFFElasticityResult_1c774ed8-666e-4ce0-b2e6-c1e14eb5fbaa,[],[],0.10365268066620197,eV/Å^3,0.26820808066703344,/scratch/kenko/akg4pyscf/.graphchat-workspaces/kenko_room/mlff_elasticity_benchmark/workflow_runs/Orb_OMAT/elasticity_Orb_OMAT/structures/Cl6Y2_1e01bfb8/output.json,mp-27455,cif,https://elagente.ca/grafico/ConceptualAtoms_e6dadc2f-76a5-4077-a6ee-6fc50c548c91,mp-27455
B3GaN4,1.9020962195237145,https://elagente.ca/grafico/ConceptualAtoms_e6eebc8d-ea05-409e-8db9-8ee668ccf21b,https://elagente.ca/ontomlff/MLFFElasticityResult_35fe2c7a-603e-4728-aff9-79baeadab25d,[],[],1.6151578455562925,eV/Å^3,3.7765311365879453,/scratch/kenko/akg4pyscf/.graphchat-workspaces/kenko_room/mlff_elasticity_benchmark/workflow_runs/Orb_OMAT/elasticity_Orb_OMAT/structures/B3GaN4_815bb271/output.json,mp-1019740,cif,https://elagente.ca/grafico/ConceptualAtoms_e6eebc8d-ea05-409e-8db9-8ee668ccf21b,mp-1019740
Ce3Mg3Pt3,0.4322257680241176,https://elagente.ca/grafico/ConceptualAtoms_e6eef1d5-f211-480c-954f-c1629e779343,https://elagente.ca/ontomlff/MLFFElasticityResult_89987ee2-35aa-47fb-845e-d70adef1e750,[],[],0.17449069890389027,eV/Å^3,0.46138468601002613,/scratch/kenko/akg4pyscf/.graphchat-workspaces/kenko_room/mlff_elasticity_benchmark/workflow_runs/Orb_OMAT/elasticity_Orb_OMAT/structures/Ce3Mg3Pt3_64aad40d/output.json,mp-19934,cif,https://elagente.ca/grafico/ConceptualAtoms_e6eef1d5-f211-480c-954f-c1629e779343,mp-19934
AuLi2Tl,0.24745626451399028,https://elagente.ca/grafico/ConceptualAtoms_e7bb9bde-4f4a-4bab-8c15-a9d4661dc443,https://elagente.ca/ontomlff/MLFFElasticityResult_5f071a61-7ba8-4550-b6e2-f892a2f04d2f,[],[],0.07789842977776083,eV/Å^3,0.21150191677373273,/scratch/kenko/akg4pyscf/.graphchat-workspaces/kenko_room/mlff_elasticity_benchmark/workflow_runs/Orb_OMAT/elasticity_Orb_OMAT/structures/AuLi2Tl_3d971e93/output.json,mp-30406,cif,https://elagente.ca/grafico/ConceptualAtoms_e7bb9bde-4f4a-4bab-8c15-a9d4661dc443,mp-30406
Er2Fe4,0.48613972377210024,https://elagente.ca/grafico/ConceptualAtoms_e8147bcf-16b7-49aa-8d46-7cdef791dc12,https://elagente.ca/ontomlff/MLFFElasticityResult_5d61708e-e133-4b4c-b8dc-9212457f707f,[],[],0.2951719109072124,eV/Å^3,0.736461957519711,/scratch/kenko/akg4pyscf/.graphchat-workspaces/kenko_room/mlff_elasticity_benchmark/workflow_runs/Orb_OMAT/elasticity_Orb_OMAT/structures/Er2Fe4_09176af9/output.json,mp-474,cif,https://elagente.ca/grafico/ConceptualAtoms_e8147bcf-16b7-49aa-8d46-7cdef791dc12,mp-474
HfHgO3,0.9754302762385421,https://elagente.ca/grafico/ConceptualAtoms_e83ac464-2f61-4f76-b509-f559fee936cd,https://elagente.ca/ontomlff/MLFFElasticityResult_b5e0ab39-2a73-4c7f-aa82-265eeab6b0c8,[],[],0.31496150803012213,eV/Å^3,0.8530674658354631,/scratch/kenko/akg4pyscf/.graphchat-workspaces/kenko_room/mlff_elasticity_benchmark/workflow_runs/Orb_OMAT/elasticity_Orb_OMAT/structures/HfHgO3_c37427fb/output.json,mp-1016841,cif,https://elagente.ca/grafico/ConceptualAtoms_e83ac464-2f61-4f76-b509-f559fee936cd,mp-1016841
Br3CsPd,0.19866608438462047,https://elagente.ca/grafico/ConceptualAtoms_e88e3de8-f387-483c-ad0d-0a58af3a85d8,https://elagente.ca/ontomlff/MLFFElasticityResult_2feb9ad1-195a-4c71-bd84-118a57889068,[],[],0.09810368299829114,eV/Å^3,0.2527134156363657,/scratch/kenko/akg4pyscf/.graphchat-workspaces/kenko_room/mlff_elasticity_benchmark/workflow_runs/Orb_OMAT/elasticity_Orb_OMAT/structures/Br3CsPd_9c46ecab/output.json,mp-998307,cif,https://elagente.ca/grafico/ConceptualAtoms_e88e3de8-f387-483c-ad0d-0a58af3a85d8,mp-998307
Fe5Nd,0.5081677822942089,https://elagente.ca/grafico/ConceptualAtoms_e8bc0469-88a1-4f17-bd81-76dc309dfe36,https://elagente.ca/ontomlff/MLFFElasticityResult_384efca6-7891-422f-944e-ddc2687b40a7,[],[],0.394120286850698,eV/Å^3,0.9394823755127509,/scratch/kenko/akg4pyscf/.graphchat-workspaces/kenko_room/mlff_elasticity_benchmark/workflow_runs/Orb_OMAT/elasticity_Orb_OMAT/structures/Fe5Nd_feae1c7a/output.json,mp-11382,cif,https://elagente.ca/grafico/ConceptualAtoms_e8bc0469-88a1-4f17-bd81-76dc309dfe36,mp-11382
C4K4N4S4,0.2527531253644113,https://elagente.ca/grafico/ConceptualAtoms_e8d2b754-a456-4cf4-9736-d0a4332627a0,https://elagente.ca/ontomlff/MLFFElasticityResult_6b065d16-bd8c-4397-899d-1e43f951f96a,[],[],0.14814841582980787,eV/Å^3,0.37180260261657877,/scratch/kenko/akg4pyscf/.graphchat-workspaces/kenko_room/mlff_elasticity_benchmark/workflow_runs/Orb_OMAT/elasticity_Orb_OMAT/structures/C4K4N4S4_7198bbbf/output.json,mp-6511,cif,https://elagente.ca/grafico/ConceptualAtoms_e8d2b754-a456-4cf4-9736-d0a4332627a0,mp-6511
Ga2MnSe4,0.32843082775598087,https://elagente.ca/grafico/ConceptualAtoms_e94552f6-18b8-41ca-b709-03690b985932,https://elagente.ca/ontomlff/MLFFElasticityResult_bca0fc3e-dc3f-4a7f-ab77-7defc188aa03,[],[],0.18227288436213557,eV/Å^3,0.46145280044606357,/scratch/kenko/akg4pyscf/.graphchat-workspaces/kenko_room/mlff_elasticity_benchmark/workflow_runs/Orb_OMAT/elasticity_Orb_OMAT/structures/Ga2MnSe4_bb5ac853/output.json,mp-20261,cif,https://elagente.ca/grafico/ConceptualAtoms_e94552f6-18b8-41ca-b709-03690b985932,mp-20261
La2Tb6,0.12254432522554128,https://elagente.ca/grafico/ConceptualAtoms_ea082038-789c-42ef-9089-cdb281e790ad,https://elagente.ca/ontomlff/MLFFElasticityResult_b9d0e2c1-79e8-4655-b4aa-14723dd33ef1,[],[],0.10602437232309334,eV/Å^3,0.24687501833968184,/scratch/kenko/akg4pyscf/.graphchat-workspaces/kenko_room/mlff_elasticity_benchmark/workflow_runs/Orb_OMAT/elasticity_Orb_OMAT/structures/La2Tb6_8fc23070/output.json,mp-972257,cif,https://elagente.ca/grafico/ConceptualAtoms_ea082038-789c-42ef-9089-cdb281e790ad,mp-972257
Au2V6,1.0136970864623276,https://elagente.ca/grafico/ConceptualAtoms_ea4aacd3-8b97-4d28-b60a-faf48716d7da,https://elagente.ca/ontomlff/MLFFElasticityResult_e5f1bd20-329d-4498-b0dd-7258b9414525,[],[],0.48923560287910406,eV/Å^3,1.264310790821407,/scratch/kenko/akg4pyscf/.graphchat-workspaces/kenko_room/mlff_elasticity_benchmark/workflow_runs/Orb_OMAT/elasticity_Orb_OMAT/structures/Au2V6_320ba529/output.json,mp-839,cif,https://elagente.ca/grafico/ConceptualAtoms_ea4aacd3-8b97-4d28-b60a-faf48716d7da,mp-839
BiO3Sc,0.9253437045925377,https://elagente.ca/grafico/ConceptualAtoms_ea59ad14-1054-40e0-a193-3367b6440380,https://elagente.ca/ontomlff/MLFFElasticityResult_3d53fe20-4a81-41ea-b9aa-d0d8e8d7f239,[],[],0.44478496909080256,eV/Å^3,1.1500845264381332,/scratch/kenko/akg4pyscf/.graphchat-workspaces/kenko_room/mlff_elasticity_benchmark/workflow_runs/Orb_OMAT/elasticity_Orb_OMAT/structures/BiO3Sc_a56a638f/output.json,mp-550008,cif,https://elagente.ca/grafico/ConceptualAtoms_ea59ad14-1054-40e0-a193-3367b6440380,mp-550008
Bi8Pt4,0.4819487524032354,https://elagente.ca/grafico/ConceptualAtoms_ea65fddb-bd1a-46c4-91af-1271309473f7,https://elagente.ca/ontomlff/MLFFElasticityResult_7d68234b-6879-4fbb-b363-865aadd64854,[],[],0.21983229120787084,eV/Å^3,0.5724580455671194,/scratch/kenko/akg4pyscf/.graphchat-workspaces/kenko_room/mlff_elasticity_benchmark/workflow_runs/Orb_OMAT/elasticity_Orb_OMAT/structures/Bi8Pt4_37721120/output.json,mp-22864,cif,https://elagente.ca/grafico/ConceptualAtoms_ea65fddb-bd1a-46c4-91af-1271309473f7,mp-22864
RuSc,0.7717295570694565,https://elagente.ca/grafico/ConceptualAtoms_eb1c27e9-984e-4496-a55f-027b91e79d79,https://elagente.ca/ontomlff/MLFFElasticityResult_8d2949d2-c0f7-4033-a110-a37a784edbf2,[],[],0.40757294116210885,eV/Å^3,1.0396888054199536,/scratch/kenko/akg4pyscf/.graphchat-workspaces/kenko_room/mlff_elasticity_benchmark/workflow_runs/Orb_OMAT/elasticity_Orb_OMAT/structures/RuSc_37f59559/output.json,mp-30867,cif,https://elagente.ca/grafico/ConceptualAtoms_eb1c27e9-984e-4496-a55f-027b91e79d79,mp-30867
Br2O2Ti2,0.5334310725423919,https://elagente.ca/grafico/ConceptualAtoms_eb4484df-0776-4610-9dc3-865ea2840ea1,https://elagente.ca/ontomlff/MLFFElasticityResult_8a604bc7-f99c-4d81-820e-c0e9be77ef46,[],[],0.24008542269097746,eV/Å^3,0.6262956956245247,/scratch/kenko/akg4pyscf/.graphchat-workspaces/kenko_room/mlff_elasticity_benchmark/workflow_runs/Orb_OMAT/elasticity_Orb_OMAT/structures/Br2O2Ti2_52af9792/output.json,mp-23002,cif,https://elagente.ca/grafico/ConceptualAtoms_eb4484df-0776-4610-9dc3-865ea2840ea1,mp-23002
O4Sr2Ti,0.8250994254474702,https://elagente.ca/grafico/ConceptualAtoms_ebc5dcfd-9f8b-46c3-a626-83d48cf0ecce,https://elagente.ca/ontomlff/MLFFElasticityResult_03c21a8f-f825-4a29-83bf-cfe487f97ff7,[],[],0.5421089909365595,eV/Å^3,1.3341402058049667,/scratch/kenko/akg4pyscf/.graphchat-workspaces/kenko_room/mlff_elasticity_benchmark/workflow_runs/Orb_OMAT/elasticity_Orb_OMAT/structures/O4Sr2Ti_879bfe85/output.json,mp-5532,cif,https://elagente.ca/grafico/ConceptualAtoms_ebc5dcfd-9f8b-46c3-a626-83d48cf0ecce,mp-5532
CFe2Si2Tb2,0.88022540300284,https://elagente.ca/grafico/ConceptualAtoms_ec00b804-bd25-42ca-8711-f17986261af9,https://elagente.ca/ontomlff/MLFFElasticityResult_fd3c9e79-905e-4753-9154-c66d873fdc91,[],[],0.5424617370410951,eV/Å^3,1.3500506364289953,/scratch/kenko/akg4pyscf/.graphchat-workspaces/kenko_room/mlff_elasticity_benchmark/workflow_runs/Orb_OMAT/elasticity_Orb_OMAT/structures/CFe2Si2Tb2_5cb317ea/output.json,mp-6624,cif,https://elagente.ca/grafico/ConceptualAtoms_ec00b804-bd25-42ca-8711-f17986261af9,mp-6624
Hf4O14Y4,1.1359361324273256,https://elagente.ca/grafico/ConceptualAtoms_ec33e702-d0b6-4003-a55b-82c7c50e91fb,https://elagente.ca/ontomlff/MLFFElasticityResult_97e9b572-ff5e-4495-8bfb-fe5144827343,[],[],0.6725352670211655,eV/Å^3,1.6850575728265913,/scratch/kenko/akg4pyscf/.graphchat-workspaces/kenko_room/mlff_elasticity_benchmark/workflow_runs/Orb_OMAT/elasticity_Orb_OMAT/structures/Hf4O14Y4_762ba46d/output.json,mp-561442,cif,https://elagente.ca/grafico/ConceptualAtoms_ec33e702-d0b6-4003-a55b-82c7c50e91fb,mp-561442
Mn2NdSi2,0.7015454915305581,https://elagente.ca/grafico/ConceptualAtoms_ec3722b5-c777-48e8-9acf-e4d6a561505e,https://elagente.ca/ontomlff/MLFFElasticityResult_72660885-014b-4f85-87a5-9a3014796455,[],[],0.5222069669785759,eV/Å^3,1.2551823370166484,/scratch/kenko/akg4pyscf/.graphchat-workspaces/kenko_room/mlff_elasticity_benchmark/workflow_runs/Orb_OMAT/elasticity_Orb_OMAT/structures/Mn2NdSi2_2e2d96db/output.json,mp-3018,cif,https://elagente.ca/grafico/ConceptualAtoms_ec3722b5-c777-48e8-9acf-e4d6a561505e,mp-3018
Co2NbZn,1.0856707578125506,https://elagente.ca/grafico/ConceptualAtoms_ecb1e76d-644b-4f3c-94a5-3d5fe4a45902,https://elagente.ca/ontomlff/MLFFElasticityResult_f8b3f1d9-899f-4cfe-b06d-3eb17d22d9fd,[],[],0.3428986348867168,eV/Å^3,0.930710584910749,/scratch/kenko/akg4pyscf/.graphchat-workspaces/kenko_room/mlff_elasticity_benchmark/workflow_runs/Orb_OMAT/elasticity_Orb_OMAT/structures/Co2NbZn_28d043ff/output.json,mp-864857,cif,https://elagente.ca/grafico/ConceptualAtoms_ecb1e76d-644b-4f3c-94a5-3d5fe4a45902,mp-864857
LuRbSe2,0.2757799878048635,https://elagente.ca/grafico/ConceptualAtoms_ecba96d2-c19a-4d71-bc31-8d4d9b4e6122,https://elagente.ca/ontomlff/MLFFElasticityResult_6cdae635-fe56-40a5-9dad-0966c892e885,[],[],0.1734734828096354,eV/Å^3,0.43021467825774073,/scratch/kenko/akg4pyscf/.graphchat-workspaces/kenko_room/mlff_elasticity_benchmark/workflow_runs/Orb_OMAT/elasticity_Orb_OMAT/structures/LuRbSe2_8d5343b0/output.json,mp-10785,cif,https://elagente.ca/grafico/ConceptualAtoms_ecba96d2-c19a-4d71-bc31-8d4d9b4e6122,mp-10785
Hf4P2Sb2,0.7795159880629245,https://elagente.ca/grafico/ConceptualAtoms_ed126cb5-7f77-4b57-bd79-57be2535897b,https://elagente.ca/ontomlff/MLFFElasticityResult_7dd16e50-65b4-4b64-b2b8-cdb04a6067b4,[],[],0.4513597160931473,eV/Å^3,1.1350121217055373,/scratch/kenko/akg4pyscf/.graphchat-workspaces/kenko_room/mlff_elasticity_benchmark/workflow_runs/Orb_OMAT/elasticity_Orb_OMAT/structures/Hf4P2Sb2_f2047cba/output.json,mp-567220,cif,https://elagente.ca/grafico/ConceptualAtoms_ed126cb5-7f77-4b57-bd79-57be2535897b,mp-567220
AlMn,0.720287179852722,https://elagente.ca/grafico/ConceptualAtoms_ed300b33-cb40-4611-b9ad-dcb15259fb30,https://elagente.ca/ontomlff/MLFFElasticityResult_ec7f4fbc-79ba-4af4-a1b7-01c2f4ad8465,[],[],0.5344644861239473,eV/Å^3,1.285451638859921,/scratch/kenko/akg4pyscf/.graphchat-workspaces/kenko_room/mlff_elasticity_benchmark/workflow_runs/Orb_OMAT/elasticity_Orb_OMAT/structures/AlMn_c496d993/output.json,mp-771,cif,https://elagente.ca/grafico/ConceptualAtoms_ed300b33-cb40-4611-b9ad-dcb15259fb30,mp-771
MgRuY2,0.4147740984184173,https://elagente.ca/grafico/ConceptualAtoms_ed363b99-17a4-40db-95fb-1bf2c0e32e7d,https://elagente.ca/ontomlff/MLFFElasticityResult_84785cf9-e965-4080-878a-59664cd81692,[],[],0.20383269525580594,eV/Å^3,0.5254276694221675,/scratch/kenko/akg4pyscf/.graphchat-workspaces/kenko_room/mlff_elasticity_benchmark/workflow_runs/Orb_OMAT/elasticity_Orb_OMAT/structures/MgRuY2_c3099667/output.json,mp-865433,cif,https://elagente.ca/grafico/ConceptualAtoms_ed363b99-17a4-40db-95fb-1bf2c0e32e7d,mp-865433
CdHgTm2,0.36428799960429215,https://elagente.ca/grafico/ConceptualAtoms_ed609560-cdb4-4dc3-9368-7f1963cc9377,https://elagente.ca/ontomlff/MLFFElasticityResult_dbfd61bd-5bde-469c-b1bc-7a06e12f9914,[],[],0.17193306958379068,eV/Å^3,0.44568286877445107,/scratch/kenko/akg4pyscf/.graphchat-workspaces/kenko_room/mlff_elasticity_benchmark/workflow_runs/Orb_OMAT/elasticity_Orb_OMAT/structures/CdHgTm2_662cae8b/output.json,mp-979258,cif,https://elagente.ca/grafico/ConceptualAtoms_ed609560-cdb4-4dc3-9368-7f1963cc9377,mp-979258
F3La,0.7741130936574552,https://elagente.ca/grafico/ConceptualAtoms_ed6c5f52-8d80-46bf-aa32-8a790be36a5b,https://elagente.ca/ontomlff/MLFFElasticityResult_3b08b4c2-bc50-4974-af65-dd4d9f58ec3d,[],[],0.0695699756560833,eV/Å^3,0.20263948575141588,/scratch/kenko/akg4pyscf/.graphchat-workspaces/kenko_room/mlff_elasticity_benchmark/workflow_runs/Orb_OMAT/elasticity_Orb_OMAT/structures/F3La_4f0da3ce/output.json,mp-13181,cif,https://elagente.ca/grafico/ConceptualAtoms_ed6c5f52-8d80-46bf-aa32-8a790be36a5b,mp-13181
Ba2Rh4,0.4979853091137123,https://elagente.ca/grafico/ConceptualAtoms_edb5806e-7b4e-4321-8bca-ee9f892d095d,https://elagente.ca/ontomlff/MLFFElasticityResult_d16dffcb-341d-400b-a3f1-d08d5df72fe3,[],[],0.16751926755521113,eV/Å^3,0.4518871003492167,/scratch/kenko/akg4pyscf/.graphchat-workspaces/kenko_room/mlff_elasticity_benchmark/workflow_runs/Orb_OMAT/elasticity_Orb_OMAT/structures/Ba2Rh4_36b35302/output.json,mp-568430,cif,https://elagente.ca/grafico/ConceptualAtoms_edb5806e-7b4e-4321-8bca-ee9f892d095d,mp-568430
Cu6N10Sr12,0.44242305998592457,https://elagente.ca/grafico/ConceptualAtoms_edd69478-b6f2-4df4-b398-e132598e39c2,https://elagente.ca/ontomlff/MLFFElasticityResult_815c9ab4-2452-4ef6-9530-51dffcc23550,[],[],0.23681134607772536,eV/Å^3,0.6028699850447699,/scratch/kenko/akg4pyscf/.graphchat-workspaces/kenko_room/mlff_elasticity_benchmark/workflow_runs/Orb_OMAT/elasticity_Orb_OMAT/structures/Cu6N10Sr12_813954a8/output.json,mp-29136,cif,https://elagente.ca/grafico/ConceptualAtoms_edd69478-b6f2-4df4-b398-e132598e39c2,mp-29136
Ba2F8Zn2,0.46528035144819835,https://elagente.ca/grafico/ConceptualAtoms_ede75200-ff86-4702-8e0e-c75772b5ef42,https://elagente.ca/ontomlff/MLFFElasticityResult_7269a9bf-d6ea-4705-9ac1-b2cd26c3df11,[],[],0.20018671951045905,eV/Å^3,0.5252330433179073,/scratch/kenko/akg4pyscf/.graphchat-workspaces/kenko_room/mlff_elasticity_benchmark/workflow_runs/Orb_OMAT/elasticity_Orb_OMAT/structures/Ba2F8Zn2_4d534288/output.json,mp-3881,cif,https://elagente.ca/grafico/ConceptualAtoms_ede75200-ff86-4702-8e0e-c75772b5ef42,mp-3881
I6Pr2,0.07832806790222543,https://elagente.ca/grafico/ConceptualAtoms_ee00ef5a-fb9b-41a7-8dc4-4a3bd3b7b8f2,https://elagente.ca/ontomlff/MLFFElasticityResult_7c77d672-130f-49e1-afd3-bf727f077a78,[],[],0.05655683240599372,eV/Å^3,0.13675565955618982,/scratch/kenko/akg4pyscf/.graphchat-workspaces/kenko_room/mlff_elasticity_benchmark/workflow_runs/Orb_OMAT/elasticity_Orb_OMAT/structures/I6Pr2_1be55ef1/output.json,mp-862800,cif,https://elagente.ca/grafico/ConceptualAtoms_ee00ef5a-fb9b-41a7-8dc4-4a3bd3b7b8f2,mp-862800
Hf4Pd4Si4,1.0056643754612464,https://elagente.ca/grafico/ConceptualAtoms_ee59bf50-f363-4ae8-b8fe-d292d06c484e,https://elagente.ca/ontomlff/MLFFElasticityResult_379ba27f-459e-4eb6-916f-eb5c40904c1b,[],[],0.6014325454735405,eV/Å^3,1.5043983380311787,/scratch/kenko/akg4pyscf/.graphchat-workspaces/kenko_room/mlff_elasticity_benchmark/workflow_runs/Orb_OMAT/elasticity_Orb_OMAT/structures/Hf4Pd4Si4_579c4225/output.json,mp-10457,cif,https://elagente.ca/grafico/ConceptualAtoms_ee59bf50-f363-4ae8-b8fe-d292d06c484e,mp-10457
CsI,0.04788446169058017,https://elagente.ca/grafico/ConceptualAtoms_eef970fc-231d-4d21-9f04-c3be412a7f16,https://elagente.ca/ontomlff/MLFFElasticityResult_980f8852-9c39-4d5a-b15a-1a23375c0d67,[],[],0.023331224280188783,eV/Å^3,0.0602141004262267,/scratch/kenko/akg4pyscf/.graphchat-workspaces/kenko_room/mlff_elasticity_benchmark/workflow_runs/Orb_OMAT/elasticity_Orb_OMAT/structures/CsI_f7b8401d/output.json,mp-614603,cif,https://elagente.ca/grafico/ConceptualAtoms_eef970fc-231d-4d21-9f04-c3be412a7f16,mp-614603
Bi3Sc,0.3107198464921179,https://elagente.ca/grafico/ConceptualAtoms_ef38753d-2509-492b-8077-1fc209879da6,https://elagente.ca/ontomlff/MLFFElasticityResult_d44cef9e-386d-42fd-a407-e7f6366c8a68,[],[],0.05510300708593439,eV/Å^3,0.15608247437677764,/scratch/kenko/akg4pyscf/.graphchat-workspaces/kenko_room/mlff_elasticity_benchmark/workflow_runs/Orb_OMAT/elasticity_Orb_OMAT/structures/Bi3Sc_8b95ab32/output.json,mp-973175,cif,https://elagente.ca/grafico/ConceptualAtoms_ef38753d-2509-492b-8077-1fc209879da6,mp-973175
O4Ru2,1.487985245580458,https://elagente.ca/grafico/ConceptualAtoms_efa9f7ed-4703-4b11-b33d-f5a607aa9e46,https://elagente.ca/ontomlff/MLFFElasticityResult_5751b830-f279-4495-8a9d-4c664af90768,[],[],0.7444136055284762,eV/Å^3,1.914051692497081,/scratch/kenko/akg4pyscf/.graphchat-workspaces/kenko_room/mlff_elasticity_benchmark/workflow_runs/Orb_OMAT/elasticity_Orb_OMAT/structures/O4Ru2_9eb7c33d/output.json,mp-825,cif,https://elagente.ca/grafico/ConceptualAtoms_efa9f7ed-4703-4b11-b33d-f5a607aa9e46,mp-825
B6Zr,1.0266587545317396,https://elagente.ca/grafico/ConceptualAtoms_f04fdd7a-74c6-424b-a568-a8b6a910ba25,https://elagente.ca/ontomlff/MLFFElasticityResult_14d60bf1-662d-4a1e-a4f1-e6d577ee80a6,[],[],0.5125610670159346,eV/Å^3,1.318296046585734,/scratch/kenko/akg4pyscf/.graphchat-workspaces/kenko_room/mlff_elasticity_benchmark/workflow_runs/Orb_OMAT/elasticity_Orb_OMAT/structures/B6Zr_ea71c4ea/output.json,mp-1001788,cif,https://elagente.ca/grafico/ConceptualAtoms_f04fdd7a-74c6-424b-a568-a8b6a910ba25,mp-1001788
FeSb2Zr6,0.617157329142574,https://elagente.ca/grafico/ConceptualAtoms_f1bdaada-8ce9-4996-8c1c-0905f371eb8e,https://elagente.ca/ontomlff/MLFFElasticityResult_818f4eb0-05ac-4bde-9a7b-9e4744688b26,[],[],0.3591691739931765,eV/Å^3,0.9024418019546335,/scratch/kenko/akg4pyscf/.graphchat-workspaces/kenko_room/mlff_elasticity_benchmark/workflow_runs/Orb_OMAT/elasticity_Orb_OMAT/structures/FeSb2Zr6_02c4501c/output.json,mp-12962,cif,https://elagente.ca/grafico/ConceptualAtoms_f1bdaada-8ce9-4996-8c1c-0905f371eb8e,mp-12962
C4Si2,1.0174063506779722,https://elagente.ca/grafico/ConceptualAtoms_f1fe3ef3-5ea2-43a4-a2e7-954aa659b53a,https://elagente.ca/ontomlff/MLFFElasticityResult_e379b54a-58dc-447a-8447-ca0f8dac9dc4,[],[],0.42870218390758563,eV/Å^3,1.1277126524961714,/scratch/kenko/akg4pyscf/.graphchat-workspaces/kenko_room/mlff_elasticity_benchmark/workflow_runs/Orb_OMAT/elasticity_Orb_OMAT/structures/C4Si2_dba049f8/output.json,mp-1019097,cif,https://elagente.ca/grafico/ConceptualAtoms_f1fe3ef3-5ea2-43a4-a2e7-954aa659b53a,mp-1019097
BrCu,0.3073477142642751,https://elagente.ca/grafico/ConceptualAtoms_f20f9c0b-d736-4f3c-8214-49f8332a6048,https://elagente.ca/ontomlff/MLFFElasticityResult_0447276b-c880-4162-a75f-5010bb1e1e1c,[],[],0.07045359645786192,eV/Å^3,0.1963570849052122,/scratch/kenko/akg4pyscf/.graphchat-workspaces/kenko_room/mlff_elasticity_benchmark/workflow_runs/Orb_OMAT/elasticity_Orb_OMAT/structures/BrCu_09d4a7be/output.json,mp-570354,cif,https://elagente.ca/grafico/ConceptualAtoms_f20f9c0b-d736-4f3c-8214-49f8332a6048,mp-570354
FeRh,0.9985789214552719,https://elagente.ca/grafico/ConceptualAtoms_f262874f-f7ea-4538-8b86-8812d6ed5754,https://elagente.ca/ontomlff/MLFFElasticityResult_d61a236f-8238-4bdc-912b-71bb3027317a,[],[],0.31782862496031494,eV/Å^3,0.8620299749887376,/scratch/kenko/akg4pyscf/.graphchat-workspaces/kenko_room/mlff_elasticity_benchmark/workflow_runs/Orb_OMAT/elasticity_Orb_OMAT/structures/FeRh_9e88db59/output.json,mp-1918,cif,https://elagente.ca/grafico/ConceptualAtoms_f262874f-f7ea-4538-8b86-8812d6ed5754,mp-1918
Cu2Fe2S4,0.5068792420108958,https://elagente.ca/grafico/ConceptualAtoms_f33a88c0-fc4c-479c-a5b8-e4472d342ce9,https://elagente.ca/ontomlff/MLFFElasticityResult_25ee05d6-acce-4e34-85b3-37a41cbac21b,[],[],0.19485707968042063,eV/Å^3,0.5181718281392887,/scratch/kenko/akg4pyscf/.graphchat-workspaces/kenko_room/mlff_elasticity_benchmark/workflow_runs/Orb_OMAT/elasticity_Orb_OMAT/structures/Cu2Fe2S4_6b87b2db/output.json,mp-3497,cif,https://elagente.ca/grafico/ConceptualAtoms_f33a88c0-fc4c-479c-a5b8-e4472d342ce9,mp-3497
CaP2Zn2,0.424452483695025,https://elagente.ca/grafico/ConceptualAtoms_f37e8568-5c8e-49ef-bc3a-c21ab97050b4,https://elagente.ca/ontomlff/MLFFElasticityResult_2d9d21c0-fd85-4781-aef0-6a4cefeb2fb3,[],[],0.30150143879073876,eV/Å^3,0.7313400065208356,/scratch/kenko/akg4pyscf/.graphchat-workspaces/kenko_room/mlff_elasticity_benchmark/workflow_runs/Orb_OMAT/elasticity_Orb_OMAT/structures/CaP2Zn2_736cafda/output.json,mp-9569,cif,https://elagente.ca/grafico/ConceptualAtoms_f37e8568-5c8e-49ef-bc3a-c21ab97050b4,mp-9569
CaMg2Sb2,0.25409085225560313,https://elagente.ca/grafico/ConceptualAtoms_f38a62ce-70ee-416e-8d32-28e67ee4fc75,https://elagente.ca/ontomlff/MLFFElasticityResult_8da83a36-b34b-48d2-8294-3a3d5c94419e,[],[],0.17935851766162939,eV/Å^3,0.43558484702352135,/scratch/kenko/akg4pyscf/.graphchat-workspaces/kenko_room/mlff_elasticity_benchmark/workflow_runs/Orb_OMAT/elasticity_Orb_OMAT/structures/CaMg2Sb2_ed2c2912/output.json,mp-9565,cif,https://elagente.ca/grafico/ConceptualAtoms_f38a62ce-70ee-416e-8d32-28e67ee4fc75,mp-9565
BaO4S,0.6063292884640397,https://elagente.ca/grafico/ConceptualAtoms_f3ed4ea5-aa50-481c-8660-99ba9a49aa1d,https://elagente.ca/ontomlff/MLFFElasticityResult_763fa300-0232-49ca-bbb3-2487aa8d83c3,[],[],0.3949828705243459,eV/Å^3,0.9735481642093035,/scratch/kenko/akg4pyscf/.graphchat-workspaces/kenko_room/mlff_elasticity_benchmark/workflow_runs/Orb_OMAT/elasticity_Orb_OMAT/structures/BaO4S_4629a3a5/output.json,mp-3307,cif,https://elagente.ca/grafico/ConceptualAtoms_f3ed4ea5-aa50-481c-8660-99ba9a49aa1d,mp-3307
Mo6Se6Tl2,0.6625701080954809,https://elagente.ca/grafico/ConceptualAtoms_f40ad284-5177-4b0b-a240-94759102ea05,https://elagente.ca/ontomlff/MLFFElasticityResult_a1c633e7-9c1b-4466-a3da-a61744f1b748,[],[],0.3892530509630602,eV/Å^3,0.976526163022671,/scratch/kenko/akg4pyscf/.graphchat-workspaces/kenko_room/mlff_elasticity_benchmark/workflow_runs/Orb_OMAT/elasticity_Orb_OMAT/structures/Mo6Se6Tl2_93ffea0d/output.json,mp-3411,cif,https://elagente.ca/grafico/ConceptualAtoms_f40ad284-5177-4b0b-a240-94759102ea05,mp-3411
B13N2,1.6261314758203507,https://elagente.ca/grafico/ConceptualAtoms_f42e96a0-8132-4721-835b-fecea868c0d6,https://elagente.ca/ontomlff/MLFFElasticityResult_ec35daec-5b82-4e74-bf0c-c211496207fd,[],[],1.5283437740265455,eV/Å^3,3.4912603805434244,/scratch/kenko/akg4pyscf/.graphchat-workspaces/kenko_room/mlff_elasticity_benchmark/workflow_runs/Orb_OMAT/elasticity_Orb_OMAT/structures/B13N2_c9bdbe20/output.json,mp-534,cif,https://elagente.ca/grafico/ConceptualAtoms_f42e96a0-8132-4721-835b-fecea868c0d6,mp-534
B18Li7O,0.8064124541625161,https://elagente.ca/grafico/ConceptualAtoms_f501efe3-85ec-4c5a-bb0a-e02c9341c838,https://elagente.ca/ontomlff/MLFFElasticityResult_f07bb81e-b56d-4dcc-915d-44552a5d4a57,[],[],0.717033870998577,eV/Å^3,1.6593033590662893,/scratch/kenko/akg4pyscf/.graphchat-workspaces/kenko_room/mlff_elasticity_benchmark/workflow_runs/Orb_OMAT/elasticity_Orb_OMAT/structures/B18Li7O_4ad34d87/output.json,mp-2468835,cif,https://elagente.ca/grafico/ConceptualAtoms_f501efe3-85ec-4c5a-bb0a-e02c9341c838,mp-2468835
AlCo2Ti,0.9964229236360505,https://elagente.ca/grafico/ConceptualAtoms_f578c5b6-2d67-4087-92d2-becbcb44c2ef,https://elagente.ca/ontomlff/MLFFElasticityResult_3dbee119-4119-4ca0-a6d0-8a58bbcdf5f7,[],[],0.5217833544772446,eV/Å^3,1.3327207609149208,/scratch/kenko/akg4pyscf/.graphchat-workspaces/kenko_room/mlff_elasticity_benchmark/workflow_runs/Orb_OMAT/elasticity_Orb_OMAT/structures/AlCo2Ti_4d19396b/output.json,mp-5407,cif,https://elagente.ca/grafico/ConceptualAtoms_f578c5b6-2d67-4087-92d2-becbcb44c2ef,mp-5407
CsF3Mg,0.3859081212824404,https://elagente.ca/grafico/ConceptualAtoms_f57e6c43-496a-48f0-99a8-31fc6fc1c14e,https://elagente.ca/ontomlff/MLFFElasticityResult_32942f01-8d8a-4a04-a443-499681a27116,[],[],0.22906821141033373,eV/Å^3,0.5736932560734268,/scratch/kenko/akg4pyscf/.graphchat-workspaces/kenko_room/mlff_elasticity_benchmark/workflow_runs/Orb_OMAT/elasticity_Orb_OMAT/structures/CsF3Mg_5661961c/output.json,mp-8401,cif,https://elagente.ca/grafico/ConceptualAtoms_f57e6c43-496a-48f0-99a8-31fc6fc1c14e,mp-8401
Ni3Se2,0.7391189998283573,https://elagente.ca/grafico/ConceptualAtoms_f5868b72-67e3-4bf2-8e55-aadb0c5bd572,https://elagente.ca/ontomlff/MLFFElasticityResult_4ac118e0-914d-4a37-a7cc-61a851f6eb6d,[],[],0.3854563493115295,eV/Å^3,0.985119814146927,/scratch/kenko/akg4pyscf/.graphchat-workspaces/kenko_room/mlff_elasticity_benchmark/workflow_runs/Orb_OMAT/elasticity_Orb_OMAT/structures/Ni3Se2_8bd8e117/output.json,mp-2056,cif,https://elagente.ca/grafico/ConceptualAtoms_f5868b72-67e3-4bf2-8e55-aadb0c5bd572,mp-2056
IRb,0.06770480212698499,https://elagente.ca/grafico/ConceptualAtoms_f5a626cd-6cfc-4ec6-b96e-d47302c2395a,https://elagente.ca/ontomlff/MLFFElasticityResult_d4b831dd-6631-4c7e-857c-16b67cf676ab,[],[],0.034480662517025806,eV/Å^3,0.08843010923482085,/scratch/kenko/akg4pyscf/.graphchat-workspaces/kenko_room/mlff_elasticity_benchmark/workflow_runs/Orb_OMAT/elasticity_Orb_OMAT/structures/IRb_3b0c0137/output.json,mp-23302,cif,https://elagente.ca/grafico/ConceptualAtoms_f5a626cd-6cfc-4ec6-b96e-d47302c2395a,mp-23302
AuGe2In3Yb3,0.4288624311932414,https://elagente.ca/grafico/ConceptualAtoms_f5c5bdda-fb09-41f1-a4e4-0d644c75a4b7,https://elagente.ca/ontomlff/MLFFElasticityResult_b9776a08-cd32-477c-847c-34ac2e2e89b6,[],[],0.1505071514121601,eV/Å^3,0.404233533727545,/scratch/kenko/akg4pyscf/.graphchat-workspaces/kenko_room/mlff_elasticity_benchmark/workflow_runs/Orb_OMAT/elasticity_Orb_OMAT/structures/AuGe2In3Yb3_d3b4459b/output.json,mp-981207,cif,https://elagente.ca/grafico/ConceptualAtoms_f5c5bdda-fb09-41f1-a4e4-0d644c75a4b7,mp-981207
Li3Th,0.12645697161486597,https://elagente.ca/grafico/ConceptualAtoms_f60151c0-ce92-4ed8-856b-34b4d5573bfd,https://elagente.ca/ontomlff/MLFFElasticityResult_8b53779d-ef6d-4e7c-836d-80bf8bae7416,[],[],0.011057733158391866,eV/Å^3,0.03223366701595968,/scratch/kenko/akg4pyscf/.graphchat-workspaces/kenko_room/mlff_elasticity_benchmark/workflow_runs/Orb_OMAT/elasticity_Orb_OMAT/structures/Li3Th_a255331a/output.json,mp-977239,cif,https://elagente.ca/grafico/ConceptualAtoms_f60151c0-ce92-4ed8-856b-34b4d5573bfd,mp-977239
Tl2,0.1394874864851004,https://elagente.ca/grafico/ConceptualAtoms_f61f5c53-aad7-4695-8c44-dd19acfd319d,https://elagente.ca/ontomlff/MLFFElasticityResult_794a024a-8a01-487c-9e4f-99d348af1f14,[],[],0.008379077213780868,eV/Å^3,0.024643777310475082,/scratch/kenko/akg4pyscf/.graphchat-workspaces/kenko_room/mlff_elasticity_benchmark/workflow_runs/Orb_OMAT/elasticity_Orb_OMAT/structures/Tl2_fabdaabb/output.json,mp-82,cif,https://elagente.ca/grafico/ConceptualAtoms_f61f5c53-aad7-4695-8c44-dd19acfd319d,mp-82
Lu2Mg6,0.23718900763506834,https://elagente.ca/grafico/ConceptualAtoms_f620defe-78eb-4fb1-80dd-a29f3a90c15c,https://elagente.ca/ontomlff/MLFFElasticityResult_4d77f33c-0d44-49f0-8aa1-f580effa2e6e,[],[],0.15217934202340297,eV/Å^3,0.3761027741988218,/scratch/kenko/akg4pyscf/.graphchat-workspaces/kenko_room/mlff_elasticity_benchmark/workflow_runs/Orb_OMAT/elasticity_Orb_OMAT/structures/Lu2Mg6_630e3fb7/output.json,mp-973684,cif,https://elagente.ca/grafico/ConceptualAtoms_f620defe-78eb-4fb1-80dd-a29f3a90c15c,mp-973684
Ni3Sn,0.9463860775661772,https://elagente.ca/grafico/ConceptualAtoms_f65aea90-ff4b-408e-bbf7-6fbc2c822598,https://elagente.ca/ontomlff/MLFFElasticityResult_ccdf2e93-8960-4362-a0aa-d3771d5554ba,[],[],0.10944477842344234,eV/Å^3,0.31614738489520827,/scratch/kenko/akg4pyscf/.graphchat-workspaces/kenko_room/mlff_elasticity_benchmark/workflow_runs/Orb_OMAT/elasticity_Orb_OMAT/structures/Ni3Sn_17748c54/output.json,mp-11523,cif,https://elagente.ca/grafico/ConceptualAtoms_f65aea90-ff4b-408e-bbf7-6fbc2c822598,mp-11523
Cs2Ga2S4,0.20456596942135913,https://elagente.ca/grafico/ConceptualAtoms_f65b9d88-3107-4309-ad7e-099a993e363f,https://elagente.ca/ontomlff/MLFFElasticityResult_518f4dd8-ba25-4a83-9ed8-b627d1930837,[],[],0.11386458251009032,eV/Å^3,0.2881338317927175,/scratch/kenko/akg4pyscf/.graphchat-workspaces/kenko_room/mlff_elasticity_benchmark/workflow_runs/Orb_OMAT/elasticity_Orb_OMAT/structures/Cs2Ga2S4_e36abea6/output.json,mp-5038,cif,https://elagente.ca/grafico/ConceptualAtoms_f65b9d88-3107-4309-ad7e-099a993e363f,mp-5038
Ir8Lu10Si20,0.8628966286307196,https://elagente.ca/grafico/ConceptualAtoms_f73b1e9d-62b9-4151-9443-3bbbce049eb7,https://elagente.ca/ontomlff/MLFFElasticityResult_80db6bf1-9fb7-400f-a452-5a18c25b3e84,[],[],0.5278375774056215,eV/Å^3,1.3153175906024674,/scratch/kenko/akg4pyscf/.graphchat-workspaces/kenko_room/mlff_elasticity_benchmark/workflow_runs/Orb_OMAT/elasticity_Orb_OMAT/structures/Ir8Lu10Si20_916cc55d/output.json,mp-542170,cif,https://elagente.ca/grafico/ConceptualAtoms_f73b1e9d-62b9-4151-9443-3bbbce049eb7,mp-542170
AgSm2Zn,0.3177168054230912,https://elagente.ca/grafico/ConceptualAtoms_f7477486-d8f3-4596-adf2-284216b9b396,https://elagente.ca/ontomlff/MLFFElasticityResult_986c1420-1d91-4d08-ac87-68e881d44b5d,[],[],0.14684034582477973,eV/Å^3,0.38171485135448535,/scratch/kenko/akg4pyscf/.graphchat-workspaces/kenko_room/mlff_elasticity_benchmark/workflow_runs/Orb_OMAT/elasticity_Orb_OMAT/structures/AgSm2Zn_d60f4dc9/output.json,mp-979057,cif,https://elagente.ca/grafico/ConceptualAtoms_f7477486-d8f3-4596-adf2-284216b9b396,mp-979057
SYb,0.6389482481410722,https://elagente.ca/grafico/ConceptualAtoms_f76b6e54-6c99-4183-9444-0faa17ff37dc,https://elagente.ca/ontomlff/MLFFElasticityResult_e0c36a32-2d91-4f7a-8631-5df6c72571c8,[],[],0.20648537209014595,eV/Å^3,0.5592164834093677,/scratch/kenko/akg4pyscf/.graphchat-workspaces/kenko_room/mlff_elasticity_benchmark/workflow_runs/Orb_OMAT/elasticity_Orb_OMAT/structures/SYb_7726a79b/output.json,mp-1820,cif,https://elagente.ca/grafico/ConceptualAtoms_f76b6e54-6c99-4183-9444-0faa17ff37dc,mp-1820
AuCs,0.05914067129495232,https://elagente.ca/grafico/ConceptualAtoms_f79dfad3-56d3-4a82-8d74-73ffbacd4a4d,https://elagente.ca/ontomlff/MLFFElasticityResult_fa2df872-cdf9-4a4b-a36c-28ae64b55ffb,[],[],0.03708521759166418,eV/Å^3,0.0920211492896644,/scratch/kenko/akg4pyscf/.graphchat-workspaces/kenko_room/mlff_elasticity_benchmark/workflow_runs/Orb_OMAT/elasticity_Orb_OMAT/structures/AuCs_58100f50/output.json,mp-2667,cif,https://elagente.ca/grafico/ConceptualAtoms_f79dfad3-56d3-4a82-8d74-73ffbacd4a4d,mp-2667
C12Fe2K6N12,0.5083666899988546,https://elagente.ca/grafico/ConceptualAtoms_f7d64f6d-80c3-4830-8b30-99792f799cda,https://elagente.ca/ontomlff/MLFFElasticityResult_e1af1e94-924a-43d0-9890-b32da9de46e2,[],[],0.24327896067784457,eV/Å^3,0.6294319603252263,/scratch/kenko/akg4pyscf/.graphchat-workspaces/kenko_room/mlff_elasticity_benchmark/workflow_runs/Orb_OMAT/elasticity_Orb_OMAT/structures/C12Fe2K6N12_08f15147/output.json,mp-541627,cif,https://elagente.ca/grafico/ConceptualAtoms_f7d64f6d-80c3-4830-8b30-99792f799cda,mp-541627
PSbSr3,0.1911918528668755,https://elagente.ca/grafico/ConceptualAtoms_f8402af0-3451-4abb-b586-8346bd86eeff,https://elagente.ca/ontomlff/MLFFElasticityResult_a75b2d00-5ae5-4489-921b-9dc36e69fd46,[],[],0.13294082928149906,eV/Å^3,0.32377852116583067,/scratch/kenko/akg4pyscf/.graphchat-workspaces/kenko_room/mlff_elasticity_benchmark/workflow_runs/Orb_OMAT/elasticity_Orb_OMAT/structures/PSbSr3_c414bb27/output.json,mp-1013588,cif,https://elagente.ca/grafico/ConceptualAtoms_f8402af0-3451-4abb-b586-8346bd86eeff,mp-1013588
Ce2Os4,1.1757240416496801,https://elagente.ca/grafico/ConceptualAtoms_f87e3d12-442c-4c5d-974f-5eaff6b0c7a2,https://elagente.ca/ontomlff/MLFFElasticityResult_de33ab14-90e3-4d21-8967-b937c778fe61,[],[],0.16208559689560464,eV/Å^3,0.464893354433408,/scratch/kenko/akg4pyscf/.graphchat-workspaces/kenko_room/mlff_elasticity_benchmark/workflow_runs/Orb_OMAT/elasticity_Orb_OMAT/structures/Ce2Os4_f4767478/output.json,mp-2098,cif,https://elagente.ca/grafico/ConceptualAtoms_f87e3d12-442c-4c5d-974f-5eaff6b0c7a2,mp-2098
SiTc2V,1.4338153399341471,https://elagente.ca/grafico/ConceptualAtoms_f8f0a5b7-4e3e-4797-83fa-b5102289e4f7,https://elagente.ca/ontomlff/MLFFElasticityResult_652d2bd8-08a8-49e7-a05c-1aba06abb132,[],[],0.6635757258199355,eV/Å^3,1.7246662618440642,/scratch/kenko/akg4pyscf/.graphchat-workspaces/kenko_room/mlff_elasticity_benchmark/workflow_runs/Orb_OMAT/elasticity_Orb_OMAT/structures/SiTc2V_d6dbcb70/output.json,mp-865472,cif,https://elagente.ca/grafico/ConceptualAtoms_f8f0a5b7-4e3e-4797-83fa-b5102289e4f7,mp-865472
Pb2Sr2Zn2,0.18823980893741565,https://elagente.ca/grafico/ConceptualAtoms_f8fa4af9-5a74-4f15-8f4e-283f4e67061c,https://elagente.ca/ontomlff/MLFFElasticityResult_db40f096-5a2b-4a7f-b6b4-65eac081c1e8,[],[],0.15698830185976945,eV/Å^3,0.3685190291876439,/scratch/kenko/akg4pyscf/.graphchat-workspaces/kenko_room/mlff_elasticity_benchmark/workflow_runs/Orb_OMAT/elasticity_Orb_OMAT/structures/Pb2Sr2Zn2_0eab04f6/output.json,mp-1019280,cif,https://elagente.ca/grafico/ConceptualAtoms_f8fa4af9-5a74-4f15-8f4e-283f4e67061c,mp-1019280
Ag2Cu2S2,0.43345747980761473,https://elagente.ca/grafico/ConceptualAtoms_f905b687-d687-443e-90f0-fb91e37003ac,https://elagente.ca/ontomlff/MLFFElasticityResult_3d8fea36-db54-44bd-86c0-84e5c06f5bb9,[],[],0.18626935005738918,eV/Å^3,0.48879198238168886,/scratch/kenko/akg4pyscf/.graphchat-workspaces/kenko_room/mlff_elasticity_benchmark/workflow_runs/Orb_OMAT/elasticity_Orb_OMAT/structures/Ag2Cu2S2_f7ca61f3/output.json,mp-8911,cif,https://elagente.ca/grafico/ConceptualAtoms_f905b687-d687-443e-90f0-fb91e37003ac,mp-8911
Cd6Sc2,0.360963997605871,https://elagente.ca/grafico/ConceptualAtoms_f9b0034e-780c-4459-8c9e-6a6b30366867,https://elagente.ca/ontomlff/MLFFElasticityResult_4b906be7-b1f6-48d3-91f1-a7c3872bc430,[],[],0.1731510122113979,eV/Å^3,0.44784416756731205,/scratch/kenko/akg4pyscf/.graphchat-workspaces/kenko_room/mlff_elasticity_benchmark/workflow_runs/Orb_OMAT/elasticity_Orb_OMAT/structures/Cd6Sc2_9d297beb/output.json,mp-30494,cif,https://elagente.ca/grafico/ConceptualAtoms_f9b0034e-780c-4459-8c9e-6a6b30366867,mp-30494
La2Pt2Si4,0.7305378813631801,https://elagente.ca/grafico/ConceptualAtoms_f9d6ab56-9ac8-464b-acd6-eb8a220a4c23,https://elagente.ca/ontomlff/MLFFElasticityResult_bca0b80a-2cad-42fb-a5e3-e71ac09747a5,[],[],0.400446144759255,eV/Å^3,1.0157442027607104,/scratch/kenko/akg4pyscf/.graphchat-workspaces/kenko_room/mlff_elasticity_benchmark/workflow_runs/Orb_OMAT/elasticity_Orb_OMAT/structures/La2Pt2Si4_b58169ef/output.json,mp-4283,cif,https://elagente.ca/grafico/ConceptualAtoms_f9d6ab56-9ac8-464b-acd6-eb8a220a4c23,mp-4283
CaIrO3,1.0337789232442884,https://elagente.ca/grafico/ConceptualAtoms_fa8f70e9-e672-4d96-a8aa-df224a101731,https://elagente.ca/ontomlff/MLFFElasticityResult_49a0c3ee-8964-4551-96a8-073ec591c5ed,[],[],0.25044729898527596,eV/Å^3,0.6952011835777656,/scratch/kenko/akg4pyscf/.graphchat-workspaces/kenko_room/mlff_elasticity_benchmark/workflow_runs/Orb_OMAT/elasticity_Orb_OMAT/structures/CaIrO3_e940fd92/output.json,mp-1016872,cif,https://elagente.ca/grafico/ConceptualAtoms_fa8f70e9-e672-4d96-a8aa-df224a101731,mp-1016872
RuYb3,0.40293251368477845,https://elagente.ca/grafico/ConceptualAtoms_faae94b3-f58c-4de2-b879-ff9a35739145,https://elagente.ca/ontomlff/MLFFElasticityResult_bf7199b7-37fe-4a0d-9b18-bcb074fe7b7f,[],[],0.08270215045394858,eV/Å^3,0.2322187688451279,/scratch/kenko/akg4pyscf/.graphchat-workspaces/kenko_room/mlff_elasticity_benchmark/workflow_runs/Orb_OMAT/elasticity_Orb_OMAT/structures/RuYb3_416482bb/output.json,mp-979937,cif,https://elagente.ca/grafico/ConceptualAtoms_faae94b3-f58c-4de2-b879-ff9a35739145,mp-979937
CdS,0.44058369653959106,https://elagente.ca/grafico/ConceptualAtoms_fac18faa-2dd4-4124-a470-2517e428f08c,https://elagente.ca/ontomlff/MLFFElasticityResult_20c205ee-ccce-4a20-bf3f-bd5b81fefb99,[],[],0.19400863657785156,eV/Å^3,0.5075298987571139,/scratch/kenko/akg4pyscf/.graphchat-workspaces/kenko_room/mlff_elasticity_benchmark/workflow_runs/Orb_OMAT/elasticity_Orb_OMAT/structures/CdS_ae305f4c/output.json,mp-370,cif,https://elagente.ca/grafico/ConceptualAtoms_fac18faa-2dd4-4124-a470-2517e428f08c,mp-370
Hf3N4,1.3809699727707834,https://elagente.ca/grafico/ConceptualAtoms_fac3f5e7-5f3a-4cb0-8c2d-b4e2d65ab729,https://elagente.ca/ontomlff/MLFFElasticityResult_95c042b0-ddc8-45ce-9d7f-5370df90c547,[],[],0.8823207339345152,eV/Å^3,2.1822134580721517,/scratch/kenko/akg4pyscf/.graphchat-workspaces/kenko_room/mlff_elasticity_benchmark/workflow_runs/Orb_OMAT/elasticity_Orb_OMAT/structures/Hf3N4_5dca3d07/output.json,mp-754434,cif,https://elagente.ca/grafico/ConceptualAtoms_fac3f5e7-5f3a-4cb0-8c2d-b4e2d65ab729,mp-754434
AgInLi2,0.24430082090358127,https://elagente.ca/grafico/ConceptualAtoms_fb599d33-f30c-4fb9-aec3-13e48a4aaa5f,https://elagente.ca/ontomlff/MLFFElasticityResult_8bf05c2d-20be-468f-97b6-38e9f0bbacb5,[],[],0.11607307591197186,eV/Å^3,0.3006102272215188,/scratch/kenko/akg4pyscf/.graphchat-workspaces/kenko_room/mlff_elasticity_benchmark/workflow_runs/Orb_OMAT/elasticity_Orb_OMAT/structures/AgInLi2_2bc0f5a4/output.json,mp-30344,cif,https://elagente.ca/grafico/ConceptualAtoms_fb599d33-f30c-4fb9-aec3-13e48a4aaa5f,mp-30344
Hg4Th2,0.4744878122516206,https://elagente.ca/grafico/ConceptualAtoms_fb711a06-f7dd-4882-829e-64000010d7fc,https://elagente.ca/ontomlff/MLFFElasticityResult_99733b26-9a8b-44d2-9029-fbcba4269d22,[],[],0.25411693292891024,eV/Å^3,0.6468712364930286,/scratch/kenko/akg4pyscf/.graphchat-workspaces/kenko_room/mlff_elasticity_benchmark/workflow_runs/Orb_OMAT/elasticity_Orb_OMAT/structures/Hg4Th2_b61a69db/output.json,mp-2215,cif,https://elagente.ca/grafico/ConceptualAtoms_fb711a06-f7dd-4882-829e-64000010d7fc,mp-2215
Cu8Se4,0.5039192009882368,https://elagente.ca/grafico/ConceptualAtoms_fbca48a5-8bf3-4be8-9761-3c89b776c764,https://elagente.ca/ontomlff/MLFFElasticityResult_77f8328b-3550-4465-86c4-890bfce74cda,[],[],0.21382418935957062,eV/Å^3,0.5619849700546964,/scratch/kenko/akg4pyscf/.graphchat-workspaces/kenko_room/mlff_elasticity_benchmark/workflow_runs/Orb_OMAT/elasticity_Orb_OMAT/structures/Cu8Se4_6b318453/output.json,mp-1021499,cif,https://elagente.ca/grafico/ConceptualAtoms_fbca48a5-8bf3-4be8-9761-3c89b776c764,mp-1021499
As4Cu2Y2,0.5422187779523275,https://elagente.ca/grafico/ConceptualAtoms_fbe0bba2-ce24-41d0-a293-06eea3a1b547,https://elagente.ca/ontomlff/MLFFElasticityResult_635e4c54-75d6-4bd7-9061-60484fdf291d,[],[],0.3488075566455058,eV/Å^3,0.8616558734013602,/scratch/kenko/akg4pyscf/.graphchat-workspaces/kenko_room/mlff_elasticity_benchmark/workflow_runs/Orb_OMAT/elasticity_Orb_OMAT/structures/As4Cu2Y2_0bd6fa11/output.json,mp-10991,cif,https://elagente.ca/grafico/ConceptualAtoms_fbe0bba2-ce24-41d0-a293-06eea3a1b547,mp-10991
Be12Pt,0.7869301974942547,https://elagente.ca/grafico/ConceptualAtoms_fbfbeb6b-f0b1-4f83-9760-a9d4bd240df9,https://elagente.ca/ontomlff/MLFFElasticityResult_843ddef5-7d26-4330-b506-3f7e8d0926b2,[],[],0.7354705379284153,eV/Å^3,1.6823115239886728,/scratch/kenko/akg4pyscf/.graphchat-workspaces/kenko_room/mlff_elasticity_benchmark/workflow_runs/Orb_OMAT/elasticity_Orb_OMAT/structures/Be12Pt_d97d4d42/output.json,mp-571622,cif,https://elagente.ca/grafico/ConceptualAtoms_fbfbeb6b-f0b1-4f83-9760-a9d4bd240df9,mp-571622
Nb2O5,1.1928090188284326,https://elagente.ca/grafico/ConceptualAtoms_fcf3c308-750e-4339-a861-e719c06e9993,https://elagente.ca/ontomlff/MLFFElasticityResult_dec04829-aa2c-4859-bd7a-ced4c3f7a2ac,[],[],0.5724676881971654,eV/Å^3,1.4805486458306005,/scratch/kenko/akg4pyscf/.graphchat-workspaces/kenko_room/mlff_elasticity_benchmark/workflow_runs/Orb_OMAT/elasticity_Orb_OMAT/structures/Nb2O5_c3ab25c5/output.json,mp-1595,cif,https://elagente.ca/grafico/ConceptualAtoms_fcf3c308-750e-4339-a861-e719c06e9993,mp-1595
Al3Zr,0.5454774239417648,https://elagente.ca/grafico/ConceptualAtoms_fd69d480-9a9f-4860-a8f2-fba2c0586587,https://elagente.ca/ontomlff/MLFFElasticityResult_13fabbdd-a5e8-4c97-889f-69f0a90a15af,[],[],0.3850073631765826,eV/Å^3,0.9350343137878608,/scratch/kenko/akg4pyscf/.graphchat-workspaces/kenko_room/mlff_elasticity_benchmark/workflow_runs/Orb_OMAT/elasticity_Orb_OMAT/structures/Al3Zr_d708ebfb/output.json,mp-569775,cif,https://elagente.ca/grafico/ConceptualAtoms_fd69d480-9a9f-4860-a8f2-fba2c0586587,mp-569775
Co4Ge4,0.9818148725660665,https://elagente.ca/grafico/ConceptualAtoms_fd71f45a-6005-4665-9f56-083cdf4b4f70,https://elagente.ca/ontomlff/MLFFElasticityResult_c1c5b54d-606c-46fe-ad2a-0bb98521366b,[],[],0.5418002231026056,eV/Å^3,1.3728682302434374,/scratch/kenko/akg4pyscf/.graphchat-workspaces/kenko_room/mlff_elasticity_benchmark/workflow_runs/Orb_OMAT/elasticity_Orb_OMAT/structures/Co4Ge4_1c73c4bb/output.json,mp-21237,cif,https://elagente.ca/grafico/ConceptualAtoms_fd71f45a-6005-4665-9f56-083cdf4b4f70,mp-21237
N2Nb2O2,1.3751038227323866,https://elagente.ca/grafico/ConceptualAtoms_fdc584b6-51ba-4077-aae7-1dae41e5f5c8,https://elagente.ca/ontomlff/MLFFElasticityResult_7f43a9fe-a2f1-4cdb-8a04-3ec1a53a6eb0,[],[],0.6163193333515704,eV/Å^3,1.608629596245505,/scratch/kenko/akg4pyscf/.graphchat-workspaces/kenko_room/mlff_elasticity_benchmark/workflow_runs/Orb_OMAT/elasticity_Orb_OMAT/structures/N2Nb2O2_e665109f/output.json,mp-752463,cif,https://elagente.ca/grafico/ConceptualAtoms_fdc584b6-51ba-4077-aae7-1dae41e5f5c8,mp-752463
Ga2Zr4,0.6103563816808395,https://elagente.ca/grafico/ConceptualAtoms_fe8369fe-3952-47f5-a46e-2f9a452b7f71,https://elagente.ca/ontomlff/MLFFElasticityResult_bc851c1d-7f41-43f0-ac90-99d20d257d71,[],[],0.35262035095402267,eV/Å^3,0.8870385360140018,/scratch/kenko/akg4pyscf/.graphchat-workspaces/kenko_room/mlff_elasticity_benchmark/workflow_runs/Orb_OMAT/elasticity_Orb_OMAT/structures/Ga2Zr4_6245d334/output.json,mp-569833,cif,https://elagente.ca/grafico/ConceptualAtoms_fe8369fe-3952-47f5-a46e-2f9a452b7f71,mp-569833
In3Nd3Rh3,0.5017156640872567,https://elagente.ca/grafico/ConceptualAtoms_fee7c126-d40f-408a-8290-b4fa64b88760,https://elagente.ca/ontomlff/MLFFElasticityResult_efae6e29-0953-47e2-ba62-a07eef7cf4c3,[],[],0.1635285654914863,eV/Å^3,0.4425087801306212,/scratch/kenko/akg4pyscf/.graphchat-workspaces/kenko_room/mlff_elasticity_benchmark/workflow_runs/Orb_OMAT/elasticity_Orb_OMAT/structures/In3Nd3Rh3_2ba22945/output.json,mp-31330,cif,https://elagente.ca/grafico/ConceptualAtoms_fee7c126-d40f-408a-8290-b4fa64b88760,mp-31330
Ni2P2Y,0.8694858073592464,https://elagente.ca/grafico/ConceptualAtoms_ff517871-443e-4902-9b09-2b62ff251fa1,https://elagente.ca/ontomlff/MLFFElasticityResult_b3b931be-5daa-486e-8fff-73ae66caee02,[],[],0.4816642063348126,eV/Å^3,1.219758370425691,/scratch/kenko/akg4pyscf/.graphchat-workspaces/kenko_room/mlff_elasticity_benchmark/workflow_runs/Orb_OMAT/elasticity_Orb_OMAT/structures/Ni2P2Y_54c8fdbe/output.json,mp-568940,cif,https://elagente.ca/grafico/ConceptualAtoms_ff517871-443e-4902-9b09-2b62ff251fa1,mp-568940
Ge4Sm2,0.39929975197907275,https://elagente.ca/grafico/ConceptualAtoms_ff888e67-70ad-46c0-a95d-ed027ff068dd,https://elagente.ca/ontomlff/MLFFElasticityResult_9438703e-86f0-4e31-87fd-70d6624f66a0,[],[],0.17868061402380697,eV/Å^3,0.46646339800592274,/scratch/kenko/akg4pyscf/.graphchat-workspaces/kenko_room/mlff_elasticity_benchmark/workflow_runs/Orb_OMAT/elasticity_Orb_OMAT/structures/Ge4Sm2_e9973767/output.json,mp-12750,cif,https://elagente.ca/grafico/ConceptualAtoms_ff888e67-70ad-46c0-a95d-ed027ff068dd,mp-12750
Be2CuRh,1.0040983687017642,https://elagente.ca/grafico/ConceptualAtoms_ff9bd40c-9282-4621-b7ff-dcb7228f6a91,https://elagente.ca/ontomlff/MLFFElasticityResult_84b6177b-ddf8-46ca-bb91-980053139926,[],[],0.4151392690545606,eV/Å^3,1.0945697437024082,/scratch/kenko/akg4pyscf/.graphchat-workspaces/kenko_room/mlff_elasticity_benchmark/workflow_runs/Orb_OMAT/elasticity_Orb_OMAT/structures/Be2CuRh_6546a5c2/output.json,mp-865308,cif,https://elagente.ca/grafico/ConceptualAtoms_ff9bd40c-9282-4621-b7ff-dcb7228f6a91,mp-865308
DySmTl2,0.3071063121730199,https://elagente.ca/grafico/ConceptualAtoms_ffc399ea-ca77-4921-baf1-2a4258de8b30,https://elagente.ca/ontomlff/MLFFElasticityResult_9f03207c-5145-4c56-ad4f-58189eccfe00,[],[],0.08630969024347827,eV/Å^3,0.23675017734033849,/scratch/kenko/akg4pyscf/.graphchat-workspaces/kenko_room/mlff_elasticity_benchmark/workflow_runs/Orb_OMAT/elasticity_Orb_OMAT/structures/DySmTl2_6f2e11bd/output.json,mp-978527,cif,https://elagente.ca/grafico/ConceptualAtoms_ffc399ea-ca77-4921-baf1-2a4258de8b30,mp-978527
C8Ba2Ce4F2Na2O24,0.7448483766273473,https://elagente.ca/grafico/ConceptualAtoms_ffd1b13e-f356-4574-8698-94f92508277e,https://elagente.ca/ontomlff/MLFFElasticityResult_0d6c78ed-301f-4135-aa6c-307acbb6627c,[],[],0.43254813700886807,eV/Å^3,1.087192950833073,/scratch/kenko/akg4pyscf/.graphchat-workspaces/kenko_room/mlff_elasticity_benchmark/workflow_runs/Orb_OMAT/elasticity_Orb_OMAT/structures/C8Ba2Ce4F2Na2O24_55f063bb/output.json,mp-542264,cif,https://elagente.ca/grafico/ConceptualAtoms_ffd1b13e-f356-4574-8698-94f92508277e,mp-542264
